[0.347s] Invoking command in '/home/habibahassan/project/build/moveit_msgs': CMAKE_PREFIX_PATH=${CMAKE_PREFIX_PATH}:/home/habibahassan/project/install/moveit_configs_utils:/opt/ros/jazzy DEBUGINFOD_URLS=https://debuginfod.ubuntu.com /usr/bin/cmake --build /home/habibahassan/project/build/moveit_msgs -- -j8 -l8
[1.610s] [  0%] Built target moveit_msgs__rosidl_generator_type_description
[1.611s] [  0%] Built target ament_cmake_python_copy_moveit_msgs
[1.808s] [ 29%] Built target moveit_msgs__rosidl_generator_c
[3.348s] running egg_info
[3.614s] writing moveit_msgs.egg-info/PKG-INFO
[3.614s] writing dependency_links to moveit_msgs.egg-info/dependency_links.txt
[3.615s] writing top-level names to moveit_msgs.egg-info/top_level.txt
[4.061s] reading manifest file 'moveit_msgs.egg-info/SOURCES.txt'
[4.075s] writing manifest file 'moveit_msgs.egg-info/SOURCES.txt'
[4.350s] [ 29%] Built target ament_cmake_python_build_moveit_msgs_egg
[4.819s] [ 39%] Built target moveit_msgs__rosidl_typesupport_c
[5.236s] [ 49%] Built target moveit_msgs__rosidl_typesupport_introspection_c
[5.733s] [ 59%] Built target moveit_msgs__rosidl_typesupport_fastrtps_c
[5.913s] [ 59%] Built target moveit_msgs__cpp
[6.301s] [ 69%] Built target moveit_msgs__rosidl_typesupport_cpp
[6.699s] [ 79%] Built target moveit_msgs__rosidl_typesupport_introspection_cpp
[7.073s] [ 89%] Built target moveit_msgs__rosidl_typesupport_fastrtps_cpp
[7.311s] [ 89%] Built target moveit_msgs
[7.432s] [ 89%] Built target moveit_msgs__py
[7.814s] [ 99%] Built target moveit_msgs__rosidl_generator_py
[8.010s] [ 99%] Built target moveit_msgs_s__rosidl_typesupport_fastrtps_c
[8.247s] [ 99%] Built target moveit_msgs_s__rosidl_typesupport_c
[8.436s] [100%] Built target moveit_msgs_s__rosidl_typesupport_introspection_c
[8.515s] Invoked command in '/home/habibahassan/project/build/moveit_msgs' returned '0': CMAKE_PREFIX_PATH=${CMAKE_PREFIX_PATH}:/home/habibahassan/project/install/moveit_configs_utils:/opt/ros/jazzy DEBUGINFOD_URLS=https://debuginfod.ubuntu.com /usr/bin/cmake --build /home/habibahassan/project/build/moveit_msgs -- -j8 -l8
[8.522s] Invoking command in '/home/habibahassan/project/build/moveit_msgs': CMAKE_PREFIX_PATH=${CMAKE_PREFIX_PATH}:/home/habibahassan/project/install/moveit_configs_utils:/opt/ros/jazzy DEBUGINFOD_URLS=https://debuginfod.ubuntu.com /usr/bin/cmake --install /home/habibahassan/project/build/moveit_msgs
[8.568s] -- Install configuration: ""
[8.571s] -- Up-to-date: /home/habibahassan/project/install/moveit_msgs/share/ament_index/resource_index/rosidl_interfaces/moveit_msgs
[8.571s] -- Up-to-date: /home/habibahassan/project/install/moveit_msgs/share/moveit_msgs/msg/AllowedCollisionEntry.json
[8.571s] -- Up-to-date: /home/habibahassan/project/install/moveit_msgs/share/moveit_msgs/msg/AllowedCollisionMatrix.json
[8.571s] -- Up-to-date: /home/habibahassan/project/install/moveit_msgs/share/moveit_msgs/msg/AttachedCollisionObject.json
[8.571s] -- Up-to-date: /home/habibahassan/project/install/moveit_msgs/share/moveit_msgs/msg/BoundingVolume.json
[8.572s] -- Up-to-date: /home/habibahassan/project/install/moveit_msgs/share/moveit_msgs/msg/CartesianPoint.json
[8.572s] -- Up-to-date: /home/habibahassan/project/install/moveit_msgs/share/moveit_msgs/msg/CartesianTrajectory.json
[8.572s] -- Up-to-date: /home/habibahassan/project/install/moveit_msgs/share/moveit_msgs/msg/CartesianTrajectoryPoint.json
[8.572s] -- Up-to-date: /home/habibahassan/project/install/moveit_msgs/share/moveit_msgs/msg/CollisionObject.json
[8.572s] -- Up-to-date: /home/habibahassan/project/install/moveit_msgs/share/moveit_msgs/msg/ConstraintEvalResult.json
[8.573s] -- Up-to-date: /home/habibahassan/project/install/moveit_msgs/share/moveit_msgs/msg/Constraints.json
[8.573s] -- Up-to-date: /home/habibahassan/project/install/moveit_msgs/share/moveit_msgs/msg/CostSource.json
[8.573s] -- Up-to-date: /home/habibahassan/project/install/moveit_msgs/share/moveit_msgs/msg/ContactInformation.json
[8.573s] -- Up-to-date: /home/habibahassan/project/install/moveit_msgs/share/moveit_msgs/msg/DisplayTrajectory.json
[8.573s] -- Up-to-date: /home/habibahassan/project/install/moveit_msgs/share/moveit_msgs/msg/DisplayRobotState.json
[8.574s] -- Up-to-date: /home/habibahassan/project/install/moveit_msgs/share/moveit_msgs/msg/GenericTrajectory.json
[8.574s] -- Up-to-date: /home/habibahassan/project/install/moveit_msgs/share/moveit_msgs/msg/Grasp.json
[8.574s] -- Up-to-date: /home/habibahassan/project/install/moveit_msgs/share/moveit_msgs/msg/GripperTranslation.json
[8.574s] -- Up-to-date: /home/habibahassan/project/install/moveit_msgs/share/moveit_msgs/msg/JointConstraint.json
[8.574s] -- Up-to-date: /home/habibahassan/project/install/moveit_msgs/share/moveit_msgs/msg/JointLimits.json
[8.575s] -- Up-to-date: /home/habibahassan/project/install/moveit_msgs/share/moveit_msgs/msg/LinkPadding.json
[8.575s] -- Up-to-date: /home/habibahassan/project/install/moveit_msgs/share/moveit_msgs/msg/LinkScale.json
[8.575s] -- Up-to-date: /home/habibahassan/project/install/moveit_msgs/share/moveit_msgs/msg/MotionPlanRequest.json
[8.576s] -- Up-to-date: /home/habibahassan/project/install/moveit_msgs/share/moveit_msgs/msg/MotionPlanResponse.json
[8.577s] -- Up-to-date: /home/habibahassan/project/install/moveit_msgs/share/moveit_msgs/msg/MotionPlanDetailedResponse.json
[8.577s] -- Up-to-date: /home/habibahassan/project/install/moveit_msgs/share/moveit_msgs/msg/MotionSequenceItem.json
[8.577s] -- Up-to-date: /home/habibahassan/project/install/moveit_msgs/share/moveit_msgs/msg/MotionSequenceRequest.json
[8.578s] -- Up-to-date: /home/habibahassan/project/install/moveit_msgs/share/moveit_msgs/msg/MotionSequenceResponse.json
[8.578s] -- Up-to-date: /home/habibahassan/project/install/moveit_msgs/share/moveit_msgs/msg/MoveItErrorCodes.json
[8.578s] -- Up-to-date: /home/habibahassan/project/install/moveit_msgs/share/moveit_msgs/msg/TrajectoryConstraints.json
[8.579s] -- Up-to-date: /home/habibahassan/project/install/moveit_msgs/share/moveit_msgs/msg/ObjectColor.json
[8.579s] -- Up-to-date: /home/habibahassan/project/install/moveit_msgs/share/moveit_msgs/msg/OrientationConstraint.json
[8.579s] -- Up-to-date: /home/habibahassan/project/install/moveit_msgs/share/moveit_msgs/msg/OrientedBoundingBox.json
[8.580s] -- Up-to-date: /home/habibahassan/project/install/moveit_msgs/share/moveit_msgs/msg/PlaceLocation.json
[8.580s] -- Up-to-date: /home/habibahassan/project/install/moveit_msgs/share/moveit_msgs/msg/PlannerInterfaceDescription.json
[8.580s] -- Up-to-date: /home/habibahassan/project/install/moveit_msgs/share/moveit_msgs/msg/PlannerParams.json
[8.580s] -- Up-to-date: /home/habibahassan/project/install/moveit_msgs/share/moveit_msgs/msg/PlanningScene.json
[8.581s] -- Up-to-date: /home/habibahassan/project/install/moveit_msgs/share/moveit_msgs/msg/PlanningSceneComponents.json
[8.581s] -- Up-to-date: /home/habibahassan/project/install/moveit_msgs/share/moveit_msgs/msg/PlanningSceneWorld.json
[8.581s] -- Up-to-date: /home/habibahassan/project/install/moveit_msgs/share/moveit_msgs/msg/PlanningOptions.json
[8.582s] -- Up-to-date: /home/habibahassan/project/install/moveit_msgs/share/moveit_msgs/msg/PositionConstraint.json
[8.582s] -- Up-to-date: /home/habibahassan/project/install/moveit_msgs/share/moveit_msgs/msg/RobotState.json
[8.582s] -- Up-to-date: /home/habibahassan/project/install/moveit_msgs/share/moveit_msgs/msg/RobotTrajectory.json
[8.583s] -- Up-to-date: /home/habibahassan/project/install/moveit_msgs/share/moveit_msgs/msg/VisibilityConstraint.json
[8.583s] -- Up-to-date: /home/habibahassan/project/install/moveit_msgs/share/moveit_msgs/msg/WorkspaceParameters.json
[8.583s] -- Up-to-date: /home/habibahassan/project/install/moveit_msgs/share/moveit_msgs/msg/KinematicSolverInfo.json
[8.584s] -- Up-to-date: /home/habibahassan/project/install/moveit_msgs/share/moveit_msgs/msg/PositionIKRequest.json
[8.584s] -- Up-to-date: /home/habibahassan/project/install/moveit_msgs/share/moveit_msgs/msg/PipelineState.json
[8.584s] -- Up-to-date: /home/habibahassan/project/install/moveit_msgs/share/moveit_msgs/msg/ServoStatus.json
[8.585s] -- Up-to-date: /home/habibahassan/project/install/moveit_msgs/share/moveit_msgs/srv/GetMotionPlan.json
[8.585s] -- Up-to-date: /home/habibahassan/project/install/moveit_msgs/share/moveit_msgs/srv/GetStateValidity.json
[8.585s] -- Up-to-date: /home/habibahassan/project/install/moveit_msgs/share/moveit_msgs/srv/GetCartesianPath.json
[8.585s] -- Up-to-date: /home/habibahassan/project/install/moveit_msgs/share/moveit_msgs/srv/GetPlanningScene.json
[8.586s] -- Up-to-date: /home/habibahassan/project/install/moveit_msgs/share/moveit_msgs/srv/GraspPlanning.json
[8.587s] -- Up-to-date: /home/habibahassan/project/install/moveit_msgs/share/moveit_msgs/srv/ApplyPlanningScene.json
[8.587s] -- Up-to-date: /home/habibahassan/project/install/moveit_msgs/share/moveit_msgs/srv/QueryPlannerInterfaces.json
[8.588s] -- Up-to-date: /home/habibahassan/project/install/moveit_msgs/share/moveit_msgs/srv/GetMotionSequence.json
[8.588s] -- Up-to-date: /home/habibahassan/project/install/moveit_msgs/share/moveit_msgs/srv/GetPositionFK.json
[8.588s] -- Up-to-date: /home/habibahassan/project/install/moveit_msgs/share/moveit_msgs/srv/GetPositionIK.json
[8.589s] -- Up-to-date: /home/habibahassan/project/install/moveit_msgs/share/moveit_msgs/srv/GetPlannerParams.json
[8.589s] -- Up-to-date: /home/habibahassan/project/install/moveit_msgs/share/moveit_msgs/srv/SetPlannerParams.json
[8.590s] -- Up-to-date: /home/habibahassan/project/install/moveit_msgs/share/moveit_msgs/srv/UpdatePointcloudOctomap.json
[8.590s] -- Up-to-date: /home/habibahassan/project/install/moveit_msgs/share/moveit_msgs/srv/SaveGeometryToFile.json
[8.591s] -- Up-to-date: /home/habibahassan/project/install/moveit_msgs/share/moveit_msgs/srv/SaveMap.json
[8.591s] -- Up-to-date: /home/habibahassan/project/install/moveit_msgs/share/moveit_msgs/srv/LoadGeometryFromFile.json
[8.591s] -- Up-to-date: /home/habibahassan/project/install/moveit_msgs/share/moveit_msgs/srv/LoadMap.json
[8.592s] -- Up-to-date: /home/habibahassan/project/install/moveit_msgs/share/moveit_msgs/srv/SaveRobotStateToWarehouse.json
[8.592s] -- Up-to-date: /home/habibahassan/project/install/moveit_msgs/share/moveit_msgs/srv/ListRobotStatesInWarehouse.json
[8.592s] -- Up-to-date: /home/habibahassan/project/install/moveit_msgs/share/moveit_msgs/srv/GetRobotStateFromWarehouse.json
[8.593s] -- Up-to-date: /home/habibahassan/project/install/moveit_msgs/share/moveit_msgs/srv/CheckIfRobotStateExistsInWarehouse.json
[8.594s] -- Up-to-date: /home/habibahassan/project/install/moveit_msgs/share/moveit_msgs/srv/RenameRobotStateInWarehouse.json
[8.594s] -- Up-to-date: /home/habibahassan/project/install/moveit_msgs/share/moveit_msgs/srv/DeleteRobotStateFromWarehouse.json
[8.594s] -- Up-to-date: /home/habibahassan/project/install/moveit_msgs/share/moveit_msgs/srv/ServoCommandType.json
[8.594s] -- Up-to-date: /home/habibahassan/project/install/moveit_msgs/share/moveit_msgs/srv/GetGroupUrdf.json
[8.595s] -- Up-to-date: /home/habibahassan/project/install/moveit_msgs/share/moveit_msgs/action/ExecuteTrajectory.json
[8.595s] -- Up-to-date: /home/habibahassan/project/install/moveit_msgs/share/moveit_msgs/action/MoveGroup.json
[8.595s] -- Up-to-date: /home/habibahassan/project/install/moveit_msgs/share/moveit_msgs/action/MoveGroupSequence.json
[8.595s] -- Up-to-date: /home/habibahassan/project/install/moveit_msgs/share/moveit_msgs/action/Pickup.json
[8.597s] -- Up-to-date: /home/habibahassan/project/install/moveit_msgs/share/moveit_msgs/action/Place.json
[8.597s] -- Up-to-date: /home/habibahassan/project/install/moveit_msgs/share/moveit_msgs/action/LocalPlanner.json
[8.598s] -- Up-to-date: /home/habibahassan/project/install/moveit_msgs/share/moveit_msgs/action/GlobalPlanner.json
[8.598s] -- Up-to-date: /home/habibahassan/project/install/moveit_msgs/share/moveit_msgs/action/HybridPlanner.json
[8.598s] -- Up-to-date: /home/habibahassan/project/install/moveit_msgs/include/moveit_msgs/moveit_msgs
[8.598s] -- Up-to-date: /home/habibahassan/project/install/moveit_msgs/include/moveit_msgs/moveit_msgs/srv
[8.598s] -- Up-to-date: /home/habibahassan/project/install/moveit_msgs/include/moveit_msgs/moveit_msgs/srv/get_planning_scene.h
[8.598s] -- Up-to-date: /home/habibahassan/project/install/moveit_msgs/include/moveit_msgs/moveit_msgs/srv/get_position_ik.h
[8.599s] -- Up-to-date: /home/habibahassan/project/install/moveit_msgs/include/moveit_msgs/moveit_msgs/srv/save_robot_state_to_warehouse.h
[8.599s] -- Up-to-date: /home/habibahassan/project/install/moveit_msgs/include/moveit_msgs/moveit_msgs/srv/update_pointcloud_octomap.h
[8.599s] -- Up-to-date: /home/habibahassan/project/install/moveit_msgs/include/moveit_msgs/moveit_msgs/srv/list_robot_states_in_warehouse.h
[8.599s] -- Up-to-date: /home/habibahassan/project/install/moveit_msgs/include/moveit_msgs/moveit_msgs/srv/save_geometry_to_file.h
[8.599s] -- Up-to-date: /home/habibahassan/project/install/moveit_msgs/include/moveit_msgs/moveit_msgs/srv/delete_robot_state_from_warehouse.h
[8.600s] -- Up-to-date: /home/habibahassan/project/install/moveit_msgs/include/moveit_msgs/moveit_msgs/srv/get_robot_state_from_warehouse.h
[8.600s] -- Up-to-date: /home/habibahassan/project/install/moveit_msgs/include/moveit_msgs/moveit_msgs/srv/get_cartesian_path.h
[8.612s] -- Up-to-date: /home/habibahassan/project/install/moveit_msgs/include/moveit_msgs/moveit_msgs/srv/save_map.h
[8.612s] -- Up-to-date: /home/habibahassan/project/install/moveit_msgs/include/moveit_msgs/moveit_msgs/srv/load_map.h
[8.613s] -- Up-to-date: /home/habibahassan/project/install/moveit_msgs/include/moveit_msgs/moveit_msgs/srv/get_position_fk.h
[8.613s] -- Up-to-date: /home/habibahassan/project/install/moveit_msgs/include/moveit_msgs/moveit_msgs/srv/detail
[8.613s] -- Installing: /home/habibahassan/project/install/moveit_msgs/include/moveit_msgs/moveit_msgs/srv/detail/get_cartesian_path__type_support.c
[8.613s] -- Up-to-date: /home/habibahassan/project/install/moveit_msgs/include/moveit_msgs/moveit_msgs/srv/detail/servo_command_type__type_support.h
[8.613s] -- Installing: /home/habibahassan/project/install/moveit_msgs/include/moveit_msgs/moveit_msgs/srv/detail/save_geometry_to_file__type_support.c
[8.614s] -- Up-to-date: /home/habibahassan/project/install/moveit_msgs/include/moveit_msgs/moveit_msgs/srv/detail/get_position_ik__functions.h
[8.614s] -- Installing: /home/habibahassan/project/install/moveit_msgs/include/moveit_msgs/moveit_msgs/srv/detail/load_geometry_from_file__type_support.c
[8.614s] -- Up-to-date: /home/habibahassan/project/install/moveit_msgs/include/moveit_msgs/moveit_msgs/srv/detail/grasp_planning__type_support.h
[8.614s] -- Up-to-date: /home/habibahassan/project/install/moveit_msgs/include/moveit_msgs/moveit_msgs/srv/detail/get_motion_plan__type_support.h
[8.615s] -- Up-to-date: /home/habibahassan/project/install/moveit_msgs/include/moveit_msgs/moveit_msgs/srv/detail/save_robot_state_to_warehouse__description.c
[8.615s] -- Up-to-date: /home/habibahassan/project/install/moveit_msgs/include/moveit_msgs/moveit_msgs/srv/detail/get_cartesian_path__description.c
[8.615s] -- Up-to-date: /home/habibahassan/project/install/moveit_msgs/include/moveit_msgs/moveit_msgs/srv/detail/get_state_validity__functions.c
[8.615s] -- Installing: /home/habibahassan/project/install/moveit_msgs/include/moveit_msgs/moveit_msgs/srv/detail/get_motion_plan__type_support.c
[8.616s] -- Up-to-date: /home/habibahassan/project/install/moveit_msgs/include/moveit_msgs/moveit_msgs/srv/detail/get_cartesian_path__type_support.h
[8.616s] -- Up-to-date: /home/habibahassan/project/install/moveit_msgs/include/moveit_msgs/moveit_msgs/srv/detail/get_planner_params__functions.h
[8.617s] -- Up-to-date: /home/habibahassan/project/install/moveit_msgs/include/moveit_msgs/moveit_msgs/srv/detail/delete_robot_state_from_warehouse__description.c
[8.617s] -- Installing: /home/habibahassan/project/install/moveit_msgs/include/moveit_msgs/moveit_msgs/srv/detail/get_position_fk__type_support.c
[8.617s] -- Up-to-date: /home/habibahassan/project/install/moveit_msgs/include/moveit_msgs/moveit_msgs/srv/detail/grasp_planning__functions.h
[8.618s] -- Up-to-date: /home/habibahassan/project/install/moveit_msgs/include/moveit_msgs/moveit_msgs/srv/detail/get_position_ik__type_support.h
[8.619s] -- Up-to-date: /home/habibahassan/project/install/moveit_msgs/include/moveit_msgs/moveit_msgs/srv/detail/update_pointcloud_octomap__description.c
[8.620s] -- Installing: /home/habibahassan/project/install/moveit_msgs/include/moveit_msgs/moveit_msgs/srv/detail/servo_command_type__type_support.c
[8.622s] -- Installing: /home/habibahassan/project/install/moveit_msgs/include/moveit_msgs/moveit_msgs/srv/detail/grasp_planning__type_support.c
[8.622s] -- Up-to-date: /home/habibahassan/project/install/moveit_msgs/include/moveit_msgs/moveit_msgs/srv/detail/get_position_fk__functions.c
[8.623s] -- Up-to-date: /home/habibahassan/project/install/moveit_msgs/include/moveit_msgs/moveit_msgs/srv/detail/load_geometry_from_file__struct.h
[8.623s] -- Up-to-date: /home/habibahassan/project/install/moveit_msgs/include/moveit_msgs/moveit_msgs/srv/detail/get_motion_plan__struct.h
[8.623s] -- Up-to-date: /home/habibahassan/project/install/moveit_msgs/include/moveit_msgs/moveit_msgs/srv/detail/get_motion_sequence__functions.c
[8.623s] -- Up-to-date: /home/habibahassan/project/install/moveit_msgs/include/moveit_msgs/moveit_msgs/srv/detail/get_planning_scene__functions.c
[8.624s] -- Up-to-date: /home/habibahassan/project/install/moveit_msgs/include/moveit_msgs/moveit_msgs/srv/detail/servo_command_type__struct.h
[8.624s] -- Installing: /home/habibahassan/project/install/moveit_msgs/include/moveit_msgs/moveit_msgs/srv/detail/get_planner_params__type_support.c
[8.625s] -- Up-to-date: /home/habibahassan/project/install/moveit_msgs/include/moveit_msgs/moveit_msgs/srv/detail/get_group_urdf__functions.h
[8.625s] -- Up-to-date: /home/habibahassan/project/install/moveit_msgs/include/moveit_msgs/moveit_msgs/srv/detail/load_map__type_support.h
[8.625s] -- Up-to-date: /home/habibahassan/project/install/moveit_msgs/include/moveit_msgs/moveit_msgs/srv/detail/get_state_validity__description.c
[8.625s] -- Up-to-date: /home/habibahassan/project/install/moveit_msgs/include/moveit_msgs/moveit_msgs/srv/detail/check_if_robot_state_exists_in_warehouse__type_support.h
[8.626s] -- Up-to-date: /home/habibahassan/project/install/moveit_msgs/include/moveit_msgs/moveit_msgs/srv/detail/get_planner_params__description.c
[8.626s] -- Up-to-date: /home/habibahassan/project/install/moveit_msgs/include/moveit_msgs/moveit_msgs/srv/detail/update_pointcloud_octomap__functions.h
[8.626s] -- Up-to-date: /home/habibahassan/project/install/moveit_msgs/include/moveit_msgs/moveit_msgs/srv/detail/list_robot_states_in_warehouse__struct.h
[8.626s] -- Up-to-date: /home/habibahassan/project/install/moveit_msgs/include/moveit_msgs/moveit_msgs/srv/detail/save_map__struct.h
[8.627s] -- Up-to-date: /home/habibahassan/project/install/moveit_msgs/include/moveit_msgs/moveit_msgs/srv/detail/get_cartesian_path__struct.h
[8.627s] -- Up-to-date: /home/habibahassan/project/install/moveit_msgs/include/moveit_msgs/moveit_msgs/srv/detail/get_motion_sequence__type_support.h
[8.627s] -- Up-to-date: /home/habibahassan/project/install/moveit_msgs/include/moveit_msgs/moveit_msgs/srv/detail/query_planner_interfaces__functions.h
[8.627s] -- Installing: /home/habibahassan/project/install/moveit_msgs/include/moveit_msgs/moveit_msgs/srv/detail/set_planner_params__type_support.c
[8.628s] -- Installing: /home/habibahassan/project/install/moveit_msgs/include/moveit_msgs/moveit_msgs/srv/detail/query_planner_interfaces__type_support.c
[8.628s] -- Up-to-date: /home/habibahassan/project/install/moveit_msgs/include/moveit_msgs/moveit_msgs/srv/detail/update_pointcloud_octomap__struct.h
[8.628s] -- Up-to-date: /home/habibahassan/project/install/moveit_msgs/include/moveit_msgs/moveit_msgs/srv/detail/servo_command_type__functions.c
[8.628s] -- Up-to-date: /home/habibahassan/project/install/moveit_msgs/include/moveit_msgs/moveit_msgs/srv/detail/get_planner_params__functions.c
[8.628s] -- Up-to-date: /home/habibahassan/project/install/moveit_msgs/include/moveit_msgs/moveit_msgs/srv/detail/check_if_robot_state_exists_in_warehouse__functions.h
[8.629s] -- Up-to-date: /home/habibahassan/project/install/moveit_msgs/include/moveit_msgs/moveit_msgs/srv/detail/apply_planning_scene__description.c
[8.629s] -- Up-to-date: /home/habibahassan/project/install/moveit_msgs/include/moveit_msgs/moveit_msgs/srv/detail/get_planner_params__type_support.h
[8.629s] -- Installing: /home/habibahassan/project/install/moveit_msgs/include/moveit_msgs/moveit_msgs/srv/detail/rename_robot_state_in_warehouse__type_support.c
[8.629s] -- Up-to-date: /home/habibahassan/project/install/moveit_msgs/include/moveit_msgs/moveit_msgs/srv/detail/save_robot_state_to_warehouse__functions.h
[8.630s] -- Up-to-date: /home/habibahassan/project/install/moveit_msgs/include/moveit_msgs/moveit_msgs/srv/detail/update_pointcloud_octomap__functions.c
[8.630s] -- Up-to-date: /home/habibahassan/project/install/moveit_msgs/include/moveit_msgs/moveit_msgs/srv/detail/list_robot_states_in_warehouse__description.c
[8.631s] -- Up-to-date: /home/habibahassan/project/install/moveit_msgs/include/moveit_msgs/moveit_msgs/srv/detail/get_planning_scene__functions.h
[8.631s] -- Up-to-date: /home/habibahassan/project/install/moveit_msgs/include/moveit_msgs/moveit_msgs/srv/detail/get_group_urdf__struct.h
[8.631s] -- Up-to-date: /home/habibahassan/project/install/moveit_msgs/include/moveit_msgs/moveit_msgs/srv/detail/rename_robot_state_in_warehouse__type_support.h
[8.631s] -- Up-to-date: /home/habibahassan/project/install/moveit_msgs/include/moveit_msgs/moveit_msgs/srv/detail/get_planning_scene__struct.h
[8.632s] -- Up-to-date: /home/habibahassan/project/install/moveit_msgs/include/moveit_msgs/moveit_msgs/srv/detail/get_position_fk__type_support.h
[8.632s] -- Up-to-date: /home/habibahassan/project/install/moveit_msgs/include/moveit_msgs/moveit_msgs/srv/detail/load_geometry_from_file__functions.c
[8.632s] -- Up-to-date: /home/habibahassan/project/install/moveit_msgs/include/moveit_msgs/moveit_msgs/srv/detail/get_state_validity__type_support.h
[8.633s] -- Up-to-date: /home/habibahassan/project/install/moveit_msgs/include/moveit_msgs/moveit_msgs/srv/detail/save_geometry_to_file__functions.c
[8.633s] -- Up-to-date: /home/habibahassan/project/install/moveit_msgs/include/moveit_msgs/moveit_msgs/srv/detail/load_map__struct.h
[8.633s] -- Up-to-date: /home/habibahassan/project/install/moveit_msgs/include/moveit_msgs/moveit_msgs/srv/detail/set_planner_params__functions.c
[8.633s] -- Up-to-date: /home/habibahassan/project/install/moveit_msgs/include/moveit_msgs/moveit_msgs/srv/detail/rename_robot_state_in_warehouse__struct.h
[8.635s] -- Up-to-date: /home/habibahassan/project/install/moveit_msgs/include/moveit_msgs/moveit_msgs/srv/detail/check_if_robot_state_exists_in_warehouse__description.c
[8.636s] -- Up-to-date: /home/habibahassan/project/install/moveit_msgs/include/moveit_msgs/moveit_msgs/srv/detail/list_robot_states_in_warehouse__functions.c
[8.661s] -- Up-to-date: /home/habibahassan/project/install/moveit_msgs/include/moveit_msgs/moveit_msgs/srv/detail/get_position_fk__description.c
[8.661s] -- Up-to-date: /home/habibahassan/project/install/moveit_msgs/include/moveit_msgs/moveit_msgs/srv/detail/get_state_validity__struct.h
[8.662s] -- Up-to-date: /home/habibahassan/project/install/moveit_msgs/include/moveit_msgs/moveit_msgs/srv/detail/apply_planning_scene__struct.h
[8.663s] -- Installing: /home/habibahassan/project/install/moveit_msgs/include/moveit_msgs/moveit_msgs/srv/detail/save_robot_state_to_warehouse__type_support.c
[8.663s] -- Up-to-date: /home/habibahassan/project/install/moveit_msgs/include/moveit_msgs/moveit_msgs/srv/detail/list_robot_states_in_warehouse__type_support.h
[8.663s] -- Up-to-date: /home/habibahassan/project/install/moveit_msgs/include/moveit_msgs/moveit_msgs/srv/detail/set_planner_params__functions.h
[8.664s] -- Up-to-date: /home/habibahassan/project/install/moveit_msgs/include/moveit_msgs/moveit_msgs/srv/detail/get_planning_scene__type_support.h
[8.664s] -- Up-to-date: /home/habibahassan/project/install/moveit_msgs/include/moveit_msgs/moveit_msgs/srv/detail/get_motion_sequence__struct.h
[8.665s] -- Up-to-date: /home/habibahassan/project/install/moveit_msgs/include/moveit_msgs/moveit_msgs/srv/detail/delete_robot_state_from_warehouse__struct.h
[8.666s] -- Up-to-date: /home/habibahassan/project/install/moveit_msgs/include/moveit_msgs/moveit_msgs/srv/detail/query_planner_interfaces__struct.h
[8.666s] -- Up-to-date: /home/habibahassan/project/install/moveit_msgs/include/moveit_msgs/moveit_msgs/srv/detail/check_if_robot_state_exists_in_warehouse__functions.c
[8.671s] -- Up-to-date: /home/habibahassan/project/install/moveit_msgs/include/moveit_msgs/moveit_msgs/srv/detail/apply_planning_scene__type_support.h
[8.672s] -- Up-to-date: /home/habibahassan/project/install/moveit_msgs/include/moveit_msgs/moveit_msgs/srv/detail/get_motion_sequence__description.c
[8.678s] -- Up-to-date: /home/habibahassan/project/install/moveit_msgs/include/moveit_msgs/moveit_msgs/srv/detail/get_robot_state_from_warehouse__description.c
[8.683s] -- Up-to-date: /home/habibahassan/project/install/moveit_msgs/include/moveit_msgs/moveit_msgs/srv/detail/get_planner_params__struct.h
[8.683s] -- Up-to-date: /home/habibahassan/project/install/moveit_msgs/include/moveit_msgs/moveit_msgs/srv/detail/save_geometry_to_file__struct.h
[8.684s] -- Installing: /home/habibahassan/project/install/moveit_msgs/include/moveit_msgs/moveit_msgs/srv/detail/get_state_validity__type_support.c
[8.696s] -- Up-to-date: /home/habibahassan/project/install/moveit_msgs/include/moveit_msgs/moveit_msgs/srv/detail/save_map__description.c
[8.697s] -- Installing: /home/habibahassan/project/install/moveit_msgs/include/moveit_msgs/moveit_msgs/srv/detail/get_motion_sequence__type_support.c
[8.697s] -- Up-to-date: /home/habibahassan/project/install/moveit_msgs/include/moveit_msgs/moveit_msgs/srv/detail/get_motion_plan__functions.c
[8.697s] -- Installing: /home/habibahassan/project/install/moveit_msgs/include/moveit_msgs/moveit_msgs/srv/detail/check_if_robot_state_exists_in_warehouse__type_support.c
[8.698s] -- Up-to-date: /home/habibahassan/project/install/moveit_msgs/include/moveit_msgs/moveit_msgs/srv/detail/save_geometry_to_file__functions.h
[8.699s] -- Up-to-date: /home/habibahassan/project/install/moveit_msgs/include/moveit_msgs/moveit_msgs/srv/detail/get_robot_state_from_warehouse__functions.h
[8.700s] -- Up-to-date: /home/habibahassan/project/install/moveit_msgs/include/moveit_msgs/moveit_msgs/srv/detail/servo_command_type__description.c
[8.700s] -- Up-to-date: /home/habibahassan/project/install/moveit_msgs/include/moveit_msgs/moveit_msgs/srv/detail/set_planner_params__struct.h
[8.700s] -- Installing: /home/habibahassan/project/install/moveit_msgs/include/moveit_msgs/moveit_msgs/srv/detail/list_robot_states_in_warehouse__type_support.c
[8.701s] -- Installing: /home/habibahassan/project/install/moveit_msgs/include/moveit_msgs/moveit_msgs/srv/detail/save_map__type_support.c
[8.701s] -- Up-to-date: /home/habibahassan/project/install/moveit_msgs/include/moveit_msgs/moveit_msgs/srv/detail/get_position_fk__functions.h
[8.701s] -- Up-to-date: /home/habibahassan/project/install/moveit_msgs/include/moveit_msgs/moveit_msgs/srv/detail/get_motion_sequence__functions.h
[8.702s] -- Up-to-date: /home/habibahassan/project/install/moveit_msgs/include/moveit_msgs/moveit_msgs/srv/detail/get_state_validity__functions.h
[8.702s] -- Installing: /home/habibahassan/project/install/moveit_msgs/include/moveit_msgs/moveit_msgs/srv/detail/update_pointcloud_octomap__type_support.c
[8.703s] -- Up-to-date: /home/habibahassan/project/install/moveit_msgs/include/moveit_msgs/moveit_msgs/srv/detail/load_geometry_from_file__functions.h
[8.703s] -- Installing: /home/habibahassan/project/install/moveit_msgs/include/moveit_msgs/moveit_msgs/srv/detail/get_planning_scene__type_support.c
[8.712s] -- Up-to-date: /home/habibahassan/project/install/moveit_msgs/include/moveit_msgs/moveit_msgs/srv/detail/rename_robot_state_in_warehouse__description.c
[8.713s] -- Up-to-date: /home/habibahassan/project/install/moveit_msgs/include/moveit_msgs/moveit_msgs/srv/detail/get_motion_plan__functions.h
[8.717s] -- Up-to-date: /home/habibahassan/project/install/moveit_msgs/include/moveit_msgs/moveit_msgs/srv/detail/get_group_urdf__description.c
[8.718s] -- Up-to-date: /home/habibahassan/project/install/moveit_msgs/include/moveit_msgs/moveit_msgs/srv/detail/get_robot_state_from_warehouse__struct.h
[8.718s] -- Up-to-date: /home/habibahassan/project/install/moveit_msgs/include/moveit_msgs/moveit_msgs/srv/detail/load_geometry_from_file__description.c
[8.718s] -- Up-to-date: /home/habibahassan/project/install/moveit_msgs/include/moveit_msgs/moveit_msgs/srv/detail/save_map__functions.h
[8.720s] -- Up-to-date: /home/habibahassan/project/install/moveit_msgs/include/moveit_msgs/moveit_msgs/srv/detail/get_robot_state_from_warehouse__type_support.h
[8.720s] -- Up-to-date: /home/habibahassan/project/install/moveit_msgs/include/moveit_msgs/moveit_msgs/srv/detail/save_geometry_to_file__description.c
[8.720s] -- Up-to-date: /home/habibahassan/project/install/moveit_msgs/include/moveit_msgs/moveit_msgs/srv/detail/apply_planning_scene__functions.h
[8.722s] -- Up-to-date: /home/habibahassan/project/install/moveit_msgs/include/moveit_msgs/moveit_msgs/srv/detail/query_planner_interfaces__type_support.h
[8.722s] -- Up-to-date: /home/habibahassan/project/install/moveit_msgs/include/moveit_msgs/moveit_msgs/srv/detail/get_position_fk__struct.h
[8.723s] -- Installing: /home/habibahassan/project/install/moveit_msgs/include/moveit_msgs/moveit_msgs/srv/detail/delete_robot_state_from_warehouse__type_support.c
[8.731s] -- Up-to-date: /home/habibahassan/project/install/moveit_msgs/include/moveit_msgs/moveit_msgs/srv/detail/rename_robot_state_in_warehouse__functions.c
[8.733s] -- Up-to-date: /home/habibahassan/project/install/moveit_msgs/include/moveit_msgs/moveit_msgs/srv/detail/load_map__functions.h
[8.735s] -- Installing: /home/habibahassan/project/install/moveit_msgs/include/moveit_msgs/moveit_msgs/srv/detail/get_group_urdf__type_support.c
[8.735s] -- Up-to-date: /home/habibahassan/project/install/moveit_msgs/include/moveit_msgs/moveit_msgs/srv/detail/check_if_robot_state_exists_in_warehouse__struct.h
[8.736s] -- Up-to-date: /home/habibahassan/project/install/moveit_msgs/include/moveit_msgs/moveit_msgs/srv/detail/load_geometry_from_file__type_support.h
[8.738s] -- Up-to-date: /home/habibahassan/project/install/moveit_msgs/include/moveit_msgs/moveit_msgs/srv/detail/query_planner_interfaces__description.c
[8.739s] -- Installing: /home/habibahassan/project/install/moveit_msgs/include/moveit_msgs/moveit_msgs/srv/detail/load_map__type_support.c
[8.739s] -- Up-to-date: /home/habibahassan/project/install/moveit_msgs/include/moveit_msgs/moveit_msgs/srv/detail/set_planner_params__type_support.h
[8.741s] -- Up-to-date: /home/habibahassan/project/install/moveit_msgs/include/moveit_msgs/moveit_msgs/srv/detail/update_pointcloud_octomap__type_support.h
[8.743s] -- Up-to-date: /home/habibahassan/project/install/moveit_msgs/include/moveit_msgs/moveit_msgs/srv/detail/delete_robot_state_from_warehouse__functions.c
[8.743s] -- Up-to-date: /home/habibahassan/project/install/moveit_msgs/include/moveit_msgs/moveit_msgs/srv/detail/rename_robot_state_in_warehouse__functions.h
[8.745s] -- Installing: /home/habibahassan/project/install/moveit_msgs/include/moveit_msgs/moveit_msgs/srv/detail/get_robot_state_from_warehouse__type_support.c
[8.750s] -- Up-to-date: /home/habibahassan/project/install/moveit_msgs/include/moveit_msgs/moveit_msgs/srv/detail/delete_robot_state_from_warehouse__functions.h
[8.751s] -- Up-to-date: /home/habibahassan/project/install/moveit_msgs/include/moveit_msgs/moveit_msgs/srv/detail/load_map__functions.c
[8.752s] -- Up-to-date: /home/habibahassan/project/install/moveit_msgs/include/moveit_msgs/moveit_msgs/srv/detail/grasp_planning__struct.h
[8.752s] -- Up-to-date: /home/habibahassan/project/install/moveit_msgs/include/moveit_msgs/moveit_msgs/srv/detail/get_cartesian_path__functions.h
[8.753s] -- Up-to-date: /home/habibahassan/project/install/moveit_msgs/include/moveit_msgs/moveit_msgs/srv/detail/save_map__functions.c
[8.753s] -- Up-to-date: /home/habibahassan/project/install/moveit_msgs/include/moveit_msgs/moveit_msgs/srv/detail/save_robot_state_to_warehouse__functions.c
[8.753s] -- Up-to-date: /home/habibahassan/project/install/moveit_msgs/include/moveit_msgs/moveit_msgs/srv/detail/save_map__type_support.h
[8.753s] -- Up-to-date: /home/habibahassan/project/install/moveit_msgs/include/moveit_msgs/moveit_msgs/srv/detail/get_robot_state_from_warehouse__functions.c
[8.754s] -- Up-to-date: /home/habibahassan/project/install/moveit_msgs/include/moveit_msgs/moveit_msgs/srv/detail/save_robot_state_to_warehouse__type_support.h
[8.754s] -- Up-to-date: /home/habibahassan/project/install/moveit_msgs/include/moveit_msgs/moveit_msgs/srv/detail/get_motion_plan__description.c
[8.755s] -- Installing: /home/habibahassan/project/install/moveit_msgs/include/moveit_msgs/moveit_msgs/srv/detail/get_position_ik__type_support.c
[8.755s] -- Up-to-date: /home/habibahassan/project/install/moveit_msgs/include/moveit_msgs/moveit_msgs/srv/detail/get_position_ik__description.c
[8.755s] -- Up-to-date: /home/habibahassan/project/install/moveit_msgs/include/moveit_msgs/moveit_msgs/srv/detail/grasp_planning__functions.c
[8.760s] -- Up-to-date: /home/habibahassan/project/install/moveit_msgs/include/moveit_msgs/moveit_msgs/srv/detail/get_group_urdf__type_support.h
[8.764s] -- Up-to-date: /home/habibahassan/project/install/moveit_msgs/include/moveit_msgs/moveit_msgs/srv/detail/save_geometry_to_file__type_support.h
[8.764s] -- Up-to-date: /home/habibahassan/project/install/moveit_msgs/include/moveit_msgs/moveit_msgs/srv/detail/list_robot_states_in_warehouse__functions.h
[8.765s] -- Up-to-date: /home/habibahassan/project/install/moveit_msgs/include/moveit_msgs/moveit_msgs/srv/detail/apply_planning_scene__functions.c
[8.765s] -- Up-to-date: /home/habibahassan/project/install/moveit_msgs/include/moveit_msgs/moveit_msgs/srv/detail/get_position_ik__functions.c
[8.765s] -- Up-to-date: /home/habibahassan/project/install/moveit_msgs/include/moveit_msgs/moveit_msgs/srv/detail/grasp_planning__description.c
[8.766s] -- Up-to-date: /home/habibahassan/project/install/moveit_msgs/include/moveit_msgs/moveit_msgs/srv/detail/set_planner_params__description.c
[8.766s] -- Up-to-date: /home/habibahassan/project/install/moveit_msgs/include/moveit_msgs/moveit_msgs/srv/detail/get_group_urdf__functions.c
[8.774s] -- Up-to-date: /home/habibahassan/project/install/moveit_msgs/include/moveit_msgs/moveit_msgs/srv/detail/get_cartesian_path__functions.c
[8.775s] -- Up-to-date: /home/habibahassan/project/install/moveit_msgs/include/moveit_msgs/moveit_msgs/srv/detail/get_planning_scene__description.c
[8.776s] -- Up-to-date: /home/habibahassan/project/install/moveit_msgs/include/moveit_msgs/moveit_msgs/srv/detail/load_map__description.c
[8.776s] -- Up-to-date: /home/habibahassan/project/install/moveit_msgs/include/moveit_msgs/moveit_msgs/srv/detail/get_position_ik__struct.h
[8.776s] -- Up-to-date: /home/habibahassan/project/install/moveit_msgs/include/moveit_msgs/moveit_msgs/srv/detail/query_planner_interfaces__functions.c
[8.777s] -- Up-to-date: /home/habibahassan/project/install/moveit_msgs/include/moveit_msgs/moveit_msgs/srv/detail/servo_command_type__functions.h
[8.777s] -- Up-to-date: /home/habibahassan/project/install/moveit_msgs/include/moveit_msgs/moveit_msgs/srv/detail/save_robot_state_to_warehouse__struct.h
[8.777s] -- Up-to-date: /home/habibahassan/project/install/moveit_msgs/include/moveit_msgs/moveit_msgs/srv/detail/delete_robot_state_from_warehouse__type_support.h
[8.778s] -- Installing: /home/habibahassan/project/install/moveit_msgs/include/moveit_msgs/moveit_msgs/srv/detail/apply_planning_scene__type_support.c
[8.778s] -- Up-to-date: /home/habibahassan/project/install/moveit_msgs/include/moveit_msgs/moveit_msgs/srv/apply_planning_scene.h
[8.778s] -- Up-to-date: /home/habibahassan/project/install/moveit_msgs/include/moveit_msgs/moveit_msgs/srv/query_planner_interfaces.h
[8.778s] -- Up-to-date: /home/habibahassan/project/install/moveit_msgs/include/moveit_msgs/moveit_msgs/srv/get_planner_params.h
[8.779s] -- Up-to-date: /home/habibahassan/project/install/moveit_msgs/include/moveit_msgs/moveit_msgs/srv/servo_command_type.h
[8.779s] -- Up-to-date: /home/habibahassan/project/install/moveit_msgs/include/moveit_msgs/moveit_msgs/srv/grasp_planning.h
[8.779s] -- Up-to-date: /home/habibahassan/project/install/moveit_msgs/include/moveit_msgs/moveit_msgs/srv/rename_robot_state_in_warehouse.h
[8.779s] -- Up-to-date: /home/habibahassan/project/install/moveit_msgs/include/moveit_msgs/moveit_msgs/srv/check_if_robot_state_exists_in_warehouse.h
[8.780s] -- Up-to-date: /home/habibahassan/project/install/moveit_msgs/include/moveit_msgs/moveit_msgs/srv/get_motion_plan.h
[8.780s] -- Up-to-date: /home/habibahassan/project/install/moveit_msgs/include/moveit_msgs/moveit_msgs/srv/set_planner_params.h
[8.780s] -- Up-to-date: /home/habibahassan/project/install/moveit_msgs/include/moveit_msgs/moveit_msgs/srv/get_motion_sequence.h
[8.780s] -- Up-to-date: /home/habibahassan/project/install/moveit_msgs/include/moveit_msgs/moveit_msgs/srv/get_group_urdf.h
[8.780s] -- Up-to-date: /home/habibahassan/project/install/moveit_msgs/include/moveit_msgs/moveit_msgs/srv/get_state_validity.h
[8.781s] -- Up-to-date: /home/habibahassan/project/install/moveit_msgs/include/moveit_msgs/moveit_msgs/srv/load_geometry_from_file.h
[8.781s] -- Up-to-date: /home/habibahassan/project/install/moveit_msgs/include/moveit_msgs/moveit_msgs/action
[8.781s] -- Up-to-date: /home/habibahassan/project/install/moveit_msgs/include/moveit_msgs/moveit_msgs/action/pickup.h
[8.781s] -- Up-to-date: /home/habibahassan/project/install/moveit_msgs/include/moveit_msgs/moveit_msgs/action/local_planner.h
[8.782s] -- Up-to-date: /home/habibahassan/project/install/moveit_msgs/include/moveit_msgs/moveit_msgs/action/execute_trajectory.h
[8.782s] -- Up-to-date: /home/habibahassan/project/install/moveit_msgs/include/moveit_msgs/moveit_msgs/action/hybrid_planner.h
[8.782s] -- Up-to-date: /home/habibahassan/project/install/moveit_msgs/include/moveit_msgs/moveit_msgs/action/move_group_sequence.h
[8.794s] -- Up-to-date: /home/habibahassan/project/install/moveit_msgs/include/moveit_msgs/moveit_msgs/action/detail
[8.795s] -- Up-to-date: /home/habibahassan/project/install/moveit_msgs/include/moveit_msgs/moveit_msgs/action/detail/pickup__functions.h
[8.801s] -- Up-to-date: /home/habibahassan/project/install/moveit_msgs/include/moveit_msgs/moveit_msgs/action/detail/move_group__type_support.h
[8.828s] -- Up-to-date: /home/habibahassan/project/install/moveit_msgs/include/moveit_msgs/moveit_msgs/action/detail/place__functions.c
[8.829s] -- Up-to-date: /home/habibahassan/project/install/moveit_msgs/include/moveit_msgs/moveit_msgs/action/detail/pickup__type_support.h
[8.829s] -- Up-to-date: /home/habibahassan/project/install/moveit_msgs/include/moveit_msgs/moveit_msgs/action/detail/local_planner__functions.c
[8.829s] -- Up-to-date: /home/habibahassan/project/install/moveit_msgs/include/moveit_msgs/moveit_msgs/action/detail/move_group__functions.h
[8.829s] -- Installing: /home/habibahassan/project/install/moveit_msgs/include/moveit_msgs/moveit_msgs/action/detail/place__type_support.c
[8.830s] -- Up-to-date: /home/habibahassan/project/install/moveit_msgs/include/moveit_msgs/moveit_msgs/action/detail/local_planner__description.c
[8.830s] -- Up-to-date: /home/habibahassan/project/install/moveit_msgs/include/moveit_msgs/moveit_msgs/action/detail/execute_trajectory__description.c
[8.830s] -- Up-to-date: /home/habibahassan/project/install/moveit_msgs/include/moveit_msgs/moveit_msgs/action/detail/place__description.c
[8.830s] -- Up-to-date: /home/habibahassan/project/install/moveit_msgs/include/moveit_msgs/moveit_msgs/action/detail/hybrid_planner__description.c
[8.831s] -- Installing: /home/habibahassan/project/install/moveit_msgs/include/moveit_msgs/moveit_msgs/action/detail/hybrid_planner__type_support.c
[8.831s] -- Up-to-date: /home/habibahassan/project/install/moveit_msgs/include/moveit_msgs/moveit_msgs/action/detail/global_planner__functions.c
[8.831s] -- Installing: /home/habibahassan/project/install/moveit_msgs/include/moveit_msgs/moveit_msgs/action/detail/execute_trajectory__type_support.c
[8.832s] -- Installing: /home/habibahassan/project/install/moveit_msgs/include/moveit_msgs/moveit_msgs/action/detail/local_planner__type_support.c
[8.832s] -- Up-to-date: /home/habibahassan/project/install/moveit_msgs/include/moveit_msgs/moveit_msgs/action/detail/pickup__description.c
[8.832s] -- Up-to-date: /home/habibahassan/project/install/moveit_msgs/include/moveit_msgs/moveit_msgs/action/detail/execute_trajectory__type_support.h
[8.832s] -- Up-to-date: /home/habibahassan/project/install/moveit_msgs/include/moveit_msgs/moveit_msgs/action/detail/move_group__description.c
[8.833s] -- Up-to-date: /home/habibahassan/project/install/moveit_msgs/include/moveit_msgs/moveit_msgs/action/detail/move_group_sequence__functions.h
[8.833s] -- Up-to-date: /home/habibahassan/project/install/moveit_msgs/include/moveit_msgs/moveit_msgs/action/detail/place__functions.h
[8.833s] -- Up-to-date: /home/habibahassan/project/install/moveit_msgs/include/moveit_msgs/moveit_msgs/action/detail/execute_trajectory__functions.c
[8.833s] -- Up-to-date: /home/habibahassan/project/install/moveit_msgs/include/moveit_msgs/moveit_msgs/action/detail/execute_trajectory__struct.h
[8.833s] -- Up-to-date: /home/habibahassan/project/install/moveit_msgs/include/moveit_msgs/moveit_msgs/action/detail/execute_trajectory__functions.h
[8.834s] -- Installing: /home/habibahassan/project/install/moveit_msgs/include/moveit_msgs/moveit_msgs/action/detail/pickup__type_support.c
[8.834s] -- Up-to-date: /home/habibahassan/project/install/moveit_msgs/include/moveit_msgs/moveit_msgs/action/detail/global_planner__functions.h
[8.834s] -- Up-to-date: /home/habibahassan/project/install/moveit_msgs/include/moveit_msgs/moveit_msgs/action/detail/move_group_sequence__type_support.h
[8.834s] -- Up-to-date: /home/habibahassan/project/install/moveit_msgs/include/moveit_msgs/moveit_msgs/action/detail/global_planner__description.c
[8.835s] -- Up-to-date: /home/habibahassan/project/install/moveit_msgs/include/moveit_msgs/moveit_msgs/action/detail/local_planner__type_support.h
[8.835s] -- Up-to-date: /home/habibahassan/project/install/moveit_msgs/include/moveit_msgs/moveit_msgs/action/detail/hybrid_planner__functions.c
[8.835s] -- Up-to-date: /home/habibahassan/project/install/moveit_msgs/include/moveit_msgs/moveit_msgs/action/detail/local_planner__struct.h
[8.835s] -- Installing: /home/habibahassan/project/install/moveit_msgs/include/moveit_msgs/moveit_msgs/action/detail/move_group__type_support.c
[8.836s] -- Up-to-date: /home/habibahassan/project/install/moveit_msgs/include/moveit_msgs/moveit_msgs/action/detail/pickup__functions.c
[8.836s] -- Up-to-date: /home/habibahassan/project/install/moveit_msgs/include/moveit_msgs/moveit_msgs/action/detail/move_group__functions.c
[8.836s] -- Up-to-date: /home/habibahassan/project/install/moveit_msgs/include/moveit_msgs/moveit_msgs/action/detail/place__struct.h
[8.836s] -- Up-to-date: /home/habibahassan/project/install/moveit_msgs/include/moveit_msgs/moveit_msgs/action/detail/global_planner__type_support.h
[8.837s] -- Up-to-date: /home/habibahassan/project/install/moveit_msgs/include/moveit_msgs/moveit_msgs/action/detail/pickup__struct.h
[8.837s] -- Up-to-date: /home/habibahassan/project/install/moveit_msgs/include/moveit_msgs/moveit_msgs/action/detail/move_group__struct.h
[8.837s] -- Installing: /home/habibahassan/project/install/moveit_msgs/include/moveit_msgs/moveit_msgs/action/detail/global_planner__type_support.c
[8.837s] -- Up-to-date: /home/habibahassan/project/install/moveit_msgs/include/moveit_msgs/moveit_msgs/action/detail/place__type_support.h
[8.838s] -- Up-to-date: /home/habibahassan/project/install/moveit_msgs/include/moveit_msgs/moveit_msgs/action/detail/local_planner__functions.h
[8.859s] -- Up-to-date: /home/habibahassan/project/install/moveit_msgs/include/moveit_msgs/moveit_msgs/action/detail/move_group_sequence__struct.h
[8.860s] -- Up-to-date: /home/habibahassan/project/install/moveit_msgs/include/moveit_msgs/moveit_msgs/action/detail/hybrid_planner__type_support.h
[8.860s] -- Up-to-date: /home/habibahassan/project/install/moveit_msgs/include/moveit_msgs/moveit_msgs/action/detail/hybrid_planner__functions.h
[8.860s] -- Up-to-date: /home/habibahassan/project/install/moveit_msgs/include/moveit_msgs/moveit_msgs/action/detail/global_planner__struct.h
[8.860s] -- Installing: /home/habibahassan/project/install/moveit_msgs/include/moveit_msgs/moveit_msgs/action/detail/move_group_sequence__type_support.c
[8.861s] -- Up-to-date: /home/habibahassan/project/install/moveit_msgs/include/moveit_msgs/moveit_msgs/action/detail/hybrid_planner__struct.h
[8.861s] -- Up-to-date: /home/habibahassan/project/install/moveit_msgs/include/moveit_msgs/moveit_msgs/action/detail/move_group_sequence__description.c
[8.861s] -- Up-to-date: /home/habibahassan/project/install/moveit_msgs/include/moveit_msgs/moveit_msgs/action/detail/move_group_sequence__functions.c
[8.861s] -- Up-to-date: /home/habibahassan/project/install/moveit_msgs/include/moveit_msgs/moveit_msgs/action/global_planner.h
[8.861s] -- Up-to-date: /home/habibahassan/project/install/moveit_msgs/include/moveit_msgs/moveit_msgs/action/place.h
[8.862s] -- Up-to-date: /home/habibahassan/project/install/moveit_msgs/include/moveit_msgs/moveit_msgs/action/move_group.h
[8.862s] -- Up-to-date: /home/habibahassan/project/install/moveit_msgs/include/moveit_msgs/moveit_msgs/msg
[8.862s] -- Up-to-date: /home/habibahassan/project/install/moveit_msgs/include/moveit_msgs/moveit_msgs/msg/cartesian_trajectory_point.h
[8.863s] -- Up-to-date: /home/habibahassan/project/install/moveit_msgs/include/moveit_msgs/moveit_msgs/msg/joint_constraint.h
[8.863s] -- Up-to-date: /home/habibahassan/project/install/moveit_msgs/include/moveit_msgs/moveit_msgs/msg/constraints.h
[8.863s] -- Up-to-date: /home/habibahassan/project/install/moveit_msgs/include/moveit_msgs/moveit_msgs/msg/motion_plan_detailed_response.h
[8.863s] -- Up-to-date: /home/habibahassan/project/install/moveit_msgs/include/moveit_msgs/moveit_msgs/msg/grasp.h
[8.863s] -- Up-to-date: /home/habibahassan/project/install/moveit_msgs/include/moveit_msgs/moveit_msgs/msg/allowed_collision_entry.h
[8.864s] -- Up-to-date: /home/habibahassan/project/install/moveit_msgs/include/moveit_msgs/moveit_msgs/msg/cartesian_point.h
[8.864s] -- Up-to-date: /home/habibahassan/project/install/moveit_msgs/include/moveit_msgs/moveit_msgs/msg/cartesian_trajectory.h
[8.864s] -- Up-to-date: /home/habibahassan/project/install/moveit_msgs/include/moveit_msgs/moveit_msgs/msg/robot_state.h
[8.865s] -- Up-to-date: /home/habibahassan/project/install/moveit_msgs/include/moveit_msgs/moveit_msgs/msg/planner_interface_description.h
[8.865s] -- Up-to-date: /home/habibahassan/project/install/moveit_msgs/include/moveit_msgs/moveit_msgs/msg/orientation_constraint.h
[8.866s] -- Up-to-date: /home/habibahassan/project/install/moveit_msgs/include/moveit_msgs/moveit_msgs/msg/contact_information.h
[8.866s] -- Up-to-date: /home/habibahassan/project/install/moveit_msgs/include/moveit_msgs/moveit_msgs/msg/display_robot_state.h
[8.867s] -- Up-to-date: /home/habibahassan/project/install/moveit_msgs/include/moveit_msgs/moveit_msgs/msg/oriented_bounding_box.h
[8.867s] -- Up-to-date: /home/habibahassan/project/install/moveit_msgs/include/moveit_msgs/moveit_msgs/msg/servo_status.h
[8.868s] -- Up-to-date: /home/habibahassan/project/install/moveit_msgs/include/moveit_msgs/moveit_msgs/msg/pipeline_state.h
[8.869s] -- Up-to-date: /home/habibahassan/project/install/moveit_msgs/include/moveit_msgs/moveit_msgs/msg/motion_sequence_response.h
[8.869s] -- Up-to-date: /home/habibahassan/project/install/moveit_msgs/include/moveit_msgs/moveit_msgs/msg/attached_collision_object.h
[8.870s] -- Up-to-date: /home/habibahassan/project/install/moveit_msgs/include/moveit_msgs/moveit_msgs/msg/visibility_constraint.h
[8.870s] -- Up-to-date: /home/habibahassan/project/install/moveit_msgs/include/moveit_msgs/moveit_msgs/msg/bounding_volume.h
[8.885s] -- Up-to-date: /home/habibahassan/project/install/moveit_msgs/include/moveit_msgs/moveit_msgs/msg/object_color.h
[8.885s] -- Up-to-date: /home/habibahassan/project/install/moveit_msgs/include/moveit_msgs/moveit_msgs/msg/planning_scene_world.h
[8.886s] -- Up-to-date: /home/habibahassan/project/install/moveit_msgs/include/moveit_msgs/moveit_msgs/msg/link_scale.h
[8.887s] -- Up-to-date: /home/habibahassan/project/install/moveit_msgs/include/moveit_msgs/moveit_msgs/msg/link_padding.h
[8.887s] -- Up-to-date: /home/habibahassan/project/install/moveit_msgs/include/moveit_msgs/moveit_msgs/msg/gripper_translation.h
[8.889s] -- Up-to-date: /home/habibahassan/project/install/moveit_msgs/include/moveit_msgs/moveit_msgs/msg/allowed_collision_matrix.h
[8.890s] -- Up-to-date: /home/habibahassan/project/install/moveit_msgs/include/moveit_msgs/moveit_msgs/msg/position_constraint.h
[8.891s] -- Up-to-date: /home/habibahassan/project/install/moveit_msgs/include/moveit_msgs/moveit_msgs/msg/motion_plan_response.h
[8.893s] -- Up-to-date: /home/habibahassan/project/install/moveit_msgs/include/moveit_msgs/moveit_msgs/msg/trajectory_constraints.h
[8.896s] -- Up-to-date: /home/habibahassan/project/install/moveit_msgs/include/moveit_msgs/moveit_msgs/msg/motion_plan_request.h
[8.898s] -- Up-to-date: /home/habibahassan/project/install/moveit_msgs/include/moveit_msgs/moveit_msgs/msg/cost_source.h
[8.899s] -- Up-to-date: /home/habibahassan/project/install/moveit_msgs/include/moveit_msgs/moveit_msgs/msg/planning_scene.h
[8.899s] -- Up-to-date: /home/habibahassan/project/install/moveit_msgs/include/moveit_msgs/moveit_msgs/msg/planner_params.h
[8.899s] -- Up-to-date: /home/habibahassan/project/install/moveit_msgs/include/moveit_msgs/moveit_msgs/msg/workspace_parameters.h
[8.899s] -- Up-to-date: /home/habibahassan/project/install/moveit_msgs/include/moveit_msgs/moveit_msgs/msg/generic_trajectory.h
[8.900s] -- Up-to-date: /home/habibahassan/project/install/moveit_msgs/include/moveit_msgs/moveit_msgs/msg/joint_limits.h
[8.900s] -- Up-to-date: /home/habibahassan/project/install/moveit_msgs/include/moveit_msgs/moveit_msgs/msg/robot_trajectory.h
[8.900s] -- Up-to-date: /home/habibahassan/project/install/moveit_msgs/include/moveit_msgs/moveit_msgs/msg/detail
[8.900s] -- Up-to-date: /home/habibahassan/project/install/moveit_msgs/include/moveit_msgs/moveit_msgs/msg/detail/planner_params__functions.c
[8.900s] -- Installing: /home/habibahassan/project/install/moveit_msgs/include/moveit_msgs/moveit_msgs/msg/detail/link_scale__type_support.c
[8.901s] -- Up-to-date: /home/habibahassan/project/install/moveit_msgs/include/moveit_msgs/moveit_msgs/msg/detail/link_padding__functions.c
[8.908s] -- Up-to-date: /home/habibahassan/project/install/moveit_msgs/include/moveit_msgs/moveit_msgs/msg/detail/cost_source__type_support.h
[8.908s] -- Up-to-date: /home/habibahassan/project/install/moveit_msgs/include/moveit_msgs/moveit_msgs/msg/detail/place_location__type_support.h
[8.908s] -- Installing: /home/habibahassan/project/install/moveit_msgs/include/moveit_msgs/moveit_msgs/msg/detail/link_padding__type_support.c
[8.909s] -- Up-to-date: /home/habibahassan/project/install/moveit_msgs/include/moveit_msgs/moveit_msgs/msg/detail/servo_status__type_support.h
[8.909s] -- Up-to-date: /home/habibahassan/project/install/moveit_msgs/include/moveit_msgs/moveit_msgs/msg/detail/motion_plan_response__struct.h
[8.910s] -- Installing: /home/habibahassan/project/install/moveit_msgs/include/moveit_msgs/moveit_msgs/msg/detail/workspace_parameters__type_support.c
[8.911s] -- Up-to-date: /home/habibahassan/project/install/moveit_msgs/include/moveit_msgs/moveit_msgs/msg/detail/contact_information__functions.h
[8.911s] -- Up-to-date: /home/habibahassan/project/install/moveit_msgs/include/moveit_msgs/moveit_msgs/msg/detail/cartesian_trajectory__functions.h
[8.926s] -- Installing: /home/habibahassan/project/install/moveit_msgs/include/moveit_msgs/moveit_msgs/msg/detail/attached_collision_object__type_support.c
[8.928s] -- Up-to-date: /home/habibahassan/project/install/moveit_msgs/include/moveit_msgs/moveit_msgs/msg/detail/kinematic_solver_info__type_support.h
[8.929s] -- Up-to-date: /home/habibahassan/project/install/moveit_msgs/include/moveit_msgs/moveit_msgs/msg/detail/link_scale__type_support.h
[8.929s] -- Up-to-date: /home/habibahassan/project/install/moveit_msgs/include/moveit_msgs/moveit_msgs/msg/detail/object_color__functions.h
[8.929s] -- Installing: /home/habibahassan/project/install/moveit_msgs/include/moveit_msgs/moveit_msgs/msg/detail/cost_source__type_support.c
[8.930s] -- Installing: /home/habibahassan/project/install/moveit_msgs/include/moveit_msgs/moveit_msgs/msg/detail/planning_scene__type_support.c
[8.930s] -- Installing: /home/habibahassan/project/install/moveit_msgs/include/moveit_msgs/moveit_msgs/msg/detail/cartesian_trajectory_point__type_support.c
[8.931s] -- Up-to-date: /home/habibahassan/project/install/moveit_msgs/include/moveit_msgs/moveit_msgs/msg/detail/position_constraint__struct.h
[8.932s] -- Up-to-date: /home/habibahassan/project/install/moveit_msgs/include/moveit_msgs/moveit_msgs/msg/detail/motion_sequence_request__functions.h
[8.932s] -- Up-to-date: /home/habibahassan/project/install/moveit_msgs/include/moveit_msgs/moveit_msgs/msg/detail/gripper_translation__struct.h
[8.933s] -- Up-to-date: /home/habibahassan/project/install/moveit_msgs/include/moveit_msgs/moveit_msgs/msg/detail/allowed_collision_entry__functions.c
[8.933s] -- Up-to-date: /home/habibahassan/project/install/moveit_msgs/include/moveit_msgs/moveit_msgs/msg/detail/allowed_collision_entry__functions.h
[8.934s] -- Up-to-date: /home/habibahassan/project/install/moveit_msgs/include/moveit_msgs/moveit_msgs/msg/detail/robot_state__functions.c
[8.936s] -- Up-to-date: /home/habibahassan/project/install/moveit_msgs/include/moveit_msgs/moveit_msgs/msg/detail/planning_scene_world__description.c
[8.936s] -- Up-to-date: /home/habibahassan/project/install/moveit_msgs/include/moveit_msgs/moveit_msgs/msg/detail/motion_plan_detailed_response__functions.c
[8.937s] -- Up-to-date: /home/habibahassan/project/install/moveit_msgs/include/moveit_msgs/moveit_msgs/msg/detail/oriented_bounding_box__functions.h
[8.937s] -- Up-to-date: /home/habibahassan/project/install/moveit_msgs/include/moveit_msgs/moveit_msgs/msg/detail/allowed_collision_entry__struct.h
[8.937s] -- Up-to-date: /home/habibahassan/project/install/moveit_msgs/include/moveit_msgs/moveit_msgs/msg/detail/joint_constraint__struct.h
[8.937s] -- Up-to-date: /home/habibahassan/project/install/moveit_msgs/include/moveit_msgs/moveit_msgs/msg/detail/generic_trajectory__struct.h
[8.938s] -- Up-to-date: /home/habibahassan/project/install/moveit_msgs/include/moveit_msgs/moveit_msgs/msg/detail/collision_object__description.c
[8.938s] -- Up-to-date: /home/habibahassan/project/install/moveit_msgs/include/moveit_msgs/moveit_msgs/msg/detail/grasp__description.c
[8.938s] -- Up-to-date: /home/habibahassan/project/install/moveit_msgs/include/moveit_msgs/moveit_msgs/msg/detail/cartesian_trajectory_point__type_support.h
[8.939s] -- Up-to-date: /home/habibahassan/project/install/moveit_msgs/include/moveit_msgs/moveit_msgs/msg/detail/display_robot_state__functions.h
[8.939s] -- Up-to-date: /home/habibahassan/project/install/moveit_msgs/include/moveit_msgs/moveit_msgs/msg/detail/orientation_constraint__struct.h
[8.939s] -- Installing: /home/habibahassan/project/install/moveit_msgs/include/moveit_msgs/moveit_msgs/msg/detail/generic_trajectory__type_support.c
[8.939s] -- Up-to-date: /home/habibahassan/project/install/moveit_msgs/include/moveit_msgs/moveit_msgs/msg/detail/gripper_translation__description.c
[8.939s] -- Up-to-date: /home/habibahassan/project/install/moveit_msgs/include/moveit_msgs/moveit_msgs/msg/detail/collision_object__struct.h
[8.940s] -- Up-to-date: /home/habibahassan/project/install/moveit_msgs/include/moveit_msgs/moveit_msgs/msg/detail/pipeline_state__functions.c
[8.942s] -- Up-to-date: /home/habibahassan/project/install/moveit_msgs/include/moveit_msgs/moveit_msgs/msg/detail/link_scale__description.c
[8.943s] -- Up-to-date: /home/habibahassan/project/install/moveit_msgs/include/moveit_msgs/moveit_msgs/msg/detail/allowed_collision_matrix__type_support.h
[8.943s] -- Installing: /home/habibahassan/project/install/moveit_msgs/include/moveit_msgs/moveit_msgs/msg/detail/gripper_translation__type_support.c
[8.947s] -- Up-to-date: /home/habibahassan/project/install/moveit_msgs/include/moveit_msgs/moveit_msgs/msg/detail/planning_scene__type_support.h
[8.950s] -- Up-to-date: /home/habibahassan/project/install/moveit_msgs/include/moveit_msgs/moveit_msgs/msg/detail/orientation_constraint__functions.c
[8.950s] -- Up-to-date: /home/habibahassan/project/install/moveit_msgs/include/moveit_msgs/moveit_msgs/msg/detail/orientation_constraint__description.c
[8.951s] -- Up-to-date: /home/habibahassan/project/install/moveit_msgs/include/moveit_msgs/moveit_msgs/msg/detail/motion_sequence_request__description.c
[8.952s] -- Up-to-date: /home/habibahassan/project/install/moveit_msgs/include/moveit_msgs/moveit_msgs/msg/detail/motion_plan_request__type_support.h
[8.952s] -- Up-to-date: /home/habibahassan/project/install/moveit_msgs/include/moveit_msgs/moveit_msgs/msg/detail/position_constraint__functions.c
[8.953s] -- Up-to-date: /home/habibahassan/project/install/moveit_msgs/include/moveit_msgs/moveit_msgs/msg/detail/visibility_constraint__description.c
[8.953s] -- Up-to-date: /home/habibahassan/project/install/moveit_msgs/include/moveit_msgs/moveit_msgs/msg/detail/generic_trajectory__type_support.h
[8.953s] -- Up-to-date: /home/habibahassan/project/install/moveit_msgs/include/moveit_msgs/moveit_msgs/msg/detail/attached_collision_object__type_support.h
[8.953s] -- Up-to-date: /home/habibahassan/project/install/moveit_msgs/include/moveit_msgs/moveit_msgs/msg/detail/cartesian_trajectory__functions.c
[8.954s] -- Up-to-date: /home/habibahassan/project/install/moveit_msgs/include/moveit_msgs/moveit_msgs/msg/detail/kinematic_solver_info__struct.h
[8.954s] -- Up-to-date: /home/habibahassan/project/install/moveit_msgs/include/moveit_msgs/moveit_msgs/msg/detail/cartesian_point__type_support.h
[8.955s] -- Up-to-date: /home/habibahassan/project/install/moveit_msgs/include/moveit_msgs/moveit_msgs/msg/detail/joint_limits__struct.h
[8.955s] -- Up-to-date: /home/habibahassan/project/install/moveit_msgs/include/moveit_msgs/moveit_msgs/msg/detail/position_ik_request__struct.h
[8.956s] -- Up-to-date: /home/habibahassan/project/install/moveit_msgs/include/moveit_msgs/moveit_msgs/msg/detail/constraint_eval_result__functions.c
[8.956s] -- Up-to-date: /home/habibahassan/project/install/moveit_msgs/include/moveit_msgs/moveit_msgs/msg/detail/cost_source__struct.h
[8.956s] -- Installing: /home/habibahassan/project/install/moveit_msgs/include/moveit_msgs/moveit_msgs/msg/detail/visibility_constraint__type_support.c
[8.956s] -- Up-to-date: /home/habibahassan/project/install/moveit_msgs/include/moveit_msgs/moveit_msgs/msg/detail/robot_state__functions.h
[8.956s] -- Up-to-date: /home/habibahassan/project/install/moveit_msgs/include/moveit_msgs/moveit_msgs/msg/detail/generic_trajectory__functions.h
[8.956s] -- Installing: /home/habibahassan/project/install/moveit_msgs/include/moveit_msgs/moveit_msgs/msg/detail/pipeline_state__type_support.c
[8.957s] -- Up-to-date: /home/habibahassan/project/install/moveit_msgs/include/moveit_msgs/moveit_msgs/msg/detail/motion_plan_request__functions.c
[8.957s] -- Installing: /home/habibahassan/project/install/moveit_msgs/include/moveit_msgs/moveit_msgs/msg/detail/display_robot_state__type_support.c
[8.957s] -- Installing: /home/habibahassan/project/install/moveit_msgs/include/moveit_msgs/moveit_msgs/msg/detail/motion_plan_response__type_support.c
[8.958s] -- Installing: /home/habibahassan/project/install/moveit_msgs/include/moveit_msgs/moveit_msgs/msg/detail/allowed_collision_matrix__type_support.c
[8.958s] -- Up-to-date: /home/habibahassan/project/install/moveit_msgs/include/moveit_msgs/moveit_msgs/msg/detail/motion_plan_detailed_response__functions.h
[8.958s] -- Up-to-date: /home/habibahassan/project/install/moveit_msgs/include/moveit_msgs/moveit_msgs/msg/detail/constraints__description.c
[8.959s] -- Up-to-date: /home/habibahassan/project/install/moveit_msgs/include/moveit_msgs/moveit_msgs/msg/detail/constraint_eval_result__functions.h
[8.959s] -- Up-to-date: /home/habibahassan/project/install/moveit_msgs/include/moveit_msgs/moveit_msgs/msg/detail/bounding_volume__functions.c
[8.959s] -- Up-to-date: /home/habibahassan/project/install/moveit_msgs/include/moveit_msgs/moveit_msgs/msg/detail/planning_scene_world__struct.h
[8.961s] -- Up-to-date: /home/habibahassan/project/install/moveit_msgs/include/moveit_msgs/moveit_msgs/msg/detail/workspace_parameters__type_support.h
[8.962s] -- Up-to-date: /home/habibahassan/project/install/moveit_msgs/include/moveit_msgs/moveit_msgs/msg/detail/cartesian_trajectory_point__functions.h
[8.962s] -- Up-to-date: /home/habibahassan/project/install/moveit_msgs/include/moveit_msgs/moveit_msgs/msg/detail/bounding_volume__struct.h
[8.966s] -- Up-to-date: /home/habibahassan/project/install/moveit_msgs/include/moveit_msgs/moveit_msgs/msg/detail/planner_interface_description__description.c
[8.971s] -- Up-to-date: /home/habibahassan/project/install/moveit_msgs/include/moveit_msgs/moveit_msgs/msg/detail/planning_scene_components__functions.c
[8.972s] -- Up-to-date: /home/habibahassan/project/install/moveit_msgs/include/moveit_msgs/moveit_msgs/msg/detail/visibility_constraint__functions.h
[8.972s] -- Up-to-date: /home/habibahassan/project/install/moveit_msgs/include/moveit_msgs/moveit_msgs/msg/detail/trajectory_constraints__struct.h
[8.972s] -- Up-to-date: /home/habibahassan/project/install/moveit_msgs/include/moveit_msgs/moveit_msgs/msg/detail/cartesian_point__struct.h
[8.973s] -- Up-to-date: /home/habibahassan/project/install/moveit_msgs/include/moveit_msgs/moveit_msgs/msg/detail/object_color__functions.c
[8.973s] -- Up-to-date: /home/habibahassan/project/install/moveit_msgs/include/moveit_msgs/moveit_msgs/msg/detail/object_color__struct.h
[8.973s] -- Up-to-date: /home/habibahassan/project/install/moveit_msgs/include/moveit_msgs/moveit_msgs/msg/detail/visibility_constraint__functions.c
[8.974s] -- Installing: /home/habibahassan/project/install/moveit_msgs/include/moveit_msgs/moveit_msgs/msg/detail/place_location__type_support.c
[8.974s] -- Up-to-date: /home/habibahassan/project/install/moveit_msgs/include/moveit_msgs/moveit_msgs/msg/detail/joint_constraint__functions.h
[8.974s] -- Up-to-date: /home/habibahassan/project/install/moveit_msgs/include/moveit_msgs/moveit_msgs/msg/detail/planning_scene__struct.h
[8.975s] -- Up-to-date: /home/habibahassan/project/install/moveit_msgs/include/moveit_msgs/moveit_msgs/msg/detail/display_robot_state__struct.h
[8.975s] -- Installing: /home/habibahassan/project/install/moveit_msgs/include/moveit_msgs/moveit_msgs/msg/detail/motion_sequence_request__type_support.c
[8.975s] -- Up-to-date: /home/habibahassan/project/install/moveit_msgs/include/moveit_msgs/moveit_msgs/msg/detail/contact_information__type_support.h
[8.976s] -- Up-to-date: /home/habibahassan/project/install/moveit_msgs/include/moveit_msgs/moveit_msgs/msg/detail/motion_sequence_item__type_support.h
[8.976s] -- Up-to-date: /home/habibahassan/project/install/moveit_msgs/include/moveit_msgs/moveit_msgs/msg/detail/workspace_parameters__description.c
[8.976s] -- Up-to-date: /home/habibahassan/project/install/moveit_msgs/include/moveit_msgs/moveit_msgs/msg/detail/motion_sequence_item__functions.h
[8.976s] -- Installing: /home/habibahassan/project/install/moveit_msgs/include/moveit_msgs/moveit_msgs/msg/detail/object_color__type_support.c
[8.977s] -- Up-to-date: /home/habibahassan/project/install/moveit_msgs/include/moveit_msgs/moveit_msgs/msg/detail/motion_plan_detailed_response__struct.h
[8.977s] -- Up-to-date: /home/habibahassan/project/install/moveit_msgs/include/moveit_msgs/moveit_msgs/msg/detail/motion_sequence_request__type_support.h
[8.977s] -- Up-to-date: /home/habibahassan/project/install/moveit_msgs/include/moveit_msgs/moveit_msgs/msg/detail/display_trajectory__struct.h
[8.978s] -- Up-to-date: /home/habibahassan/project/install/moveit_msgs/include/moveit_msgs/moveit_msgs/msg/detail/planning_scene_components__type_support.h
[8.978s] -- Up-to-date: /home/habibahassan/project/install/moveit_msgs/include/moveit_msgs/moveit_msgs/msg/detail/motion_sequence_request__struct.h
[8.978s] -- Up-to-date: /home/habibahassan/project/install/moveit_msgs/include/moveit_msgs/moveit_msgs/msg/detail/motion_plan_response__functions.h
[8.978s] -- Up-to-date: /home/habibahassan/project/install/moveit_msgs/include/moveit_msgs/moveit_msgs/msg/detail/display_trajectory__description.c
[8.978s] -- Up-to-date: /home/habibahassan/project/install/moveit_msgs/include/moveit_msgs/moveit_msgs/msg/detail/motion_sequence_response__type_support.h
[8.979s] -- Up-to-date: /home/habibahassan/project/install/moveit_msgs/include/moveit_msgs/moveit_msgs/msg/detail/cost_source__functions.c
[8.979s] -- Up-to-date: /home/habibahassan/project/install/moveit_msgs/include/moveit_msgs/moveit_msgs/msg/detail/pipeline_state__type_support.h
[8.979s] -- Installing: /home/habibahassan/project/install/moveit_msgs/include/moveit_msgs/moveit_msgs/msg/detail/constraints__type_support.c
[8.979s] -- Up-to-date: /home/habibahassan/project/install/moveit_msgs/include/moveit_msgs/moveit_msgs/msg/detail/allowed_collision_matrix__description.c
[8.980s] -- Installing: /home/habibahassan/project/install/moveit_msgs/include/moveit_msgs/moveit_msgs/msg/detail/planner_params__type_support.c
[8.989s] -- Up-to-date: /home/habibahassan/project/install/moveit_msgs/include/moveit_msgs/moveit_msgs/msg/detail/joint_limits__functions.c
[8.990s] -- Up-to-date: /home/habibahassan/project/install/moveit_msgs/include/moveit_msgs/moveit_msgs/msg/detail/collision_object__functions.h
[8.990s] -- Up-to-date: /home/habibahassan/project/install/moveit_msgs/include/moveit_msgs/moveit_msgs/msg/detail/constraints__type_support.h
[8.990s] -- Up-to-date: /home/habibahassan/project/install/moveit_msgs/include/moveit_msgs/moveit_msgs/msg/detail/contact_information__description.c
[8.991s] -- Up-to-date: /home/habibahassan/project/install/moveit_msgs/include/moveit_msgs/moveit_msgs/msg/detail/cartesian_trajectory__struct.h
[8.991s] -- Installing: /home/habibahassan/project/install/moveit_msgs/include/moveit_msgs/moveit_msgs/msg/detail/bounding_volume__type_support.c
[8.991s] -- Up-to-date: /home/habibahassan/project/install/moveit_msgs/include/moveit_msgs/moveit_msgs/msg/detail/planner_params__functions.h
[8.992s] -- Installing: /home/habibahassan/project/install/moveit_msgs/include/moveit_msgs/moveit_msgs/msg/detail/planning_options__type_support.c
[8.992s] -- Up-to-date: /home/habibahassan/project/install/moveit_msgs/include/moveit_msgs/moveit_msgs/msg/detail/cartesian_point__functions.h
[8.992s] -- Up-to-date: /home/habibahassan/project/install/moveit_msgs/include/moveit_msgs/moveit_msgs/msg/detail/grasp__struct.h
[8.993s] -- Up-to-date: /home/habibahassan/project/install/moveit_msgs/include/moveit_msgs/moveit_msgs/msg/detail/motion_sequence_response__functions.h
[8.993s] -- Up-to-date: /home/habibahassan/project/install/moveit_msgs/include/moveit_msgs/moveit_msgs/msg/detail/move_it_error_codes__type_support.h
[8.993s] -- Up-to-date: /home/habibahassan/project/install/moveit_msgs/include/moveit_msgs/moveit_msgs/msg/detail/grasp__functions.c
[8.994s] -- Up-to-date: /home/habibahassan/project/install/moveit_msgs/include/moveit_msgs/moveit_msgs/msg/detail/generic_trajectory__description.c
[8.995s] -- Up-to-date: /home/habibahassan/project/install/moveit_msgs/include/moveit_msgs/moveit_msgs/msg/detail/constraints__functions.h
[8.995s] -- Up-to-date: /home/habibahassan/project/install/moveit_msgs/include/moveit_msgs/moveit_msgs/msg/detail/motion_plan_request__description.c
[8.995s] -- Up-to-date: /home/habibahassan/project/install/moveit_msgs/include/moveit_msgs/moveit_msgs/msg/detail/motion_plan_request__struct.h
[8.995s] -- Up-to-date: /home/habibahassan/project/install/moveit_msgs/include/moveit_msgs/moveit_msgs/msg/detail/planning_options__functions.h
[8.996s] -- Up-to-date: /home/habibahassan/project/install/moveit_msgs/include/moveit_msgs/moveit_msgs/msg/detail/display_trajectory__functions.h
[8.996s] -- Up-to-date: /home/habibahassan/project/install/moveit_msgs/include/moveit_msgs/moveit_msgs/msg/detail/trajectory_constraints__description.c
[8.996s] -- Installing: /home/habibahassan/project/install/moveit_msgs/include/moveit_msgs/moveit_msgs/msg/detail/contact_information__type_support.c
[8.996s] -- Up-to-date: /home/habibahassan/project/install/moveit_msgs/include/moveit_msgs/moveit_msgs/msg/detail/trajectory_constraints__functions.h
[8.997s] -- Up-to-date: /home/habibahassan/project/install/moveit_msgs/include/moveit_msgs/moveit_msgs/msg/detail/visibility_constraint__type_support.h
[9.000s] -- Up-to-date: /home/habibahassan/project/install/moveit_msgs/include/moveit_msgs/moveit_msgs/msg/detail/joint_constraint__functions.c
[9.000s] -- Up-to-date: /home/habibahassan/project/install/moveit_msgs/include/moveit_msgs/moveit_msgs/msg/detail/cartesian_trajectory__type_support.h
[9.001s] -- Installing: /home/habibahassan/project/install/moveit_msgs/include/moveit_msgs/moveit_msgs/msg/detail/planning_scene_components__type_support.c
[9.001s] -- Up-to-date: /home/habibahassan/project/install/moveit_msgs/include/moveit_msgs/moveit_msgs/msg/detail/move_it_error_codes__description.c
[9.001s] -- Up-to-date: /home/habibahassan/project/install/moveit_msgs/include/moveit_msgs/moveit_msgs/msg/detail/motion_plan_response__functions.c
[9.001s] -- Up-to-date: /home/habibahassan/project/install/moveit_msgs/include/moveit_msgs/moveit_msgs/msg/detail/servo_status__functions.c
[9.001s] -- Installing: /home/habibahassan/project/install/moveit_msgs/include/moveit_msgs/moveit_msgs/msg/detail/trajectory_constraints__type_support.c
[9.002s] -- Up-to-date: /home/habibahassan/project/install/moveit_msgs/include/moveit_msgs/moveit_msgs/msg/detail/constraint_eval_result__type_support.h
[9.002s] -- Up-to-date: /home/habibahassan/project/install/moveit_msgs/include/moveit_msgs/moveit_msgs/msg/detail/workspace_parameters__functions.h
[9.002s] -- Up-to-date: /home/habibahassan/project/install/moveit_msgs/include/moveit_msgs/moveit_msgs/msg/detail/position_ik_request__description.c
[9.002s] -- Up-to-date: /home/habibahassan/project/install/moveit_msgs/include/moveit_msgs/moveit_msgs/msg/detail/planner_interface_description__functions.h
[9.002s] -- Up-to-date: /home/habibahassan/project/install/moveit_msgs/include/moveit_msgs/moveit_msgs/msg/detail/constraints__struct.h
[9.003s] -- Up-to-date: /home/habibahassan/project/install/moveit_msgs/include/moveit_msgs/moveit_msgs/msg/detail/cartesian_trajectory_point__description.c
[9.003s] -- Up-to-date: /home/habibahassan/project/install/moveit_msgs/include/moveit_msgs/moveit_msgs/msg/detail/display_robot_state__description.c
[9.008s] -- Up-to-date: /home/habibahassan/project/install/moveit_msgs/include/moveit_msgs/moveit_msgs/msg/detail/cartesian_trajectory_point__functions.c
[9.008s] -- Up-to-date: /home/habibahassan/project/install/moveit_msgs/include/moveit_msgs/moveit_msgs/msg/detail/planner_interface_description__functions.c
[9.008s] -- Up-to-date: /home/habibahassan/project/install/moveit_msgs/include/moveit_msgs/moveit_msgs/msg/detail/gripper_translation__type_support.h
[9.009s] -- Up-to-date: /home/habibahassan/project/install/moveit_msgs/include/moveit_msgs/moveit_msgs/msg/detail/link_padding__type_support.h
[9.009s] -- Up-to-date: /home/habibahassan/project/install/moveit_msgs/include/moveit_msgs/moveit_msgs/msg/detail/motion_plan_detailed_response__type_support.h
[9.009s] -- Up-to-date: /home/habibahassan/project/install/moveit_msgs/include/moveit_msgs/moveit_msgs/msg/detail/display_robot_state__type_support.h
[9.009s] -- Up-to-date: /home/habibahassan/project/install/moveit_msgs/include/moveit_msgs/moveit_msgs/msg/detail/bounding_volume__description.c
[9.010s] -- Up-to-date: /home/habibahassan/project/install/moveit_msgs/include/moveit_msgs/moveit_msgs/msg/detail/joint_constraint__type_support.h
[9.010s] -- Up-to-date: /home/habibahassan/project/install/moveit_msgs/include/moveit_msgs/moveit_msgs/msg/detail/object_color__description.c
[9.010s] -- Up-to-date: /home/habibahassan/project/install/moveit_msgs/include/moveit_msgs/moveit_msgs/msg/detail/generic_trajectory__functions.c
[9.010s] -- Up-to-date: /home/habibahassan/project/install/moveit_msgs/include/moveit_msgs/moveit_msgs/msg/detail/orientation_constraint__functions.h
[9.010s] -- Up-to-date: /home/habibahassan/project/install/moveit_msgs/include/moveit_msgs/moveit_msgs/msg/detail/servo_status__description.c
[9.011s] -- Installing: /home/habibahassan/project/install/moveit_msgs/include/moveit_msgs/moveit_msgs/msg/detail/motion_sequence_response__type_support.c
[9.011s] -- Up-to-date: /home/habibahassan/project/install/moveit_msgs/include/moveit_msgs/moveit_msgs/msg/detail/planner_params__description.c
[9.011s] -- Up-to-date: /home/habibahassan/project/install/moveit_msgs/include/moveit_msgs/moveit_msgs/msg/detail/pipeline_state__functions.h
[9.011s] -- Up-to-date: /home/habibahassan/project/install/moveit_msgs/include/moveit_msgs/moveit_msgs/msg/detail/object_color__type_support.h
[9.011s] -- Up-to-date: /home/habibahassan/project/install/moveit_msgs/include/moveit_msgs/moveit_msgs/msg/detail/joint_limits__functions.h
[9.012s] -- Up-to-date: /home/habibahassan/project/install/moveit_msgs/include/moveit_msgs/moveit_msgs/msg/detail/place_location__struct.h
[9.012s] -- Installing: /home/habibahassan/project/install/moveit_msgs/include/moveit_msgs/moveit_msgs/msg/detail/motion_sequence_item__type_support.c
[9.012s] -- Up-to-date: /home/habibahassan/project/install/moveit_msgs/include/moveit_msgs/moveit_msgs/msg/detail/place_location__functions.c
[9.012s] -- Installing: /home/habibahassan/project/install/moveit_msgs/include/moveit_msgs/moveit_msgs/msg/detail/oriented_bounding_box__type_support.c
[9.012s] -- Installing: /home/habibahassan/project/install/moveit_msgs/include/moveit_msgs/moveit_msgs/msg/detail/allowed_collision_entry__type_support.c
[9.013s] -- Up-to-date: /home/habibahassan/project/install/moveit_msgs/include/moveit_msgs/moveit_msgs/msg/detail/link_scale__functions.c
[9.013s] -- Up-to-date: /home/habibahassan/project/install/moveit_msgs/include/moveit_msgs/moveit_msgs/msg/detail/planning_options__type_support.h
[9.013s] -- Up-to-date: /home/habibahassan/project/install/moveit_msgs/include/moveit_msgs/moveit_msgs/msg/detail/contact_information__struct.h
[9.013s] -- Up-to-date: /home/habibahassan/project/install/moveit_msgs/include/moveit_msgs/moveit_msgs/msg/detail/motion_sequence_request__functions.c
[9.014s] -- Up-to-date: /home/habibahassan/project/install/moveit_msgs/include/moveit_msgs/moveit_msgs/msg/detail/motion_plan_detailed_response__description.c
[9.014s] -- Up-to-date: /home/habibahassan/project/install/moveit_msgs/include/moveit_msgs/moveit_msgs/msg/detail/grasp__type_support.h
[9.014s] -- Up-to-date: /home/habibahassan/project/install/moveit_msgs/include/moveit_msgs/moveit_msgs/msg/detail/grasp__functions.h
[9.014s] -- Up-to-date: /home/habibahassan/project/install/moveit_msgs/include/moveit_msgs/moveit_msgs/msg/detail/planning_options__description.c
[9.015s] -- Installing: /home/habibahassan/project/install/moveit_msgs/include/moveit_msgs/moveit_msgs/msg/detail/orientation_constraint__type_support.c
[9.015s] -- Installing: /home/habibahassan/project/install/moveit_msgs/include/moveit_msgs/moveit_msgs/msg/detail/move_it_error_codes__type_support.c
[9.015s] -- Up-to-date: /home/habibahassan/project/install/moveit_msgs/include/moveit_msgs/moveit_msgs/msg/detail/display_trajectory__functions.c
[9.015s] -- Up-to-date: /home/habibahassan/project/install/moveit_msgs/include/moveit_msgs/moveit_msgs/msg/detail/trajectory_constraints__type_support.h
[9.015s] -- Up-to-date: /home/habibahassan/project/install/moveit_msgs/include/moveit_msgs/moveit_msgs/msg/detail/position_ik_request__functions.c
[9.016s] -- Up-to-date: /home/habibahassan/project/install/moveit_msgs/include/moveit_msgs/moveit_msgs/msg/detail/constraints__functions.c
[9.016s] -- Up-to-date: /home/habibahassan/project/install/moveit_msgs/include/moveit_msgs/moveit_msgs/msg/detail/display_trajectory__type_support.h
[9.016s] -- Installing: /home/habibahassan/project/install/moveit_msgs/include/moveit_msgs/moveit_msgs/msg/detail/joint_constraint__type_support.c
[9.017s] -- Up-to-date: /home/habibahassan/project/install/moveit_msgs/include/moveit_msgs/moveit_msgs/msg/detail/bounding_volume__type_support.h
[9.017s] -- Up-to-date: /home/habibahassan/project/install/moveit_msgs/include/moveit_msgs/moveit_msgs/msg/detail/cartesian_point__functions.c
[9.017s] -- Up-to-date: /home/habibahassan/project/install/moveit_msgs/include/moveit_msgs/moveit_msgs/msg/detail/attached_collision_object__functions.h
[9.017s] -- Up-to-date: /home/habibahassan/project/install/moveit_msgs/include/moveit_msgs/moveit_msgs/msg/detail/cost_source__functions.h
[9.018s] -- Up-to-date: /home/habibahassan/project/install/moveit_msgs/include/moveit_msgs/moveit_msgs/msg/detail/planner_interface_description__type_support.h
[9.018s] -- Up-to-date: /home/habibahassan/project/install/moveit_msgs/include/moveit_msgs/moveit_msgs/msg/detail/gripper_translation__functions.h
[9.018s] -- Up-to-date: /home/habibahassan/project/install/moveit_msgs/include/moveit_msgs/moveit_msgs/msg/detail/motion_plan_response__type_support.h
[9.018s] -- Up-to-date: /home/habibahassan/project/install/moveit_msgs/include/moveit_msgs/moveit_msgs/msg/detail/pipeline_state__description.c
[9.018s] -- Up-to-date: /home/habibahassan/project/install/moveit_msgs/include/moveit_msgs/moveit_msgs/msg/detail/robot_trajectory__functions.h
[9.019s] -- Up-to-date: /home/habibahassan/project/install/moveit_msgs/include/moveit_msgs/moveit_msgs/msg/detail/workspace_parameters__struct.h
[9.019s] -- Up-to-date: /home/habibahassan/project/install/moveit_msgs/include/moveit_msgs/moveit_msgs/msg/detail/position_constraint__description.c
[9.019s] -- Up-to-date: /home/habibahassan/project/install/moveit_msgs/include/moveit_msgs/moveit_msgs/msg/detail/move_it_error_codes__functions.h
[9.019s] -- Installing: /home/habibahassan/project/install/moveit_msgs/include/moveit_msgs/moveit_msgs/msg/detail/kinematic_solver_info__type_support.c
[9.019s] -- Up-to-date: /home/habibahassan/project/install/moveit_msgs/include/moveit_msgs/moveit_msgs/msg/detail/planning_scene__description.c
[9.020s] -- Up-to-date: /home/habibahassan/project/install/moveit_msgs/include/moveit_msgs/moveit_msgs/msg/detail/robot_trajectory__struct.h
[9.020s] -- Up-to-date: /home/habibahassan/project/install/moveit_msgs/include/moveit_msgs/moveit_msgs/msg/detail/planning_scene_components__functions.h
[9.020s] -- Up-to-date: /home/habibahassan/project/install/moveit_msgs/include/moveit_msgs/moveit_msgs/msg/detail/allowed_collision_entry__type_support.h
[9.021s] -- Installing: /home/habibahassan/project/install/moveit_msgs/include/moveit_msgs/moveit_msgs/msg/detail/planner_interface_description__type_support.c
[9.021s] -- Up-to-date: /home/habibahassan/project/install/moveit_msgs/include/moveit_msgs/moveit_msgs/msg/detail/move_it_error_codes__functions.c
[9.021s] -- Installing: /home/habibahassan/project/install/moveit_msgs/include/moveit_msgs/moveit_msgs/msg/detail/robot_state__type_support.c
[9.022s] -- Up-to-date: /home/habibahassan/project/install/moveit_msgs/include/moveit_msgs/moveit_msgs/msg/detail/motion_sequence_item__description.c
[9.022s] -- Up-to-date: /home/habibahassan/project/install/moveit_msgs/include/moveit_msgs/moveit_msgs/msg/detail/attached_collision_object__description.c
[9.022s] -- Up-to-date: /home/habibahassan/project/install/moveit_msgs/include/moveit_msgs/moveit_msgs/msg/detail/servo_status__functions.h
[9.022s] -- Up-to-date: /home/habibahassan/project/install/moveit_msgs/include/moveit_msgs/moveit_msgs/msg/detail/position_constraint__functions.h
[9.023s] -- Installing: /home/habibahassan/project/install/moveit_msgs/include/moveit_msgs/moveit_msgs/msg/detail/joint_limits__type_support.c
[9.024s] -- Up-to-date: /home/habibahassan/project/install/moveit_msgs/include/moveit_msgs/moveit_msgs/msg/detail/joint_limits__description.c
[9.026s] -- Up-to-date: /home/habibahassan/project/install/moveit_msgs/include/moveit_msgs/moveit_msgs/msg/detail/motion_sequence_response__description.c
[9.026s] -- Up-to-date: /home/habibahassan/project/install/moveit_msgs/include/moveit_msgs/moveit_msgs/msg/detail/link_scale__functions.h
[9.027s] -- Up-to-date: /home/habibahassan/project/install/moveit_msgs/include/moveit_msgs/moveit_msgs/msg/detail/planner_interface_description__struct.h
[9.027s] -- Up-to-date: /home/habibahassan/project/install/moveit_msgs/include/moveit_msgs/moveit_msgs/msg/detail/motion_sequence_response__struct.h
[9.027s] -- Up-to-date: /home/habibahassan/project/install/moveit_msgs/include/moveit_msgs/moveit_msgs/msg/detail/joint_limits__type_support.h
[9.027s] -- Up-to-date: /home/habibahassan/project/install/moveit_msgs/include/moveit_msgs/moveit_msgs/msg/detail/planning_scene_components__description.c
[9.028s] -- Up-to-date: /home/habibahassan/project/install/moveit_msgs/include/moveit_msgs/moveit_msgs/msg/detail/planning_options__struct.h
[9.028s] -- Installing: /home/habibahassan/project/install/moveit_msgs/include/moveit_msgs/moveit_msgs/msg/detail/robot_trajectory__type_support.c
[9.028s] -- Installing: /home/habibahassan/project/install/moveit_msgs/include/moveit_msgs/moveit_msgs/msg/detail/servo_status__type_support.c
[9.028s] -- Up-to-date: /home/habibahassan/project/install/moveit_msgs/include/moveit_msgs/moveit_msgs/msg/detail/planning_scene_world__type_support.h
[9.029s] -- Up-to-date: /home/habibahassan/project/install/moveit_msgs/include/moveit_msgs/moveit_msgs/msg/detail/display_robot_state__functions.c
[9.029s] -- Up-to-date: /home/habibahassan/project/install/moveit_msgs/include/moveit_msgs/moveit_msgs/msg/detail/cartesian_trajectory__description.c
[9.029s] -- Up-to-date: /home/habibahassan/project/install/moveit_msgs/include/moveit_msgs/moveit_msgs/msg/detail/orientation_constraint__type_support.h
[9.030s] -- Up-to-date: /home/habibahassan/project/install/moveit_msgs/include/moveit_msgs/moveit_msgs/msg/detail/oriented_bounding_box__struct.h
[9.030s] -- Up-to-date: /home/habibahassan/project/install/moveit_msgs/include/moveit_msgs/moveit_msgs/msg/detail/cartesian_point__description.c
[9.030s] -- Installing: /home/habibahassan/project/install/moveit_msgs/include/moveit_msgs/moveit_msgs/msg/detail/cartesian_point__type_support.c
[9.030s] -- Up-to-date: /home/habibahassan/project/install/moveit_msgs/include/moveit_msgs/moveit_msgs/msg/detail/attached_collision_object__struct.h
[9.030s] -- Up-to-date: /home/habibahassan/project/install/moveit_msgs/include/moveit_msgs/moveit_msgs/msg/detail/link_padding__struct.h
[9.031s] -- Up-to-date: /home/habibahassan/project/install/moveit_msgs/include/moveit_msgs/moveit_msgs/msg/detail/trajectory_constraints__functions.c
[9.031s] -- Up-to-date: /home/habibahassan/project/install/moveit_msgs/include/moveit_msgs/moveit_msgs/msg/detail/oriented_bounding_box__type_support.h
[9.031s] -- Up-to-date: /home/habibahassan/project/install/moveit_msgs/include/moveit_msgs/moveit_msgs/msg/detail/robot_state__struct.h
[9.031s] -- Installing: /home/habibahassan/project/install/moveit_msgs/include/moveit_msgs/moveit_msgs/msg/detail/collision_object__type_support.c
[9.032s] -- Up-to-date: /home/habibahassan/project/install/moveit_msgs/include/moveit_msgs/moveit_msgs/msg/detail/link_padding__functions.h
[9.032s] -- Up-to-date: /home/habibahassan/project/install/moveit_msgs/include/moveit_msgs/moveit_msgs/msg/detail/robot_state__type_support.h
[9.032s] -- Installing: /home/habibahassan/project/install/moveit_msgs/include/moveit_msgs/moveit_msgs/msg/detail/grasp__type_support.c
[9.032s] -- Installing: /home/habibahassan/project/install/moveit_msgs/include/moveit_msgs/moveit_msgs/msg/detail/motion_plan_detailed_response__type_support.c
[9.033s] -- Up-to-date: /home/habibahassan/project/install/moveit_msgs/include/moveit_msgs/moveit_msgs/msg/detail/robot_state__description.c
[9.033s] -- Up-to-date: /home/habibahassan/project/install/moveit_msgs/include/moveit_msgs/moveit_msgs/msg/detail/kinematic_solver_info__description.c
[9.033s] -- Up-to-date: /home/habibahassan/project/install/moveit_msgs/include/moveit_msgs/moveit_msgs/msg/detail/collision_object__functions.c
[9.033s] -- Up-to-date: /home/habibahassan/project/install/moveit_msgs/include/moveit_msgs/moveit_msgs/msg/detail/bounding_volume__functions.h
[9.033s] -- Up-to-date: /home/habibahassan/project/install/moveit_msgs/include/moveit_msgs/moveit_msgs/msg/detail/robot_trajectory__type_support.h
[9.034s] -- Up-to-date: /home/habibahassan/project/install/moveit_msgs/include/moveit_msgs/moveit_msgs/msg/detail/kinematic_solver_info__functions.h
[9.034s] -- Up-to-date: /home/habibahassan/project/install/moveit_msgs/include/moveit_msgs/moveit_msgs/msg/detail/move_it_error_codes__struct.h
[9.059s] -- Up-to-date: /home/habibahassan/project/install/moveit_msgs/include/moveit_msgs/moveit_msgs/msg/detail/cost_source__description.c
[9.059s] -- Up-to-date: /home/habibahassan/project/install/moveit_msgs/include/moveit_msgs/moveit_msgs/msg/detail/position_ik_request__functions.h
[9.060s] -- Up-to-date: /home/habibahassan/project/install/moveit_msgs/include/moveit_msgs/moveit_msgs/msg/detail/motion_plan_request__functions.h
[9.060s] -- Up-to-date: /home/habibahassan/project/install/moveit_msgs/include/moveit_msgs/moveit_msgs/msg/detail/planning_scene__functions.h
[9.060s] -- Up-to-date: /home/habibahassan/project/install/moveit_msgs/include/moveit_msgs/moveit_msgs/msg/detail/position_constraint__type_support.h
[9.060s] -- Up-to-date: /home/habibahassan/project/install/moveit_msgs/include/moveit_msgs/moveit_msgs/msg/detail/gripper_translation__functions.c
[9.061s] -- Installing: /home/habibahassan/project/install/moveit_msgs/include/moveit_msgs/moveit_msgs/msg/detail/constraint_eval_result__type_support.c
[9.061s] -- Up-to-date: /home/habibahassan/project/install/moveit_msgs/include/moveit_msgs/moveit_msgs/msg/detail/allowed_collision_matrix__functions.h
[9.061s] -- Up-to-date: /home/habibahassan/project/install/moveit_msgs/include/moveit_msgs/moveit_msgs/msg/detail/oriented_bounding_box__description.c
[9.061s] -- Installing: /home/habibahassan/project/install/moveit_msgs/include/moveit_msgs/moveit_msgs/msg/detail/cartesian_trajectory__type_support.c
[9.061s] -- Up-to-date: /home/habibahassan/project/install/moveit_msgs/include/moveit_msgs/moveit_msgs/msg/detail/constraint_eval_result__description.c
[9.062s] -- Up-to-date: /home/habibahassan/project/install/moveit_msgs/include/moveit_msgs/moveit_msgs/msg/detail/motion_plan_response__description.c
[9.062s] -- Up-to-date: /home/habibahassan/project/install/moveit_msgs/include/moveit_msgs/moveit_msgs/msg/detail/planning_scene_components__struct.h
[9.062s] -- Up-to-date: /home/habibahassan/project/install/moveit_msgs/include/moveit_msgs/moveit_msgs/msg/detail/collision_object__type_support.h
[9.062s] -- Up-to-date: /home/habibahassan/project/install/moveit_msgs/include/moveit_msgs/moveit_msgs/msg/detail/planner_params__struct.h
[9.063s] -- Up-to-date: /home/habibahassan/project/install/moveit_msgs/include/moveit_msgs/moveit_msgs/msg/detail/motion_sequence_item__functions.c
[9.063s] -- Up-to-date: /home/habibahassan/project/install/moveit_msgs/include/moveit_msgs/moveit_msgs/msg/detail/allowed_collision_entry__description.c
[9.063s] -- Installing: /home/habibahassan/project/install/moveit_msgs/include/moveit_msgs/moveit_msgs/msg/detail/position_ik_request__type_support.c
[9.063s] -- Up-to-date: /home/habibahassan/project/install/moveit_msgs/include/moveit_msgs/moveit_msgs/msg/detail/link_scale__struct.h
[9.063s] -- Installing: /home/habibahassan/project/install/moveit_msgs/include/moveit_msgs/moveit_msgs/msg/detail/display_trajectory__type_support.c
[9.063s] -- Up-to-date: /home/habibahassan/project/install/moveit_msgs/include/moveit_msgs/moveit_msgs/msg/detail/attached_collision_object__functions.c
[9.064s] -- Up-to-date: /home/habibahassan/project/install/moveit_msgs/include/moveit_msgs/moveit_msgs/msg/detail/allowed_collision_matrix__struct.h
[9.064s] -- Up-to-date: /home/habibahassan/project/install/moveit_msgs/include/moveit_msgs/moveit_msgs/msg/detail/place_location__description.c
[9.064s] -- Up-to-date: /home/habibahassan/project/install/moveit_msgs/include/moveit_msgs/moveit_msgs/msg/detail/planning_options__functions.c
[9.064s] -- Up-to-date: /home/habibahassan/project/install/moveit_msgs/include/moveit_msgs/moveit_msgs/msg/detail/motion_sequence_item__struct.h
[9.064s] -- Up-to-date: /home/habibahassan/project/install/moveit_msgs/include/moveit_msgs/moveit_msgs/msg/detail/constraint_eval_result__struct.h
[9.065s] -- Installing: /home/habibahassan/project/install/moveit_msgs/include/moveit_msgs/moveit_msgs/msg/detail/position_constraint__type_support.c
[9.065s] -- Up-to-date: /home/habibahassan/project/install/moveit_msgs/include/moveit_msgs/moveit_msgs/msg/detail/allowed_collision_matrix__functions.c
[9.065s] -- Up-to-date: /home/habibahassan/project/install/moveit_msgs/include/moveit_msgs/moveit_msgs/msg/detail/kinematic_solver_info__functions.c
[9.065s] -- Up-to-date: /home/habibahassan/project/install/moveit_msgs/include/moveit_msgs/moveit_msgs/msg/detail/robot_trajectory__functions.c
[9.065s] -- Up-to-date: /home/habibahassan/project/install/moveit_msgs/include/moveit_msgs/moveit_msgs/msg/detail/workspace_parameters__functions.c
[9.065s] -- Up-to-date: /home/habibahassan/project/install/moveit_msgs/include/moveit_msgs/moveit_msgs/msg/detail/planner_params__type_support.h
[9.066s] -- Up-to-date: /home/habibahassan/project/install/moveit_msgs/include/moveit_msgs/moveit_msgs/msg/detail/planning_scene__functions.c
[9.066s] -- Up-to-date: /home/habibahassan/project/install/moveit_msgs/include/moveit_msgs/moveit_msgs/msg/detail/pipeline_state__struct.h
[9.066s] -- Up-to-date: /home/habibahassan/project/install/moveit_msgs/include/moveit_msgs/moveit_msgs/msg/detail/contact_information__functions.c
[9.066s] -- Up-to-date: /home/habibahassan/project/install/moveit_msgs/include/moveit_msgs/moveit_msgs/msg/detail/position_ik_request__type_support.h
[9.066s] -- Up-to-date: /home/habibahassan/project/install/moveit_msgs/include/moveit_msgs/moveit_msgs/msg/detail/cartesian_trajectory_point__struct.h
[9.067s] -- Up-to-date: /home/habibahassan/project/install/moveit_msgs/include/moveit_msgs/moveit_msgs/msg/detail/place_location__functions.h
[9.067s] -- Up-to-date: /home/habibahassan/project/install/moveit_msgs/include/moveit_msgs/moveit_msgs/msg/detail/link_padding__description.c
[9.068s] -- Up-to-date: /home/habibahassan/project/install/moveit_msgs/include/moveit_msgs/moveit_msgs/msg/detail/oriented_bounding_box__functions.c
[9.074s] -- Up-to-date: /home/habibahassan/project/install/moveit_msgs/include/moveit_msgs/moveit_msgs/msg/detail/planning_scene_world__functions.c
[9.077s] -- Installing: /home/habibahassan/project/install/moveit_msgs/include/moveit_msgs/moveit_msgs/msg/detail/motion_plan_request__type_support.c
[9.077s] -- Up-to-date: /home/habibahassan/project/install/moveit_msgs/include/moveit_msgs/moveit_msgs/msg/detail/motion_sequence_response__functions.c
[9.077s] -- Up-to-date: /home/habibahassan/project/install/moveit_msgs/include/moveit_msgs/moveit_msgs/msg/detail/visibility_constraint__struct.h
[9.077s] -- Up-to-date: /home/habibahassan/project/install/moveit_msgs/include/moveit_msgs/moveit_msgs/msg/detail/joint_constraint__description.c
[9.077s] -- Installing: /home/habibahassan/project/install/moveit_msgs/include/moveit_msgs/moveit_msgs/msg/detail/planning_scene_world__type_support.c
[9.078s] -- Up-to-date: /home/habibahassan/project/install/moveit_msgs/include/moveit_msgs/moveit_msgs/msg/detail/robot_trajectory__description.c
[9.078s] -- Up-to-date: /home/habibahassan/project/install/moveit_msgs/include/moveit_msgs/moveit_msgs/msg/detail/servo_status__struct.h
[9.078s] -- Up-to-date: /home/habibahassan/project/install/moveit_msgs/include/moveit_msgs/moveit_msgs/msg/detail/planning_scene_world__functions.h
[9.078s] -- Up-to-date: /home/habibahassan/project/install/moveit_msgs/include/moveit_msgs/moveit_msgs/msg/kinematic_solver_info.h
[9.079s] -- Up-to-date: /home/habibahassan/project/install/moveit_msgs/include/moveit_msgs/moveit_msgs/msg/planning_options.h
[9.079s] -- Up-to-date: /home/habibahassan/project/install/moveit_msgs/include/moveit_msgs/moveit_msgs/msg/rosidl_generator_c__visibility_control.h
[9.079s] -- Up-to-date: /home/habibahassan/project/install/moveit_msgs/include/moveit_msgs/moveit_msgs/msg/collision_object.h
[9.079s] -- Up-to-date: /home/habibahassan/project/install/moveit_msgs/include/moveit_msgs/moveit_msgs/msg/constraint_eval_result.h
[9.079s] -- Up-to-date: /home/habibahassan/project/install/moveit_msgs/include/moveit_msgs/moveit_msgs/msg/motion_sequence_item.h
[9.080s] -- Up-to-date: /home/habibahassan/project/install/moveit_msgs/include/moveit_msgs/moveit_msgs/msg/planning_scene_components.h
[9.080s] -- Up-to-date: /home/habibahassan/project/install/moveit_msgs/include/moveit_msgs/moveit_msgs/msg/place_location.h
[9.080s] -- Up-to-date: /home/habibahassan/project/install/moveit_msgs/include/moveit_msgs/moveit_msgs/msg/position_ik_request.h
[9.080s] -- Up-to-date: /home/habibahassan/project/install/moveit_msgs/include/moveit_msgs/moveit_msgs/msg/move_it_error_codes.h
[9.080s] -- Up-to-date: /home/habibahassan/project/install/moveit_msgs/include/moveit_msgs/moveit_msgs/msg/motion_sequence_request.h
[9.081s] -- Up-to-date: /home/habibahassan/project/install/moveit_msgs/include/moveit_msgs/moveit_msgs/msg/display_trajectory.h
[9.081s] -- Up-to-date: /home/habibahassan/project/install/moveit_msgs/share/moveit_msgs/environment/library_path.sh
[9.081s] -- Up-to-date: /home/habibahassan/project/install/moveit_msgs/share/moveit_msgs/environment/library_path.dsv
[9.081s] -- Up-to-date: /home/habibahassan/project/install/moveit_msgs/lib/libmoveit_msgs__rosidl_generator_c.so
[9.081s] -- Up-to-date: /home/habibahassan/project/install/moveit_msgs/include/moveit_msgs/moveit_msgs
[9.082s] -- Up-to-date: /home/habibahassan/project/install/moveit_msgs/include/moveit_msgs/moveit_msgs/srv
[9.082s] -- Up-to-date: /home/habibahassan/project/install/moveit_msgs/include/moveit_msgs/moveit_msgs/srv/detail
[9.082s] -- Up-to-date: /home/habibahassan/project/install/moveit_msgs/include/moveit_msgs/moveit_msgs/srv/detail/get_planner_params__rosidl_typesupport_fastrtps_c.h
[9.082s] -- Up-to-date: /home/habibahassan/project/install/moveit_msgs/include/moveit_msgs/moveit_msgs/srv/detail/list_robot_states_in_warehouse__rosidl_typesupport_fastrtps_c.h
[9.082s] -- Up-to-date: /home/habibahassan/project/install/moveit_msgs/include/moveit_msgs/moveit_msgs/srv/detail/save_robot_state_to_warehouse__rosidl_typesupport_fastrtps_c.h
[9.083s] -- Up-to-date: /home/habibahassan/project/install/moveit_msgs/include/moveit_msgs/moveit_msgs/srv/detail/delete_robot_state_from_warehouse__rosidl_typesupport_fastrtps_c.h
[9.083s] -- Up-to-date: /home/habibahassan/project/install/moveit_msgs/include/moveit_msgs/moveit_msgs/srv/detail/grasp_planning__rosidl_typesupport_fastrtps_c.h
[9.083s] -- Up-to-date: /home/habibahassan/project/install/moveit_msgs/include/moveit_msgs/moveit_msgs/srv/detail/save_geometry_to_file__rosidl_typesupport_fastrtps_c.h
[9.083s] -- Up-to-date: /home/habibahassan/project/install/moveit_msgs/include/moveit_msgs/moveit_msgs/srv/detail/get_robot_state_from_warehouse__rosidl_typesupport_fastrtps_c.h
[9.083s] -- Up-to-date: /home/habibahassan/project/install/moveit_msgs/include/moveit_msgs/moveit_msgs/srv/detail/check_if_robot_state_exists_in_warehouse__rosidl_typesupport_fastrtps_c.h
[9.084s] -- Up-to-date: /home/habibahassan/project/install/moveit_msgs/include/moveit_msgs/moveit_msgs/srv/detail/get_position_ik__rosidl_typesupport_fastrtps_c.h
[9.084s] -- Up-to-date: /home/habibahassan/project/install/moveit_msgs/include/moveit_msgs/moveit_msgs/srv/detail/get_planning_scene__rosidl_typesupport_fastrtps_c.h
[9.084s] -- Up-to-date: /home/habibahassan/project/install/moveit_msgs/include/moveit_msgs/moveit_msgs/srv/detail/load_map__rosidl_typesupport_fastrtps_c.h
[9.084s] -- Up-to-date: /home/habibahassan/project/install/moveit_msgs/include/moveit_msgs/moveit_msgs/srv/detail/get_state_validity__rosidl_typesupport_fastrtps_c.h
[9.085s] -- Up-to-date: /home/habibahassan/project/install/moveit_msgs/include/moveit_msgs/moveit_msgs/srv/detail/rename_robot_state_in_warehouse__rosidl_typesupport_fastrtps_c.h
[9.085s] -- Up-to-date: /home/habibahassan/project/install/moveit_msgs/include/moveit_msgs/moveit_msgs/srv/detail/apply_planning_scene__rosidl_typesupport_fastrtps_c.h
[9.085s] -- Up-to-date: /home/habibahassan/project/install/moveit_msgs/include/moveit_msgs/moveit_msgs/srv/detail/set_planner_params__rosidl_typesupport_fastrtps_c.h
[9.085s] -- Up-to-date: /home/habibahassan/project/install/moveit_msgs/include/moveit_msgs/moveit_msgs/srv/detail/get_cartesian_path__rosidl_typesupport_fastrtps_c.h
[9.085s] -- Up-to-date: /home/habibahassan/project/install/moveit_msgs/include/moveit_msgs/moveit_msgs/srv/detail/get_motion_sequence__rosidl_typesupport_fastrtps_c.h
[9.086s] -- Up-to-date: /home/habibahassan/project/install/moveit_msgs/include/moveit_msgs/moveit_msgs/srv/detail/save_map__rosidl_typesupport_fastrtps_c.h
[9.086s] -- Up-to-date: /home/habibahassan/project/install/moveit_msgs/include/moveit_msgs/moveit_msgs/srv/detail/get_position_fk__rosidl_typesupport_fastrtps_c.h
[9.086s] -- Up-to-date: /home/habibahassan/project/install/moveit_msgs/include/moveit_msgs/moveit_msgs/srv/detail/query_planner_interfaces__rosidl_typesupport_fastrtps_c.h
[9.086s] -- Up-to-date: /home/habibahassan/project/install/moveit_msgs/include/moveit_msgs/moveit_msgs/srv/detail/get_group_urdf__rosidl_typesupport_fastrtps_c.h
[9.091s] -- Up-to-date: /home/habibahassan/project/install/moveit_msgs/include/moveit_msgs/moveit_msgs/srv/detail/load_geometry_from_file__rosidl_typesupport_fastrtps_c.h
[9.091s] -- Up-to-date: /home/habibahassan/project/install/moveit_msgs/include/moveit_msgs/moveit_msgs/srv/detail/get_motion_plan__rosidl_typesupport_fastrtps_c.h
[9.091s] -- Up-to-date: /home/habibahassan/project/install/moveit_msgs/include/moveit_msgs/moveit_msgs/srv/detail/servo_command_type__rosidl_typesupport_fastrtps_c.h
[9.091s] -- Up-to-date: /home/habibahassan/project/install/moveit_msgs/include/moveit_msgs/moveit_msgs/srv/detail/update_pointcloud_octomap__rosidl_typesupport_fastrtps_c.h
[9.092s] -- Up-to-date: /home/habibahassan/project/install/moveit_msgs/include/moveit_msgs/moveit_msgs/action
[9.092s] -- Up-to-date: /home/habibahassan/project/install/moveit_msgs/include/moveit_msgs/moveit_msgs/action/detail
[9.092s] -- Up-to-date: /home/habibahassan/project/install/moveit_msgs/include/moveit_msgs/moveit_msgs/action/detail/hybrid_planner__rosidl_typesupport_fastrtps_c.h
[9.092s] -- Up-to-date: /home/habibahassan/project/install/moveit_msgs/include/moveit_msgs/moveit_msgs/action/detail/global_planner__rosidl_typesupport_fastrtps_c.h
[9.092s] -- Up-to-date: /home/habibahassan/project/install/moveit_msgs/include/moveit_msgs/moveit_msgs/action/detail/move_group_sequence__rosidl_typesupport_fastrtps_c.h
[9.092s] -- Up-to-date: /home/habibahassan/project/install/moveit_msgs/include/moveit_msgs/moveit_msgs/action/detail/place__rosidl_typesupport_fastrtps_c.h
[9.093s] -- Up-to-date: /home/habibahassan/project/install/moveit_msgs/include/moveit_msgs/moveit_msgs/action/detail/execute_trajectory__rosidl_typesupport_fastrtps_c.h
[9.093s] -- Up-to-date: /home/habibahassan/project/install/moveit_msgs/include/moveit_msgs/moveit_msgs/action/detail/move_group__rosidl_typesupport_fastrtps_c.h
[9.093s] -- Up-to-date: /home/habibahassan/project/install/moveit_msgs/include/moveit_msgs/moveit_msgs/action/detail/local_planner__rosidl_typesupport_fastrtps_c.h
[9.093s] -- Up-to-date: /home/habibahassan/project/install/moveit_msgs/include/moveit_msgs/moveit_msgs/action/detail/pickup__rosidl_typesupport_fastrtps_c.h
[9.093s] -- Up-to-date: /home/habibahassan/project/install/moveit_msgs/include/moveit_msgs/moveit_msgs/msg
[9.093s] -- Up-to-date: /home/habibahassan/project/install/moveit_msgs/include/moveit_msgs/moveit_msgs/msg/detail
[9.094s] -- Up-to-date: /home/habibahassan/project/install/moveit_msgs/include/moveit_msgs/moveit_msgs/msg/detail/joint_limits__rosidl_typesupport_fastrtps_c.h
[9.094s] -- Up-to-date: /home/habibahassan/project/install/moveit_msgs/include/moveit_msgs/moveit_msgs/msg/detail/pipeline_state__rosidl_typesupport_fastrtps_c.h
[9.095s] -- Up-to-date: /home/habibahassan/project/install/moveit_msgs/include/moveit_msgs/moveit_msgs/msg/detail/joint_constraint__rosidl_typesupport_fastrtps_c.h
[9.095s] -- Up-to-date: /home/habibahassan/project/install/moveit_msgs/include/moveit_msgs/moveit_msgs/msg/detail/servo_status__rosidl_typesupport_fastrtps_c.h
[9.095s] -- Up-to-date: /home/habibahassan/project/install/moveit_msgs/include/moveit_msgs/moveit_msgs/msg/detail/planning_options__rosidl_typesupport_fastrtps_c.h
[9.096s] -- Up-to-date: /home/habibahassan/project/install/moveit_msgs/include/moveit_msgs/moveit_msgs/msg/detail/link_padding__rosidl_typesupport_fastrtps_c.h
[9.096s] -- Up-to-date: /home/habibahassan/project/install/moveit_msgs/include/moveit_msgs/moveit_msgs/msg/detail/planning_scene_world__rosidl_typesupport_fastrtps_c.h
[9.096s] -- Up-to-date: /home/habibahassan/project/install/moveit_msgs/include/moveit_msgs/moveit_msgs/msg/detail/contact_information__rosidl_typesupport_fastrtps_c.h
[9.096s] -- Up-to-date: /home/habibahassan/project/install/moveit_msgs/include/moveit_msgs/moveit_msgs/msg/detail/generic_trajectory__rosidl_typesupport_fastrtps_c.h
[9.096s] -- Up-to-date: /home/habibahassan/project/install/moveit_msgs/include/moveit_msgs/moveit_msgs/msg/detail/object_color__rosidl_typesupport_fastrtps_c.h
[9.096s] -- Up-to-date: /home/habibahassan/project/install/moveit_msgs/include/moveit_msgs/moveit_msgs/msg/detail/motion_plan_request__rosidl_typesupport_fastrtps_c.h
[9.097s] -- Up-to-date: /home/habibahassan/project/install/moveit_msgs/include/moveit_msgs/moveit_msgs/msg/detail/kinematic_solver_info__rosidl_typesupport_fastrtps_c.h
[9.097s] -- Up-to-date: /home/habibahassan/project/install/moveit_msgs/include/moveit_msgs/moveit_msgs/msg/detail/motion_plan_response__rosidl_typesupport_fastrtps_c.h
[9.097s] -- Up-to-date: /home/habibahassan/project/install/moveit_msgs/include/moveit_msgs/moveit_msgs/msg/detail/gripper_translation__rosidl_typesupport_fastrtps_c.h
[9.097s] -- Up-to-date: /home/habibahassan/project/install/moveit_msgs/include/moveit_msgs/moveit_msgs/msg/detail/constraint_eval_result__rosidl_typesupport_fastrtps_c.h
[9.097s] -- Up-to-date: /home/habibahassan/project/install/moveit_msgs/include/moveit_msgs/moveit_msgs/msg/detail/robot_trajectory__rosidl_typesupport_fastrtps_c.h
[9.098s] -- Up-to-date: /home/habibahassan/project/install/moveit_msgs/include/moveit_msgs/moveit_msgs/msg/detail/display_robot_state__rosidl_typesupport_fastrtps_c.h
[9.098s] -- Up-to-date: /home/habibahassan/project/install/moveit_msgs/include/moveit_msgs/moveit_msgs/msg/detail/bounding_volume__rosidl_typesupport_fastrtps_c.h
[9.098s] -- Up-to-date: /home/habibahassan/project/install/moveit_msgs/include/moveit_msgs/moveit_msgs/msg/detail/workspace_parameters__rosidl_typesupport_fastrtps_c.h
[9.098s] -- Up-to-date: /home/habibahassan/project/install/moveit_msgs/include/moveit_msgs/moveit_msgs/msg/detail/visibility_constraint__rosidl_typesupport_fastrtps_c.h
[9.098s] -- Up-to-date: /home/habibahassan/project/install/moveit_msgs/include/moveit_msgs/moveit_msgs/msg/detail/place_location__rosidl_typesupport_fastrtps_c.h
[9.099s] -- Up-to-date: /home/habibahassan/project/install/moveit_msgs/include/moveit_msgs/moveit_msgs/msg/detail/move_it_error_codes__rosidl_typesupport_fastrtps_c.h
[9.099s] -- Up-to-date: /home/habibahassan/project/install/moveit_msgs/include/moveit_msgs/moveit_msgs/msg/detail/motion_sequence_request__rosidl_typesupport_fastrtps_c.h
[9.099s] -- Up-to-date: /home/habibahassan/project/install/moveit_msgs/include/moveit_msgs/moveit_msgs/msg/detail/planning_scene_components__rosidl_typesupport_fastrtps_c.h
[9.099s] -- Up-to-date: /home/habibahassan/project/install/moveit_msgs/include/moveit_msgs/moveit_msgs/msg/detail/collision_object__rosidl_typesupport_fastrtps_c.h
[9.099s] -- Up-to-date: /home/habibahassan/project/install/moveit_msgs/include/moveit_msgs/moveit_msgs/msg/detail/link_scale__rosidl_typesupport_fastrtps_c.h
[9.100s] -- Up-to-date: /home/habibahassan/project/install/moveit_msgs/include/moveit_msgs/moveit_msgs/msg/detail/planner_interface_description__rosidl_typesupport_fastrtps_c.h
[9.100s] -- Up-to-date: /home/habibahassan/project/install/moveit_msgs/include/moveit_msgs/moveit_msgs/msg/detail/cartesian_point__rosidl_typesupport_fastrtps_c.h
[9.100s] -- Up-to-date: /home/habibahassan/project/install/moveit_msgs/include/moveit_msgs/moveit_msgs/msg/detail/constraints__rosidl_typesupport_fastrtps_c.h
[9.100s] -- Up-to-date: /home/habibahassan/project/install/moveit_msgs/include/moveit_msgs/moveit_msgs/msg/detail/grasp__rosidl_typesupport_fastrtps_c.h
[9.100s] -- Up-to-date: /home/habibahassan/project/install/moveit_msgs/include/moveit_msgs/moveit_msgs/msg/detail/cartesian_trajectory__rosidl_typesupport_fastrtps_c.h
[9.101s] -- Up-to-date: /home/habibahassan/project/install/moveit_msgs/include/moveit_msgs/moveit_msgs/msg/detail/robot_state__rosidl_typesupport_fastrtps_c.h
[9.101s] -- Up-to-date: /home/habibahassan/project/install/moveit_msgs/include/moveit_msgs/moveit_msgs/msg/detail/position_constraint__rosidl_typesupport_fastrtps_c.h
[9.101s] -- Up-to-date: /home/habibahassan/project/install/moveit_msgs/include/moveit_msgs/moveit_msgs/msg/detail/orientation_constraint__rosidl_typesupport_fastrtps_c.h
[9.101s] -- Up-to-date: /home/habibahassan/project/install/moveit_msgs/include/moveit_msgs/moveit_msgs/msg/detail/attached_collision_object__rosidl_typesupport_fastrtps_c.h
[9.101s] -- Up-to-date: /home/habibahassan/project/install/moveit_msgs/include/moveit_msgs/moveit_msgs/msg/detail/cost_source__rosidl_typesupport_fastrtps_c.h
[9.102s] -- Up-to-date: /home/habibahassan/project/install/moveit_msgs/include/moveit_msgs/moveit_msgs/msg/detail/allowed_collision_matrix__rosidl_typesupport_fastrtps_c.h
[9.102s] -- Up-to-date: /home/habibahassan/project/install/moveit_msgs/include/moveit_msgs/moveit_msgs/msg/detail/oriented_bounding_box__rosidl_typesupport_fastrtps_c.h
[9.102s] -- Up-to-date: /home/habibahassan/project/install/moveit_msgs/include/moveit_msgs/moveit_msgs/msg/detail/trajectory_constraints__rosidl_typesupport_fastrtps_c.h
[9.102s] -- Up-to-date: /home/habibahassan/project/install/moveit_msgs/include/moveit_msgs/moveit_msgs/msg/detail/position_ik_request__rosidl_typesupport_fastrtps_c.h
[9.102s] -- Up-to-date: /home/habibahassan/project/install/moveit_msgs/include/moveit_msgs/moveit_msgs/msg/detail/motion_sequence_item__rosidl_typesupport_fastrtps_c.h
[9.103s] -- Up-to-date: /home/habibahassan/project/install/moveit_msgs/include/moveit_msgs/moveit_msgs/msg/detail/planner_params__rosidl_typesupport_fastrtps_c.h
[9.103s] -- Up-to-date: /home/habibahassan/project/install/moveit_msgs/include/moveit_msgs/moveit_msgs/msg/detail/motion_plan_detailed_response__rosidl_typesupport_fastrtps_c.h
[9.103s] -- Up-to-date: /home/habibahassan/project/install/moveit_msgs/include/moveit_msgs/moveit_msgs/msg/detail/planning_scene__rosidl_typesupport_fastrtps_c.h
[9.103s] -- Up-to-date: /home/habibahassan/project/install/moveit_msgs/include/moveit_msgs/moveit_msgs/msg/detail/display_trajectory__rosidl_typesupport_fastrtps_c.h
[9.103s] -- Up-to-date: /home/habibahassan/project/install/moveit_msgs/include/moveit_msgs/moveit_msgs/msg/detail/cartesian_trajectory_point__rosidl_typesupport_fastrtps_c.h
[9.103s] -- Up-to-date: /home/habibahassan/project/install/moveit_msgs/include/moveit_msgs/moveit_msgs/msg/detail/allowed_collision_entry__rosidl_typesupport_fastrtps_c.h
[9.104s] -- Up-to-date: /home/habibahassan/project/install/moveit_msgs/include/moveit_msgs/moveit_msgs/msg/detail/motion_sequence_response__rosidl_typesupport_fastrtps_c.h
[9.105s] -- Up-to-date: /home/habibahassan/project/install/moveit_msgs/include/moveit_msgs/moveit_msgs/msg/rosidl_typesupport_fastrtps_c__visibility_control.h
[9.106s] -- Up-to-date: /home/habibahassan/project/install/moveit_msgs/lib/libmoveit_msgs__rosidl_typesupport_fastrtps_c.so
[9.107s] -- Up-to-date: /home/habibahassan/project/install/moveit_msgs/include/moveit_msgs/moveit_msgs
[9.107s] -- Up-to-date: /home/habibahassan/project/install/moveit_msgs/include/moveit_msgs/moveit_msgs/srv
[9.107s] -- Up-to-date: /home/habibahassan/project/install/moveit_msgs/include/moveit_msgs/moveit_msgs/srv/detail
[9.107s] -- Installing: /home/habibahassan/project/install/moveit_msgs/include/moveit_msgs/moveit_msgs/srv/detail/get_cartesian_path__type_support.c
[9.107s] -- Up-to-date: /home/habibahassan/project/install/moveit_msgs/include/moveit_msgs/moveit_msgs/srv/detail/get_cartesian_path__rosidl_typesupport_introspection_c.h
[9.108s] -- Installing: /home/habibahassan/project/install/moveit_msgs/include/moveit_msgs/moveit_msgs/srv/detail/save_geometry_to_file__type_support.c
[9.108s] -- Installing: /home/habibahassan/project/install/moveit_msgs/include/moveit_msgs/moveit_msgs/srv/detail/load_geometry_from_file__type_support.c
[9.108s] -- Installing: /home/habibahassan/project/install/moveit_msgs/include/moveit_msgs/moveit_msgs/srv/detail/get_motion_plan__type_support.c
[9.108s] -- Up-to-date: /home/habibahassan/project/install/moveit_msgs/include/moveit_msgs/moveit_msgs/srv/detail/query_planner_interfaces__rosidl_typesupport_introspection_c.h
[9.108s] -- Installing: /home/habibahassan/project/install/moveit_msgs/include/moveit_msgs/moveit_msgs/srv/detail/get_position_fk__type_support.c
[9.108s] -- Installing: /home/habibahassan/project/install/moveit_msgs/include/moveit_msgs/moveit_msgs/srv/detail/servo_command_type__type_support.c
[9.109s] -- Installing: /home/habibahassan/project/install/moveit_msgs/include/moveit_msgs/moveit_msgs/srv/detail/grasp_planning__type_support.c
[9.109s] -- Installing: /home/habibahassan/project/install/moveit_msgs/include/moveit_msgs/moveit_msgs/srv/detail/get_planner_params__type_support.c
[9.109s] -- Installing: /home/habibahassan/project/install/moveit_msgs/include/moveit_msgs/moveit_msgs/srv/detail/set_planner_params__type_support.c
[9.109s] -- Installing: /home/habibahassan/project/install/moveit_msgs/include/moveit_msgs/moveit_msgs/srv/detail/query_planner_interfaces__type_support.c
[9.110s] -- Installing: /home/habibahassan/project/install/moveit_msgs/include/moveit_msgs/moveit_msgs/srv/detail/rename_robot_state_in_warehouse__type_support.c
[9.110s] -- Up-to-date: /home/habibahassan/project/install/moveit_msgs/include/moveit_msgs/moveit_msgs/srv/detail/get_motion_sequence__rosidl_typesupport_introspection_c.h
[9.110s] -- Up-to-date: /home/habibahassan/project/install/moveit_msgs/include/moveit_msgs/moveit_msgs/srv/detail/get_position_ik__rosidl_typesupport_introspection_c.h
[9.110s] -- Installing: /home/habibahassan/project/install/moveit_msgs/include/moveit_msgs/moveit_msgs/srv/detail/save_robot_state_to_warehouse__type_support.c
[9.110s] -- Up-to-date: /home/habibahassan/project/install/moveit_msgs/include/moveit_msgs/moveit_msgs/srv/detail/get_group_urdf__rosidl_typesupport_introspection_c.h
[9.111s] -- Up-to-date: /home/habibahassan/project/install/moveit_msgs/include/moveit_msgs/moveit_msgs/srv/detail/get_state_validity__rosidl_typesupport_introspection_c.h
[9.111s] -- Up-to-date: /home/habibahassan/project/install/moveit_msgs/include/moveit_msgs/moveit_msgs/srv/detail/check_if_robot_state_exists_in_warehouse__rosidl_typesupport_introspection_c.h
[9.111s] -- Installing: /home/habibahassan/project/install/moveit_msgs/include/moveit_msgs/moveit_msgs/srv/detail/get_state_validity__type_support.c
[9.111s] -- Installing: /home/habibahassan/project/install/moveit_msgs/include/moveit_msgs/moveit_msgs/srv/detail/get_motion_sequence__type_support.c
[9.111s] -- Installing: /home/habibahassan/project/install/moveit_msgs/include/moveit_msgs/moveit_msgs/srv/detail/check_if_robot_state_exists_in_warehouse__type_support.c
[9.112s] -- Installing: /home/habibahassan/project/install/moveit_msgs/include/moveit_msgs/moveit_msgs/srv/detail/list_robot_states_in_warehouse__type_support.c
[9.112s] -- Installing: /home/habibahassan/project/install/moveit_msgs/include/moveit_msgs/moveit_msgs/srv/detail/save_map__type_support.c
[9.112s] -- Up-to-date: /home/habibahassan/project/install/moveit_msgs/include/moveit_msgs/moveit_msgs/srv/detail/load_map__rosidl_typesupport_introspection_c.h
[9.112s] -- Up-to-date: /home/habibahassan/project/install/moveit_msgs/include/moveit_msgs/moveit_msgs/srv/detail/delete_robot_state_from_warehouse__rosidl_typesupport_introspection_c.h
[9.112s] -- Installing: /home/habibahassan/project/install/moveit_msgs/include/moveit_msgs/moveit_msgs/srv/detail/update_pointcloud_octomap__type_support.c
[9.113s] -- Installing: /home/habibahassan/project/install/moveit_msgs/include/moveit_msgs/moveit_msgs/srv/detail/get_planning_scene__type_support.c
[9.113s] -- Up-to-date: /home/habibahassan/project/install/moveit_msgs/include/moveit_msgs/moveit_msgs/srv/detail/list_robot_states_in_warehouse__rosidl_typesupport_introspection_c.h
[9.113s] -- Up-to-date: /home/habibahassan/project/install/moveit_msgs/include/moveit_msgs/moveit_msgs/srv/detail/load_geometry_from_file__rosidl_typesupport_introspection_c.h
[9.113s] -- Up-to-date: /home/habibahassan/project/install/moveit_msgs/include/moveit_msgs/moveit_msgs/srv/detail/apply_planning_scene__rosidl_typesupport_introspection_c.h
[9.113s] -- Installing: /home/habibahassan/project/install/moveit_msgs/include/moveit_msgs/moveit_msgs/srv/detail/delete_robot_state_from_warehouse__type_support.c
[9.114s] -- Up-to-date: /home/habibahassan/project/install/moveit_msgs/include/moveit_msgs/moveit_msgs/srv/detail/get_position_fk__rosidl_typesupport_introspection_c.h
[9.114s] -- Installing: /home/habibahassan/project/install/moveit_msgs/include/moveit_msgs/moveit_msgs/srv/detail/get_group_urdf__type_support.c
[9.114s] -- Installing: /home/habibahassan/project/install/moveit_msgs/include/moveit_msgs/moveit_msgs/srv/detail/load_map__type_support.c
[9.116s] -- Up-to-date: /home/habibahassan/project/install/moveit_msgs/include/moveit_msgs/moveit_msgs/srv/detail/get_planner_params__rosidl_typesupport_introspection_c.h
[9.116s] -- Up-to-date: /home/habibahassan/project/install/moveit_msgs/include/moveit_msgs/moveit_msgs/srv/detail/rename_robot_state_in_warehouse__rosidl_typesupport_introspection_c.h
[9.116s] -- Up-to-date: /home/habibahassan/project/install/moveit_msgs/include/moveit_msgs/moveit_msgs/srv/detail/update_pointcloud_octomap__rosidl_typesupport_introspection_c.h
[9.116s] -- Installing: /home/habibahassan/project/install/moveit_msgs/include/moveit_msgs/moveit_msgs/srv/detail/get_robot_state_from_warehouse__type_support.c
[9.117s] -- Up-to-date: /home/habibahassan/project/install/moveit_msgs/include/moveit_msgs/moveit_msgs/srv/detail/save_map__rosidl_typesupport_introspection_c.h
[9.117s] -- Up-to-date: /home/habibahassan/project/install/moveit_msgs/include/moveit_msgs/moveit_msgs/srv/detail/get_motion_plan__rosidl_typesupport_introspection_c.h
[9.117s] -- Up-to-date: /home/habibahassan/project/install/moveit_msgs/include/moveit_msgs/moveit_msgs/srv/detail/save_geometry_to_file__rosidl_typesupport_introspection_c.h
[9.117s] -- Up-to-date: /home/habibahassan/project/install/moveit_msgs/include/moveit_msgs/moveit_msgs/srv/detail/get_robot_state_from_warehouse__rosidl_typesupport_introspection_c.h
[9.117s] -- Up-to-date: /home/habibahassan/project/install/moveit_msgs/include/moveit_msgs/moveit_msgs/srv/detail/save_robot_state_to_warehouse__rosidl_typesupport_introspection_c.h
[9.118s] -- Installing: /home/habibahassan/project/install/moveit_msgs/include/moveit_msgs/moveit_msgs/srv/detail/get_position_ik__type_support.c
[9.118s] -- Up-to-date: /home/habibahassan/project/install/moveit_msgs/include/moveit_msgs/moveit_msgs/srv/detail/grasp_planning__rosidl_typesupport_introspection_c.h
[9.118s] -- Up-to-date: /home/habibahassan/project/install/moveit_msgs/include/moveit_msgs/moveit_msgs/srv/detail/servo_command_type__rosidl_typesupport_introspection_c.h
[9.118s] -- Up-to-date: /home/habibahassan/project/install/moveit_msgs/include/moveit_msgs/moveit_msgs/srv/detail/set_planner_params__rosidl_typesupport_introspection_c.h
[9.118s] -- Up-to-date: /home/habibahassan/project/install/moveit_msgs/include/moveit_msgs/moveit_msgs/srv/detail/get_planning_scene__rosidl_typesupport_introspection_c.h
[9.119s] -- Installing: /home/habibahassan/project/install/moveit_msgs/include/moveit_msgs/moveit_msgs/srv/detail/apply_planning_scene__type_support.c
[9.119s] -- Up-to-date: /home/habibahassan/project/install/moveit_msgs/include/moveit_msgs/moveit_msgs/action
[9.119s] -- Up-to-date: /home/habibahassan/project/install/moveit_msgs/include/moveit_msgs/moveit_msgs/action/detail
[9.119s] -- Installing: /home/habibahassan/project/install/moveit_msgs/include/moveit_msgs/moveit_msgs/action/detail/place__type_support.c
[9.119s] -- Up-to-date: /home/habibahassan/project/install/moveit_msgs/include/moveit_msgs/moveit_msgs/action/detail/pickup__rosidl_typesupport_introspection_c.h
[9.120s] -- Up-to-date: /home/habibahassan/project/install/moveit_msgs/include/moveit_msgs/moveit_msgs/action/detail/local_planner__rosidl_typesupport_introspection_c.h
[9.120s] -- Installing: /home/habibahassan/project/install/moveit_msgs/include/moveit_msgs/moveit_msgs/action/detail/hybrid_planner__type_support.c
[9.120s] -- Up-to-date: /home/habibahassan/project/install/moveit_msgs/include/moveit_msgs/moveit_msgs/action/detail/global_planner__rosidl_typesupport_introspection_c.h
[9.120s] -- Installing: /home/habibahassan/project/install/moveit_msgs/include/moveit_msgs/moveit_msgs/action/detail/execute_trajectory__type_support.c
[9.121s] -- Installing: /home/habibahassan/project/install/moveit_msgs/include/moveit_msgs/moveit_msgs/action/detail/local_planner__type_support.c
[9.121s] -- Up-to-date: /home/habibahassan/project/install/moveit_msgs/include/moveit_msgs/moveit_msgs/action/detail/move_group__rosidl_typesupport_introspection_c.h
[9.121s] -- Installing: /home/habibahassan/project/install/moveit_msgs/include/moveit_msgs/moveit_msgs/action/detail/pickup__type_support.c
[9.121s] -- Up-to-date: /home/habibahassan/project/install/moveit_msgs/include/moveit_msgs/moveit_msgs/action/detail/execute_trajectory__rosidl_typesupport_introspection_c.h
[9.121s] -- Up-to-date: /home/habibahassan/project/install/moveit_msgs/include/moveit_msgs/moveit_msgs/action/detail/place__rosidl_typesupport_introspection_c.h
[9.122s] -- Installing: /home/habibahassan/project/install/moveit_msgs/include/moveit_msgs/moveit_msgs/action/detail/move_group__type_support.c
[9.122s] -- Installing: /home/habibahassan/project/install/moveit_msgs/include/moveit_msgs/moveit_msgs/action/detail/global_planner__type_support.c
[9.122s] -- Up-to-date: /home/habibahassan/project/install/moveit_msgs/include/moveit_msgs/moveit_msgs/action/detail/hybrid_planner__rosidl_typesupport_introspection_c.h
[9.122s] -- Installing: /home/habibahassan/project/install/moveit_msgs/include/moveit_msgs/moveit_msgs/action/detail/move_group_sequence__type_support.c
[9.122s] -- Up-to-date: /home/habibahassan/project/install/moveit_msgs/include/moveit_msgs/moveit_msgs/action/detail/move_group_sequence__rosidl_typesupport_introspection_c.h
[9.123s] -- Up-to-date: /home/habibahassan/project/install/moveit_msgs/include/moveit_msgs/moveit_msgs/msg
[9.123s] -- Up-to-date: /home/habibahassan/project/install/moveit_msgs/include/moveit_msgs/moveit_msgs/msg/detail
[9.123s] -- Installing: /home/habibahassan/project/install/moveit_msgs/include/moveit_msgs/moveit_msgs/msg/detail/link_scale__type_support.c
[9.123s] -- Installing: /home/habibahassan/project/install/moveit_msgs/include/moveit_msgs/moveit_msgs/msg/detail/link_padding__type_support.c
[9.123s] -- Up-to-date: /home/habibahassan/project/install/moveit_msgs/include/moveit_msgs/moveit_msgs/msg/detail/constraints__rosidl_typesupport_introspection_c.h
[9.124s] -- Installing: /home/habibahassan/project/install/moveit_msgs/include/moveit_msgs/moveit_msgs/msg/detail/workspace_parameters__type_support.c
[9.124s] -- Installing: /home/habibahassan/project/install/moveit_msgs/include/moveit_msgs/moveit_msgs/msg/detail/attached_collision_object__type_support.c
[9.124s] -- Installing: /home/habibahassan/project/install/moveit_msgs/include/moveit_msgs/moveit_msgs/msg/detail/cost_source__type_support.c
[9.124s] -- Up-to-date: /home/habibahassan/project/install/moveit_msgs/include/moveit_msgs/moveit_msgs/msg/detail/pipeline_state__rosidl_typesupport_introspection_c.h
[9.124s] -- Installing: /home/habibahassan/project/install/moveit_msgs/include/moveit_msgs/moveit_msgs/msg/detail/planning_scene__type_support.c
[9.125s] -- Installing: /home/habibahassan/project/install/moveit_msgs/include/moveit_msgs/moveit_msgs/msg/detail/cartesian_trajectory_point__type_support.c
[9.125s] -- Up-to-date: /home/habibahassan/project/install/moveit_msgs/include/moveit_msgs/moveit_msgs/msg/detail/attached_collision_object__rosidl_typesupport_introspection_c.h
[9.126s] -- Up-to-date: /home/habibahassan/project/install/moveit_msgs/include/moveit_msgs/moveit_msgs/msg/detail/planning_scene__rosidl_typesupport_introspection_c.h
[9.126s] -- Up-to-date: /home/habibahassan/project/install/moveit_msgs/include/moveit_msgs/moveit_msgs/msg/detail/cartesian_trajectory_point__rosidl_typesupport_introspection_c.h
[9.126s] -- Up-to-date: /home/habibahassan/project/install/moveit_msgs/include/moveit_msgs/moveit_msgs/msg/detail/motion_sequence_request__rosidl_typesupport_introspection_c.h
[9.126s] -- Installing: /home/habibahassan/project/install/moveit_msgs/include/moveit_msgs/moveit_msgs/msg/detail/generic_trajectory__type_support.c
[9.126s] -- Installing: /home/habibahassan/project/install/moveit_msgs/include/moveit_msgs/moveit_msgs/msg/detail/gripper_translation__type_support.c
[9.127s] -- Installing: /home/habibahassan/project/install/moveit_msgs/include/moveit_msgs/moveit_msgs/msg/detail/visibility_constraint__type_support.c
[9.127s] -- Up-to-date: /home/habibahassan/project/install/moveit_msgs/include/moveit_msgs/moveit_msgs/msg/detail/cost_source__rosidl_typesupport_introspection_c.h
[9.127s] -- Installing: /home/habibahassan/project/install/moveit_msgs/include/moveit_msgs/moveit_msgs/msg/detail/pipeline_state__type_support.c
[9.127s] -- Installing: /home/habibahassan/project/install/moveit_msgs/include/moveit_msgs/moveit_msgs/msg/detail/display_robot_state__type_support.c
[9.128s] -- Installing: /home/habibahassan/project/install/moveit_msgs/include/moveit_msgs/moveit_msgs/msg/detail/motion_plan_response__type_support.c
[9.131s] -- Installing: /home/habibahassan/project/install/moveit_msgs/include/moveit_msgs/moveit_msgs/msg/detail/allowed_collision_matrix__type_support.c
[9.131s] -- Up-to-date: /home/habibahassan/project/install/moveit_msgs/include/moveit_msgs/moveit_msgs/msg/detail/planning_options__rosidl_typesupport_introspection_c.h
[9.131s] -- Up-to-date: /home/habibahassan/project/install/moveit_msgs/include/moveit_msgs/moveit_msgs/msg/detail/allowed_collision_matrix__rosidl_typesupport_introspection_c.h
[9.131s] -- Up-to-date: /home/habibahassan/project/install/moveit_msgs/include/moveit_msgs/moveit_msgs/msg/detail/link_padding__rosidl_typesupport_introspection_c.h
[9.132s] -- Up-to-date: /home/habibahassan/project/install/moveit_msgs/include/moveit_msgs/moveit_msgs/msg/detail/motion_sequence_item__rosidl_typesupport_introspection_c.h
[9.132s] -- Installing: /home/habibahassan/project/install/moveit_msgs/include/moveit_msgs/moveit_msgs/msg/detail/place_location__type_support.c
[9.132s] -- Installing: /home/habibahassan/project/install/moveit_msgs/include/moveit_msgs/moveit_msgs/msg/detail/motion_sequence_request__type_support.c
[9.133s] -- Up-to-date: /home/habibahassan/project/install/moveit_msgs/include/moveit_msgs/moveit_msgs/msg/detail/robot_state__rosidl_typesupport_introspection_c.h
[9.133s] -- Installing: /home/habibahassan/project/install/moveit_msgs/include/moveit_msgs/moveit_msgs/msg/detail/object_color__type_support.c
[9.133s] -- Up-to-date: /home/habibahassan/project/install/moveit_msgs/include/moveit_msgs/moveit_msgs/msg/detail/contact_information__rosidl_typesupport_introspection_c.h
[9.133s] -- Up-to-date: /home/habibahassan/project/install/moveit_msgs/include/moveit_msgs/moveit_msgs/msg/detail/constraint_eval_result__rosidl_typesupport_introspection_c.h
[9.134s] -- Up-to-date: /home/habibahassan/project/install/moveit_msgs/include/moveit_msgs/moveit_msgs/msg/detail/motion_plan_detailed_response__rosidl_typesupport_introspection_c.h
[9.137s] -- Up-to-date: /home/habibahassan/project/install/moveit_msgs/include/moveit_msgs/moveit_msgs/msg/detail/planner_params__rosidl_typesupport_introspection_c.h
[9.137s] -- Up-to-date: /home/habibahassan/project/install/moveit_msgs/include/moveit_msgs/moveit_msgs/msg/detail/planner_interface_description__rosidl_typesupport_introspection_c.h
[9.138s] -- Installing: /home/habibahassan/project/install/moveit_msgs/include/moveit_msgs/moveit_msgs/msg/detail/constraints__type_support.c
[9.138s] -- Installing: /home/habibahassan/project/install/moveit_msgs/include/moveit_msgs/moveit_msgs/msg/detail/planner_params__type_support.c
[9.138s] -- Up-to-date: /home/habibahassan/project/install/moveit_msgs/include/moveit_msgs/moveit_msgs/msg/detail/motion_plan_response__rosidl_typesupport_introspection_c.h
[9.138s] -- Installing: /home/habibahassan/project/install/moveit_msgs/include/moveit_msgs/moveit_msgs/msg/detail/bounding_volume__type_support.c
[9.139s] -- Up-to-date: /home/habibahassan/project/install/moveit_msgs/include/moveit_msgs/moveit_msgs/msg/detail/generic_trajectory__rosidl_typesupport_introspection_c.h
[9.139s] -- Up-to-date: /home/habibahassan/project/install/moveit_msgs/include/moveit_msgs/moveit_msgs/msg/detail/place_location__rosidl_typesupport_introspection_c.h
[9.139s] -- Installing: /home/habibahassan/project/install/moveit_msgs/include/moveit_msgs/moveit_msgs/msg/detail/planning_options__type_support.c
[9.139s] -- Up-to-date: /home/habibahassan/project/install/moveit_msgs/include/moveit_msgs/moveit_msgs/msg/detail/gripper_translation__rosidl_typesupport_introspection_c.h
[9.140s] -- Installing: /home/habibahassan/project/install/moveit_msgs/include/moveit_msgs/moveit_msgs/msg/detail/contact_information__type_support.c
[9.140s] -- Installing: /home/habibahassan/project/install/moveit_msgs/include/moveit_msgs/moveit_msgs/msg/detail/planning_scene_components__type_support.c
[9.140s] -- Up-to-date: /home/habibahassan/project/install/moveit_msgs/include/moveit_msgs/moveit_msgs/msg/detail/servo_status__rosidl_typesupport_introspection_c.h
[9.140s] -- Up-to-date: /home/habibahassan/project/install/moveit_msgs/include/moveit_msgs/moveit_msgs/msg/detail/robot_trajectory__rosidl_typesupport_introspection_c.h
[9.140s] -- Installing: /home/habibahassan/project/install/moveit_msgs/include/moveit_msgs/moveit_msgs/msg/detail/trajectory_constraints__type_support.c
[9.141s] -- Up-to-date: /home/habibahassan/project/install/moveit_msgs/include/moveit_msgs/moveit_msgs/msg/detail/motion_sequence_response__rosidl_typesupport_introspection_c.h
[9.141s] -- Up-to-date: /home/habibahassan/project/install/moveit_msgs/include/moveit_msgs/moveit_msgs/msg/detail/motion_plan_request__rosidl_typesupport_introspection_c.h
[9.141s] -- Installing: /home/habibahassan/project/install/moveit_msgs/include/moveit_msgs/moveit_msgs/msg/detail/motion_sequence_response__type_support.c
[9.141s] -- Installing: /home/habibahassan/project/install/moveit_msgs/include/moveit_msgs/moveit_msgs/msg/detail/motion_sequence_item__type_support.c
[9.142s] -- Installing: /home/habibahassan/project/install/moveit_msgs/include/moveit_msgs/moveit_msgs/msg/detail/oriented_bounding_box__type_support.c
[9.142s] -- Installing: /home/habibahassan/project/install/moveit_msgs/include/moveit_msgs/moveit_msgs/msg/detail/allowed_collision_entry__type_support.c
[9.142s] -- Up-to-date: /home/habibahassan/project/install/moveit_msgs/include/moveit_msgs/moveit_msgs/msg/detail/allowed_collision_entry__rosidl_typesupport_introspection_c.h
[9.142s] -- Up-to-date: /home/habibahassan/project/install/moveit_msgs/include/moveit_msgs/moveit_msgs/msg/detail/workspace_parameters__rosidl_typesupport_introspection_c.h
[9.143s] -- Installing: /home/habibahassan/project/install/moveit_msgs/include/moveit_msgs/moveit_msgs/msg/detail/orientation_constraint__type_support.c
[9.143s] -- Installing: /home/habibahassan/project/install/moveit_msgs/include/moveit_msgs/moveit_msgs/msg/detail/move_it_error_codes__type_support.c
[9.143s] -- Up-to-date: /home/habibahassan/project/install/moveit_msgs/include/moveit_msgs/moveit_msgs/msg/detail/cartesian_point__rosidl_typesupport_introspection_c.h
[9.143s] -- Installing: /home/habibahassan/project/install/moveit_msgs/include/moveit_msgs/moveit_msgs/msg/detail/joint_constraint__type_support.c
[9.144s] -- Up-to-date: /home/habibahassan/project/install/moveit_msgs/include/moveit_msgs/moveit_msgs/msg/detail/collision_object__rosidl_typesupport_introspection_c.h
[9.144s] -- Up-to-date: /home/habibahassan/project/install/moveit_msgs/include/moveit_msgs/moveit_msgs/msg/detail/bounding_volume__rosidl_typesupport_introspection_c.h
[9.144s] -- Up-to-date: /home/habibahassan/project/install/moveit_msgs/include/moveit_msgs/moveit_msgs/msg/detail/object_color__rosidl_typesupport_introspection_c.h
[9.144s] -- Up-to-date: /home/habibahassan/project/install/moveit_msgs/include/moveit_msgs/moveit_msgs/msg/detail/planning_scene_world__rosidl_typesupport_introspection_c.h
[9.145s] -- Installing: /home/habibahassan/project/install/moveit_msgs/include/moveit_msgs/moveit_msgs/msg/detail/kinematic_solver_info__type_support.c
[9.145s] -- Installing: /home/habibahassan/project/install/moveit_msgs/include/moveit_msgs/moveit_msgs/msg/detail/planner_interface_description__type_support.c
[9.145s] -- Installing: /home/habibahassan/project/install/moveit_msgs/include/moveit_msgs/moveit_msgs/msg/detail/robot_state__type_support.c
[9.145s] -- Up-to-date: /home/habibahassan/project/install/moveit_msgs/include/moveit_msgs/moveit_msgs/msg/detail/planning_scene_components__rosidl_typesupport_introspection_c.h
[9.145s] -- Installing: /home/habibahassan/project/install/moveit_msgs/include/moveit_msgs/moveit_msgs/msg/detail/joint_limits__type_support.c
[9.146s] -- Up-to-date: /home/habibahassan/project/install/moveit_msgs/include/moveit_msgs/moveit_msgs/msg/detail/orientation_constraint__rosidl_typesupport_introspection_c.h
[9.146s] -- Up-to-date: /home/habibahassan/project/install/moveit_msgs/include/moveit_msgs/moveit_msgs/msg/detail/position_ik_request__rosidl_typesupport_introspection_c.h
[9.146s] -- Up-to-date: /home/habibahassan/project/install/moveit_msgs/include/moveit_msgs/moveit_msgs/msg/detail/visibility_constraint__rosidl_typesupport_introspection_c.h
[9.160s] -- Installing: /home/habibahassan/project/install/moveit_msgs/include/moveit_msgs/moveit_msgs/msg/detail/robot_trajectory__type_support.c
[9.161s] -- Installing: /home/habibahassan/project/install/moveit_msgs/include/moveit_msgs/moveit_msgs/msg/detail/servo_status__type_support.c
[9.161s] -- Installing: /home/habibahassan/project/install/moveit_msgs/include/moveit_msgs/moveit_msgs/msg/detail/cartesian_point__type_support.c
[9.161s] -- Up-to-date: /home/habibahassan/project/install/moveit_msgs/include/moveit_msgs/moveit_msgs/msg/detail/joint_constraint__rosidl_typesupport_introspection_c.h
[9.161s] -- Installing: /home/habibahassan/project/install/moveit_msgs/include/moveit_msgs/moveit_msgs/msg/detail/collision_object__type_support.c
[9.162s] -- Installing: /home/habibahassan/project/install/moveit_msgs/include/moveit_msgs/moveit_msgs/msg/detail/grasp__type_support.c
[9.162s] -- Installing: /home/habibahassan/project/install/moveit_msgs/include/moveit_msgs/moveit_msgs/msg/detail/motion_plan_detailed_response__type_support.c
[9.162s] -- Up-to-date: /home/habibahassan/project/install/moveit_msgs/include/moveit_msgs/moveit_msgs/msg/detail/display_trajectory__rosidl_typesupport_introspection_c.h
[9.162s] -- Installing: /home/habibahassan/project/install/moveit_msgs/include/moveit_msgs/moveit_msgs/msg/detail/constraint_eval_result__type_support.c
[9.163s] -- Installing: /home/habibahassan/project/install/moveit_msgs/include/moveit_msgs/moveit_msgs/msg/detail/cartesian_trajectory__type_support.c
[9.163s] -- Up-to-date: /home/habibahassan/project/install/moveit_msgs/include/moveit_msgs/moveit_msgs/msg/detail/kinematic_solver_info__rosidl_typesupport_introspection_c.h
[9.163s] -- Up-to-date: /home/habibahassan/project/install/moveit_msgs/include/moveit_msgs/moveit_msgs/msg/detail/cartesian_trajectory__rosidl_typesupport_introspection_c.h
[9.163s] -- Up-to-date: /home/habibahassan/project/install/moveit_msgs/include/moveit_msgs/moveit_msgs/msg/detail/joint_limits__rosidl_typesupport_introspection_c.h
[9.164s] -- Up-to-date: /home/habibahassan/project/install/moveit_msgs/include/moveit_msgs/moveit_msgs/msg/detail/display_robot_state__rosidl_typesupport_introspection_c.h
[9.164s] -- Up-to-date: /home/habibahassan/project/install/moveit_msgs/include/moveit_msgs/moveit_msgs/msg/detail/position_constraint__rosidl_typesupport_introspection_c.h
[9.164s] -- Installing: /home/habibahassan/project/install/moveit_msgs/include/moveit_msgs/moveit_msgs/msg/detail/position_ik_request__type_support.c
[9.174s] -- Installing: /home/habibahassan/project/install/moveit_msgs/include/moveit_msgs/moveit_msgs/msg/detail/display_trajectory__type_support.c
[9.175s] -- Up-to-date: /home/habibahassan/project/install/moveit_msgs/include/moveit_msgs/moveit_msgs/msg/detail/grasp__rosidl_typesupport_introspection_c.h
[9.175s] -- Installing: /home/habibahassan/project/install/moveit_msgs/include/moveit_msgs/moveit_msgs/msg/detail/position_constraint__type_support.c
[9.175s] -- Up-to-date: /home/habibahassan/project/install/moveit_msgs/include/moveit_msgs/moveit_msgs/msg/detail/link_scale__rosidl_typesupport_introspection_c.h
[9.175s] -- Up-to-date: /home/habibahassan/project/install/moveit_msgs/include/moveit_msgs/moveit_msgs/msg/detail/trajectory_constraints__rosidl_typesupport_introspection_c.h
[9.175s] -- Installing: /home/habibahassan/project/install/moveit_msgs/include/moveit_msgs/moveit_msgs/msg/detail/motion_plan_request__type_support.c
[9.176s] -- Up-to-date: /home/habibahassan/project/install/moveit_msgs/include/moveit_msgs/moveit_msgs/msg/detail/move_it_error_codes__rosidl_typesupport_introspection_c.h
[9.176s] -- Up-to-date: /home/habibahassan/project/install/moveit_msgs/include/moveit_msgs/moveit_msgs/msg/detail/oriented_bounding_box__rosidl_typesupport_introspection_c.h
[9.176s] -- Installing: /home/habibahassan/project/install/moveit_msgs/include/moveit_msgs/moveit_msgs/msg/detail/planning_scene_world__type_support.c
[9.176s] -- Up-to-date: /home/habibahassan/project/install/moveit_msgs/include/moveit_msgs/moveit_msgs/msg/rosidl_typesupport_introspection_c__visibility_control.h
[9.176s] -- Up-to-date: /home/habibahassan/project/install/moveit_msgs/lib/libmoveit_msgs__rosidl_typesupport_introspection_c.so
[9.177s] -- Up-to-date: /home/habibahassan/project/install/moveit_msgs/lib/libmoveit_msgs__rosidl_typesupport_c.so
[9.177s] -- Up-to-date: /home/habibahassan/project/install/moveit_msgs/include/moveit_msgs/moveit_msgs
[9.177s] -- Up-to-date: /home/habibahassan/project/install/moveit_msgs/include/moveit_msgs/moveit_msgs/srv
[9.177s] -- Up-to-date: /home/habibahassan/project/install/moveit_msgs/include/moveit_msgs/moveit_msgs/srv/grasp_planning.hpp
[9.177s] -- Up-to-date: /home/habibahassan/project/install/moveit_msgs/include/moveit_msgs/moveit_msgs/srv/check_if_robot_state_exists_in_warehouse.hpp
[9.178s] -- Up-to-date: /home/habibahassan/project/install/moveit_msgs/include/moveit_msgs/moveit_msgs/srv/save_geometry_to_file.hpp
[9.178s] -- Up-to-date: /home/habibahassan/project/install/moveit_msgs/include/moveit_msgs/moveit_msgs/srv/get_planner_params.hpp
[9.178s] -- Up-to-date: /home/habibahassan/project/install/moveit_msgs/include/moveit_msgs/moveit_msgs/srv/get_robot_state_from_warehouse.hpp
[9.178s] -- Up-to-date: /home/habibahassan/project/install/moveit_msgs/include/moveit_msgs/moveit_msgs/srv/apply_planning_scene.hpp
[9.179s] -- Up-to-date: /home/habibahassan/project/install/moveit_msgs/include/moveit_msgs/moveit_msgs/srv/load_geometry_from_file.hpp
[9.179s] -- Up-to-date: /home/habibahassan/project/install/moveit_msgs/include/moveit_msgs/moveit_msgs/srv/get_motion_plan.hpp
[9.179s] -- Up-to-date: /home/habibahassan/project/install/moveit_msgs/include/moveit_msgs/moveit_msgs/srv/get_group_urdf.hpp
[9.179s] -- Up-to-date: /home/habibahassan/project/install/moveit_msgs/include/moveit_msgs/moveit_msgs/srv/save_map.hpp
[9.179s] -- Up-to-date: /home/habibahassan/project/install/moveit_msgs/include/moveit_msgs/moveit_msgs/srv/get_planning_scene.hpp
[9.179s] -- Up-to-date: /home/habibahassan/project/install/moveit_msgs/include/moveit_msgs/moveit_msgs/srv/load_map.hpp
[9.180s] -- Up-to-date: /home/habibahassan/project/install/moveit_msgs/include/moveit_msgs/moveit_msgs/srv/update_pointcloud_octomap.hpp
[9.180s] -- Up-to-date: /home/habibahassan/project/install/moveit_msgs/include/moveit_msgs/moveit_msgs/srv/servo_command_type.hpp
[9.180s] -- Up-to-date: /home/habibahassan/project/install/moveit_msgs/include/moveit_msgs/moveit_msgs/srv/get_state_validity.hpp
[9.181s] -- Up-to-date: /home/habibahassan/project/install/moveit_msgs/include/moveit_msgs/moveit_msgs/srv/get_position_fk.hpp
[9.181s] -- Up-to-date: /home/habibahassan/project/install/moveit_msgs/include/moveit_msgs/moveit_msgs/srv/get_cartesian_path.hpp
[9.181s] -- Up-to-date: /home/habibahassan/project/install/moveit_msgs/include/moveit_msgs/moveit_msgs/srv/save_robot_state_to_warehouse.hpp
[9.181s] -- Up-to-date: /home/habibahassan/project/install/moveit_msgs/include/moveit_msgs/moveit_msgs/srv/detail
[9.181s] -- Up-to-date: /home/habibahassan/project/install/moveit_msgs/include/moveit_msgs/moveit_msgs/srv/detail/get_motion_sequence__struct.hpp
[9.181s] -- Up-to-date: /home/habibahassan/project/install/moveit_msgs/include/moveit_msgs/moveit_msgs/srv/detail/get_state_validity__traits.hpp
[9.182s] -- Up-to-date: /home/habibahassan/project/install/moveit_msgs/include/moveit_msgs/moveit_msgs/srv/detail/get_robot_state_from_warehouse__traits.hpp
[9.182s] -- Up-to-date: /home/habibahassan/project/install/moveit_msgs/include/moveit_msgs/moveit_msgs/srv/detail/save_map__struct.hpp
[9.182s] -- Up-to-date: /home/habibahassan/project/install/moveit_msgs/include/moveit_msgs/moveit_msgs/srv/detail/apply_planning_scene__type_support.hpp
[9.182s] -- Up-to-date: /home/habibahassan/project/install/moveit_msgs/include/moveit_msgs/moveit_msgs/srv/detail/load_geometry_from_file__struct.hpp
[9.183s] -- Up-to-date: /home/habibahassan/project/install/moveit_msgs/include/moveit_msgs/moveit_msgs/srv/detail/get_motion_sequence__traits.hpp
[9.183s] -- Up-to-date: /home/habibahassan/project/install/moveit_msgs/include/moveit_msgs/moveit_msgs/srv/detail/grasp_planning__traits.hpp
[9.183s] -- Up-to-date: /home/habibahassan/project/install/moveit_msgs/include/moveit_msgs/moveit_msgs/srv/detail/list_robot_states_in_warehouse__builder.hpp
[9.183s] -- Up-to-date: /home/habibahassan/project/install/moveit_msgs/include/moveit_msgs/moveit_msgs/srv/detail/get_state_validity__type_support.hpp
[9.183s] -- Up-to-date: /home/habibahassan/project/install/moveit_msgs/include/moveit_msgs/moveit_msgs/srv/detail/set_planner_params__traits.hpp
[9.184s] -- Up-to-date: /home/habibahassan/project/install/moveit_msgs/include/moveit_msgs/moveit_msgs/srv/detail/get_cartesian_path__type_support.hpp
[9.184s] -- Up-to-date: /home/habibahassan/project/install/moveit_msgs/include/moveit_msgs/moveit_msgs/srv/detail/update_pointcloud_octomap__type_support.hpp
[9.185s] -- Up-to-date: /home/habibahassan/project/install/moveit_msgs/include/moveit_msgs/moveit_msgs/srv/detail/servo_command_type__traits.hpp
[9.185s] -- Up-to-date: /home/habibahassan/project/install/moveit_msgs/include/moveit_msgs/moveit_msgs/srv/detail/save_geometry_to_file__builder.hpp
[9.185s] -- Up-to-date: /home/habibahassan/project/install/moveit_msgs/include/moveit_msgs/moveit_msgs/srv/detail/delete_robot_state_from_warehouse__builder.hpp
[9.185s] -- Up-to-date: /home/habibahassan/project/install/moveit_msgs/include/moveit_msgs/moveit_msgs/srv/detail/servo_command_type__builder.hpp
[9.188s] -- Up-to-date: /home/habibahassan/project/install/moveit_msgs/include/moveit_msgs/moveit_msgs/srv/detail/get_group_urdf__type_support.hpp
[9.188s] -- Up-to-date: /home/habibahassan/project/install/moveit_msgs/include/moveit_msgs/moveit_msgs/srv/detail/update_pointcloud_octomap__traits.hpp
[9.188s] -- Up-to-date: /home/habibahassan/project/install/moveit_msgs/include/moveit_msgs/moveit_msgs/srv/detail/check_if_robot_state_exists_in_warehouse__struct.hpp
[9.188s] -- Up-to-date: /home/habibahassan/project/install/moveit_msgs/include/moveit_msgs/moveit_msgs/srv/detail/update_pointcloud_octomap__builder.hpp
[9.188s] -- Up-to-date: /home/habibahassan/project/install/moveit_msgs/include/moveit_msgs/moveit_msgs/srv/detail/get_state_validity__struct.hpp
[9.188s] -- Up-to-date: /home/habibahassan/project/install/moveit_msgs/include/moveit_msgs/moveit_msgs/srv/detail/get_position_ik__builder.hpp
[9.189s] -- Up-to-date: /home/habibahassan/project/install/moveit_msgs/include/moveit_msgs/moveit_msgs/srv/detail/query_planner_interfaces__struct.hpp
[9.189s] -- Up-to-date: /home/habibahassan/project/install/moveit_msgs/include/moveit_msgs/moveit_msgs/srv/detail/get_motion_sequence__builder.hpp
[9.189s] -- Up-to-date: /home/habibahassan/project/install/moveit_msgs/include/moveit_msgs/moveit_msgs/srv/detail/load_map__builder.hpp
[9.189s] -- Up-to-date: /home/habibahassan/project/install/moveit_msgs/include/moveit_msgs/moveit_msgs/srv/detail/delete_robot_state_from_warehouse__traits.hpp
[9.189s] -- Up-to-date: /home/habibahassan/project/install/moveit_msgs/include/moveit_msgs/moveit_msgs/srv/detail/get_motion_plan__struct.hpp
[9.189s] -- Up-to-date: /home/habibahassan/project/install/moveit_msgs/include/moveit_msgs/moveit_msgs/srv/detail/check_if_robot_state_exists_in_warehouse__type_support.hpp
[9.190s] -- Up-to-date: /home/habibahassan/project/install/moveit_msgs/include/moveit_msgs/moveit_msgs/srv/detail/get_position_fk__traits.hpp
[9.190s] -- Up-to-date: /home/habibahassan/project/install/moveit_msgs/include/moveit_msgs/moveit_msgs/srv/detail/get_planner_params__struct.hpp
[9.216s] -- Up-to-date: /home/habibahassan/project/install/moveit_msgs/include/moveit_msgs/moveit_msgs/srv/detail/grasp_planning__builder.hpp
[9.216s] -- Up-to-date: /home/habibahassan/project/install/moveit_msgs/include/moveit_msgs/moveit_msgs/srv/detail/save_map__builder.hpp
[9.216s] -- Up-to-date: /home/habibahassan/project/install/moveit_msgs/include/moveit_msgs/moveit_msgs/srv/detail/get_motion_sequence__type_support.hpp
[9.217s] -- Up-to-date: /home/habibahassan/project/install/moveit_msgs/include/moveit_msgs/moveit_msgs/srv/detail/get_position_fk__builder.hpp
[9.217s] -- Up-to-date: /home/habibahassan/project/install/moveit_msgs/include/moveit_msgs/moveit_msgs/srv/detail/grasp_planning__type_support.hpp
[9.220s] -- Up-to-date: /home/habibahassan/project/install/moveit_msgs/include/moveit_msgs/moveit_msgs/srv/detail/get_planning_scene__builder.hpp
[9.221s] -- Up-to-date: /home/habibahassan/project/install/moveit_msgs/include/moveit_msgs/moveit_msgs/srv/detail/get_group_urdf__struct.hpp
[9.221s] -- Up-to-date: /home/habibahassan/project/install/moveit_msgs/include/moveit_msgs/moveit_msgs/srv/detail/get_cartesian_path__struct.hpp
[9.221s] -- Up-to-date: /home/habibahassan/project/install/moveit_msgs/include/moveit_msgs/moveit_msgs/srv/detail/load_geometry_from_file__builder.hpp
[9.221s] -- Up-to-date: /home/habibahassan/project/install/moveit_msgs/include/moveit_msgs/moveit_msgs/srv/detail/load_map__type_support.hpp
[9.221s] -- Up-to-date: /home/habibahassan/project/install/moveit_msgs/include/moveit_msgs/moveit_msgs/srv/detail/save_robot_state_to_warehouse__struct.hpp
[9.222s] -- Up-to-date: /home/habibahassan/project/install/moveit_msgs/include/moveit_msgs/moveit_msgs/srv/detail/get_position_fk__type_support.hpp
[9.223s] -- Up-to-date: /home/habibahassan/project/install/moveit_msgs/include/moveit_msgs/moveit_msgs/srv/detail/load_map__struct.hpp
[9.223s] -- Up-to-date: /home/habibahassan/project/install/moveit_msgs/include/moveit_msgs/moveit_msgs/srv/detail/load_map__traits.hpp
[9.223s] -- Up-to-date: /home/habibahassan/project/install/moveit_msgs/include/moveit_msgs/moveit_msgs/srv/detail/set_planner_params__builder.hpp
[9.223s] -- Up-to-date: /home/habibahassan/project/install/moveit_msgs/include/moveit_msgs/moveit_msgs/srv/detail/load_geometry_from_file__type_support.hpp
[9.224s] -- Up-to-date: /home/habibahassan/project/install/moveit_msgs/include/moveit_msgs/moveit_msgs/srv/detail/query_planner_interfaces__traits.hpp
[9.224s] -- Up-to-date: /home/habibahassan/project/install/moveit_msgs/include/moveit_msgs/moveit_msgs/srv/detail/rename_robot_state_in_warehouse__builder.hpp
[9.224s] -- Up-to-date: /home/habibahassan/project/install/moveit_msgs/include/moveit_msgs/moveit_msgs/srv/detail/get_group_urdf__traits.hpp
[9.225s] -- Up-to-date: /home/habibahassan/project/install/moveit_msgs/include/moveit_msgs/moveit_msgs/srv/detail/get_position_fk__struct.hpp
[9.225s] -- Up-to-date: /home/habibahassan/project/install/moveit_msgs/include/moveit_msgs/moveit_msgs/srv/detail/apply_planning_scene__struct.hpp
[9.225s] -- Up-to-date: /home/habibahassan/project/install/moveit_msgs/include/moveit_msgs/moveit_msgs/srv/detail/get_planner_params__traits.hpp
[9.225s] -- Up-to-date: /home/habibahassan/project/install/moveit_msgs/include/moveit_msgs/moveit_msgs/srv/detail/get_planner_params__builder.hpp
[9.225s] -- Up-to-date: /home/habibahassan/project/install/moveit_msgs/include/moveit_msgs/moveit_msgs/srv/detail/grasp_planning__struct.hpp
[9.226s] -- Up-to-date: /home/habibahassan/project/install/moveit_msgs/include/moveit_msgs/moveit_msgs/srv/detail/get_robot_state_from_warehouse__builder.hpp
[9.226s] -- Up-to-date: /home/habibahassan/project/install/moveit_msgs/include/moveit_msgs/moveit_msgs/srv/detail/get_group_urdf__builder.hpp
[9.226s] -- Up-to-date: /home/habibahassan/project/install/moveit_msgs/include/moveit_msgs/moveit_msgs/srv/detail/check_if_robot_state_exists_in_warehouse__builder.hpp
[9.226s] -- Up-to-date: /home/habibahassan/project/install/moveit_msgs/include/moveit_msgs/moveit_msgs/srv/detail/get_planning_scene__traits.hpp
[9.227s] -- Up-to-date: /home/habibahassan/project/install/moveit_msgs/include/moveit_msgs/moveit_msgs/srv/detail/apply_planning_scene__builder.hpp
[9.227s] -- Up-to-date: /home/habibahassan/project/install/moveit_msgs/include/moveit_msgs/moveit_msgs/srv/detail/apply_planning_scene__traits.hpp
[9.228s] -- Up-to-date: /home/habibahassan/project/install/moveit_msgs/include/moveit_msgs/moveit_msgs/srv/detail/get_position_ik__struct.hpp
[9.229s] -- Up-to-date: /home/habibahassan/project/install/moveit_msgs/include/moveit_msgs/moveit_msgs/srv/detail/save_map__traits.hpp
[9.229s] -- Up-to-date: /home/habibahassan/project/install/moveit_msgs/include/moveit_msgs/moveit_msgs/srv/detail/get_robot_state_from_warehouse__type_support.hpp
[9.230s] -- Up-to-date: /home/habibahassan/project/install/moveit_msgs/include/moveit_msgs/moveit_msgs/srv/detail/get_cartesian_path__traits.hpp
[9.230s] -- Up-to-date: /home/habibahassan/project/install/moveit_msgs/include/moveit_msgs/moveit_msgs/srv/detail/delete_robot_state_from_warehouse__type_support.hpp
[9.230s] -- Up-to-date: /home/habibahassan/project/install/moveit_msgs/include/moveit_msgs/moveit_msgs/srv/detail/get_robot_state_from_warehouse__struct.hpp
[9.242s] -- Up-to-date: /home/habibahassan/project/install/moveit_msgs/include/moveit_msgs/moveit_msgs/srv/detail/query_planner_interfaces__builder.hpp
[9.243s] -- Up-to-date: /home/habibahassan/project/install/moveit_msgs/include/moveit_msgs/moveit_msgs/srv/detail/save_robot_state_to_warehouse__traits.hpp
[9.243s] -- Up-to-date: /home/habibahassan/project/install/moveit_msgs/include/moveit_msgs/moveit_msgs/srv/detail/get_cartesian_path__builder.hpp
[9.243s] -- Up-to-date: /home/habibahassan/project/install/moveit_msgs/include/moveit_msgs/moveit_msgs/srv/detail/check_if_robot_state_exists_in_warehouse__traits.hpp
[9.244s] -- Up-to-date: /home/habibahassan/project/install/moveit_msgs/include/moveit_msgs/moveit_msgs/srv/detail/save_geometry_to_file__type_support.hpp
[9.244s] -- Up-to-date: /home/habibahassan/project/install/moveit_msgs/include/moveit_msgs/moveit_msgs/srv/detail/save_geometry_to_file__struct.hpp
[9.244s] -- Up-to-date: /home/habibahassan/project/install/moveit_msgs/include/moveit_msgs/moveit_msgs/srv/detail/update_pointcloud_octomap__struct.hpp
[9.244s] -- Up-to-date: /home/habibahassan/project/install/moveit_msgs/include/moveit_msgs/moveit_msgs/srv/detail/save_robot_state_to_warehouse__builder.hpp
[9.245s] -- Up-to-date: /home/habibahassan/project/install/moveit_msgs/include/moveit_msgs/moveit_msgs/srv/detail/list_robot_states_in_warehouse__struct.hpp
[9.245s] -- Up-to-date: /home/habibahassan/project/install/moveit_msgs/include/moveit_msgs/moveit_msgs/srv/detail/rename_robot_state_in_warehouse__traits.hpp
[9.245s] -- Up-to-date: /home/habibahassan/project/install/moveit_msgs/include/moveit_msgs/moveit_msgs/srv/detail/get_motion_plan__builder.hpp
[9.246s] -- Up-to-date: /home/habibahassan/project/install/moveit_msgs/include/moveit_msgs/moveit_msgs/srv/detail/set_planner_params__type_support.hpp
[9.246s] -- Up-to-date: /home/habibahassan/project/install/moveit_msgs/include/moveit_msgs/moveit_msgs/srv/detail/servo_command_type__type_support.hpp
[9.246s] -- Up-to-date: /home/habibahassan/project/install/moveit_msgs/include/moveit_msgs/moveit_msgs/srv/detail/get_position_ik__traits.hpp
[9.246s] -- Up-to-date: /home/habibahassan/project/install/moveit_msgs/include/moveit_msgs/moveit_msgs/srv/detail/list_robot_states_in_warehouse__traits.hpp
[9.246s] -- Up-to-date: /home/habibahassan/project/install/moveit_msgs/include/moveit_msgs/moveit_msgs/srv/detail/delete_robot_state_from_warehouse__struct.hpp
[9.247s] -- Up-to-date: /home/habibahassan/project/install/moveit_msgs/include/moveit_msgs/moveit_msgs/srv/detail/load_geometry_from_file__traits.hpp
[9.247s] -- Up-to-date: /home/habibahassan/project/install/moveit_msgs/include/moveit_msgs/moveit_msgs/srv/detail/servo_command_type__struct.hpp
[9.247s] -- Up-to-date: /home/habibahassan/project/install/moveit_msgs/include/moveit_msgs/moveit_msgs/srv/detail/get_planning_scene__struct.hpp
[9.248s] -- Up-to-date: /home/habibahassan/project/install/moveit_msgs/include/moveit_msgs/moveit_msgs/srv/detail/set_planner_params__struct.hpp
[9.248s] -- Up-to-date: /home/habibahassan/project/install/moveit_msgs/include/moveit_msgs/moveit_msgs/srv/detail/get_state_validity__builder.hpp
[9.248s] -- Up-to-date: /home/habibahassan/project/install/moveit_msgs/include/moveit_msgs/moveit_msgs/srv/detail/rename_robot_state_in_warehouse__type_support.hpp
[9.248s] -- Up-to-date: /home/habibahassan/project/install/moveit_msgs/include/moveit_msgs/moveit_msgs/srv/detail/get_planning_scene__type_support.hpp
[9.249s] -- Up-to-date: /home/habibahassan/project/install/moveit_msgs/include/moveit_msgs/moveit_msgs/srv/detail/get_motion_plan__traits.hpp
[9.249s] -- Up-to-date: /home/habibahassan/project/install/moveit_msgs/include/moveit_msgs/moveit_msgs/srv/detail/get_motion_plan__type_support.hpp
[9.249s] -- Up-to-date: /home/habibahassan/project/install/moveit_msgs/include/moveit_msgs/moveit_msgs/srv/detail/get_planner_params__type_support.hpp
[9.281s] -- Up-to-date: /home/habibahassan/project/install/moveit_msgs/include/moveit_msgs/moveit_msgs/srv/detail/save_robot_state_to_warehouse__type_support.hpp
[9.282s] -- Up-to-date: /home/habibahassan/project/install/moveit_msgs/include/moveit_msgs/moveit_msgs/srv/detail/rename_robot_state_in_warehouse__struct.hpp
[9.283s] -- Up-to-date: /home/habibahassan/project/install/moveit_msgs/include/moveit_msgs/moveit_msgs/srv/detail/query_planner_interfaces__type_support.hpp
[9.283s] -- Up-to-date: /home/habibahassan/project/install/moveit_msgs/include/moveit_msgs/moveit_msgs/srv/detail/save_map__type_support.hpp
[9.284s] -- Up-to-date: /home/habibahassan/project/install/moveit_msgs/include/moveit_msgs/moveit_msgs/srv/detail/save_geometry_to_file__traits.hpp
[9.284s] -- Up-to-date: /home/habibahassan/project/install/moveit_msgs/include/moveit_msgs/moveit_msgs/srv/detail/list_robot_states_in_warehouse__type_support.hpp
[9.285s] -- Up-to-date: /home/habibahassan/project/install/moveit_msgs/include/moveit_msgs/moveit_msgs/srv/detail/get_position_ik__type_support.hpp
[9.285s] -- Up-to-date: /home/habibahassan/project/install/moveit_msgs/include/moveit_msgs/moveit_msgs/srv/list_robot_states_in_warehouse.hpp
[9.285s] -- Up-to-date: /home/habibahassan/project/install/moveit_msgs/include/moveit_msgs/moveit_msgs/srv/rename_robot_state_in_warehouse.hpp
[9.285s] -- Up-to-date: /home/habibahassan/project/install/moveit_msgs/include/moveit_msgs/moveit_msgs/srv/get_position_ik.hpp
[9.285s] -- Up-to-date: /home/habibahassan/project/install/moveit_msgs/include/moveit_msgs/moveit_msgs/srv/query_planner_interfaces.hpp
[9.286s] -- Up-to-date: /home/habibahassan/project/install/moveit_msgs/include/moveit_msgs/moveit_msgs/srv/delete_robot_state_from_warehouse.hpp
[9.287s] -- Up-to-date: /home/habibahassan/project/install/moveit_msgs/include/moveit_msgs/moveit_msgs/srv/set_planner_params.hpp
[9.288s] -- Up-to-date: /home/habibahassan/project/install/moveit_msgs/include/moveit_msgs/moveit_msgs/srv/get_motion_sequence.hpp
[9.288s] -- Up-to-date: /home/habibahassan/project/install/moveit_msgs/include/moveit_msgs/moveit_msgs/action
[9.293s] -- Up-to-date: /home/habibahassan/project/install/moveit_msgs/include/moveit_msgs/moveit_msgs/action/global_planner.hpp
[9.302s] -- Up-to-date: /home/habibahassan/project/install/moveit_msgs/include/moveit_msgs/moveit_msgs/action/place.hpp
[9.302s] -- Up-to-date: /home/habibahassan/project/install/moveit_msgs/include/moveit_msgs/moveit_msgs/action/local_planner.hpp
[9.302s] -- Up-to-date: /home/habibahassan/project/install/moveit_msgs/include/moveit_msgs/moveit_msgs/action/hybrid_planner.hpp
[9.303s] -- Up-to-date: /home/habibahassan/project/install/moveit_msgs/include/moveit_msgs/moveit_msgs/action/move_group.hpp
[9.303s] -- Up-to-date: /home/habibahassan/project/install/moveit_msgs/include/moveit_msgs/moveit_msgs/action/execute_trajectory.hpp
[9.303s] -- Up-to-date: /home/habibahassan/project/install/moveit_msgs/include/moveit_msgs/moveit_msgs/action/pickup.hpp
[9.303s] -- Up-to-date: /home/habibahassan/project/install/moveit_msgs/include/moveit_msgs/moveit_msgs/action/detail
[9.304s] -- Up-to-date: /home/habibahassan/project/install/moveit_msgs/include/moveit_msgs/moveit_msgs/action/detail/place__struct.hpp
[9.304s] -- Up-to-date: /home/habibahassan/project/install/moveit_msgs/include/moveit_msgs/moveit_msgs/action/detail/move_group_sequence__builder.hpp
[9.304s] -- Up-to-date: /home/habibahassan/project/install/moveit_msgs/include/moveit_msgs/moveit_msgs/action/detail/hybrid_planner__builder.hpp
[9.305s] -- Up-to-date: /home/habibahassan/project/install/moveit_msgs/include/moveit_msgs/moveit_msgs/action/detail/move_group_sequence__traits.hpp
[9.305s] -- Up-to-date: /home/habibahassan/project/install/moveit_msgs/include/moveit_msgs/moveit_msgs/action/detail/execute_trajectory__builder.hpp
[9.305s] -- Up-to-date: /home/habibahassan/project/install/moveit_msgs/include/moveit_msgs/moveit_msgs/action/detail/global_planner__builder.hpp
[9.305s] -- Up-to-date: /home/habibahassan/project/install/moveit_msgs/include/moveit_msgs/moveit_msgs/action/detail/local_planner__builder.hpp
[9.306s] -- Up-to-date: /home/habibahassan/project/install/moveit_msgs/include/moveit_msgs/moveit_msgs/action/detail/pickup__traits.hpp
[9.306s] -- Up-to-date: /home/habibahassan/project/install/moveit_msgs/include/moveit_msgs/moveit_msgs/action/detail/move_group__traits.hpp
[9.306s] -- Up-to-date: /home/habibahassan/project/install/moveit_msgs/include/moveit_msgs/moveit_msgs/action/detail/place__builder.hpp
[9.307s] -- Up-to-date: /home/habibahassan/project/install/moveit_msgs/include/moveit_msgs/moveit_msgs/action/detail/move_group__type_support.hpp
[9.307s] -- Up-to-date: /home/habibahassan/project/install/moveit_msgs/include/moveit_msgs/moveit_msgs/action/detail/place__traits.hpp
[9.307s] -- Up-to-date: /home/habibahassan/project/install/moveit_msgs/include/moveit_msgs/moveit_msgs/action/detail/pickup__type_support.hpp
[9.307s] -- Up-to-date: /home/habibahassan/project/install/moveit_msgs/include/moveit_msgs/moveit_msgs/action/detail/pickup__builder.hpp
[9.307s] -- Up-to-date: /home/habibahassan/project/install/moveit_msgs/include/moveit_msgs/moveit_msgs/action/detail/execute_trajectory__traits.hpp
[9.308s] -- Up-to-date: /home/habibahassan/project/install/moveit_msgs/include/moveit_msgs/moveit_msgs/action/detail/hybrid_planner__type_support.hpp
[9.308s] -- Up-to-date: /home/habibahassan/project/install/moveit_msgs/include/moveit_msgs/moveit_msgs/action/detail/hybrid_planner__struct.hpp
[9.308s] -- Up-to-date: /home/habibahassan/project/install/moveit_msgs/include/moveit_msgs/moveit_msgs/action/detail/pickup__struct.hpp
[9.309s] -- Up-to-date: /home/habibahassan/project/install/moveit_msgs/include/moveit_msgs/moveit_msgs/action/detail/global_planner__struct.hpp
[9.309s] -- Up-to-date: /home/habibahassan/project/install/moveit_msgs/include/moveit_msgs/moveit_msgs/action/detail/move_group__builder.hpp
[9.309s] -- Up-to-date: /home/habibahassan/project/install/moveit_msgs/include/moveit_msgs/moveit_msgs/action/detail/move_group_sequence__struct.hpp
[9.318s] -- Up-to-date: /home/habibahassan/project/install/moveit_msgs/include/moveit_msgs/moveit_msgs/action/detail/hybrid_planner__traits.hpp
[9.321s] -- Up-to-date: /home/habibahassan/project/install/moveit_msgs/include/moveit_msgs/moveit_msgs/action/detail/local_planner__struct.hpp
[9.322s] -- Up-to-date: /home/habibahassan/project/install/moveit_msgs/include/moveit_msgs/moveit_msgs/action/detail/execute_trajectory__struct.hpp
[9.322s] -- Up-to-date: /home/habibahassan/project/install/moveit_msgs/include/moveit_msgs/moveit_msgs/action/detail/local_planner__type_support.hpp
[9.323s] -- Up-to-date: /home/habibahassan/project/install/moveit_msgs/include/moveit_msgs/moveit_msgs/action/detail/global_planner__type_support.hpp
[9.324s] -- Up-to-date: /home/habibahassan/project/install/moveit_msgs/include/moveit_msgs/moveit_msgs/action/detail/execute_trajectory__type_support.hpp
[9.325s] -- Up-to-date: /home/habibahassan/project/install/moveit_msgs/include/moveit_msgs/moveit_msgs/action/detail/local_planner__traits.hpp
[9.325s] -- Up-to-date: /home/habibahassan/project/install/moveit_msgs/include/moveit_msgs/moveit_msgs/action/detail/place__type_support.hpp
[9.325s] -- Up-to-date: /home/habibahassan/project/install/moveit_msgs/include/moveit_msgs/moveit_msgs/action/detail/global_planner__traits.hpp
[9.326s] -- Up-to-date: /home/habibahassan/project/install/moveit_msgs/include/moveit_msgs/moveit_msgs/action/detail/move_group_sequence__type_support.hpp
[9.326s] -- Up-to-date: /home/habibahassan/project/install/moveit_msgs/include/moveit_msgs/moveit_msgs/action/detail/move_group__struct.hpp
[9.326s] -- Up-to-date: /home/habibahassan/project/install/moveit_msgs/include/moveit_msgs/moveit_msgs/action/move_group_sequence.hpp
[9.327s] -- Up-to-date: /home/habibahassan/project/install/moveit_msgs/include/moveit_msgs/moveit_msgs/msg
[9.327s] -- Up-to-date: /home/habibahassan/project/install/moveit_msgs/include/moveit_msgs/moveit_msgs/msg/motion_plan_detailed_response.hpp
[9.328s] -- Up-to-date: /home/habibahassan/project/install/moveit_msgs/include/moveit_msgs/moveit_msgs/msg/robot_trajectory.hpp
[9.328s] -- Up-to-date: /home/habibahassan/project/install/moveit_msgs/include/moveit_msgs/moveit_msgs/msg/cartesian_trajectory_point.hpp
[9.328s] -- Up-to-date: /home/habibahassan/project/install/moveit_msgs/include/moveit_msgs/moveit_msgs/msg/collision_object.hpp
[9.328s] -- Up-to-date: /home/habibahassan/project/install/moveit_msgs/include/moveit_msgs/moveit_msgs/msg/position_ik_request.hpp
[9.330s] -- Up-to-date: /home/habibahassan/project/install/moveit_msgs/include/moveit_msgs/moveit_msgs/msg/contact_information.hpp
[9.330s] -- Up-to-date: /home/habibahassan/project/install/moveit_msgs/include/moveit_msgs/moveit_msgs/msg/visibility_constraint.hpp
[9.330s] -- Up-to-date: /home/habibahassan/project/install/moveit_msgs/include/moveit_msgs/moveit_msgs/msg/kinematic_solver_info.hpp
[9.331s] -- Up-to-date: /home/habibahassan/project/install/moveit_msgs/include/moveit_msgs/moveit_msgs/msg/generic_trajectory.hpp
[9.331s] -- Up-to-date: /home/habibahassan/project/install/moveit_msgs/include/moveit_msgs/moveit_msgs/msg/grasp.hpp
[9.331s] -- Up-to-date: /home/habibahassan/project/install/moveit_msgs/include/moveit_msgs/moveit_msgs/msg/planning_scene.hpp
[9.331s] -- Up-to-date: /home/habibahassan/project/install/moveit_msgs/include/moveit_msgs/moveit_msgs/msg/gripper_translation.hpp
[9.331s] -- Up-to-date: /home/habibahassan/project/install/moveit_msgs/include/moveit_msgs/moveit_msgs/msg/joint_limits.hpp
[9.331s] -- Up-to-date: /home/habibahassan/project/install/moveit_msgs/include/moveit_msgs/moveit_msgs/msg/cartesian_point.hpp
[9.332s] -- Up-to-date: /home/habibahassan/project/install/moveit_msgs/include/moveit_msgs/moveit_msgs/msg/attached_collision_object.hpp
[9.332s] -- Up-to-date: /home/habibahassan/project/install/moveit_msgs/include/moveit_msgs/moveit_msgs/msg/planner_params.hpp
[9.332s] -- Up-to-date: /home/habibahassan/project/install/moveit_msgs/include/moveit_msgs/moveit_msgs/msg/display_robot_state.hpp
[9.333s] -- Up-to-date: /home/habibahassan/project/install/moveit_msgs/include/moveit_msgs/moveit_msgs/msg/constraints.hpp
[9.333s] -- Up-to-date: /home/habibahassan/project/install/moveit_msgs/include/moveit_msgs/moveit_msgs/msg/move_it_error_codes.hpp
[9.333s] -- Up-to-date: /home/habibahassan/project/install/moveit_msgs/include/moveit_msgs/moveit_msgs/msg/display_trajectory.hpp
[9.333s] -- Up-to-date: /home/habibahassan/project/install/moveit_msgs/include/moveit_msgs/moveit_msgs/msg/joint_constraint.hpp
[9.334s] -- Up-to-date: /home/habibahassan/project/install/moveit_msgs/include/moveit_msgs/moveit_msgs/msg/planning_scene_components.hpp
[9.334s] -- Up-to-date: /home/habibahassan/project/install/moveit_msgs/include/moveit_msgs/moveit_msgs/msg/link_scale.hpp
[9.336s] -- Up-to-date: /home/habibahassan/project/install/moveit_msgs/include/moveit_msgs/moveit_msgs/msg/planner_interface_description.hpp
[9.336s] -- Up-to-date: /home/habibahassan/project/install/moveit_msgs/include/moveit_msgs/moveit_msgs/msg/servo_status.hpp
[9.337s] -- Up-to-date: /home/habibahassan/project/install/moveit_msgs/include/moveit_msgs/moveit_msgs/msg/motion_sequence_response.hpp
[9.337s] -- Up-to-date: /home/habibahassan/project/install/moveit_msgs/include/moveit_msgs/moveit_msgs/msg/allowed_collision_entry.hpp
[9.338s] -- Up-to-date: /home/habibahassan/project/install/moveit_msgs/include/moveit_msgs/moveit_msgs/msg/orientation_constraint.hpp
[9.338s] -- Up-to-date: /home/habibahassan/project/install/moveit_msgs/include/moveit_msgs/moveit_msgs/msg/cost_source.hpp
[9.338s] -- Up-to-date: /home/habibahassan/project/install/moveit_msgs/include/moveit_msgs/moveit_msgs/msg/rosidl_generator_cpp__visibility_control.hpp
[9.339s] -- Up-to-date: /home/habibahassan/project/install/moveit_msgs/include/moveit_msgs/moveit_msgs/msg/detail
[9.339s] -- Up-to-date: /home/habibahassan/project/install/moveit_msgs/include/moveit_msgs/moveit_msgs/msg/detail/joint_limits__struct.hpp
[9.339s] -- Up-to-date: /home/habibahassan/project/install/moveit_msgs/include/moveit_msgs/moveit_msgs/msg/detail/constraint_eval_result__builder.hpp
[9.339s] -- Up-to-date: /home/habibahassan/project/install/moveit_msgs/include/moveit_msgs/moveit_msgs/msg/detail/place_location__builder.hpp
[9.339s] -- Up-to-date: /home/habibahassan/project/install/moveit_msgs/include/moveit_msgs/moveit_msgs/msg/detail/joint_limits__builder.hpp
[9.339s] -- Up-to-date: /home/habibahassan/project/install/moveit_msgs/include/moveit_msgs/moveit_msgs/msg/detail/motion_sequence_request__traits.hpp
[9.340s] -- Up-to-date: /home/habibahassan/project/install/moveit_msgs/include/moveit_msgs/moveit_msgs/msg/detail/gripper_translation__builder.hpp
[9.340s] -- Up-to-date: /home/habibahassan/project/install/moveit_msgs/include/moveit_msgs/moveit_msgs/msg/detail/joint_limits__type_support.hpp
[9.340s] -- Up-to-date: /home/habibahassan/project/install/moveit_msgs/include/moveit_msgs/moveit_msgs/msg/detail/planning_options__traits.hpp
[9.340s] -- Up-to-date: /home/habibahassan/project/install/moveit_msgs/include/moveit_msgs/moveit_msgs/msg/detail/planner_interface_description__type_support.hpp
[9.340s] -- Up-to-date: /home/habibahassan/project/install/moveit_msgs/include/moveit_msgs/moveit_msgs/msg/detail/allowed_collision_entry__type_support.hpp
[9.341s] -- Up-to-date: /home/habibahassan/project/install/moveit_msgs/include/moveit_msgs/moveit_msgs/msg/detail/orientation_constraint__builder.hpp
[9.341s] -- Up-to-date: /home/habibahassan/project/install/moveit_msgs/include/moveit_msgs/moveit_msgs/msg/detail/position_ik_request__builder.hpp
[9.341s] -- Up-to-date: /home/habibahassan/project/install/moveit_msgs/include/moveit_msgs/moveit_msgs/msg/detail/grasp__type_support.hpp
[9.341s] -- Up-to-date: /home/habibahassan/project/install/moveit_msgs/include/moveit_msgs/moveit_msgs/msg/detail/display_trajectory__traits.hpp
[9.341s] -- Up-to-date: /home/habibahassan/project/install/moveit_msgs/include/moveit_msgs/moveit_msgs/msg/detail/planner_params__type_support.hpp
[9.342s] -- Up-to-date: /home/habibahassan/project/install/moveit_msgs/include/moveit_msgs/moveit_msgs/msg/detail/move_it_error_codes__builder.hpp
[9.342s] -- Up-to-date: /home/habibahassan/project/install/moveit_msgs/include/moveit_msgs/moveit_msgs/msg/detail/grasp__struct.hpp
[9.342s] -- Up-to-date: /home/habibahassan/project/install/moveit_msgs/include/moveit_msgs/moveit_msgs/msg/detail/display_trajectory__builder.hpp
[9.342s] -- Up-to-date: /home/habibahassan/project/install/moveit_msgs/include/moveit_msgs/moveit_msgs/msg/detail/generic_trajectory__traits.hpp
[9.342s] -- Up-to-date: /home/habibahassan/project/install/moveit_msgs/include/moveit_msgs/moveit_msgs/msg/detail/motion_plan_request__builder.hpp
[9.354s] -- Up-to-date: /home/habibahassan/project/install/moveit_msgs/include/moveit_msgs/moveit_msgs/msg/detail/link_padding__traits.hpp
[9.358s] -- Up-to-date: /home/habibahassan/project/install/moveit_msgs/include/moveit_msgs/moveit_msgs/msg/detail/planner_interface_description__traits.hpp
[9.358s] -- Up-to-date: /home/habibahassan/project/install/moveit_msgs/include/moveit_msgs/moveit_msgs/msg/detail/workspace_parameters__type_support.hpp
[9.358s] -- Up-to-date: /home/habibahassan/project/install/moveit_msgs/include/moveit_msgs/moveit_msgs/msg/detail/collision_object__builder.hpp
[9.358s] -- Up-to-date: /home/habibahassan/project/install/moveit_msgs/include/moveit_msgs/moveit_msgs/msg/detail/robot_state__type_support.hpp
[9.359s] -- Up-to-date: /home/habibahassan/project/install/moveit_msgs/include/moveit_msgs/moveit_msgs/msg/detail/robot_state__struct.hpp
[9.359s] -- Up-to-date: /home/habibahassan/project/install/moveit_msgs/include/moveit_msgs/moveit_msgs/msg/detail/object_color__type_support.hpp
[9.359s] -- Up-to-date: /home/habibahassan/project/install/moveit_msgs/include/moveit_msgs/moveit_msgs/msg/detail/motion_sequence_request__builder.hpp
[9.359s] -- Up-to-date: /home/habibahassan/project/install/moveit_msgs/include/moveit_msgs/moveit_msgs/msg/detail/link_padding__struct.hpp
[9.359s] -- Up-to-date: /home/habibahassan/project/install/moveit_msgs/include/moveit_msgs/moveit_msgs/msg/detail/planning_scene_world__builder.hpp
[9.366s] -- Up-to-date: /home/habibahassan/project/install/moveit_msgs/include/moveit_msgs/moveit_msgs/msg/detail/planning_scene__traits.hpp
[9.372s] -- Up-to-date: /home/habibahassan/project/install/moveit_msgs/include/moveit_msgs/moveit_msgs/msg/detail/motion_plan_detailed_response__traits.hpp
[9.372s] -- Up-to-date: /home/habibahassan/project/install/moveit_msgs/include/moveit_msgs/moveit_msgs/msg/detail/planning_options__type_support.hpp
[9.372s] -- Up-to-date: /home/habibahassan/project/install/moveit_msgs/include/moveit_msgs/moveit_msgs/msg/detail/cartesian_trajectory__type_support.hpp
[9.373s] -- Up-to-date: /home/habibahassan/project/install/moveit_msgs/include/moveit_msgs/moveit_msgs/msg/detail/trajectory_constraints__builder.hpp
[9.373s] -- Up-to-date: /home/habibahassan/project/install/moveit_msgs/include/moveit_msgs/moveit_msgs/msg/detail/robot_trajectory__struct.hpp
[9.373s] -- Up-to-date: /home/habibahassan/project/install/moveit_msgs/include/moveit_msgs/moveit_msgs/msg/detail/motion_plan_response__type_support.hpp
[9.373s] -- Up-to-date: /home/habibahassan/project/install/moveit_msgs/include/moveit_msgs/moveit_msgs/msg/detail/collision_object__traits.hpp
[9.374s] -- Up-to-date: /home/habibahassan/project/install/moveit_msgs/include/moveit_msgs/moveit_msgs/msg/detail/planning_scene_world__struct.hpp
[9.374s] -- Up-to-date: /home/habibahassan/project/install/moveit_msgs/include/moveit_msgs/moveit_msgs/msg/detail/allowed_collision_matrix__builder.hpp
[9.374s] -- Up-to-date: /home/habibahassan/project/install/moveit_msgs/include/moveit_msgs/moveit_msgs/msg/detail/orientation_constraint__struct.hpp
[9.375s] -- Up-to-date: /home/habibahassan/project/install/moveit_msgs/include/moveit_msgs/moveit_msgs/msg/detail/robot_state__builder.hpp
[9.415s] -- Up-to-date: /home/habibahassan/project/install/moveit_msgs/include/moveit_msgs/moveit_msgs/msg/detail/oriented_bounding_box__builder.hpp
[9.415s] -- Up-to-date: /home/habibahassan/project/install/moveit_msgs/include/moveit_msgs/moveit_msgs/msg/detail/link_scale__type_support.hpp
[9.415s] -- Up-to-date: /home/habibahassan/project/install/moveit_msgs/include/moveit_msgs/moveit_msgs/msg/detail/planning_scene__type_support.hpp
[9.416s] -- Up-to-date: /home/habibahassan/project/install/moveit_msgs/include/moveit_msgs/moveit_msgs/msg/detail/attached_collision_object__traits.hpp
[9.416s] -- Up-to-date: /home/habibahassan/project/install/moveit_msgs/include/moveit_msgs/moveit_msgs/msg/detail/planning_scene_components__traits.hpp
[9.416s] -- Up-to-date: /home/habibahassan/project/install/moveit_msgs/include/moveit_msgs/moveit_msgs/msg/detail/cartesian_trajectory__traits.hpp
[9.416s] -- Up-to-date: /home/habibahassan/project/install/moveit_msgs/include/moveit_msgs/moveit_msgs/msg/detail/cartesian_trajectory_point__type_support.hpp
[9.417s] -- Up-to-date: /home/habibahassan/project/install/moveit_msgs/include/moveit_msgs/moveit_msgs/msg/detail/motion_plan_request__type_support.hpp
[9.417s] -- Up-to-date: /home/habibahassan/project/install/moveit_msgs/include/moveit_msgs/moveit_msgs/msg/detail/oriented_bounding_box__traits.hpp
[9.417s] -- Up-to-date: /home/habibahassan/project/install/moveit_msgs/include/moveit_msgs/moveit_msgs/msg/detail/motion_plan_detailed_response__type_support.hpp
[9.417s] -- Up-to-date: /home/habibahassan/project/install/moveit_msgs/include/moveit_msgs/moveit_msgs/msg/detail/trajectory_constraints__type_support.hpp
[9.417s] -- Up-to-date: /home/habibahassan/project/install/moveit_msgs/include/moveit_msgs/moveit_msgs/msg/detail/move_it_error_codes__traits.hpp
[9.418s] -- Up-to-date: /home/habibahassan/project/install/moveit_msgs/include/moveit_msgs/moveit_msgs/msg/detail/cost_source__traits.hpp
[9.418s] -- Up-to-date: /home/habibahassan/project/install/moveit_msgs/include/moveit_msgs/moveit_msgs/msg/detail/generic_trajectory__builder.hpp
[9.418s] -- Up-to-date: /home/habibahassan/project/install/moveit_msgs/include/moveit_msgs/moveit_msgs/msg/detail/allowed_collision_matrix__type_support.hpp
[9.418s] -- Up-to-date: /home/habibahassan/project/install/moveit_msgs/include/moveit_msgs/moveit_msgs/msg/detail/planner_params__builder.hpp
[9.418s] -- Up-to-date: /home/habibahassan/project/install/moveit_msgs/include/moveit_msgs/moveit_msgs/msg/detail/contact_information__type_support.hpp
[9.419s] -- Up-to-date: /home/habibahassan/project/install/moveit_msgs/include/moveit_msgs/moveit_msgs/msg/detail/position_constraint__type_support.hpp
[9.420s] -- Up-to-date: /home/habibahassan/project/install/moveit_msgs/include/moveit_msgs/moveit_msgs/msg/detail/cartesian_trajectory_point__traits.hpp
[9.421s] -- Up-to-date: /home/habibahassan/project/install/moveit_msgs/include/moveit_msgs/moveit_msgs/msg/detail/trajectory_constraints__traits.hpp
[9.421s] -- Up-to-date: /home/habibahassan/project/install/moveit_msgs/include/moveit_msgs/moveit_msgs/msg/detail/grasp__builder.hpp
[9.421s] -- Up-to-date: /home/habibahassan/project/install/moveit_msgs/include/moveit_msgs/moveit_msgs/msg/detail/constraint_eval_result__type_support.hpp
[9.421s] -- Up-to-date: /home/habibahassan/project/install/moveit_msgs/include/moveit_msgs/moveit_msgs/msg/detail/visibility_constraint__traits.hpp
[9.421s] -- Up-to-date: /home/habibahassan/project/install/moveit_msgs/include/moveit_msgs/moveit_msgs/msg/detail/cost_source__builder.hpp
[9.422s] -- Up-to-date: /home/habibahassan/project/install/moveit_msgs/include/moveit_msgs/moveit_msgs/msg/detail/collision_object__type_support.hpp
[9.422s] -- Up-to-date: /home/habibahassan/project/install/moveit_msgs/include/moveit_msgs/moveit_msgs/msg/detail/visibility_constraint__type_support.hpp
[9.422s] -- Up-to-date: /home/habibahassan/project/install/moveit_msgs/include/moveit_msgs/moveit_msgs/msg/detail/link_scale__traits.hpp
[9.422s] -- Up-to-date: /home/habibahassan/project/install/moveit_msgs/include/moveit_msgs/moveit_msgs/msg/detail/move_it_error_codes__struct.hpp
[9.422s] -- Up-to-date: /home/habibahassan/project/install/moveit_msgs/include/moveit_msgs/moveit_msgs/msg/detail/display_robot_state__struct.hpp
[9.423s] -- Up-to-date: /home/habibahassan/project/install/moveit_msgs/include/moveit_msgs/moveit_msgs/msg/detail/motion_plan_detailed_response__struct.hpp
[9.423s] -- Up-to-date: /home/habibahassan/project/install/moveit_msgs/include/moveit_msgs/moveit_msgs/msg/detail/motion_sequence_response__type_support.hpp
[9.423s] -- Up-to-date: /home/habibahassan/project/install/moveit_msgs/include/moveit_msgs/moveit_msgs/msg/detail/planning_scene_components__struct.hpp
[9.423s] -- Up-to-date: /home/habibahassan/project/install/moveit_msgs/include/moveit_msgs/moveit_msgs/msg/detail/allowed_collision_entry__traits.hpp
[9.424s] -- Up-to-date: /home/habibahassan/project/install/moveit_msgs/include/moveit_msgs/moveit_msgs/msg/detail/constraints__builder.hpp
[9.477s] -- Up-to-date: /home/habibahassan/project/install/moveit_msgs/include/moveit_msgs/moveit_msgs/msg/detail/display_robot_state__builder.hpp
[9.478s] -- Up-to-date: /home/habibahassan/project/install/moveit_msgs/include/moveit_msgs/moveit_msgs/msg/detail/contact_information__builder.hpp
[9.478s] -- Up-to-date: /home/habibahassan/project/install/moveit_msgs/include/moveit_msgs/moveit_msgs/msg/detail/motion_sequence_item__builder.hpp
[9.478s] -- Up-to-date: /home/habibahassan/project/install/moveit_msgs/include/moveit_msgs/moveit_msgs/msg/detail/display_robot_state__traits.hpp
[9.480s] -- Up-to-date: /home/habibahassan/project/install/moveit_msgs/include/moveit_msgs/moveit_msgs/msg/detail/place_location__traits.hpp
[9.481s] -- Up-to-date: /home/habibahassan/project/install/moveit_msgs/include/moveit_msgs/moveit_msgs/msg/detail/planning_scene_world__traits.hpp
[9.484s] -- Up-to-date: /home/habibahassan/project/install/moveit_msgs/include/moveit_msgs/moveit_msgs/msg/detail/motion_plan_response__traits.hpp
[9.484s] -- Up-to-date: /home/habibahassan/project/install/moveit_msgs/include/moveit_msgs/moveit_msgs/msg/detail/display_trajectory__type_support.hpp
[9.484s] -- Up-to-date: /home/habibahassan/project/install/moveit_msgs/include/moveit_msgs/moveit_msgs/msg/detail/position_constraint__builder.hpp
[9.485s] -- Up-to-date: /home/habibahassan/project/install/moveit_msgs/include/moveit_msgs/moveit_msgs/msg/detail/bounding_volume__type_support.hpp
[9.485s] -- Up-to-date: /home/habibahassan/project/install/moveit_msgs/include/moveit_msgs/moveit_msgs/msg/detail/display_robot_state__type_support.hpp
[9.485s] -- Up-to-date: /home/habibahassan/project/install/moveit_msgs/include/moveit_msgs/moveit_msgs/msg/detail/place_location__struct.hpp
[9.485s] -- Up-to-date: /home/habibahassan/project/install/moveit_msgs/include/moveit_msgs/moveit_msgs/msg/detail/position_constraint__traits.hpp
[9.485s] -- Up-to-date: /home/habibahassan/project/install/moveit_msgs/include/moveit_msgs/moveit_msgs/msg/detail/planning_scene_components__type_support.hpp
[9.487s] -- Up-to-date: /home/habibahassan/project/install/moveit_msgs/include/moveit_msgs/moveit_msgs/msg/detail/kinematic_solver_info__type_support.hpp
[9.488s] -- Up-to-date: /home/habibahassan/project/install/moveit_msgs/include/moveit_msgs/moveit_msgs/msg/detail/contact_information__traits.hpp
[9.488s] -- Up-to-date: /home/habibahassan/project/install/moveit_msgs/include/moveit_msgs/moveit_msgs/msg/detail/allowed_collision_matrix__traits.hpp
[9.488s] -- Up-to-date: /home/habibahassan/project/install/moveit_msgs/include/moveit_msgs/moveit_msgs/msg/detail/cartesian_trajectory_point__builder.hpp
[9.488s] -- Up-to-date: /home/habibahassan/project/install/moveit_msgs/include/moveit_msgs/moveit_msgs/msg/detail/workspace_parameters__builder.hpp
[9.488s] -- Up-to-date: /home/habibahassan/project/install/moveit_msgs/include/moveit_msgs/moveit_msgs/msg/detail/link_scale__builder.hpp
[9.489s] -- Up-to-date: /home/habibahassan/project/install/moveit_msgs/include/moveit_msgs/moveit_msgs/msg/detail/object_color__builder.hpp
[9.489s] -- Up-to-date: /home/habibahassan/project/install/moveit_msgs/include/moveit_msgs/moveit_msgs/msg/detail/pipeline_state__struct.hpp
[9.489s] -- Up-to-date: /home/habibahassan/project/install/moveit_msgs/include/moveit_msgs/moveit_msgs/msg/detail/cartesian_point__struct.hpp
[9.489s] -- Up-to-date: /home/habibahassan/project/install/moveit_msgs/include/moveit_msgs/moveit_msgs/msg/detail/bounding_volume__struct.hpp
[9.489s] -- Up-to-date: /home/habibahassan/project/install/moveit_msgs/include/moveit_msgs/moveit_msgs/msg/detail/planning_scene__struct.hpp
[9.490s] -- Up-to-date: /home/habibahassan/project/install/moveit_msgs/include/moveit_msgs/moveit_msgs/msg/detail/servo_status__type_support.hpp
[9.492s] -- Up-to-date: /home/habibahassan/project/install/moveit_msgs/include/moveit_msgs/moveit_msgs/msg/detail/cost_source__type_support.hpp
[9.496s] -- Up-to-date: /home/habibahassan/project/install/moveit_msgs/include/moveit_msgs/moveit_msgs/msg/detail/planning_options__struct.hpp
[9.497s] -- Up-to-date: /home/habibahassan/project/install/moveit_msgs/include/moveit_msgs/moveit_msgs/msg/detail/display_trajectory__struct.hpp
[9.498s] -- Up-to-date: /home/habibahassan/project/install/moveit_msgs/include/moveit_msgs/moveit_msgs/msg/detail/motion_plan_request__traits.hpp
[9.499s] -- Up-to-date: /home/habibahassan/project/install/moveit_msgs/include/moveit_msgs/moveit_msgs/msg/detail/attached_collision_object__struct.hpp
[9.499s] -- Up-to-date: /home/habibahassan/project/install/moveit_msgs/include/moveit_msgs/moveit_msgs/msg/detail/cartesian_point__type_support.hpp
[9.500s] -- Up-to-date: /home/habibahassan/project/install/moveit_msgs/include/moveit_msgs/moveit_msgs/msg/detail/joint_constraint__traits.hpp
[9.500s] -- Up-to-date: /home/habibahassan/project/install/moveit_msgs/include/moveit_msgs/moveit_msgs/msg/detail/gripper_translation__traits.hpp
[9.500s] -- Up-to-date: /home/habibahassan/project/install/moveit_msgs/include/moveit_msgs/moveit_msgs/msg/detail/collision_object__struct.hpp
[9.500s] -- Up-to-date: /home/habibahassan/project/install/moveit_msgs/include/moveit_msgs/moveit_msgs/msg/detail/motion_plan_response__builder.hpp
[9.500s] -- Up-to-date: /home/habibahassan/project/install/moveit_msgs/include/moveit_msgs/moveit_msgs/msg/detail/position_ik_request__struct.hpp
[9.501s] -- Up-to-date: /home/habibahassan/project/install/moveit_msgs/include/moveit_msgs/moveit_msgs/msg/detail/grasp__traits.hpp
[9.501s] -- Up-to-date: /home/habibahassan/project/install/moveit_msgs/include/moveit_msgs/moveit_msgs/msg/detail/pipeline_state__type_support.hpp
[9.501s] -- Up-to-date: /home/habibahassan/project/install/moveit_msgs/include/moveit_msgs/moveit_msgs/msg/detail/bounding_volume__builder.hpp
[9.501s] -- Up-to-date: /home/habibahassan/project/install/moveit_msgs/include/moveit_msgs/moveit_msgs/msg/detail/workspace_parameters__struct.hpp
[9.501s] -- Up-to-date: /home/habibahassan/project/install/moveit_msgs/include/moveit_msgs/moveit_msgs/msg/detail/cartesian_trajectory_point__struct.hpp
[9.501s] -- Up-to-date: /home/habibahassan/project/install/moveit_msgs/include/moveit_msgs/moveit_msgs/msg/detail/cartesian_point__traits.hpp
[9.502s] -- Up-to-date: /home/habibahassan/project/install/moveit_msgs/include/moveit_msgs/moveit_msgs/msg/detail/motion_sequence_item__struct.hpp
[9.502s] -- Up-to-date: /home/habibahassan/project/install/moveit_msgs/include/moveit_msgs/moveit_msgs/msg/detail/pipeline_state__traits.hpp
[9.502s] -- Up-to-date: /home/habibahassan/project/install/moveit_msgs/include/moveit_msgs/moveit_msgs/msg/detail/planner_params__struct.hpp
[9.502s] -- Up-to-date: /home/habibahassan/project/install/moveit_msgs/include/moveit_msgs/moveit_msgs/msg/detail/constraints__struct.hpp
[9.502s] -- Up-to-date: /home/habibahassan/project/install/moveit_msgs/include/moveit_msgs/moveit_msgs/msg/detail/servo_status__struct.hpp
[9.503s] -- Up-to-date: /home/habibahassan/project/install/moveit_msgs/include/moveit_msgs/moveit_msgs/msg/detail/planning_scene_world__type_support.hpp
[9.503s] -- Up-to-date: /home/habibahassan/project/install/moveit_msgs/include/moveit_msgs/moveit_msgs/msg/detail/allowed_collision_entry__struct.hpp
[9.503s] -- Up-to-date: /home/habibahassan/project/install/moveit_msgs/include/moveit_msgs/moveit_msgs/msg/detail/constraints__type_support.hpp
[9.503s] -- Up-to-date: /home/habibahassan/project/install/moveit_msgs/include/moveit_msgs/moveit_msgs/msg/detail/bounding_volume__traits.hpp
[9.504s] -- Up-to-date: /home/habibahassan/project/install/moveit_msgs/include/moveit_msgs/moveit_msgs/msg/detail/allowed_collision_entry__builder.hpp
[9.504s] -- Up-to-date: /home/habibahassan/project/install/moveit_msgs/include/moveit_msgs/moveit_msgs/msg/detail/motion_plan_detailed_response__builder.hpp
[9.504s] -- Up-to-date: /home/habibahassan/project/install/moveit_msgs/include/moveit_msgs/moveit_msgs/msg/detail/object_color__struct.hpp
[9.504s] -- Up-to-date: /home/habibahassan/project/install/moveit_msgs/include/moveit_msgs/moveit_msgs/msg/detail/position_constraint__struct.hpp
[9.504s] -- Up-to-date: /home/habibahassan/project/install/moveit_msgs/include/moveit_msgs/moveit_msgs/msg/detail/motion_plan_request__struct.hpp
[9.504s] -- Up-to-date: /home/habibahassan/project/install/moveit_msgs/include/moveit_msgs/moveit_msgs/msg/detail/servo_status__builder.hpp
[9.505s] -- Up-to-date: /home/habibahassan/project/install/moveit_msgs/include/moveit_msgs/moveit_msgs/msg/detail/planner_params__traits.hpp
[9.505s] -- Up-to-date: /home/habibahassan/project/install/moveit_msgs/include/moveit_msgs/moveit_msgs/msg/detail/constraints__traits.hpp
[9.505s] -- Up-to-date: /home/habibahassan/project/install/moveit_msgs/include/moveit_msgs/moveit_msgs/msg/detail/generic_trajectory__struct.hpp
[9.505s] -- Up-to-date: /home/habibahassan/project/install/moveit_msgs/include/moveit_msgs/moveit_msgs/msg/detail/kinematic_solver_info__struct.hpp
[9.505s] -- Up-to-date: /home/habibahassan/project/install/moveit_msgs/include/moveit_msgs/moveit_msgs/msg/detail/joint_limits__traits.hpp
[9.506s] -- Up-to-date: /home/habibahassan/project/install/moveit_msgs/include/moveit_msgs/moveit_msgs/msg/detail/joint_constraint__type_support.hpp
[9.506s] -- Up-to-date: /home/habibahassan/project/install/moveit_msgs/include/moveit_msgs/moveit_msgs/msg/detail/orientation_constraint__type_support.hpp
[9.506s] -- Up-to-date: /home/habibahassan/project/install/moveit_msgs/include/moveit_msgs/moveit_msgs/msg/detail/motion_plan_response__struct.hpp
[9.506s] -- Up-to-date: /home/habibahassan/project/install/moveit_msgs/include/moveit_msgs/moveit_msgs/msg/detail/link_padding__type_support.hpp
[9.506s] -- Up-to-date: /home/habibahassan/project/install/moveit_msgs/include/moveit_msgs/moveit_msgs/msg/detail/allowed_collision_matrix__struct.hpp
[9.507s] -- Up-to-date: /home/habibahassan/project/install/moveit_msgs/include/moveit_msgs/moveit_msgs/msg/detail/kinematic_solver_info__traits.hpp
[9.507s] -- Up-to-date: /home/habibahassan/project/install/moveit_msgs/include/moveit_msgs/moveit_msgs/msg/detail/attached_collision_object__builder.hpp
[9.507s] -- Up-to-date: /home/habibahassan/project/install/moveit_msgs/include/moveit_msgs/moveit_msgs/msg/detail/workspace_parameters__traits.hpp
[9.507s] -- Up-to-date: /home/habibahassan/project/install/moveit_msgs/include/moveit_msgs/moveit_msgs/msg/detail/move_it_error_codes__type_support.hpp
[9.508s] -- Up-to-date: /home/habibahassan/project/install/moveit_msgs/include/moveit_msgs/moveit_msgs/msg/detail/robot_trajectory__traits.hpp
[9.567s] -- Up-to-date: /home/habibahassan/project/install/moveit_msgs/include/moveit_msgs/moveit_msgs/msg/detail/gripper_translation__type_support.hpp
[9.568s] -- Up-to-date: /home/habibahassan/project/install/moveit_msgs/include/moveit_msgs/moveit_msgs/msg/detail/oriented_bounding_box__struct.hpp
[9.568s] -- Up-to-date: /home/habibahassan/project/install/moveit_msgs/include/moveit_msgs/moveit_msgs/msg/detail/robot_trajectory__type_support.hpp
[9.569s] -- Up-to-date: /home/habibahassan/project/install/moveit_msgs/include/moveit_msgs/moveit_msgs/msg/detail/visibility_constraint__builder.hpp
[9.569s] -- Up-to-date: /home/habibahassan/project/install/moveit_msgs/include/moveit_msgs/moveit_msgs/msg/detail/motion_sequence_request__struct.hpp
[9.569s] -- Up-to-date: /home/habibahassan/project/install/moveit_msgs/include/moveit_msgs/moveit_msgs/msg/detail/orientation_constraint__traits.hpp
[9.570s] -- Up-to-date: /home/habibahassan/project/install/moveit_msgs/include/moveit_msgs/moveit_msgs/msg/detail/object_color__traits.hpp
[9.570s] -- Up-to-date: /home/habibahassan/project/install/moveit_msgs/include/moveit_msgs/moveit_msgs/msg/detail/planning_scene__builder.hpp
[9.571s] -- Up-to-date: /home/habibahassan/project/install/moveit_msgs/include/moveit_msgs/moveit_msgs/msg/detail/cartesian_point__builder.hpp
[9.571s] -- Up-to-date: /home/habibahassan/project/install/moveit_msgs/include/moveit_msgs/moveit_msgs/msg/detail/planner_interface_description__builder.hpp
[9.572s] -- Up-to-date: /home/habibahassan/project/install/moveit_msgs/include/moveit_msgs/moveit_msgs/msg/detail/cartesian_trajectory__builder.hpp
[9.572s] -- Up-to-date: /home/habibahassan/project/install/moveit_msgs/include/moveit_msgs/moveit_msgs/msg/detail/planning_scene_components__builder.hpp
[9.572s] -- Up-to-date: /home/habibahassan/project/install/moveit_msgs/include/moveit_msgs/moveit_msgs/msg/detail/robot_state__traits.hpp
[9.572s] -- Up-to-date: /home/habibahassan/project/install/moveit_msgs/include/moveit_msgs/moveit_msgs/msg/detail/joint_constraint__struct.hpp
[9.573s] -- Up-to-date: /home/habibahassan/project/install/moveit_msgs/include/moveit_msgs/moveit_msgs/msg/detail/planning_options__builder.hpp
[9.573s] -- Up-to-date: /home/habibahassan/project/install/moveit_msgs/include/moveit_msgs/moveit_msgs/msg/detail/robot_trajectory__builder.hpp
[9.573s] -- Up-to-date: /home/habibahassan/project/install/moveit_msgs/include/moveit_msgs/moveit_msgs/msg/detail/planner_interface_description__struct.hpp
[9.573s] -- Up-to-date: /home/habibahassan/project/install/moveit_msgs/include/moveit_msgs/moveit_msgs/msg/detail/position_ik_request__type_support.hpp
[9.573s] -- Up-to-date: /home/habibahassan/project/install/moveit_msgs/include/moveit_msgs/moveit_msgs/msg/detail/joint_constraint__builder.hpp
[9.574s] -- Up-to-date: /home/habibahassan/project/install/moveit_msgs/include/moveit_msgs/moveit_msgs/msg/detail/motion_sequence_item__type_support.hpp
[9.574s] -- Up-to-date: /home/habibahassan/project/install/moveit_msgs/include/moveit_msgs/moveit_msgs/msg/detail/position_ik_request__traits.hpp
[9.577s] -- Up-to-date: /home/habibahassan/project/install/moveit_msgs/include/moveit_msgs/moveit_msgs/msg/detail/generic_trajectory__type_support.hpp
[9.578s] -- Up-to-date: /home/habibahassan/project/install/moveit_msgs/include/moveit_msgs/moveit_msgs/msg/detail/trajectory_constraints__struct.hpp
[9.586s] -- Up-to-date: /home/habibahassan/project/install/moveit_msgs/include/moveit_msgs/moveit_msgs/msg/detail/link_padding__builder.hpp
[9.587s] -- Up-to-date: /home/habibahassan/project/install/moveit_msgs/include/moveit_msgs/moveit_msgs/msg/detail/motion_sequence_request__type_support.hpp
[9.587s] -- Up-to-date: /home/habibahassan/project/install/moveit_msgs/include/moveit_msgs/moveit_msgs/msg/detail/servo_status__traits.hpp
[9.587s] -- Up-to-date: /home/habibahassan/project/install/moveit_msgs/include/moveit_msgs/moveit_msgs/msg/detail/constraint_eval_result__traits.hpp
[9.587s] -- Up-to-date: /home/habibahassan/project/install/moveit_msgs/include/moveit_msgs/moveit_msgs/msg/detail/visibility_constraint__struct.hpp
[9.588s] -- Up-to-date: /home/habibahassan/project/install/moveit_msgs/include/moveit_msgs/moveit_msgs/msg/detail/constraint_eval_result__struct.hpp
[9.588s] -- Up-to-date: /home/habibahassan/project/install/moveit_msgs/include/moveit_msgs/moveit_msgs/msg/detail/motion_sequence_response__traits.hpp
[9.588s] -- Up-to-date: /home/habibahassan/project/install/moveit_msgs/include/moveit_msgs/moveit_msgs/msg/detail/motion_sequence_item__traits.hpp
[9.588s] -- Up-to-date: /home/habibahassan/project/install/moveit_msgs/include/moveit_msgs/moveit_msgs/msg/detail/place_location__type_support.hpp
[9.588s] -- Up-to-date: /home/habibahassan/project/install/moveit_msgs/include/moveit_msgs/moveit_msgs/msg/detail/motion_sequence_response__struct.hpp
[9.595s] -- Up-to-date: /home/habibahassan/project/install/moveit_msgs/include/moveit_msgs/moveit_msgs/msg/detail/gripper_translation__struct.hpp
[9.595s] -- Up-to-date: /home/habibahassan/project/install/moveit_msgs/include/moveit_msgs/moveit_msgs/msg/detail/pipeline_state__builder.hpp
[9.595s] -- Up-to-date: /home/habibahassan/project/install/moveit_msgs/include/moveit_msgs/moveit_msgs/msg/detail/link_scale__struct.hpp
[9.595s] -- Up-to-date: /home/habibahassan/project/install/moveit_msgs/include/moveit_msgs/moveit_msgs/msg/detail/oriented_bounding_box__type_support.hpp
[9.596s] -- Up-to-date: /home/habibahassan/project/install/moveit_msgs/include/moveit_msgs/moveit_msgs/msg/detail/cartesian_trajectory__struct.hpp
[9.596s] -- Up-to-date: /home/habibahassan/project/install/moveit_msgs/include/moveit_msgs/moveit_msgs/msg/detail/cost_source__struct.hpp
[9.596s] -- Up-to-date: /home/habibahassan/project/install/moveit_msgs/include/moveit_msgs/moveit_msgs/msg/detail/contact_information__struct.hpp
[9.596s] -- Up-to-date: /home/habibahassan/project/install/moveit_msgs/include/moveit_msgs/moveit_msgs/msg/detail/attached_collision_object__type_support.hpp
[9.596s] -- Up-to-date: /home/habibahassan/project/install/moveit_msgs/include/moveit_msgs/moveit_msgs/msg/detail/kinematic_solver_info__builder.hpp
[9.596s] -- Up-to-date: /home/habibahassan/project/install/moveit_msgs/include/moveit_msgs/moveit_msgs/msg/detail/motion_sequence_response__builder.hpp
[9.597s] -- Up-to-date: /home/habibahassan/project/install/moveit_msgs/include/moveit_msgs/moveit_msgs/msg/oriented_bounding_box.hpp
[9.597s] -- Up-to-date: /home/habibahassan/project/install/moveit_msgs/include/moveit_msgs/moveit_msgs/msg/workspace_parameters.hpp
[9.597s] -- Up-to-date: /home/habibahassan/project/install/moveit_msgs/include/moveit_msgs/moveit_msgs/msg/planning_scene_world.hpp
[9.597s] -- Up-to-date: /home/habibahassan/project/install/moveit_msgs/include/moveit_msgs/moveit_msgs/msg/motion_plan_response.hpp
[9.598s] -- Up-to-date: /home/habibahassan/project/install/moveit_msgs/include/moveit_msgs/moveit_msgs/msg/allowed_collision_matrix.hpp
[9.598s] -- Up-to-date: /home/habibahassan/project/install/moveit_msgs/include/moveit_msgs/moveit_msgs/msg/pipeline_state.hpp
[9.598s] -- Up-to-date: /home/habibahassan/project/install/moveit_msgs/include/moveit_msgs/moveit_msgs/msg/trajectory_constraints.hpp
[9.599s] -- Up-to-date: /home/habibahassan/project/install/moveit_msgs/include/moveit_msgs/moveit_msgs/msg/motion_sequence_request.hpp
[9.599s] -- Up-to-date: /home/habibahassan/project/install/moveit_msgs/include/moveit_msgs/moveit_msgs/msg/robot_state.hpp
[9.599s] -- Up-to-date: /home/habibahassan/project/install/moveit_msgs/include/moveit_msgs/moveit_msgs/msg/object_color.hpp
[9.599s] -- Up-to-date: /home/habibahassan/project/install/moveit_msgs/include/moveit_msgs/moveit_msgs/msg/planning_options.hpp
[9.599s] -- Up-to-date: /home/habibahassan/project/install/moveit_msgs/include/moveit_msgs/moveit_msgs/msg/bounding_volume.hpp
[9.599s] -- Up-to-date: /home/habibahassan/project/install/moveit_msgs/include/moveit_msgs/moveit_msgs/msg/constraint_eval_result.hpp
[9.600s] -- Up-to-date: /home/habibahassan/project/install/moveit_msgs/include/moveit_msgs/moveit_msgs/msg/cartesian_trajectory.hpp
[9.600s] -- Up-to-date: /home/habibahassan/project/install/moveit_msgs/include/moveit_msgs/moveit_msgs/msg/position_constraint.hpp
[9.600s] -- Up-to-date: /home/habibahassan/project/install/moveit_msgs/include/moveit_msgs/moveit_msgs/msg/motion_plan_request.hpp
[9.600s] -- Up-to-date: /home/habibahassan/project/install/moveit_msgs/include/moveit_msgs/moveit_msgs/msg/link_padding.hpp
[9.601s] -- Up-to-date: /home/habibahassan/project/install/moveit_msgs/include/moveit_msgs/moveit_msgs/msg/motion_sequence_item.hpp
[9.601s] -- Up-to-date: /home/habibahassan/project/install/moveit_msgs/include/moveit_msgs/moveit_msgs/msg/place_location.hpp
[9.601s] -- Up-to-date: /home/habibahassan/project/install/moveit_msgs/include/moveit_msgs/moveit_msgs
[9.601s] -- Up-to-date: /home/habibahassan/project/install/moveit_msgs/include/moveit_msgs/moveit_msgs/srv
[9.601s] -- Up-to-date: /home/habibahassan/project/install/moveit_msgs/include/moveit_msgs/moveit_msgs/srv/detail
[9.601s] -- Up-to-date: /home/habibahassan/project/install/moveit_msgs/include/moveit_msgs/moveit_msgs/srv/detail/apply_planning_scene__rosidl_typesupport_fastrtps_cpp.hpp
[9.602s] -- Up-to-date: /home/habibahassan/project/install/moveit_msgs/include/moveit_msgs/moveit_msgs/srv/detail/save_geometry_to_file__rosidl_typesupport_fastrtps_cpp.hpp
[9.602s] -- Up-to-date: /home/habibahassan/project/install/moveit_msgs/include/moveit_msgs/moveit_msgs/srv/detail/check_if_robot_state_exists_in_warehouse__rosidl_typesupport_fastrtps_cpp.hpp
[9.602s] -- Up-to-date: /home/habibahassan/project/install/moveit_msgs/include/moveit_msgs/moveit_msgs/srv/detail/get_position_ik__rosidl_typesupport_fastrtps_cpp.hpp
[9.602s] -- Up-to-date: /home/habibahassan/project/install/moveit_msgs/include/moveit_msgs/moveit_msgs/srv/detail/get_cartesian_path__rosidl_typesupport_fastrtps_cpp.hpp
[9.602s] -- Up-to-date: /home/habibahassan/project/install/moveit_msgs/include/moveit_msgs/moveit_msgs/srv/detail/servo_command_type__rosidl_typesupport_fastrtps_cpp.hpp
[9.603s] -- Up-to-date: /home/habibahassan/project/install/moveit_msgs/include/moveit_msgs/moveit_msgs/srv/detail/get_group_urdf__rosidl_typesupport_fastrtps_cpp.hpp
[9.603s] -- Up-to-date: /home/habibahassan/project/install/moveit_msgs/include/moveit_msgs/moveit_msgs/srv/detail/get_motion_plan__rosidl_typesupport_fastrtps_cpp.hpp
[9.615s] -- Up-to-date: /home/habibahassan/project/install/moveit_msgs/include/moveit_msgs/moveit_msgs/srv/detail/query_planner_interfaces__rosidl_typesupport_fastrtps_cpp.hpp
[9.615s] -- Up-to-date: /home/habibahassan/project/install/moveit_msgs/include/moveit_msgs/moveit_msgs/srv/detail/get_planner_params__rosidl_typesupport_fastrtps_cpp.hpp
[9.615s] -- Up-to-date: /home/habibahassan/project/install/moveit_msgs/include/moveit_msgs/moveit_msgs/srv/detail/save_robot_state_to_warehouse__rosidl_typesupport_fastrtps_cpp.hpp
[9.615s] -- Up-to-date: /home/habibahassan/project/install/moveit_msgs/include/moveit_msgs/moveit_msgs/srv/detail/delete_robot_state_from_warehouse__rosidl_typesupport_fastrtps_cpp.hpp
[9.616s] -- Up-to-date: /home/habibahassan/project/install/moveit_msgs/include/moveit_msgs/moveit_msgs/srv/detail/get_motion_sequence__rosidl_typesupport_fastrtps_cpp.hpp
[9.618s] -- Up-to-date: /home/habibahassan/project/install/moveit_msgs/include/moveit_msgs/moveit_msgs/srv/detail/load_map__rosidl_typesupport_fastrtps_cpp.hpp
[9.618s] -- Up-to-date: /home/habibahassan/project/install/moveit_msgs/include/moveit_msgs/moveit_msgs/srv/detail/get_state_validity__rosidl_typesupport_fastrtps_cpp.hpp
[9.618s] -- Up-to-date: /home/habibahassan/project/install/moveit_msgs/include/moveit_msgs/moveit_msgs/srv/detail/save_map__rosidl_typesupport_fastrtps_cpp.hpp
[9.619s] -- Up-to-date: /home/habibahassan/project/install/moveit_msgs/include/moveit_msgs/moveit_msgs/srv/detail/update_pointcloud_octomap__rosidl_typesupport_fastrtps_cpp.hpp
[9.619s] -- Up-to-date: /home/habibahassan/project/install/moveit_msgs/include/moveit_msgs/moveit_msgs/srv/detail/load_geometry_from_file__rosidl_typesupport_fastrtps_cpp.hpp
[9.619s] -- Up-to-date: /home/habibahassan/project/install/moveit_msgs/include/moveit_msgs/moveit_msgs/srv/detail/get_position_fk__rosidl_typesupport_fastrtps_cpp.hpp
[9.619s] -- Up-to-date: /home/habibahassan/project/install/moveit_msgs/include/moveit_msgs/moveit_msgs/srv/detail/grasp_planning__rosidl_typesupport_fastrtps_cpp.hpp
[9.619s] -- Up-to-date: /home/habibahassan/project/install/moveit_msgs/include/moveit_msgs/moveit_msgs/srv/detail/set_planner_params__rosidl_typesupport_fastrtps_cpp.hpp
[9.619s] -- Up-to-date: /home/habibahassan/project/install/moveit_msgs/include/moveit_msgs/moveit_msgs/srv/detail/list_robot_states_in_warehouse__rosidl_typesupport_fastrtps_cpp.hpp
[9.620s] -- Up-to-date: /home/habibahassan/project/install/moveit_msgs/include/moveit_msgs/moveit_msgs/srv/detail/get_robot_state_from_warehouse__rosidl_typesupport_fastrtps_cpp.hpp
[9.620s] -- Up-to-date: /home/habibahassan/project/install/moveit_msgs/include/moveit_msgs/moveit_msgs/srv/detail/get_planning_scene__rosidl_typesupport_fastrtps_cpp.hpp
[9.620s] -- Up-to-date: /home/habibahassan/project/install/moveit_msgs/include/moveit_msgs/moveit_msgs/srv/detail/dds_fastrtps
[9.620s] -- Up-to-date: /home/habibahassan/project/install/moveit_msgs/include/moveit_msgs/moveit_msgs/srv/detail/rename_robot_state_in_warehouse__rosidl_typesupport_fastrtps_cpp.hpp
[9.620s] -- Up-to-date: /home/habibahassan/project/install/moveit_msgs/include/moveit_msgs/moveit_msgs/action
[9.621s] -- Up-to-date: /home/habibahassan/project/install/moveit_msgs/include/moveit_msgs/moveit_msgs/action/detail
[9.621s] -- Up-to-date: /home/habibahassan/project/install/moveit_msgs/include/moveit_msgs/moveit_msgs/action/detail/execute_trajectory__rosidl_typesupport_fastrtps_cpp.hpp
[9.621s] -- Up-to-date: /home/habibahassan/project/install/moveit_msgs/include/moveit_msgs/moveit_msgs/action/detail/local_planner__rosidl_typesupport_fastrtps_cpp.hpp
[9.621s] -- Up-to-date: /home/habibahassan/project/install/moveit_msgs/include/moveit_msgs/moveit_msgs/action/detail/move_group__rosidl_typesupport_fastrtps_cpp.hpp
[9.621s] -- Up-to-date: /home/habibahassan/project/install/moveit_msgs/include/moveit_msgs/moveit_msgs/action/detail/move_group_sequence__rosidl_typesupport_fastrtps_cpp.hpp
[9.622s] -- Up-to-date: /home/habibahassan/project/install/moveit_msgs/include/moveit_msgs/moveit_msgs/action/detail/place__rosidl_typesupport_fastrtps_cpp.hpp
[9.622s] -- Up-to-date: /home/habibahassan/project/install/moveit_msgs/include/moveit_msgs/moveit_msgs/action/detail/hybrid_planner__rosidl_typesupport_fastrtps_cpp.hpp
[9.622s] -- Up-to-date: /home/habibahassan/project/install/moveit_msgs/include/moveit_msgs/moveit_msgs/action/detail/global_planner__rosidl_typesupport_fastrtps_cpp.hpp
[9.622s] -- Up-to-date: /home/habibahassan/project/install/moveit_msgs/include/moveit_msgs/moveit_msgs/action/detail/pickup__rosidl_typesupport_fastrtps_cpp.hpp
[9.622s] -- Up-to-date: /home/habibahassan/project/install/moveit_msgs/include/moveit_msgs/moveit_msgs/action/detail/dds_fastrtps
[9.623s] -- Up-to-date: /home/habibahassan/project/install/moveit_msgs/include/moveit_msgs/moveit_msgs/msg
[9.623s] -- Up-to-date: /home/habibahassan/project/install/moveit_msgs/include/moveit_msgs/moveit_msgs/msg/rosidl_typesupport_fastrtps_cpp__visibility_control.h
[9.623s] -- Up-to-date: /home/habibahassan/project/install/moveit_msgs/include/moveit_msgs/moveit_msgs/msg/detail
[9.623s] -- Up-to-date: /home/habibahassan/project/install/moveit_msgs/include/moveit_msgs/moveit_msgs/msg/detail/bounding_volume__rosidl_typesupport_fastrtps_cpp.hpp
[9.623s] -- Up-to-date: /home/habibahassan/project/install/moveit_msgs/include/moveit_msgs/moveit_msgs/msg/detail/joint_limits__rosidl_typesupport_fastrtps_cpp.hpp
[9.624s] -- Up-to-date: /home/habibahassan/project/install/moveit_msgs/include/moveit_msgs/moveit_msgs/msg/detail/place_location__rosidl_typesupport_fastrtps_cpp.hpp
[9.624s] -- Up-to-date: /home/habibahassan/project/install/moveit_msgs/include/moveit_msgs/moveit_msgs/msg/detail/object_color__rosidl_typesupport_fastrtps_cpp.hpp
[9.624s] -- Up-to-date: /home/habibahassan/project/install/moveit_msgs/include/moveit_msgs/moveit_msgs/msg/detail/joint_constraint__rosidl_typesupport_fastrtps_cpp.hpp
[9.624s] -- Up-to-date: /home/habibahassan/project/install/moveit_msgs/include/moveit_msgs/moveit_msgs/msg/detail/constraint_eval_result__rosidl_typesupport_fastrtps_cpp.hpp
[9.624s] -- Up-to-date: /home/habibahassan/project/install/moveit_msgs/include/moveit_msgs/moveit_msgs/msg/detail/display_trajectory__rosidl_typesupport_fastrtps_cpp.hpp
[9.624s] -- Up-to-date: /home/habibahassan/project/install/moveit_msgs/include/moveit_msgs/moveit_msgs/msg/detail/visibility_constraint__rosidl_typesupport_fastrtps_cpp.hpp
[9.625s] -- Up-to-date: /home/habibahassan/project/install/moveit_msgs/include/moveit_msgs/moveit_msgs/msg/detail/allowed_collision_matrix__rosidl_typesupport_fastrtps_cpp.hpp
[9.625s] -- Up-to-date: /home/habibahassan/project/install/moveit_msgs/include/moveit_msgs/moveit_msgs/msg/detail/motion_plan_request__rosidl_typesupport_fastrtps_cpp.hpp
[9.625s] -- Up-to-date: /home/habibahassan/project/install/moveit_msgs/include/moveit_msgs/moveit_msgs/msg/detail/move_it_error_codes__rosidl_typesupport_fastrtps_cpp.hpp
[9.625s] -- Up-to-date: /home/habibahassan/project/install/moveit_msgs/include/moveit_msgs/moveit_msgs/msg/detail/motion_plan_response__rosidl_typesupport_fastrtps_cpp.hpp
[9.625s] -- Up-to-date: /home/habibahassan/project/install/moveit_msgs/include/moveit_msgs/moveit_msgs/msg/detail/planning_scene_world__rosidl_typesupport_fastrtps_cpp.hpp
[9.625s] -- Up-to-date: /home/habibahassan/project/install/moveit_msgs/include/moveit_msgs/moveit_msgs/msg/detail/robot_state__rosidl_typesupport_fastrtps_cpp.hpp
[9.626s] -- Up-to-date: /home/habibahassan/project/install/moveit_msgs/include/moveit_msgs/moveit_msgs/msg/detail/planning_scene__rosidl_typesupport_fastrtps_cpp.hpp
[9.626s] -- Up-to-date: /home/habibahassan/project/install/moveit_msgs/include/moveit_msgs/moveit_msgs/msg/detail/constraints__rosidl_typesupport_fastrtps_cpp.hpp
[9.626s] -- Up-to-date: /home/habibahassan/project/install/moveit_msgs/include/moveit_msgs/moveit_msgs/msg/detail/grasp__rosidl_typesupport_fastrtps_cpp.hpp
[9.626s] -- Up-to-date: /home/habibahassan/project/install/moveit_msgs/include/moveit_msgs/moveit_msgs/msg/detail/position_ik_request__rosidl_typesupport_fastrtps_cpp.hpp
[9.626s] -- Up-to-date: /home/habibahassan/project/install/moveit_msgs/include/moveit_msgs/moveit_msgs/msg/detail/position_constraint__rosidl_typesupport_fastrtps_cpp.hpp
[9.627s] -- Up-to-date: /home/habibahassan/project/install/moveit_msgs/include/moveit_msgs/moveit_msgs/msg/detail/planner_params__rosidl_typesupport_fastrtps_cpp.hpp
[9.627s] -- Up-to-date: /home/habibahassan/project/install/moveit_msgs/include/moveit_msgs/moveit_msgs/msg/detail/allowed_collision_entry__rosidl_typesupport_fastrtps_cpp.hpp
[9.627s] -- Up-to-date: /home/habibahassan/project/install/moveit_msgs/include/moveit_msgs/moveit_msgs/msg/detail/trajectory_constraints__rosidl_typesupport_fastrtps_cpp.hpp
[9.627s] -- Up-to-date: /home/habibahassan/project/install/moveit_msgs/include/moveit_msgs/moveit_msgs/msg/detail/orientation_constraint__rosidl_typesupport_fastrtps_cpp.hpp
[9.627s] -- Up-to-date: /home/habibahassan/project/install/moveit_msgs/include/moveit_msgs/moveit_msgs/msg/detail/planning_scene_components__rosidl_typesupport_fastrtps_cpp.hpp
[9.627s] -- Up-to-date: /home/habibahassan/project/install/moveit_msgs/include/moveit_msgs/moveit_msgs/msg/detail/gripper_translation__rosidl_typesupport_fastrtps_cpp.hpp
[9.628s] -- Up-to-date: /home/habibahassan/project/install/moveit_msgs/include/moveit_msgs/moveit_msgs/msg/detail/workspace_parameters__rosidl_typesupport_fastrtps_cpp.hpp
[9.628s] -- Up-to-date: /home/habibahassan/project/install/moveit_msgs/include/moveit_msgs/moveit_msgs/msg/detail/contact_information__rosidl_typesupport_fastrtps_cpp.hpp
[9.628s] -- Up-to-date: /home/habibahassan/project/install/moveit_msgs/include/moveit_msgs/moveit_msgs/msg/detail/planning_options__rosidl_typesupport_fastrtps_cpp.hpp
[9.628s] -- Up-to-date: /home/habibahassan/project/install/moveit_msgs/include/moveit_msgs/moveit_msgs/msg/detail/generic_trajectory__rosidl_typesupport_fastrtps_cpp.hpp
[9.628s] -- Up-to-date: /home/habibahassan/project/install/moveit_msgs/include/moveit_msgs/moveit_msgs/msg/detail/oriented_bounding_box__rosidl_typesupport_fastrtps_cpp.hpp
[9.628s] -- Up-to-date: /home/habibahassan/project/install/moveit_msgs/include/moveit_msgs/moveit_msgs/msg/detail/motion_sequence_response__rosidl_typesupport_fastrtps_cpp.hpp
[9.629s] -- Up-to-date: /home/habibahassan/project/install/moveit_msgs/include/moveit_msgs/moveit_msgs/msg/detail/kinematic_solver_info__rosidl_typesupport_fastrtps_cpp.hpp
[9.629s] -- Up-to-date: /home/habibahassan/project/install/moveit_msgs/include/moveit_msgs/moveit_msgs/msg/detail/cartesian_point__rosidl_typesupport_fastrtps_cpp.hpp
[9.629s] -- Up-to-date: /home/habibahassan/project/install/moveit_msgs/include/moveit_msgs/moveit_msgs/msg/detail/cost_source__rosidl_typesupport_fastrtps_cpp.hpp
[9.629s] -- Up-to-date: /home/habibahassan/project/install/moveit_msgs/include/moveit_msgs/moveit_msgs/msg/detail/display_robot_state__rosidl_typesupport_fastrtps_cpp.hpp
[9.629s] -- Up-to-date: /home/habibahassan/project/install/moveit_msgs/include/moveit_msgs/moveit_msgs/msg/detail/robot_trajectory__rosidl_typesupport_fastrtps_cpp.hpp
[9.629s] -- Up-to-date: /home/habibahassan/project/install/moveit_msgs/include/moveit_msgs/moveit_msgs/msg/detail/planner_interface_description__rosidl_typesupport_fastrtps_cpp.hpp
[9.630s] -- Up-to-date: /home/habibahassan/project/install/moveit_msgs/include/moveit_msgs/moveit_msgs/msg/detail/pipeline_state__rosidl_typesupport_fastrtps_cpp.hpp
[9.630s] -- Up-to-date: /home/habibahassan/project/install/moveit_msgs/include/moveit_msgs/moveit_msgs/msg/detail/motion_sequence_request__rosidl_typesupport_fastrtps_cpp.hpp
[9.630s] -- Up-to-date: /home/habibahassan/project/install/moveit_msgs/include/moveit_msgs/moveit_msgs/msg/detail/link_padding__rosidl_typesupport_fastrtps_cpp.hpp
[9.630s] -- Up-to-date: /home/habibahassan/project/install/moveit_msgs/include/moveit_msgs/moveit_msgs/msg/detail/cartesian_trajectory__rosidl_typesupport_fastrtps_cpp.hpp
[9.631s] -- Up-to-date: /home/habibahassan/project/install/moveit_msgs/include/moveit_msgs/moveit_msgs/msg/detail/attached_collision_object__rosidl_typesupport_fastrtps_cpp.hpp
[9.631s] -- Up-to-date: /home/habibahassan/project/install/moveit_msgs/include/moveit_msgs/moveit_msgs/msg/detail/servo_status__rosidl_typesupport_fastrtps_cpp.hpp
[9.631s] -- Up-to-date: /home/habibahassan/project/install/moveit_msgs/include/moveit_msgs/moveit_msgs/msg/detail/collision_object__rosidl_typesupport_fastrtps_cpp.hpp
[9.631s] -- Up-to-date: /home/habibahassan/project/install/moveit_msgs/include/moveit_msgs/moveit_msgs/msg/detail/link_scale__rosidl_typesupport_fastrtps_cpp.hpp
[9.631s] -- Up-to-date: /home/habibahassan/project/install/moveit_msgs/include/moveit_msgs/moveit_msgs/msg/detail/motion_plan_detailed_response__rosidl_typesupport_fastrtps_cpp.hpp
[9.631s] -- Up-to-date: /home/habibahassan/project/install/moveit_msgs/include/moveit_msgs/moveit_msgs/msg/detail/motion_sequence_item__rosidl_typesupport_fastrtps_cpp.hpp
[9.632s] -- Up-to-date: /home/habibahassan/project/install/moveit_msgs/include/moveit_msgs/moveit_msgs/msg/detail/cartesian_trajectory_point__rosidl_typesupport_fastrtps_cpp.hpp
[9.632s] -- Up-to-date: /home/habibahassan/project/install/moveit_msgs/include/moveit_msgs/moveit_msgs/msg/detail/dds_fastrtps
[9.632s] -- Up-to-date: /home/habibahassan/project/install/moveit_msgs/lib/libmoveit_msgs__rosidl_typesupport_fastrtps_cpp.so
[9.632s] -- Up-to-date: /home/habibahassan/project/install/moveit_msgs/include/moveit_msgs/moveit_msgs
[9.632s] -- Up-to-date: /home/habibahassan/project/install/moveit_msgs/include/moveit_msgs/moveit_msgs/srv
[9.632s] -- Up-to-date: /home/habibahassan/project/install/moveit_msgs/include/moveit_msgs/moveit_msgs/srv/detail
[9.633s] -- Up-to-date: /home/habibahassan/project/install/moveit_msgs/include/moveit_msgs/moveit_msgs/srv/detail/grasp_planning__type_support.cpp
[9.633s] -- Up-to-date: /home/habibahassan/project/install/moveit_msgs/include/moveit_msgs/moveit_msgs/srv/detail/get_motion_plan__type_support.cpp
[9.633s] -- Up-to-date: /home/habibahassan/project/install/moveit_msgs/include/moveit_msgs/moveit_msgs/srv/detail/grasp_planning__rosidl_typesupport_introspection_cpp.hpp
[9.633s] -- Up-to-date: /home/habibahassan/project/install/moveit_msgs/include/moveit_msgs/moveit_msgs/srv/detail/load_map__type_support.cpp
[9.633s] -- Up-to-date: /home/habibahassan/project/install/moveit_msgs/include/moveit_msgs/moveit_msgs/srv/detail/save_robot_state_to_warehouse__type_support.cpp
[9.634s] -- Up-to-date: /home/habibahassan/project/install/moveit_msgs/include/moveit_msgs/moveit_msgs/srv/detail/delete_robot_state_from_warehouse__type_support.cpp
[9.634s] -- Up-to-date: /home/habibahassan/project/install/moveit_msgs/include/moveit_msgs/moveit_msgs/srv/detail/query_planner_interfaces__rosidl_typesupport_introspection_cpp.hpp
[9.639s] -- Up-to-date: /home/habibahassan/project/install/moveit_msgs/include/moveit_msgs/moveit_msgs/srv/detail/set_planner_params__rosidl_typesupport_introspection_cpp.hpp
[9.640s] -- Up-to-date: /home/habibahassan/project/install/moveit_msgs/include/moveit_msgs/moveit_msgs/srv/detail/save_geometry_to_file__rosidl_typesupport_introspection_cpp.hpp
[9.640s] -- Up-to-date: /home/habibahassan/project/install/moveit_msgs/include/moveit_msgs/moveit_msgs/srv/detail/update_pointcloud_octomap__rosidl_typesupport_introspection_cpp.hpp
[9.640s] -- Up-to-date: /home/habibahassan/project/install/moveit_msgs/include/moveit_msgs/moveit_msgs/srv/detail/get_planning_scene__rosidl_typesupport_introspection_cpp.hpp
[9.640s] -- Up-to-date: /home/habibahassan/project/install/moveit_msgs/include/moveit_msgs/moveit_msgs/srv/detail/save_geometry_to_file__type_support.cpp
[9.641s] -- Up-to-date: /home/habibahassan/project/install/moveit_msgs/include/moveit_msgs/moveit_msgs/srv/detail/apply_planning_scene__type_support.cpp
[9.641s] -- Up-to-date: /home/habibahassan/project/install/moveit_msgs/include/moveit_msgs/moveit_msgs/srv/detail/get_motion_sequence__rosidl_typesupport_introspection_cpp.hpp
[9.642s] -- Up-to-date: /home/habibahassan/project/install/moveit_msgs/include/moveit_msgs/moveit_msgs/srv/detail/apply_planning_scene__rosidl_typesupport_introspection_cpp.hpp
[9.642s] -- Up-to-date: /home/habibahassan/project/install/moveit_msgs/include/moveit_msgs/moveit_msgs/srv/detail/check_if_robot_state_exists_in_warehouse__type_support.cpp
[9.642s] -- Up-to-date: /home/habibahassan/project/install/moveit_msgs/include/moveit_msgs/moveit_msgs/srv/detail/get_cartesian_path__rosidl_typesupport_introspection_cpp.hpp
[9.643s] -- Up-to-date: /home/habibahassan/project/install/moveit_msgs/include/moveit_msgs/moveit_msgs/srv/detail/get_motion_plan__rosidl_typesupport_introspection_cpp.hpp
[9.643s] -- Up-to-date: /home/habibahassan/project/install/moveit_msgs/include/moveit_msgs/moveit_msgs/srv/detail/list_robot_states_in_warehouse__type_support.cpp
[9.644s] -- Up-to-date: /home/habibahassan/project/install/moveit_msgs/include/moveit_msgs/moveit_msgs/srv/detail/save_robot_state_to_warehouse__rosidl_typesupport_introspection_cpp.hpp
[9.644s] -- Up-to-date: /home/habibahassan/project/install/moveit_msgs/include/moveit_msgs/moveit_msgs/srv/detail/list_robot_states_in_warehouse__rosidl_typesupport_introspection_cpp.hpp
[9.645s] -- Up-to-date: /home/habibahassan/project/install/moveit_msgs/include/moveit_msgs/moveit_msgs/srv/detail/get_position_ik__rosidl_typesupport_introspection_cpp.hpp
[9.645s] -- Up-to-date: /home/habibahassan/project/install/moveit_msgs/include/moveit_msgs/moveit_msgs/srv/detail/get_state_validity__rosidl_typesupport_introspection_cpp.hpp
[9.645s] -- Up-to-date: /home/habibahassan/project/install/moveit_msgs/include/moveit_msgs/moveit_msgs/srv/detail/get_motion_sequence__type_support.cpp
[9.646s] -- Up-to-date: /home/habibahassan/project/install/moveit_msgs/include/moveit_msgs/moveit_msgs/srv/detail/get_state_validity__type_support.cpp
[9.646s] -- Up-to-date: /home/habibahassan/project/install/moveit_msgs/include/moveit_msgs/moveit_msgs/srv/detail/rename_robot_state_in_warehouse__rosidl_typesupport_introspection_cpp.hpp
[9.646s] -- Up-to-date: /home/habibahassan/project/install/moveit_msgs/include/moveit_msgs/moveit_msgs/srv/detail/get_position_ik__type_support.cpp
[9.646s] -- Up-to-date: /home/habibahassan/project/install/moveit_msgs/include/moveit_msgs/moveit_msgs/srv/detail/get_planner_params__rosidl_typesupport_introspection_cpp.hpp
[9.646s] -- Up-to-date: /home/habibahassan/project/install/moveit_msgs/include/moveit_msgs/moveit_msgs/srv/detail/get_position_fk__type_support.cpp
[9.647s] -- Up-to-date: /home/habibahassan/project/install/moveit_msgs/include/moveit_msgs/moveit_msgs/srv/detail/servo_command_type__type_support.cpp
[9.647s] -- Up-to-date: /home/habibahassan/project/install/moveit_msgs/include/moveit_msgs/moveit_msgs/srv/detail/delete_robot_state_from_warehouse__rosidl_typesupport_introspection_cpp.hpp
[9.647s] -- Up-to-date: /home/habibahassan/project/install/moveit_msgs/include/moveit_msgs/moveit_msgs/srv/detail/get_group_urdf__rosidl_typesupport_introspection_cpp.hpp
[9.648s] -- Up-to-date: /home/habibahassan/project/install/moveit_msgs/include/moveit_msgs/moveit_msgs/srv/detail/load_geometry_from_file__rosidl_typesupport_introspection_cpp.hpp
[9.648s] -- Up-to-date: /home/habibahassan/project/install/moveit_msgs/include/moveit_msgs/moveit_msgs/srv/detail/load_map__rosidl_typesupport_introspection_cpp.hpp
[9.652s] -- Up-to-date: /home/habibahassan/project/install/moveit_msgs/include/moveit_msgs/moveit_msgs/srv/detail/get_planner_params__type_support.cpp
[9.652s] -- Up-to-date: /home/habibahassan/project/install/moveit_msgs/include/moveit_msgs/moveit_msgs/srv/detail/set_planner_params__type_support.cpp
[9.653s] -- Up-to-date: /home/habibahassan/project/install/moveit_msgs/include/moveit_msgs/moveit_msgs/srv/detail/get_group_urdf__type_support.cpp
[9.653s] -- Up-to-date: /home/habibahassan/project/install/moveit_msgs/include/moveit_msgs/moveit_msgs/srv/detail/update_pointcloud_octomap__type_support.cpp
[9.654s] -- Up-to-date: /home/habibahassan/project/install/moveit_msgs/include/moveit_msgs/moveit_msgs/srv/detail/save_map__rosidl_typesupport_introspection_cpp.hpp
[9.654s] -- Up-to-date: /home/habibahassan/project/install/moveit_msgs/include/moveit_msgs/moveit_msgs/srv/detail/get_position_fk__rosidl_typesupport_introspection_cpp.hpp
[9.654s] -- Up-to-date: /home/habibahassan/project/install/moveit_msgs/include/moveit_msgs/moveit_msgs/srv/detail/save_map__type_support.cpp
[9.654s] -- Up-to-date: /home/habibahassan/project/install/moveit_msgs/include/moveit_msgs/moveit_msgs/srv/detail/rename_robot_state_in_warehouse__type_support.cpp
[9.654s] -- Up-to-date: /home/habibahassan/project/install/moveit_msgs/include/moveit_msgs/moveit_msgs/srv/detail/servo_command_type__rosidl_typesupport_introspection_cpp.hpp
[9.655s] -- Up-to-date: /home/habibahassan/project/install/moveit_msgs/include/moveit_msgs/moveit_msgs/srv/detail/load_geometry_from_file__type_support.cpp
[9.655s] -- Up-to-date: /home/habibahassan/project/install/moveit_msgs/include/moveit_msgs/moveit_msgs/srv/detail/check_if_robot_state_exists_in_warehouse__rosidl_typesupport_introspection_cpp.hpp
[9.655s] -- Up-to-date: /home/habibahassan/project/install/moveit_msgs/include/moveit_msgs/moveit_msgs/srv/detail/get_robot_state_from_warehouse__type_support.cpp
[9.655s] -- Up-to-date: /home/habibahassan/project/install/moveit_msgs/include/moveit_msgs/moveit_msgs/srv/detail/get_cartesian_path__type_support.cpp
[9.655s] -- Up-to-date: /home/habibahassan/project/install/moveit_msgs/include/moveit_msgs/moveit_msgs/srv/detail/get_planning_scene__type_support.cpp
[9.656s] -- Up-to-date: /home/habibahassan/project/install/moveit_msgs/include/moveit_msgs/moveit_msgs/srv/detail/get_robot_state_from_warehouse__rosidl_typesupport_introspection_cpp.hpp
[9.656s] -- Up-to-date: /home/habibahassan/project/install/moveit_msgs/include/moveit_msgs/moveit_msgs/srv/detail/query_planner_interfaces__type_support.cpp
[9.656s] -- Up-to-date: /home/habibahassan/project/install/moveit_msgs/include/moveit_msgs/moveit_msgs/action
[9.656s] -- Up-to-date: /home/habibahassan/project/install/moveit_msgs/include/moveit_msgs/moveit_msgs/action/detail
[9.657s] -- Up-to-date: /home/habibahassan/project/install/moveit_msgs/include/moveit_msgs/moveit_msgs/action/detail/pickup__rosidl_typesupport_introspection_cpp.hpp
[9.657s] -- Up-to-date: /home/habibahassan/project/install/moveit_msgs/include/moveit_msgs/moveit_msgs/action/detail/execute_trajectory__type_support.cpp
[9.657s] -- Up-to-date: /home/habibahassan/project/install/moveit_msgs/include/moveit_msgs/moveit_msgs/action/detail/local_planner__rosidl_typesupport_introspection_cpp.hpp
[9.658s] -- Up-to-date: /home/habibahassan/project/install/moveit_msgs/include/moveit_msgs/moveit_msgs/action/detail/hybrid_planner__type_support.cpp
[9.659s] -- Up-to-date: /home/habibahassan/project/install/moveit_msgs/include/moveit_msgs/moveit_msgs/action/detail/move_group__rosidl_typesupport_introspection_cpp.hpp
[9.660s] -- Up-to-date: /home/habibahassan/project/install/moveit_msgs/include/moveit_msgs/moveit_msgs/action/detail/global_planner__rosidl_typesupport_introspection_cpp.hpp
[9.660s] -- Up-to-date: /home/habibahassan/project/install/moveit_msgs/include/moveit_msgs/moveit_msgs/action/detail/place__rosidl_typesupport_introspection_cpp.hpp
[9.660s] -- Up-to-date: /home/habibahassan/project/install/moveit_msgs/include/moveit_msgs/moveit_msgs/action/detail/place__type_support.cpp
[9.661s] -- Up-to-date: /home/habibahassan/project/install/moveit_msgs/include/moveit_msgs/moveit_msgs/action/detail/move_group_sequence__type_support.cpp
[9.661s] -- Up-to-date: /home/habibahassan/project/install/moveit_msgs/include/moveit_msgs/moveit_msgs/action/detail/local_planner__type_support.cpp
[9.662s] -- Up-to-date: /home/habibahassan/project/install/moveit_msgs/include/moveit_msgs/moveit_msgs/action/detail/move_group__type_support.cpp
[9.662s] -- Up-to-date: /home/habibahassan/project/install/moveit_msgs/include/moveit_msgs/moveit_msgs/action/detail/global_planner__type_support.cpp
[9.662s] -- Up-to-date: /home/habibahassan/project/install/moveit_msgs/include/moveit_msgs/moveit_msgs/action/detail/execute_trajectory__rosidl_typesupport_introspection_cpp.hpp
[9.663s] -- Up-to-date: /home/habibahassan/project/install/moveit_msgs/include/moveit_msgs/moveit_msgs/action/detail/hybrid_planner__rosidl_typesupport_introspection_cpp.hpp
[9.663s] -- Up-to-date: /home/habibahassan/project/install/moveit_msgs/include/moveit_msgs/moveit_msgs/action/detail/pickup__type_support.cpp
[9.664s] -- Up-to-date: /home/habibahassan/project/install/moveit_msgs/include/moveit_msgs/moveit_msgs/action/detail/move_group_sequence__rosidl_typesupport_introspection_cpp.hpp
[9.664s] -- Up-to-date: /home/habibahassan/project/install/moveit_msgs/include/moveit_msgs/moveit_msgs/msg
[9.665s] -- Up-to-date: /home/habibahassan/project/install/moveit_msgs/include/moveit_msgs/moveit_msgs/msg/detail
[9.665s] -- Up-to-date: /home/habibahassan/project/install/moveit_msgs/include/moveit_msgs/moveit_msgs/msg/detail/link_padding__type_support.cpp
[9.666s] -- Up-to-date: /home/habibahassan/project/install/moveit_msgs/include/moveit_msgs/moveit_msgs/msg/detail/cost_source__rosidl_typesupport_introspection_cpp.hpp
[9.666s] -- Up-to-date: /home/habibahassan/project/install/moveit_msgs/include/moveit_msgs/moveit_msgs/msg/detail/bounding_volume__type_support.cpp
[9.667s] -- Up-to-date: /home/habibahassan/project/install/moveit_msgs/include/moveit_msgs/moveit_msgs/msg/detail/robot_state__rosidl_typesupport_introspection_cpp.hpp
[9.667s] -- Up-to-date: /home/habibahassan/project/install/moveit_msgs/include/moveit_msgs/moveit_msgs/msg/detail/oriented_bounding_box__type_support.cpp
[9.667s] -- Up-to-date: /home/habibahassan/project/install/moveit_msgs/include/moveit_msgs/moveit_msgs/msg/detail/joint_limits__type_support.cpp
[9.669s] -- Up-to-date: /home/habibahassan/project/install/moveit_msgs/include/moveit_msgs/moveit_msgs/msg/detail/motion_sequence_response__type_support.cpp
[9.673s] -- Up-to-date: /home/habibahassan/project/install/moveit_msgs/include/moveit_msgs/moveit_msgs/msg/detail/display_robot_state__type_support.cpp
[9.673s] -- Up-to-date: /home/habibahassan/project/install/moveit_msgs/include/moveit_msgs/moveit_msgs/msg/detail/planning_options__rosidl_typesupport_introspection_cpp.hpp
[9.673s] -- Up-to-date: /home/habibahassan/project/install/moveit_msgs/include/moveit_msgs/moveit_msgs/msg/detail/motion_plan_detailed_response__type_support.cpp
[9.673s] -- Up-to-date: /home/habibahassan/project/install/moveit_msgs/include/moveit_msgs/moveit_msgs/msg/detail/place_location__rosidl_typesupport_introspection_cpp.hpp
[9.673s] -- Up-to-date: /home/habibahassan/project/install/moveit_msgs/include/moveit_msgs/moveit_msgs/msg/detail/kinematic_solver_info__type_support.cpp
[9.673s] -- Up-to-date: /home/habibahassan/project/install/moveit_msgs/include/moveit_msgs/moveit_msgs/msg/detail/display_trajectory__rosidl_typesupport_introspection_cpp.hpp
[9.674s] -- Up-to-date: /home/habibahassan/project/install/moveit_msgs/include/moveit_msgs/moveit_msgs/msg/detail/allowed_collision_entry__type_support.cpp
[9.674s] -- Up-to-date: /home/habibahassan/project/install/moveit_msgs/include/moveit_msgs/moveit_msgs/msg/detail/position_constraint__rosidl_typesupport_introspection_cpp.hpp
[9.674s] -- Up-to-date: /home/habibahassan/project/install/moveit_msgs/include/moveit_msgs/moveit_msgs/msg/detail/motion_plan_detailed_response__rosidl_typesupport_introspection_cpp.hpp
[9.674s] -- Up-to-date: /home/habibahassan/project/install/moveit_msgs/include/moveit_msgs/moveit_msgs/msg/detail/oriented_bounding_box__rosidl_typesupport_introspection_cpp.hpp
[9.674s] -- Up-to-date: /home/habibahassan/project/install/moveit_msgs/include/moveit_msgs/moveit_msgs/msg/detail/motion_sequence_item__type_support.cpp
[9.675s] -- Up-to-date: /home/habibahassan/project/install/moveit_msgs/include/moveit_msgs/moveit_msgs/msg/detail/planning_scene_world__rosidl_typesupport_introspection_cpp.hpp
[9.675s] -- Up-to-date: /home/habibahassan/project/install/moveit_msgs/include/moveit_msgs/moveit_msgs/msg/detail/attached_collision_object__type_support.cpp
[9.675s] -- Up-to-date: /home/habibahassan/project/install/moveit_msgs/include/moveit_msgs/moveit_msgs/msg/detail/workspace_parameters__rosidl_typesupport_introspection_cpp.hpp
[9.675s] -- Up-to-date: /home/habibahassan/project/install/moveit_msgs/include/moveit_msgs/moveit_msgs/msg/detail/servo_status__rosidl_typesupport_introspection_cpp.hpp
[9.675s] -- Up-to-date: /home/habibahassan/project/install/moveit_msgs/include/moveit_msgs/moveit_msgs/msg/detail/motion_plan_response__type_support.cpp
[9.675s] -- Up-to-date: /home/habibahassan/project/install/moveit_msgs/include/moveit_msgs/moveit_msgs/msg/detail/constraints__type_support.cpp
[9.676s] -- Up-to-date: /home/habibahassan/project/install/moveit_msgs/include/moveit_msgs/moveit_msgs/msg/detail/planning_options__type_support.cpp
[9.676s] -- Up-to-date: /home/habibahassan/project/install/moveit_msgs/include/moveit_msgs/moveit_msgs/msg/detail/generic_trajectory__type_support.cpp
[9.676s] -- Up-to-date: /home/habibahassan/project/install/moveit_msgs/include/moveit_msgs/moveit_msgs/msg/detail/cartesian_trajectory__rosidl_typesupport_introspection_cpp.hpp
[9.676s] -- Up-to-date: /home/habibahassan/project/install/moveit_msgs/include/moveit_msgs/moveit_msgs/msg/detail/link_scale__rosidl_typesupport_introspection_cpp.hpp
[9.676s] -- Up-to-date: /home/habibahassan/project/install/moveit_msgs/include/moveit_msgs/moveit_msgs/msg/detail/orientation_constraint__type_support.cpp
[9.677s] -- Up-to-date: /home/habibahassan/project/install/moveit_msgs/include/moveit_msgs/moveit_msgs/msg/detail/motion_sequence_item__rosidl_typesupport_introspection_cpp.hpp
[9.677s] -- Up-to-date: /home/habibahassan/project/install/moveit_msgs/include/moveit_msgs/moveit_msgs/msg/detail/planning_scene_components__rosidl_typesupport_introspection_cpp.hpp
[9.677s] -- Up-to-date: /home/habibahassan/project/install/moveit_msgs/include/moveit_msgs/moveit_msgs/msg/detail/orientation_constraint__rosidl_typesupport_introspection_cpp.hpp
[9.677s] -- Up-to-date: /home/habibahassan/project/install/moveit_msgs/include/moveit_msgs/moveit_msgs/msg/detail/planner_interface_description__type_support.cpp
[9.677s] -- Up-to-date: /home/habibahassan/project/install/moveit_msgs/include/moveit_msgs/moveit_msgs/msg/detail/planning_scene_components__type_support.cpp
[9.678s] -- Up-to-date: /home/habibahassan/project/install/moveit_msgs/include/moveit_msgs/moveit_msgs/msg/detail/grasp__rosidl_typesupport_introspection_cpp.hpp
[9.678s] -- Up-to-date: /home/habibahassan/project/install/moveit_msgs/include/moveit_msgs/moveit_msgs/msg/detail/servo_status__type_support.cpp
[9.678s] -- Up-to-date: /home/habibahassan/project/install/moveit_msgs/include/moveit_msgs/moveit_msgs/msg/detail/robot_trajectory__type_support.cpp
[9.679s] -- Up-to-date: /home/habibahassan/project/install/moveit_msgs/include/moveit_msgs/moveit_msgs/msg/detail/object_color__type_support.cpp
[9.679s] -- Up-to-date: /home/habibahassan/project/install/moveit_msgs/include/moveit_msgs/moveit_msgs/msg/detail/move_it_error_codes__type_support.cpp
[9.679s] -- Up-to-date: /home/habibahassan/project/install/moveit_msgs/include/moveit_msgs/moveit_msgs/msg/detail/attached_collision_object__rosidl_typesupport_introspection_cpp.hpp
[9.679s] -- Up-to-date: /home/habibahassan/project/install/moveit_msgs/include/moveit_msgs/moveit_msgs/msg/detail/planner_params__type_support.cpp
[9.679s] -- Up-to-date: /home/habibahassan/project/install/moveit_msgs/include/moveit_msgs/moveit_msgs/msg/detail/position_ik_request__type_support.cpp
[9.680s] -- Up-to-date: /home/habibahassan/project/install/moveit_msgs/include/moveit_msgs/moveit_msgs/msg/detail/motion_sequence_request__rosidl_typesupport_introspection_cpp.hpp
[9.680s] -- Up-to-date: /home/habibahassan/project/install/moveit_msgs/include/moveit_msgs/moveit_msgs/msg/detail/cartesian_trajectory__type_support.cpp
[9.680s] -- Up-to-date: /home/habibahassan/project/install/moveit_msgs/include/moveit_msgs/moveit_msgs/msg/detail/planning_scene_world__type_support.cpp
[9.680s] -- Up-to-date: /home/habibahassan/project/install/moveit_msgs/include/moveit_msgs/moveit_msgs/msg/detail/link_scale__type_support.cpp
[9.680s] -- Up-to-date: /home/habibahassan/project/install/moveit_msgs/include/moveit_msgs/moveit_msgs/msg/detail/motion_sequence_request__type_support.cpp
[9.681s] -- Up-to-date: /home/habibahassan/project/install/moveit_msgs/include/moveit_msgs/moveit_msgs/msg/detail/kinematic_solver_info__rosidl_typesupport_introspection_cpp.hpp
[9.681s] -- Up-to-date: /home/habibahassan/project/install/moveit_msgs/include/moveit_msgs/moveit_msgs/msg/detail/contact_information__rosidl_typesupport_introspection_cpp.hpp
[9.681s] -- Up-to-date: /home/habibahassan/project/install/moveit_msgs/include/moveit_msgs/moveit_msgs/msg/detail/planner_interface_description__rosidl_typesupport_introspection_cpp.hpp
[9.681s] -- Up-to-date: /home/habibahassan/project/install/moveit_msgs/include/moveit_msgs/moveit_msgs/msg/detail/grasp__type_support.cpp
[9.681s] -- Up-to-date: /home/habibahassan/project/install/moveit_msgs/include/moveit_msgs/moveit_msgs/msg/detail/collision_object__rosidl_typesupport_introspection_cpp.hpp
[9.681s] -- Up-to-date: /home/habibahassan/project/install/moveit_msgs/include/moveit_msgs/moveit_msgs/msg/detail/allowed_collision_entry__rosidl_typesupport_introspection_cpp.hpp
[9.681s] -- Up-to-date: /home/habibahassan/project/install/moveit_msgs/include/moveit_msgs/moveit_msgs/msg/detail/trajectory_constraints__rosidl_typesupport_introspection_cpp.hpp
[9.682s] -- Up-to-date: /home/habibahassan/project/install/moveit_msgs/include/moveit_msgs/moveit_msgs/msg/detail/robot_trajectory__rosidl_typesupport_introspection_cpp.hpp
[9.682s] -- Up-to-date: /home/habibahassan/project/install/moveit_msgs/include/moveit_msgs/moveit_msgs/msg/detail/joint_constraint__rosidl_typesupport_introspection_cpp.hpp
[9.682s] -- Up-to-date: /home/habibahassan/project/install/moveit_msgs/include/moveit_msgs/moveit_msgs/msg/detail/place_location__type_support.cpp
[9.682s] -- Up-to-date: /home/habibahassan/project/install/moveit_msgs/include/moveit_msgs/moveit_msgs/msg/detail/motion_plan_request__type_support.cpp
[9.682s] -- Up-to-date: /home/habibahassan/project/install/moveit_msgs/include/moveit_msgs/moveit_msgs/msg/detail/constraints__rosidl_typesupport_introspection_cpp.hpp
[9.684s] -- Up-to-date: /home/habibahassan/project/install/moveit_msgs/include/moveit_msgs/moveit_msgs/msg/detail/link_padding__rosidl_typesupport_introspection_cpp.hpp
[9.684s] -- Up-to-date: /home/habibahassan/project/install/moveit_msgs/include/moveit_msgs/moveit_msgs/msg/detail/workspace_parameters__type_support.cpp
[9.685s] -- Up-to-date: /home/habibahassan/project/install/moveit_msgs/include/moveit_msgs/moveit_msgs/msg/detail/position_constraint__type_support.cpp
[9.685s] -- Up-to-date: /home/habibahassan/project/install/moveit_msgs/include/moveit_msgs/moveit_msgs/msg/detail/bounding_volume__rosidl_typesupport_introspection_cpp.hpp
[9.691s] -- Up-to-date: /home/habibahassan/project/install/moveit_msgs/include/moveit_msgs/moveit_msgs/msg/detail/planner_params__rosidl_typesupport_introspection_cpp.hpp
[9.691s] -- Up-to-date: /home/habibahassan/project/install/moveit_msgs/include/moveit_msgs/moveit_msgs/msg/detail/position_ik_request__rosidl_typesupport_introspection_cpp.hpp
[9.694s] -- Up-to-date: /home/habibahassan/project/install/moveit_msgs/include/moveit_msgs/moveit_msgs/msg/detail/generic_trajectory__rosidl_typesupport_introspection_cpp.hpp
[9.694s] -- Up-to-date: /home/habibahassan/project/install/moveit_msgs/include/moveit_msgs/moveit_msgs/msg/detail/planning_scene__type_support.cpp
[9.695s] -- Up-to-date: /home/habibahassan/project/install/moveit_msgs/include/moveit_msgs/moveit_msgs/msg/detail/trajectory_constraints__type_support.cpp
[9.696s] -- Up-to-date: /home/habibahassan/project/install/moveit_msgs/include/moveit_msgs/moveit_msgs/msg/detail/object_color__rosidl_typesupport_introspection_cpp.hpp
[9.696s] -- Up-to-date: /home/habibahassan/project/install/moveit_msgs/include/moveit_msgs/moveit_msgs/msg/detail/display_trajectory__type_support.cpp
[9.696s] -- Up-to-date: /home/habibahassan/project/install/moveit_msgs/include/moveit_msgs/moveit_msgs/msg/detail/cartesian_point__rosidl_typesupport_introspection_cpp.hpp
[9.697s] -- Up-to-date: /home/habibahassan/project/install/moveit_msgs/include/moveit_msgs/moveit_msgs/msg/detail/joint_limits__rosidl_typesupport_introspection_cpp.hpp
[9.697s] -- Up-to-date: /home/habibahassan/project/install/moveit_msgs/include/moveit_msgs/moveit_msgs/msg/detail/motion_plan_response__rosidl_typesupport_introspection_cpp.hpp
[9.697s] -- Up-to-date: /home/habibahassan/project/install/moveit_msgs/include/moveit_msgs/moveit_msgs/msg/detail/motion_sequence_response__rosidl_typesupport_introspection_cpp.hpp
[9.697s] -- Up-to-date: /home/habibahassan/project/install/moveit_msgs/include/moveit_msgs/moveit_msgs/msg/detail/planning_scene__rosidl_typesupport_introspection_cpp.hpp
[9.697s] -- Up-to-date: /home/habibahassan/project/install/moveit_msgs/include/moveit_msgs/moveit_msgs/msg/detail/pipeline_state__type_support.cpp
[9.698s] -- Up-to-date: /home/habibahassan/project/install/moveit_msgs/include/moveit_msgs/moveit_msgs/msg/detail/move_it_error_codes__rosidl_typesupport_introspection_cpp.hpp
[9.698s] -- Up-to-date: /home/habibahassan/project/install/moveit_msgs/include/moveit_msgs/moveit_msgs/msg/detail/cartesian_trajectory_point__type_support.cpp
[9.698s] -- Up-to-date: /home/habibahassan/project/install/moveit_msgs/include/moveit_msgs/moveit_msgs/msg/detail/robot_state__type_support.cpp
[9.698s] -- Up-to-date: /home/habibahassan/project/install/moveit_msgs/include/moveit_msgs/moveit_msgs/msg/detail/display_robot_state__rosidl_typesupport_introspection_cpp.hpp
[9.698s] -- Up-to-date: /home/habibahassan/project/install/moveit_msgs/include/moveit_msgs/moveit_msgs/msg/detail/allowed_collision_matrix__rosidl_typesupport_introspection_cpp.hpp
[9.699s] -- Up-to-date: /home/habibahassan/project/install/moveit_msgs/include/moveit_msgs/moveit_msgs/msg/detail/gripper_translation__type_support.cpp
[9.699s] -- Up-to-date: /home/habibahassan/project/install/moveit_msgs/include/moveit_msgs/moveit_msgs/msg/detail/gripper_translation__rosidl_typesupport_introspection_cpp.hpp
[9.699s] -- Up-to-date: /home/habibahassan/project/install/moveit_msgs/include/moveit_msgs/moveit_msgs/msg/detail/visibility_constraint__rosidl_typesupport_introspection_cpp.hpp
[9.699s] -- Up-to-date: /home/habibahassan/project/install/moveit_msgs/include/moveit_msgs/moveit_msgs/msg/detail/cost_source__type_support.cpp
[9.700s] -- Up-to-date: /home/habibahassan/project/install/moveit_msgs/include/moveit_msgs/moveit_msgs/msg/detail/motion_plan_request__rosidl_typesupport_introspection_cpp.hpp
[9.700s] -- Up-to-date: /home/habibahassan/project/install/moveit_msgs/include/moveit_msgs/moveit_msgs/msg/detail/cartesian_point__type_support.cpp
[9.700s] -- Up-to-date: /home/habibahassan/project/install/moveit_msgs/include/moveit_msgs/moveit_msgs/msg/detail/allowed_collision_matrix__type_support.cpp
[9.700s] -- Up-to-date: /home/habibahassan/project/install/moveit_msgs/include/moveit_msgs/moveit_msgs/msg/detail/constraint_eval_result__type_support.cpp
[9.701s] -- Up-to-date: /home/habibahassan/project/install/moveit_msgs/include/moveit_msgs/moveit_msgs/msg/detail/joint_constraint__type_support.cpp
[9.701s] -- Up-to-date: /home/habibahassan/project/install/moveit_msgs/include/moveit_msgs/moveit_msgs/msg/detail/pipeline_state__rosidl_typesupport_introspection_cpp.hpp
[9.701s] -- Up-to-date: /home/habibahassan/project/install/moveit_msgs/include/moveit_msgs/moveit_msgs/msg/detail/collision_object__type_support.cpp
[9.701s] -- Up-to-date: /home/habibahassan/project/install/moveit_msgs/include/moveit_msgs/moveit_msgs/msg/detail/contact_information__type_support.cpp
[9.702s] -- Up-to-date: /home/habibahassan/project/install/moveit_msgs/include/moveit_msgs/moveit_msgs/msg/detail/constraint_eval_result__rosidl_typesupport_introspection_cpp.hpp
[9.702s] -- Up-to-date: /home/habibahassan/project/install/moveit_msgs/include/moveit_msgs/moveit_msgs/msg/detail/cartesian_trajectory_point__rosidl_typesupport_introspection_cpp.hpp
[9.702s] -- Up-to-date: /home/habibahassan/project/install/moveit_msgs/include/moveit_msgs/moveit_msgs/msg/detail/visibility_constraint__type_support.cpp
[9.703s] -- Up-to-date: /home/habibahassan/project/install/moveit_msgs/lib/libmoveit_msgs__rosidl_typesupport_introspection_cpp.so
[9.703s] -- Up-to-date: /home/habibahassan/project/install/moveit_msgs/lib/libmoveit_msgs__rosidl_typesupport_cpp.so
[9.704s] -- Up-to-date: /home/habibahassan/project/install/moveit_msgs/share/moveit_msgs/environment/pythonpath.sh
[9.704s] -- Up-to-date: /home/habibahassan/project/install/moveit_msgs/share/moveit_msgs/environment/pythonpath.dsv
[9.704s] -- Up-to-date: /home/habibahassan/project/install/moveit_msgs/lib/python3.12/site-packages/moveit_msgs-2.6.0-py3.12.egg-info
[9.704s] -- Installing: /home/habibahassan/project/install/moveit_msgs/lib/python3.12/site-packages/moveit_msgs-2.6.0-py3.12.egg-info/SOURCES.txt
[9.705s] -- Installing: /home/habibahassan/project/install/moveit_msgs/lib/python3.12/site-packages/moveit_msgs-2.6.0-py3.12.egg-info/top_level.txt
[9.705s] -- Installing: /home/habibahassan/project/install/moveit_msgs/lib/python3.12/site-packages/moveit_msgs-2.6.0-py3.12.egg-info/dependency_links.txt
[9.705s] -- Installing: /home/habibahassan/project/install/moveit_msgs/lib/python3.12/site-packages/moveit_msgs-2.6.0-py3.12.egg-info/PKG-INFO
[9.705s] -- Up-to-date: /home/habibahassan/project/install/moveit_msgs/lib/python3.12/site-packages/moveit_msgs
[9.705s] -- Up-to-date: /home/habibahassan/project/install/moveit_msgs/lib/python3.12/site-packages/moveit_msgs/srv
[9.706s] -- Up-to-date: /home/habibahassan/project/install/moveit_msgs/lib/python3.12/site-packages/moveit_msgs/srv/_get_planner_params_s.c
[9.706s] -- Up-to-date: /home/habibahassan/project/install/moveit_msgs/lib/python3.12/site-packages/moveit_msgs/srv/_get_group_urdf.py
[9.706s] -- Up-to-date: /home/habibahassan/project/install/moveit_msgs/lib/python3.12/site-packages/moveit_msgs/srv/_load_map.py
[9.706s] -- Up-to-date: /home/habibahassan/project/install/moveit_msgs/lib/python3.12/site-packages/moveit_msgs/srv/_get_planning_scene.py
[9.707s] -- Up-to-date: /home/habibahassan/project/install/moveit_msgs/lib/python3.12/site-packages/moveit_msgs/srv/_get_motion_plan.py
[9.707s] -- Up-to-date: /home/habibahassan/project/install/moveit_msgs/lib/python3.12/site-packages/moveit_msgs/srv/_load_map_s.c
[9.707s] -- Up-to-date: /home/habibahassan/project/install/moveit_msgs/lib/python3.12/site-packages/moveit_msgs/srv/_update_pointcloud_octomap_s.c
[9.707s] -- Up-to-date: /home/habibahassan/project/install/moveit_msgs/lib/python3.12/site-packages/moveit_msgs/srv/_rename_robot_state_in_warehouse.py
[9.707s] -- Up-to-date: /home/habibahassan/project/install/moveit_msgs/lib/python3.12/site-packages/moveit_msgs/srv/__init__.py
[9.708s] -- Up-to-date: /home/habibahassan/project/install/moveit_msgs/lib/python3.12/site-packages/moveit_msgs/srv/_check_if_robot_state_exists_in_warehouse.py
[9.708s] -- Up-to-date: /home/habibahassan/project/install/moveit_msgs/lib/python3.12/site-packages/moveit_msgs/srv/_delete_robot_state_from_warehouse_s.c
[9.708s] -- Up-to-date: /home/habibahassan/project/install/moveit_msgs/lib/python3.12/site-packages/moveit_msgs/srv/_get_planning_scene_s.c
[9.708s] -- Up-to-date: /home/habibahassan/project/install/moveit_msgs/lib/python3.12/site-packages/moveit_msgs/srv/_save_map.py
[9.708s] -- Up-to-date: /home/habibahassan/project/install/moveit_msgs/lib/python3.12/site-packages/moveit_msgs/srv/_grasp_planning_s.c
[9.708s] -- Up-to-date: /home/habibahassan/project/install/moveit_msgs/lib/python3.12/site-packages/moveit_msgs/srv/_grasp_planning.py
[9.709s] -- Up-to-date: /home/habibahassan/project/install/moveit_msgs/lib/python3.12/site-packages/moveit_msgs/srv/_list_robot_states_in_warehouse_s.c
[9.709s] -- Up-to-date: /home/habibahassan/project/install/moveit_msgs/lib/python3.12/site-packages/moveit_msgs/srv/_apply_planning_scene_s.c
[9.709s] -- Up-to-date: /home/habibahassan/project/install/moveit_msgs/lib/python3.12/site-packages/moveit_msgs/srv/_load_geometry_from_file.py
[9.709s] -- Up-to-date: /home/habibahassan/project/install/moveit_msgs/lib/python3.12/site-packages/moveit_msgs/srv/_get_state_validity.py
[9.709s] -- Up-to-date: /home/habibahassan/project/install/moveit_msgs/lib/python3.12/site-packages/moveit_msgs/srv/_set_planner_params_s.c
[9.710s] -- Up-to-date: /home/habibahassan/project/install/moveit_msgs/lib/python3.12/site-packages/moveit_msgs/srv/_servo_command_type_s.c
[9.710s] -- Up-to-date: /home/habibahassan/project/install/moveit_msgs/lib/python3.12/site-packages/moveit_msgs/srv/_get_motion_sequence_s.c
[9.710s] -- Up-to-date: /home/habibahassan/project/install/moveit_msgs/lib/python3.12/site-packages/moveit_msgs/srv/_load_geometry_from_file_s.c
[9.710s] -- Up-to-date: /home/habibahassan/project/install/moveit_msgs/lib/python3.12/site-packages/moveit_msgs/srv/_query_planner_interfaces.py
[9.710s] -- Up-to-date: /home/habibahassan/project/install/moveit_msgs/lib/python3.12/site-packages/moveit_msgs/srv/_query_planner_interfaces_s.c
[9.711s] -- Up-to-date: /home/habibahassan/project/install/moveit_msgs/lib/python3.12/site-packages/moveit_msgs/srv/_save_robot_state_to_warehouse.py
[9.711s] -- Up-to-date: /home/habibahassan/project/install/moveit_msgs/lib/python3.12/site-packages/moveit_msgs/srv/_get_motion_sequence.py
[9.711s] -- Up-to-date: /home/habibahassan/project/install/moveit_msgs/lib/python3.12/site-packages/moveit_msgs/srv/_save_geometry_to_file_s.c
[9.711s] -- Up-to-date: /home/habibahassan/project/install/moveit_msgs/lib/python3.12/site-packages/moveit_msgs/srv/_update_pointcloud_octomap.py
[9.711s] -- Up-to-date: /home/habibahassan/project/install/moveit_msgs/lib/python3.12/site-packages/moveit_msgs/srv/_list_robot_states_in_warehouse.py
[9.711s] -- Up-to-date: /home/habibahassan/project/install/moveit_msgs/lib/python3.12/site-packages/moveit_msgs/srv/_apply_planning_scene.py
[9.712s] -- Up-to-date: /home/habibahassan/project/install/moveit_msgs/lib/python3.12/site-packages/moveit_msgs/srv/_servo_command_type.py
[9.712s] -- Up-to-date: /home/habibahassan/project/install/moveit_msgs/lib/python3.12/site-packages/moveit_msgs/srv/_delete_robot_state_from_warehouse.py
[9.712s] -- Up-to-date: /home/habibahassan/project/install/moveit_msgs/lib/python3.12/site-packages/moveit_msgs/srv/_get_cartesian_path.py
[9.712s] -- Up-to-date: /home/habibahassan/project/install/moveit_msgs/lib/python3.12/site-packages/moveit_msgs/srv/_save_map_s.c
[9.712s] -- Up-to-date: /home/habibahassan/project/install/moveit_msgs/lib/python3.12/site-packages/moveit_msgs/srv/_get_group_urdf_s.c
[9.712s] -- Up-to-date: /home/habibahassan/project/install/moveit_msgs/lib/python3.12/site-packages/moveit_msgs/srv/_rename_robot_state_in_warehouse_s.c
[9.713s] -- Up-to-date: /home/habibahassan/project/install/moveit_msgs/lib/python3.12/site-packages/moveit_msgs/srv/_get_cartesian_path_s.c
[9.713s] -- Up-to-date: /home/habibahassan/project/install/moveit_msgs/lib/python3.12/site-packages/moveit_msgs/srv/_get_position_fk_s.c
[9.713s] -- Up-to-date: /home/habibahassan/project/install/moveit_msgs/lib/python3.12/site-packages/moveit_msgs/srv/_get_robot_state_from_warehouse.py
[9.713s] -- Up-to-date: /home/habibahassan/project/install/moveit_msgs/lib/python3.12/site-packages/moveit_msgs/srv/_check_if_robot_state_exists_in_warehouse_s.c
[9.713s] -- Up-to-date: /home/habibahassan/project/install/moveit_msgs/lib/python3.12/site-packages/moveit_msgs/srv/_get_robot_state_from_warehouse_s.c
[9.714s] -- Up-to-date: /home/habibahassan/project/install/moveit_msgs/lib/python3.12/site-packages/moveit_msgs/srv/_get_planner_params.py
[9.714s] -- Up-to-date: /home/habibahassan/project/install/moveit_msgs/lib/python3.12/site-packages/moveit_msgs/srv/_get_position_ik_s.c
[9.714s] -- Up-to-date: /home/habibahassan/project/install/moveit_msgs/lib/python3.12/site-packages/moveit_msgs/srv/_get_motion_plan_s.c
[9.714s] -- Up-to-date: /home/habibahassan/project/install/moveit_msgs/lib/python3.12/site-packages/moveit_msgs/srv/_get_position_fk.py
[9.714s] -- Up-to-date: /home/habibahassan/project/install/moveit_msgs/lib/python3.12/site-packages/moveit_msgs/srv/_get_state_validity_s.c
[9.715s] -- Up-to-date: /home/habibahassan/project/install/moveit_msgs/lib/python3.12/site-packages/moveit_msgs/srv/_save_geometry_to_file.py
[9.715s] -- Up-to-date: /home/habibahassan/project/install/moveit_msgs/lib/python3.12/site-packages/moveit_msgs/srv/_save_robot_state_to_warehouse_s.c
[9.715s] -- Up-to-date: /home/habibahassan/project/install/moveit_msgs/lib/python3.12/site-packages/moveit_msgs/srv/_get_position_ik.py
[9.715s] -- Up-to-date: /home/habibahassan/project/install/moveit_msgs/lib/python3.12/site-packages/moveit_msgs/srv/_set_planner_params.py
[9.715s] -- Up-to-date: /home/habibahassan/project/install/moveit_msgs/lib/python3.12/site-packages/moveit_msgs/action
[9.716s] -- Up-to-date: /home/habibahassan/project/install/moveit_msgs/lib/python3.12/site-packages/moveit_msgs/action/_local_planner_s.c
[9.716s] -- Up-to-date: /home/habibahassan/project/install/moveit_msgs/lib/python3.12/site-packages/moveit_msgs/action/_global_planner.py
[9.716s] -- Up-to-date: /home/habibahassan/project/install/moveit_msgs/lib/python3.12/site-packages/moveit_msgs/action/_move_group_sequence.py
[9.716s] -- Up-to-date: /home/habibahassan/project/install/moveit_msgs/lib/python3.12/site-packages/moveit_msgs/action/__init__.py
[9.716s] -- Up-to-date: /home/habibahassan/project/install/moveit_msgs/lib/python3.12/site-packages/moveit_msgs/action/_hybrid_planner_s.c
[9.716s] -- Up-to-date: /home/habibahassan/project/install/moveit_msgs/lib/python3.12/site-packages/moveit_msgs/action/_move_group.py
[9.717s] -- Up-to-date: /home/habibahassan/project/install/moveit_msgs/lib/python3.12/site-packages/moveit_msgs/action/_place.py
[9.717s] -- Up-to-date: /home/habibahassan/project/install/moveit_msgs/lib/python3.12/site-packages/moveit_msgs/action/_move_group_sequence_s.c
[9.717s] -- Up-to-date: /home/habibahassan/project/install/moveit_msgs/lib/python3.12/site-packages/moveit_msgs/action/_local_planner.py
[9.717s] -- Up-to-date: /home/habibahassan/project/install/moveit_msgs/lib/python3.12/site-packages/moveit_msgs/action/_pickup_s.c
[9.717s] -- Up-to-date: /home/habibahassan/project/install/moveit_msgs/lib/python3.12/site-packages/moveit_msgs/action/_global_planner_s.c
[9.718s] -- Up-to-date: /home/habibahassan/project/install/moveit_msgs/lib/python3.12/site-packages/moveit_msgs/action/_hybrid_planner.py
[9.718s] -- Up-to-date: /home/habibahassan/project/install/moveit_msgs/lib/python3.12/site-packages/moveit_msgs/action/_execute_trajectory_s.c
[9.718s] -- Up-to-date: /home/habibahassan/project/install/moveit_msgs/lib/python3.12/site-packages/moveit_msgs/action/_move_group_s.c
[9.718s] -- Up-to-date: /home/habibahassan/project/install/moveit_msgs/lib/python3.12/site-packages/moveit_msgs/action/_execute_trajectory.py
[9.718s] -- Up-to-date: /home/habibahassan/project/install/moveit_msgs/lib/python3.12/site-packages/moveit_msgs/action/_place_s.c
[9.718s] -- Up-to-date: /home/habibahassan/project/install/moveit_msgs/lib/python3.12/site-packages/moveit_msgs/action/_pickup.py
[9.719s] -- Up-to-date: /home/habibahassan/project/install/moveit_msgs/lib/python3.12/site-packages/moveit_msgs/__init__.py
[9.719s] -- Up-to-date: /home/habibahassan/project/install/moveit_msgs/lib/python3.12/site-packages/moveit_msgs/moveit_msgs_s__rosidl_typesupport_introspection_c.so
[9.719s] -- Up-to-date: /home/habibahassan/project/install/moveit_msgs/lib/python3.12/site-packages/moveit_msgs/_moveit_msgs_s.ep.rosidl_typesupport_fastrtps_c.c
[9.719s] -- Up-to-date: /home/habibahassan/project/install/moveit_msgs/lib/python3.12/site-packages/moveit_msgs/msg
[9.720s] -- Up-to-date: /home/habibahassan/project/install/moveit_msgs/lib/python3.12/site-packages/moveit_msgs/msg/_motion_sequence_response.py
[9.720s] -- Up-to-date: /home/habibahassan/project/install/moveit_msgs/lib/python3.12/site-packages/moveit_msgs/msg/_robot_trajectory_s.c
[9.720s] -- Up-to-date: /home/habibahassan/project/install/moveit_msgs/lib/python3.12/site-packages/moveit_msgs/msg/_display_trajectory.py
[9.720s] -- Up-to-date: /home/habibahassan/project/install/moveit_msgs/lib/python3.12/site-packages/moveit_msgs/msg/_kinematic_solver_info.py
[9.720s] -- Up-to-date: /home/habibahassan/project/install/moveit_msgs/lib/python3.12/site-packages/moveit_msgs/msg/_oriented_bounding_box.py
[9.721s] -- Up-to-date: /home/habibahassan/project/install/moveit_msgs/lib/python3.12/site-packages/moveit_msgs/msg/_joint_limits.py
[9.721s] -- Up-to-date: /home/habibahassan/project/install/moveit_msgs/lib/python3.12/site-packages/moveit_msgs/msg/_cartesian_trajectory_point_s.c
[9.721s] -- Up-to-date: /home/habibahassan/project/install/moveit_msgs/lib/python3.12/site-packages/moveit_msgs/msg/_planning_scene_components.py
[9.721s] -- Up-to-date: /home/habibahassan/project/install/moveit_msgs/lib/python3.12/site-packages/moveit_msgs/msg/_allowed_collision_entry.py
[9.721s] -- Up-to-date: /home/habibahassan/project/install/moveit_msgs/lib/python3.12/site-packages/moveit_msgs/msg/_visibility_constraint_s.c
[9.722s] -- Up-to-date: /home/habibahassan/project/install/moveit_msgs/lib/python3.12/site-packages/moveit_msgs/msg/_allowed_collision_entry_s.c
[9.722s] -- Up-to-date: /home/habibahassan/project/install/moveit_msgs/lib/python3.12/site-packages/moveit_msgs/msg/_position_constraint.py
[9.788s] -- Up-to-date: /home/habibahassan/project/install/moveit_msgs/lib/python3.12/site-packages/moveit_msgs/msg/_gripper_translation.py
[9.788s] -- Up-to-date: /home/habibahassan/project/install/moveit_msgs/lib/python3.12/site-packages/moveit_msgs/msg/_planning_scene_world.py
[9.792s] -- Up-to-date: /home/habibahassan/project/install/moveit_msgs/lib/python3.12/site-packages/moveit_msgs/msg/__init__.py
[9.793s] -- Up-to-date: /home/habibahassan/project/install/moveit_msgs/lib/python3.12/site-packages/moveit_msgs/msg/_planner_interface_description.py
[9.793s] -- Up-to-date: /home/habibahassan/project/install/moveit_msgs/lib/python3.12/site-packages/moveit_msgs/msg/_display_trajectory_s.c
[9.793s] -- Up-to-date: /home/habibahassan/project/install/moveit_msgs/lib/python3.12/site-packages/moveit_msgs/msg/_cartesian_trajectory_point.py
[9.794s] -- Up-to-date: /home/habibahassan/project/install/moveit_msgs/lib/python3.12/site-packages/moveit_msgs/msg/_generic_trajectory.py
[9.794s] -- Up-to-date: /home/habibahassan/project/install/moveit_msgs/lib/python3.12/site-packages/moveit_msgs/msg/_grasp.py
[9.794s] -- Up-to-date: /home/habibahassan/project/install/moveit_msgs/lib/python3.12/site-packages/moveit_msgs/msg/_orientation_constraint.py
[9.797s] -- Up-to-date: /home/habibahassan/project/install/moveit_msgs/lib/python3.12/site-packages/moveit_msgs/msg/_pipeline_state.py
[9.798s] -- Up-to-date: /home/habibahassan/project/install/moveit_msgs/lib/python3.12/site-packages/moveit_msgs/msg/_link_padding_s.c
[9.798s] -- Up-to-date: /home/habibahassan/project/install/moveit_msgs/lib/python3.12/site-packages/moveit_msgs/msg/_pipeline_state_s.c
[9.798s] -- Up-to-date: /home/habibahassan/project/install/moveit_msgs/lib/python3.12/site-packages/moveit_msgs/msg/_bounding_volume.py
[9.798s] -- Up-to-date: /home/habibahassan/project/install/moveit_msgs/lib/python3.12/site-packages/moveit_msgs/msg/_collision_object_s.c
[9.799s] -- Up-to-date: /home/habibahassan/project/install/moveit_msgs/lib/python3.12/site-packages/moveit_msgs/msg/_motion_sequence_item_s.c
[9.799s] -- Up-to-date: /home/habibahassan/project/install/moveit_msgs/lib/python3.12/site-packages/moveit_msgs/msg/_attached_collision_object_s.c
[9.799s] -- Up-to-date: /home/habibahassan/project/install/moveit_msgs/lib/python3.12/site-packages/moveit_msgs/msg/_joint_limits_s.c
[9.799s] -- Up-to-date: /home/habibahassan/project/install/moveit_msgs/lib/python3.12/site-packages/moveit_msgs/msg/_trajectory_constraints_s.c
[9.800s] -- Up-to-date: /home/habibahassan/project/install/moveit_msgs/lib/python3.12/site-packages/moveit_msgs/msg/_grasp_s.c
[9.800s] -- Up-to-date: /home/habibahassan/project/install/moveit_msgs/lib/python3.12/site-packages/moveit_msgs/msg/_allowed_collision_matrix.py
[9.800s] -- Up-to-date: /home/habibahassan/project/install/moveit_msgs/lib/python3.12/site-packages/moveit_msgs/msg/_cartesian_point.py
[9.800s] -- Up-to-date: /home/habibahassan/project/install/moveit_msgs/lib/python3.12/site-packages/moveit_msgs/msg/_motion_sequence_request_s.c
[9.801s] -- Up-to-date: /home/habibahassan/project/install/moveit_msgs/lib/python3.12/site-packages/moveit_msgs/msg/_motion_plan_detailed_response.py
[9.801s] -- Up-to-date: /home/habibahassan/project/install/moveit_msgs/lib/python3.12/site-packages/moveit_msgs/msg/_move_it_error_codes_s.c
[9.802s] -- Up-to-date: /home/habibahassan/project/install/moveit_msgs/lib/python3.12/site-packages/moveit_msgs/msg/_planner_interface_description_s.c
[9.802s] -- Up-to-date: /home/habibahassan/project/install/moveit_msgs/lib/python3.12/site-packages/moveit_msgs/msg/_constraints.py
[9.803s] -- Up-to-date: /home/habibahassan/project/install/moveit_msgs/lib/python3.12/site-packages/moveit_msgs/msg/_place_location_s.c
[9.803s] -- Up-to-date: /home/habibahassan/project/install/moveit_msgs/lib/python3.12/site-packages/moveit_msgs/msg/_planning_options_s.c
[9.805s] -- Up-to-date: /home/habibahassan/project/install/moveit_msgs/lib/python3.12/site-packages/moveit_msgs/msg/_workspace_parameters_s.c
[9.806s] -- Up-to-date: /home/habibahassan/project/install/moveit_msgs/lib/python3.12/site-packages/moveit_msgs/msg/_constraint_eval_result_s.c
[9.807s] -- Up-to-date: /home/habibahassan/project/install/moveit_msgs/lib/python3.12/site-packages/moveit_msgs/msg/_position_ik_request_s.c
[9.807s] -- Up-to-date: /home/habibahassan/project/install/moveit_msgs/lib/python3.12/site-packages/moveit_msgs/msg/_planning_scene.py
[9.808s] -- Up-to-date: /home/habibahassan/project/install/moveit_msgs/lib/python3.12/site-packages/moveit_msgs/msg/_attached_collision_object.py
[9.808s] -- Up-to-date: /home/habibahassan/project/install/moveit_msgs/lib/python3.12/site-packages/moveit_msgs/msg/_collision_object.py
[9.809s] -- Up-to-date: /home/habibahassan/project/install/moveit_msgs/lib/python3.12/site-packages/moveit_msgs/msg/_servo_status.py
[9.809s] -- Up-to-date: /home/habibahassan/project/install/moveit_msgs/lib/python3.12/site-packages/moveit_msgs/msg/_place_location.py
[9.810s] -- Up-to-date: /home/habibahassan/project/install/moveit_msgs/lib/python3.12/site-packages/moveit_msgs/msg/_joint_constraint_s.c
[9.816s] -- Up-to-date: /home/habibahassan/project/install/moveit_msgs/lib/python3.12/site-packages/moveit_msgs/msg/_motion_plan_detailed_response_s.c
[9.816s] -- Up-to-date: /home/habibahassan/project/install/moveit_msgs/lib/python3.12/site-packages/moveit_msgs/msg/_cartesian_trajectory.py
[9.817s] -- Up-to-date: /home/habibahassan/project/install/moveit_msgs/lib/python3.12/site-packages/moveit_msgs/msg/_position_ik_request.py
[9.817s] -- Up-to-date: /home/habibahassan/project/install/moveit_msgs/lib/python3.12/site-packages/moveit_msgs/msg/_link_padding.py
[9.817s] -- Up-to-date: /home/habibahassan/project/install/moveit_msgs/lib/python3.12/site-packages/moveit_msgs/msg/_joint_constraint.py
[9.817s] -- Up-to-date: /home/habibahassan/project/install/moveit_msgs/lib/python3.12/site-packages/moveit_msgs/msg/_motion_plan_response_s.c
[9.818s] -- Up-to-date: /home/habibahassan/project/install/moveit_msgs/lib/python3.12/site-packages/moveit_msgs/msg/_cost_source_s.c
[9.818s] -- Up-to-date: /home/habibahassan/project/install/moveit_msgs/lib/python3.12/site-packages/moveit_msgs/msg/_contact_information_s.c
[9.818s] -- Up-to-date: /home/habibahassan/project/install/moveit_msgs/lib/python3.12/site-packages/moveit_msgs/msg/_move_it_error_codes.py
[9.819s] -- Up-to-date: /home/habibahassan/project/install/moveit_msgs/lib/python3.12/site-packages/moveit_msgs/msg/_link_scale_s.c
[9.820s] -- Up-to-date: /home/habibahassan/project/install/moveit_msgs/lib/python3.12/site-packages/moveit_msgs/msg/_oriented_bounding_box_s.c
[9.820s] -- Up-to-date: /home/habibahassan/project/install/moveit_msgs/lib/python3.12/site-packages/moveit_msgs/msg/_kinematic_solver_info_s.c
[9.821s] -- Up-to-date: /home/habibahassan/project/install/moveit_msgs/lib/python3.12/site-packages/moveit_msgs/msg/_cost_source.py
[9.821s] -- Up-to-date: /home/habibahassan/project/install/moveit_msgs/lib/python3.12/site-packages/moveit_msgs/msg/_planner_params.py
[9.821s] -- Up-to-date: /home/habibahassan/project/install/moveit_msgs/lib/python3.12/site-packages/moveit_msgs/msg/_workspace_parameters.py
[9.821s] -- Up-to-date: /home/habibahassan/project/install/moveit_msgs/lib/python3.12/site-packages/moveit_msgs/msg/_contact_information.py
[9.821s] -- Up-to-date: /home/habibahassan/project/install/moveit_msgs/lib/python3.12/site-packages/moveit_msgs/msg/_gripper_translation_s.c
[9.822s] -- Up-to-date: /home/habibahassan/project/install/moveit_msgs/lib/python3.12/site-packages/moveit_msgs/msg/_constraint_eval_result.py
[9.822s] -- Up-to-date: /home/habibahassan/project/install/moveit_msgs/lib/python3.12/site-packages/moveit_msgs/msg/_cartesian_point_s.c
[9.822s] -- Up-to-date: /home/habibahassan/project/install/moveit_msgs/lib/python3.12/site-packages/moveit_msgs/msg/_cartesian_trajectory_s.c
[9.822s] -- Up-to-date: /home/habibahassan/project/install/moveit_msgs/lib/python3.12/site-packages/moveit_msgs/msg/_display_robot_state_s.c
[9.823s] -- Up-to-date: /home/habibahassan/project/install/moveit_msgs/lib/python3.12/site-packages/moveit_msgs/msg/_orientation_constraint_s.c
[9.823s] -- Up-to-date: /home/habibahassan/project/install/moveit_msgs/lib/python3.12/site-packages/moveit_msgs/msg/_motion_sequence_item.py
[9.823s] -- Up-to-date: /home/habibahassan/project/install/moveit_msgs/lib/python3.12/site-packages/moveit_msgs/msg/_allowed_collision_matrix_s.c
[9.824s] -- Up-to-date: /home/habibahassan/project/install/moveit_msgs/lib/python3.12/site-packages/moveit_msgs/msg/_constraints_s.c
[9.824s] -- Up-to-date: /home/habibahassan/project/install/moveit_msgs/lib/python3.12/site-packages/moveit_msgs/msg/_motion_sequence_request.py
[9.825s] -- Up-to-date: /home/habibahassan/project/install/moveit_msgs/lib/python3.12/site-packages/moveit_msgs/msg/_visibility_constraint.py
[9.825s] -- Up-to-date: /home/habibahassan/project/install/moveit_msgs/lib/python3.12/site-packages/moveit_msgs/msg/_motion_plan_request_s.c
[9.845s] -- Up-to-date: /home/habibahassan/project/install/moveit_msgs/lib/python3.12/site-packages/moveit_msgs/msg/_robot_state_s.c
[9.846s] -- Up-to-date: /home/habibahassan/project/install/moveit_msgs/lib/python3.12/site-packages/moveit_msgs/msg/_bounding_volume_s.c
[9.847s] -- Up-to-date: /home/habibahassan/project/install/moveit_msgs/lib/python3.12/site-packages/moveit_msgs/msg/_planner_params_s.c
[9.848s] -- Up-to-date: /home/habibahassan/project/install/moveit_msgs/lib/python3.12/site-packages/moveit_msgs/msg/_robot_state.py
[9.849s] -- Up-to-date: /home/habibahassan/project/install/moveit_msgs/lib/python3.12/site-packages/moveit_msgs/msg/_display_robot_state.py
[9.849s] -- Up-to-date: /home/habibahassan/project/install/moveit_msgs/lib/python3.12/site-packages/moveit_msgs/msg/_servo_status_s.c
[9.849s] -- Up-to-date: /home/habibahassan/project/install/moveit_msgs/lib/python3.12/site-packages/moveit_msgs/msg/_object_color.py
[9.849s] -- Up-to-date: /home/habibahassan/project/install/moveit_msgs/lib/python3.12/site-packages/moveit_msgs/msg/_position_constraint_s.c
[9.850s] -- Up-to-date: /home/habibahassan/project/install/moveit_msgs/lib/python3.12/site-packages/moveit_msgs/msg/_planning_scene_s.c
[9.850s] -- Up-to-date: /home/habibahassan/project/install/moveit_msgs/lib/python3.12/site-packages/moveit_msgs/msg/_object_color_s.c
[9.850s] -- Up-to-date: /home/habibahassan/project/install/moveit_msgs/lib/python3.12/site-packages/moveit_msgs/msg/_motion_plan_request.py
[9.850s] -- Up-to-date: /home/habibahassan/project/install/moveit_msgs/lib/python3.12/site-packages/moveit_msgs/msg/_robot_trajectory.py
[9.851s] -- Up-to-date: /home/habibahassan/project/install/moveit_msgs/lib/python3.12/site-packages/moveit_msgs/msg/_planning_options.py
[9.851s] -- Up-to-date: /home/habibahassan/project/install/moveit_msgs/lib/python3.12/site-packages/moveit_msgs/msg/_motion_plan_response.py
[9.851s] -- Up-to-date: /home/habibahassan/project/install/moveit_msgs/lib/python3.12/site-packages/moveit_msgs/msg/_motion_sequence_response_s.c
[9.851s] -- Up-to-date: /home/habibahassan/project/install/moveit_msgs/lib/python3.12/site-packages/moveit_msgs/msg/_planning_scene_world_s.c
[9.852s] -- Up-to-date: /home/habibahassan/project/install/moveit_msgs/lib/python3.12/site-packages/moveit_msgs/msg/_trajectory_constraints.py
[9.858s] -- Up-to-date: /home/habibahassan/project/install/moveit_msgs/lib/python3.12/site-packages/moveit_msgs/msg/_planning_scene_components_s.c
[9.858s] -- Up-to-date: /home/habibahassan/project/install/moveit_msgs/lib/python3.12/site-packages/moveit_msgs/msg/_generic_trajectory_s.c
[9.858s] -- Up-to-date: /home/habibahassan/project/install/moveit_msgs/lib/python3.12/site-packages/moveit_msgs/msg/_link_scale.py
[9.858s] -- Up-to-date: /home/habibahassan/project/install/moveit_msgs/lib/python3.12/site-packages/moveit_msgs/_moveit_msgs_s.ep.rosidl_typesupport_c.c
[9.859s] -- Up-to-date: /home/habibahassan/project/install/moveit_msgs/lib/python3.12/site-packages/moveit_msgs/_moveit_msgs_s.ep.rosidl_typesupport_introspection_c.c
[9.859s] -- Up-to-date: /home/habibahassan/project/install/moveit_msgs/lib/python3.12/site-packages/moveit_msgs/moveit_msgs_s__rosidl_typesupport_c.so
[9.859s] -- Up-to-date: /home/habibahassan/project/install/moveit_msgs/lib/python3.12/site-packages/moveit_msgs/moveit_msgs_s__rosidl_typesupport_fastrtps_c.so
[9.879s] Listing '/home/habibahassan/project/install/moveit_msgs/lib/python3.12/site-packages/moveit_msgs'...
[9.879s] Listing '/home/habibahassan/project/install/moveit_msgs/lib/python3.12/site-packages/moveit_msgs/action'...
[9.880s] Listing '/home/habibahassan/project/install/moveit_msgs/lib/python3.12/site-packages/moveit_msgs/msg'...
[9.880s] Listing '/home/habibahassan/project/install/moveit_msgs/lib/python3.12/site-packages/moveit_msgs/srv'...
[9.960s] -- Up-to-date: /home/habibahassan/project/install/moveit_msgs/lib/python3.12/site-packages/moveit_msgs/moveit_msgs_s__rosidl_typesupport_fastrtps_c.so
[9.983s] -- Up-to-date: /home/habibahassan/project/install/moveit_msgs/lib/python3.12/site-packages/moveit_msgs/moveit_msgs_s__rosidl_typesupport_introspection_c.so
[9.995s] -- Up-to-date: /home/habibahassan/project/install/moveit_msgs/lib/python3.12/site-packages/moveit_msgs/moveit_msgs_s__rosidl_typesupport_c.so
[9.996s] -- Up-to-date: /home/habibahassan/project/install/moveit_msgs/lib/libmoveit_msgs__rosidl_generator_py.so
[10.001s] -- Up-to-date: /home/habibahassan/project/install/moveit_msgs/share/moveit_msgs/msg/AllowedCollisionEntry.idl
[10.073s] -- Up-to-date: /home/habibahassan/project/install/moveit_msgs/share/moveit_msgs/msg/AllowedCollisionMatrix.idl
[10.073s] -- Up-to-date: /home/habibahassan/project/install/moveit_msgs/share/moveit_msgs/msg/AttachedCollisionObject.idl
[10.164s] -- Up-to-date: /home/habibahassan/project/install/moveit_msgs/share/moveit_msgs/msg/BoundingVolume.idl
[10.165s] -- Up-to-date: /home/habibahassan/project/install/moveit_msgs/share/moveit_msgs/msg/CartesianPoint.idl
[10.165s] -- Up-to-date: /home/habibahassan/project/install/moveit_msgs/share/moveit_msgs/msg/CartesianTrajectory.idl
[10.165s] -- Up-to-date: /home/habibahassan/project/install/moveit_msgs/share/moveit_msgs/msg/CartesianTrajectoryPoint.idl
[10.165s] -- Up-to-date: /home/habibahassan/project/install/moveit_msgs/share/moveit_msgs/msg/CollisionObject.idl
[10.165s] -- Up-to-date: /home/habibahassan/project/install/moveit_msgs/share/moveit_msgs/msg/ConstraintEvalResult.idl
[10.166s] -- Up-to-date: /home/habibahassan/project/install/moveit_msgs/share/moveit_msgs/msg/Constraints.idl
[10.166s] -- Up-to-date: /home/habibahassan/project/install/moveit_msgs/share/moveit_msgs/msg/CostSource.idl
[10.167s] -- Up-to-date: /home/habibahassan/project/install/moveit_msgs/share/moveit_msgs/msg/ContactInformation.idl
[10.167s] -- Up-to-date: /home/habibahassan/project/install/moveit_msgs/share/moveit_msgs/msg/DisplayTrajectory.idl
[10.167s] -- Up-to-date: /home/habibahassan/project/install/moveit_msgs/share/moveit_msgs/msg/DisplayRobotState.idl
[10.168s] -- Up-to-date: /home/habibahassan/project/install/moveit_msgs/share/moveit_msgs/msg/GenericTrajectory.idl
[10.168s] -- Up-to-date: /home/habibahassan/project/install/moveit_msgs/share/moveit_msgs/msg/Grasp.idl
[10.168s] -- Up-to-date: /home/habibahassan/project/install/moveit_msgs/share/moveit_msgs/msg/GripperTranslation.idl
[10.169s] -- Up-to-date: /home/habibahassan/project/install/moveit_msgs/share/moveit_msgs/msg/JointConstraint.idl
[10.169s] -- Up-to-date: /home/habibahassan/project/install/moveit_msgs/share/moveit_msgs/msg/JointLimits.idl
[10.169s] -- Up-to-date: /home/habibahassan/project/install/moveit_msgs/share/moveit_msgs/msg/LinkPadding.idl
[10.169s] -- Up-to-date: /home/habibahassan/project/install/moveit_msgs/share/moveit_msgs/msg/LinkScale.idl
[10.170s] -- Up-to-date: /home/habibahassan/project/install/moveit_msgs/share/moveit_msgs/msg/MotionPlanRequest.idl
[10.170s] -- Up-to-date: /home/habibahassan/project/install/moveit_msgs/share/moveit_msgs/msg/MotionPlanResponse.idl
[10.170s] -- Up-to-date: /home/habibahassan/project/install/moveit_msgs/share/moveit_msgs/msg/MotionPlanDetailedResponse.idl
[10.170s] -- Up-to-date: /home/habibahassan/project/install/moveit_msgs/share/moveit_msgs/msg/MotionSequenceItem.idl
[10.170s] -- Up-to-date: /home/habibahassan/project/install/moveit_msgs/share/moveit_msgs/msg/MotionSequenceRequest.idl
[10.171s] -- Up-to-date: /home/habibahassan/project/install/moveit_msgs/share/moveit_msgs/msg/MotionSequenceResponse.idl
[10.171s] -- Up-to-date: /home/habibahassan/project/install/moveit_msgs/share/moveit_msgs/msg/MoveItErrorCodes.idl
[10.171s] -- Up-to-date: /home/habibahassan/project/install/moveit_msgs/share/moveit_msgs/msg/TrajectoryConstraints.idl
[10.171s] -- Up-to-date: /home/habibahassan/project/install/moveit_msgs/share/moveit_msgs/msg/ObjectColor.idl
[10.172s] -- Up-to-date: /home/habibahassan/project/install/moveit_msgs/share/moveit_msgs/msg/OrientationConstraint.idl
[10.172s] -- Up-to-date: /home/habibahassan/project/install/moveit_msgs/share/moveit_msgs/msg/OrientedBoundingBox.idl
[10.172s] -- Up-to-date: /home/habibahassan/project/install/moveit_msgs/share/moveit_msgs/msg/PlaceLocation.idl
[10.172s] -- Up-to-date: /home/habibahassan/project/install/moveit_msgs/share/moveit_msgs/msg/PlannerInterfaceDescription.idl
[10.172s] -- Up-to-date: /home/habibahassan/project/install/moveit_msgs/share/moveit_msgs/msg/PlannerParams.idl
[10.173s] -- Up-to-date: /home/habibahassan/project/install/moveit_msgs/share/moveit_msgs/msg/PlanningScene.idl
[10.173s] -- Up-to-date: /home/habibahassan/project/install/moveit_msgs/share/moveit_msgs/msg/PlanningSceneComponents.idl
[10.173s] -- Up-to-date: /home/habibahassan/project/install/moveit_msgs/share/moveit_msgs/msg/PlanningSceneWorld.idl
[10.173s] -- Up-to-date: /home/habibahassan/project/install/moveit_msgs/share/moveit_msgs/msg/PlanningOptions.idl
[10.173s] -- Up-to-date: /home/habibahassan/project/install/moveit_msgs/share/moveit_msgs/msg/PositionConstraint.idl
[10.174s] -- Up-to-date: /home/habibahassan/project/install/moveit_msgs/share/moveit_msgs/msg/RobotState.idl
[10.175s] -- Up-to-date: /home/habibahassan/project/install/moveit_msgs/share/moveit_msgs/msg/RobotTrajectory.idl
[10.188s] -- Up-to-date: /home/habibahassan/project/install/moveit_msgs/share/moveit_msgs/msg/VisibilityConstraint.idl
[10.188s] -- Up-to-date: /home/habibahassan/project/install/moveit_msgs/share/moveit_msgs/msg/WorkspaceParameters.idl
[10.189s] -- Up-to-date: /home/habibahassan/project/install/moveit_msgs/share/moveit_msgs/msg/KinematicSolverInfo.idl
[10.189s] -- Up-to-date: /home/habibahassan/project/install/moveit_msgs/share/moveit_msgs/msg/PositionIKRequest.idl
[10.189s] -- Up-to-date: /home/habibahassan/project/install/moveit_msgs/share/moveit_msgs/msg/PipelineState.idl
[10.189s] -- Up-to-date: /home/habibahassan/project/install/moveit_msgs/share/moveit_msgs/msg/ServoStatus.idl
[10.193s] -- Up-to-date: /home/habibahassan/project/install/moveit_msgs/share/moveit_msgs/srv/GetMotionPlan.idl
[10.194s] -- Up-to-date: /home/habibahassan/project/install/moveit_msgs/share/moveit_msgs/srv/GetStateValidity.idl
[10.194s] -- Up-to-date: /home/habibahassan/project/install/moveit_msgs/share/moveit_msgs/srv/GetCartesianPath.idl
[10.195s] -- Up-to-date: /home/habibahassan/project/install/moveit_msgs/share/moveit_msgs/srv/GetPlanningScene.idl
[10.321s] -- Up-to-date: /home/habibahassan/project/install/moveit_msgs/share/moveit_msgs/srv/GraspPlanning.idl
[10.321s] -- Up-to-date: /home/habibahassan/project/install/moveit_msgs/share/moveit_msgs/srv/ApplyPlanningScene.idl
[10.321s] -- Up-to-date: /home/habibahassan/project/install/moveit_msgs/share/moveit_msgs/srv/QueryPlannerInterfaces.idl
[10.323s] -- Up-to-date: /home/habibahassan/project/install/moveit_msgs/share/moveit_msgs/srv/GetMotionSequence.idl
[10.323s] -- Up-to-date: /home/habibahassan/project/install/moveit_msgs/share/moveit_msgs/srv/GetPositionFK.idl
[10.323s] -- Up-to-date: /home/habibahassan/project/install/moveit_msgs/share/moveit_msgs/srv/GetPositionIK.idl
[10.324s] -- Up-to-date: /home/habibahassan/project/install/moveit_msgs/share/moveit_msgs/srv/GetPlannerParams.idl
[10.324s] -- Up-to-date: /home/habibahassan/project/install/moveit_msgs/share/moveit_msgs/srv/SetPlannerParams.idl
[10.324s] -- Up-to-date: /home/habibahassan/project/install/moveit_msgs/share/moveit_msgs/srv/UpdatePointcloudOctomap.idl
[10.324s] -- Up-to-date: /home/habibahassan/project/install/moveit_msgs/share/moveit_msgs/srv/SaveGeometryToFile.idl
[10.325s] -- Up-to-date: /home/habibahassan/project/install/moveit_msgs/share/moveit_msgs/srv/SaveMap.idl
[10.325s] -- Up-to-date: /home/habibahassan/project/install/moveit_msgs/share/moveit_msgs/srv/LoadGeometryFromFile.idl
[10.325s] -- Up-to-date: /home/habibahassan/project/install/moveit_msgs/share/moveit_msgs/srv/LoadMap.idl
[10.326s] -- Up-to-date: /home/habibahassan/project/install/moveit_msgs/share/moveit_msgs/srv/SaveRobotStateToWarehouse.idl
[10.337s] -- Up-to-date: /home/habibahassan/project/install/moveit_msgs/share/moveit_msgs/srv/ListRobotStatesInWarehouse.idl
[10.337s] -- Up-to-date: /home/habibahassan/project/install/moveit_msgs/share/moveit_msgs/srv/GetRobotStateFromWarehouse.idl
[10.338s] -- Up-to-date: /home/habibahassan/project/install/moveit_msgs/share/moveit_msgs/srv/CheckIfRobotStateExistsInWarehouse.idl
[10.338s] -- Up-to-date: /home/habibahassan/project/install/moveit_msgs/share/moveit_msgs/srv/RenameRobotStateInWarehouse.idl
[10.339s] -- Up-to-date: /home/habibahassan/project/install/moveit_msgs/share/moveit_msgs/srv/DeleteRobotStateFromWarehouse.idl
[10.339s] -- Up-to-date: /home/habibahassan/project/install/moveit_msgs/share/moveit_msgs/srv/ServoCommandType.idl
[10.339s] -- Up-to-date: /home/habibahassan/project/install/moveit_msgs/share/moveit_msgs/srv/GetGroupUrdf.idl
[10.339s] -- Up-to-date: /home/habibahassan/project/install/moveit_msgs/share/moveit_msgs/action/ExecuteTrajectory.idl
[10.340s] -- Up-to-date: /home/habibahassan/project/install/moveit_msgs/share/moveit_msgs/action/MoveGroup.idl
[10.341s] -- Up-to-date: /home/habibahassan/project/install/moveit_msgs/share/moveit_msgs/action/MoveGroupSequence.idl
[10.341s] -- Up-to-date: /home/habibahassan/project/install/moveit_msgs/share/moveit_msgs/action/Pickup.idl
[10.341s] -- Up-to-date: /home/habibahassan/project/install/moveit_msgs/share/moveit_msgs/action/Place.idl
[10.341s] -- Up-to-date: /home/habibahassan/project/install/moveit_msgs/share/moveit_msgs/action/LocalPlanner.idl
[10.343s] -- Up-to-date: /home/habibahassan/project/install/moveit_msgs/share/moveit_msgs/action/GlobalPlanner.idl
[10.343s] -- Up-to-date: /home/habibahassan/project/install/moveit_msgs/share/moveit_msgs/action/HybridPlanner.idl
[10.346s] -- Up-to-date: /home/habibahassan/project/install/moveit_msgs/share/moveit_msgs/msg/AllowedCollisionEntry.msg
[10.346s] -- Up-to-date: /home/habibahassan/project/install/moveit_msgs/share/moveit_msgs/msg/AllowedCollisionMatrix.msg
[10.346s] -- Up-to-date: /home/habibahassan/project/install/moveit_msgs/share/moveit_msgs/msg/AttachedCollisionObject.msg
[10.347s] -- Up-to-date: /home/habibahassan/project/install/moveit_msgs/share/moveit_msgs/msg/BoundingVolume.msg
[10.347s] -- Up-to-date: /home/habibahassan/project/install/moveit_msgs/share/moveit_msgs/msg/CartesianPoint.msg
[10.347s] -- Up-to-date: /home/habibahassan/project/install/moveit_msgs/share/moveit_msgs/msg/CartesianTrajectory.msg
[10.348s] -- Up-to-date: /home/habibahassan/project/install/moveit_msgs/share/moveit_msgs/msg/CartesianTrajectoryPoint.msg
[10.348s] -- Up-to-date: /home/habibahassan/project/install/moveit_msgs/share/moveit_msgs/msg/CollisionObject.msg
[10.348s] -- Up-to-date: /home/habibahassan/project/install/moveit_msgs/share/moveit_msgs/msg/ConstraintEvalResult.msg
[10.348s] -- Up-to-date: /home/habibahassan/project/install/moveit_msgs/share/moveit_msgs/msg/Constraints.msg
[10.348s] -- Up-to-date: /home/habibahassan/project/install/moveit_msgs/share/moveit_msgs/msg/CostSource.msg
[10.349s] -- Up-to-date: /home/habibahassan/project/install/moveit_msgs/share/moveit_msgs/msg/ContactInformation.msg
[10.349s] -- Up-to-date: /home/habibahassan/project/install/moveit_msgs/share/moveit_msgs/msg/DisplayTrajectory.msg
[10.349s] -- Up-to-date: /home/habibahassan/project/install/moveit_msgs/share/moveit_msgs/msg/DisplayRobotState.msg
[10.359s] -- Up-to-date: /home/habibahassan/project/install/moveit_msgs/share/moveit_msgs/msg/GenericTrajectory.msg
[10.360s] -- Up-to-date: /home/habibahassan/project/install/moveit_msgs/share/moveit_msgs/msg/Grasp.msg
[10.364s] -- Up-to-date: /home/habibahassan/project/install/moveit_msgs/share/moveit_msgs/msg/GripperTranslation.msg
[10.364s] -- Up-to-date: /home/habibahassan/project/install/moveit_msgs/share/moveit_msgs/msg/JointConstraint.msg
[10.379s] -- Up-to-date: /home/habibahassan/project/install/moveit_msgs/share/moveit_msgs/msg/JointLimits.msg
[10.380s] -- Up-to-date: /home/habibahassan/project/install/moveit_msgs/share/moveit_msgs/msg/LinkPadding.msg
[10.380s] -- Up-to-date: /home/habibahassan/project/install/moveit_msgs/share/moveit_msgs/msg/LinkScale.msg
[10.380s] -- Up-to-date: /home/habibahassan/project/install/moveit_msgs/share/moveit_msgs/msg/MotionPlanRequest.msg
[10.380s] -- Up-to-date: /home/habibahassan/project/install/moveit_msgs/share/moveit_msgs/msg/MotionPlanResponse.msg
[10.381s] -- Up-to-date: /home/habibahassan/project/install/moveit_msgs/share/moveit_msgs/msg/MotionPlanDetailedResponse.msg
[10.381s] -- Up-to-date: /home/habibahassan/project/install/moveit_msgs/share/moveit_msgs/msg/MotionSequenceItem.msg
[10.381s] -- Up-to-date: /home/habibahassan/project/install/moveit_msgs/share/moveit_msgs/msg/MotionSequenceRequest.msg
[10.382s] -- Up-to-date: /home/habibahassan/project/install/moveit_msgs/share/moveit_msgs/msg/MotionSequenceResponse.msg
[10.382s] -- Up-to-date: /home/habibahassan/project/install/moveit_msgs/share/moveit_msgs/msg/MoveItErrorCodes.msg
[10.382s] -- Up-to-date: /home/habibahassan/project/install/moveit_msgs/share/moveit_msgs/msg/TrajectoryConstraints.msg
[10.382s] -- Up-to-date: /home/habibahassan/project/install/moveit_msgs/share/moveit_msgs/msg/ObjectColor.msg
[10.383s] -- Up-to-date: /home/habibahassan/project/install/moveit_msgs/share/moveit_msgs/msg/OrientationConstraint.msg
[10.383s] -- Up-to-date: /home/habibahassan/project/install/moveit_msgs/share/moveit_msgs/msg/OrientedBoundingBox.msg
[10.383s] -- Up-to-date: /home/habibahassan/project/install/moveit_msgs/share/moveit_msgs/msg/PlaceLocation.msg
[10.383s] -- Up-to-date: /home/habibahassan/project/install/moveit_msgs/share/moveit_msgs/msg/PlannerInterfaceDescription.msg
[10.383s] -- Up-to-date: /home/habibahassan/project/install/moveit_msgs/share/moveit_msgs/msg/PlannerParams.msg
[10.384s] -- Up-to-date: /home/habibahassan/project/install/moveit_msgs/share/moveit_msgs/msg/PlanningScene.msg
[10.384s] -- Up-to-date: /home/habibahassan/project/install/moveit_msgs/share/moveit_msgs/msg/PlanningSceneComponents.msg
[10.385s] -- Up-to-date: /home/habibahassan/project/install/moveit_msgs/share/moveit_msgs/msg/PlanningSceneWorld.msg
[10.385s] -- Up-to-date: /home/habibahassan/project/install/moveit_msgs/share/moveit_msgs/msg/PlanningOptions.msg
[10.386s] -- Up-to-date: /home/habibahassan/project/install/moveit_msgs/share/moveit_msgs/msg/PositionConstraint.msg
[10.387s] -- Up-to-date: /home/habibahassan/project/install/moveit_msgs/share/moveit_msgs/msg/RobotState.msg
[10.388s] -- Up-to-date: /home/habibahassan/project/install/moveit_msgs/share/moveit_msgs/msg/RobotTrajectory.msg
[10.389s] -- Up-to-date: /home/habibahassan/project/install/moveit_msgs/share/moveit_msgs/msg/VisibilityConstraint.msg
[10.391s] -- Up-to-date: /home/habibahassan/project/install/moveit_msgs/share/moveit_msgs/msg/WorkspaceParameters.msg
[10.394s] -- Up-to-date: /home/habibahassan/project/install/moveit_msgs/share/moveit_msgs/msg/KinematicSolverInfo.msg
[10.394s] -- Up-to-date: /home/habibahassan/project/install/moveit_msgs/share/moveit_msgs/msg/PositionIKRequest.msg
[10.395s] -- Up-to-date: /home/habibahassan/project/install/moveit_msgs/share/moveit_msgs/msg/PipelineState.msg
[10.395s] -- Up-to-date: /home/habibahassan/project/install/moveit_msgs/share/moveit_msgs/msg/ServoStatus.msg
[10.404s] -- Up-to-date: /home/habibahassan/project/install/moveit_msgs/share/moveit_msgs/srv/GetMotionPlan.srv
[10.404s] -- Up-to-date: /home/habibahassan/project/install/moveit_msgs/share/moveit_msgs/srv/GetStateValidity.srv
[10.404s] -- Up-to-date: /home/habibahassan/project/install/moveit_msgs/share/moveit_msgs/srv/GetCartesianPath.srv
[10.404s] -- Up-to-date: /home/habibahassan/project/install/moveit_msgs/share/moveit_msgs/srv/GetPlanningScene.srv
[10.405s] -- Up-to-date: /home/habibahassan/project/install/moveit_msgs/share/moveit_msgs/srv/GraspPlanning.srv
[10.405s] -- Up-to-date: /home/habibahassan/project/install/moveit_msgs/share/moveit_msgs/srv/ApplyPlanningScene.srv
[10.405s] -- Up-to-date: /home/habibahassan/project/install/moveit_msgs/share/moveit_msgs/srv/QueryPlannerInterfaces.srv
[10.405s] -- Up-to-date: /home/habibahassan/project/install/moveit_msgs/share/moveit_msgs/srv/GetMotionSequence.srv
[10.405s] -- Up-to-date: /home/habibahassan/project/install/moveit_msgs/share/moveit_msgs/srv/GetPositionFK.srv
[10.406s] -- Up-to-date: /home/habibahassan/project/install/moveit_msgs/share/moveit_msgs/srv/GetPositionIK.srv
[10.406s] -- Up-to-date: /home/habibahassan/project/install/moveit_msgs/share/moveit_msgs/srv/GetPlannerParams.srv
[10.406s] -- Up-to-date: /home/habibahassan/project/install/moveit_msgs/share/moveit_msgs/srv/SetPlannerParams.srv
[10.412s] -- Up-to-date: /home/habibahassan/project/install/moveit_msgs/share/moveit_msgs/srv/UpdatePointcloudOctomap.srv
[10.412s] -- Up-to-date: /home/habibahassan/project/install/moveit_msgs/share/moveit_msgs/srv/SaveGeometryToFile.srv
[10.413s] -- Up-to-date: /home/habibahassan/project/install/moveit_msgs/share/moveit_msgs/srv/SaveMap.srv
[10.413s] -- Up-to-date: /home/habibahassan/project/install/moveit_msgs/share/moveit_msgs/srv/LoadGeometryFromFile.srv
[10.413s] -- Up-to-date: /home/habibahassan/project/install/moveit_msgs/share/moveit_msgs/srv/LoadMap.srv
[10.413s] -- Up-to-date: /home/habibahassan/project/install/moveit_msgs/share/moveit_msgs/srv/SaveRobotStateToWarehouse.srv
[10.413s] -- Up-to-date: /home/habibahassan/project/install/moveit_msgs/share/moveit_msgs/srv/ListRobotStatesInWarehouse.srv
[10.414s] -- Up-to-date: /home/habibahassan/project/install/moveit_msgs/share/moveit_msgs/srv/GetRobotStateFromWarehouse.srv
[10.414s] -- Up-to-date: /home/habibahassan/project/install/moveit_msgs/share/moveit_msgs/srv/CheckIfRobotStateExistsInWarehouse.srv
[10.414s] -- Up-to-date: /home/habibahassan/project/install/moveit_msgs/share/moveit_msgs/srv/RenameRobotStateInWarehouse.srv
[10.414s] -- Up-to-date: /home/habibahassan/project/install/moveit_msgs/share/moveit_msgs/srv/DeleteRobotStateFromWarehouse.srv
[10.415s] -- Up-to-date: /home/habibahassan/project/install/moveit_msgs/share/moveit_msgs/srv/ServoCommandType.srv
[10.415s] -- Up-to-date: /home/habibahassan/project/install/moveit_msgs/share/moveit_msgs/srv/GetGroupUrdf.srv
[10.415s] -- Up-to-date: /home/habibahassan/project/install/moveit_msgs/share/moveit_msgs/action/ExecuteTrajectory.action
[10.415s] -- Up-to-date: /home/habibahassan/project/install/moveit_msgs/share/moveit_msgs/action/MoveGroup.action
[10.415s] -- Up-to-date: /home/habibahassan/project/install/moveit_msgs/share/moveit_msgs/action/MoveGroupSequence.action
[10.416s] -- Up-to-date: /home/habibahassan/project/install/moveit_msgs/share/moveit_msgs/action/Pickup.action
[10.416s] -- Up-to-date: /home/habibahassan/project/install/moveit_msgs/share/moveit_msgs/action/Place.action
[10.416s] -- Up-to-date: /home/habibahassan/project/install/moveit_msgs/share/moveit_msgs/action/LocalPlanner.action
[10.416s] -- Up-to-date: /home/habibahassan/project/install/moveit_msgs/share/moveit_msgs/action/GlobalPlanner.action
[10.416s] -- Up-to-date: /home/habibahassan/project/install/moveit_msgs/share/moveit_msgs/action/HybridPlanner.action
[10.417s] -- Up-to-date: /home/habibahassan/project/install/moveit_msgs/share/ament_index/resource_index/package_run_dependencies/moveit_msgs
[10.417s] -- Up-to-date: /home/habibahassan/project/install/moveit_msgs/share/ament_index/resource_index/parent_prefix_path/moveit_msgs
[10.417s] -- Up-to-date: /home/habibahassan/project/install/moveit_msgs/share/moveit_msgs/environment/ament_prefix_path.sh
[10.417s] -- Up-to-date: /home/habibahassan/project/install/moveit_msgs/share/moveit_msgs/environment/ament_prefix_path.dsv
[10.418s] -- Up-to-date: /home/habibahassan/project/install/moveit_msgs/share/moveit_msgs/environment/path.sh
[10.418s] -- Up-to-date: /home/habibahassan/project/install/moveit_msgs/share/moveit_msgs/environment/path.dsv
[10.418s] -- Up-to-date: /home/habibahassan/project/install/moveit_msgs/share/moveit_msgs/local_setup.bash
[10.426s] -- Up-to-date: /home/habibahassan/project/install/moveit_msgs/share/moveit_msgs/local_setup.sh
[10.427s] -- Up-to-date: /home/habibahassan/project/install/moveit_msgs/share/moveit_msgs/local_setup.zsh
[10.427s] -- Up-to-date: /home/habibahassan/project/install/moveit_msgs/share/moveit_msgs/local_setup.dsv
[10.428s] -- Installing: /home/habibahassan/project/install/moveit_msgs/share/moveit_msgs/package.dsv
[10.428s] -- Up-to-date: /home/habibahassan/project/install/moveit_msgs/share/ament_index/resource_index/packages/moveit_msgs
[10.428s] -- Up-to-date: /home/habibahassan/project/install/moveit_msgs/share/moveit_msgs/cmake/export_moveit_msgs__rosidl_generator_cExport.cmake
[10.428s] -- Up-to-date: /home/habibahassan/project/install/moveit_msgs/share/moveit_msgs/cmake/export_moveit_msgs__rosidl_generator_cExport-noconfig.cmake
[10.429s] -- Up-to-date: /home/habibahassan/project/install/moveit_msgs/share/moveit_msgs/cmake/export_moveit_msgs__rosidl_typesupport_fastrtps_cExport.cmake
[10.429s] -- Up-to-date: /home/habibahassan/project/install/moveit_msgs/share/moveit_msgs/cmake/export_moveit_msgs__rosidl_typesupport_fastrtps_cExport-noconfig.cmake
[10.429s] -- Up-to-date: /home/habibahassan/project/install/moveit_msgs/share/moveit_msgs/cmake/moveit_msgs__rosidl_typesupport_introspection_cExport.cmake
[10.430s] -- Up-to-date: /home/habibahassan/project/install/moveit_msgs/share/moveit_msgs/cmake/moveit_msgs__rosidl_typesupport_introspection_cExport-noconfig.cmake
[10.430s] -- Up-to-date: /home/habibahassan/project/install/moveit_msgs/share/moveit_msgs/cmake/moveit_msgs__rosidl_typesupport_cExport.cmake
[10.430s] -- Up-to-date: /home/habibahassan/project/install/moveit_msgs/share/moveit_msgs/cmake/moveit_msgs__rosidl_typesupport_cExport-noconfig.cmake
[10.430s] -- Up-to-date: /home/habibahassan/project/install/moveit_msgs/share/moveit_msgs/cmake/export_moveit_msgs__rosidl_generator_cppExport.cmake
[10.430s] -- Up-to-date: /home/habibahassan/project/install/moveit_msgs/share/moveit_msgs/cmake/export_moveit_msgs__rosidl_typesupport_fastrtps_cppExport.cmake
[10.431s] -- Up-to-date: /home/habibahassan/project/install/moveit_msgs/share/moveit_msgs/cmake/export_moveit_msgs__rosidl_typesupport_fastrtps_cppExport-noconfig.cmake
[10.431s] -- Up-to-date: /home/habibahassan/project/install/moveit_msgs/share/moveit_msgs/cmake/moveit_msgs__rosidl_typesupport_introspection_cppExport.cmake
[10.431s] -- Up-to-date: /home/habibahassan/project/install/moveit_msgs/share/moveit_msgs/cmake/moveit_msgs__rosidl_typesupport_introspection_cppExport-noconfig.cmake
[10.432s] -- Up-to-date: /home/habibahassan/project/install/moveit_msgs/share/moveit_msgs/cmake/moveit_msgs__rosidl_typesupport_cppExport.cmake
[10.432s] -- Up-to-date: /home/habibahassan/project/install/moveit_msgs/share/moveit_msgs/cmake/moveit_msgs__rosidl_typesupport_cppExport-noconfig.cmake
[10.433s] -- Up-to-date: /home/habibahassan/project/install/moveit_msgs/share/moveit_msgs/cmake/export_moveit_msgs__rosidl_generator_pyExport.cmake
[10.434s] -- Up-to-date: /home/habibahassan/project/install/moveit_msgs/share/moveit_msgs/cmake/export_moveit_msgs__rosidl_generator_pyExport-noconfig.cmake
[10.434s] -- Up-to-date: /home/habibahassan/project/install/moveit_msgs/share/moveit_msgs/cmake/rosidl_cmake-extras.cmake
[10.435s] -- Up-to-date: /home/habibahassan/project/install/moveit_msgs/share/moveit_msgs/cmake/ament_cmake_export_dependencies-extras.cmake
[10.435s] -- Up-to-date: /home/habibahassan/project/install/moveit_msgs/share/moveit_msgs/cmake/ament_cmake_export_include_directories-extras.cmake
[10.435s] -- Up-to-date: /home/habibahassan/project/install/moveit_msgs/share/moveit_msgs/cmake/ament_cmake_export_libraries-extras.cmake
[10.436s] -- Up-to-date: /home/habibahassan/project/install/moveit_msgs/share/moveit_msgs/cmake/ament_cmake_export_targets-extras.cmake
[10.436s] -- Up-to-date: /home/habibahassan/project/install/moveit_msgs/share/moveit_msgs/cmake/rosidl_cmake_export_typesupport_targets-extras.cmake
[10.436s] -- Up-to-date: /home/habibahassan/project/install/moveit_msgs/share/moveit_msgs/cmake/rosidl_cmake_export_typesupport_libraries-extras.cmake
[10.437s] -- Up-to-date: /home/habibahassan/project/install/moveit_msgs/share/moveit_msgs/cmake/moveit_msgsConfig.cmake
[10.437s] -- Up-to-date: /home/habibahassan/project/install/moveit_msgs/share/moveit_msgs/cmake/moveit_msgsConfig-version.cmake
[10.437s] -- Up-to-date: /home/habibahassan/project/install/moveit_msgs/share/moveit_msgs/package.xml
[10.438s] Invoked command in '/home/habibahassan/project/build/moveit_msgs' returned '0': CMAKE_PREFIX_PATH=${CMAKE_PREFIX_PATH}:/home/habibahassan/project/install/moveit_configs_utils:/opt/ros/jazzy DEBUGINFOD_URLS=https://debuginfod.ubuntu.com /usr/bin/cmake --install /home/habibahassan/project/build/moveit_msgs
