[0.192s] Invoking command in '/home/habibahassan/project/build/moveit_msgs': CMAKE_PREFIX_PATH=${CMAKE_PREFIX_PATH}:/home/habibahassan/project/install/moveit_configs_utils:/opt/ros/jazzy DEBUGINFOD_URLS=https://debuginfod.ubuntu.com /usr/bin/cmake --build /home/habibahassan/project/build/moveit_msgs -- -j8 -l8
[0.947s] [  0%] Built target moveit_msgs__rosidl_generator_type_description
[0.947s] [  0%] Built target ament_cmake_python_copy_moveit_msgs
[0.947s] [  0%] Built target moveit_msgs__cpp
[0.948s] [ 29%] Built target moveit_msgs__rosidl_generator_c
[0.970s] [ 39%] Built target moveit_msgs__rosidl_typesupport_c
[1.087s] [ 49%] Built target moveit_msgs__rosidl_typesupport_introspection_c
[1.103s] [ 59%] Built target moveit_msgs__rosidl_typesupport_cpp
[1.132s] [ 69%] Built target moveit_msgs__rosidl_typesupport_fastrtps_c
[1.227s] [ 79%] Built target moveit_msgs__rosidl_typesupport_introspection_cpp
[1.259s] [ 89%] Built target moveit_msgs__rosidl_typesupport_fastrtps_cpp
[1.356s] [ 89%] Built target moveit_msgs
[1.524s] [ 89%] Built target moveit_msgs__py
[1.693s] running egg_info
[1.782s] [ 99%] Built target moveit_msgs__rosidl_generator_py
[1.806s] writing moveit_msgs.egg-info/PKG-INFO
[1.806s] writing dependency_links to moveit_msgs.egg-info/dependency_links.txt
[1.850s] writing top-level names to moveit_msgs.egg-info/top_level.txt
[1.951s] [100%] Built target moveit_msgs_s__rosidl_typesupport_introspection_c
[1.973s] [100%] Built target moveit_msgs_s__rosidl_typesupport_fastrtps_c
[1.993s] [100%] Built target moveit_msgs_s__rosidl_typesupport_c
[2.319s] reading manifest file 'moveit_msgs.egg-info/SOURCES.txt'
[2.362s] writing manifest file 'moveit_msgs.egg-info/SOURCES.txt'
[2.480s] [100%] Built target ament_cmake_python_build_moveit_msgs_egg
[2.962s] Invoked command in '/home/habibahassan/project/build/moveit_msgs' returned '0': CMAKE_PREFIX_PATH=${CMAKE_PREFIX_PATH}:/home/habibahassan/project/install/moveit_configs_utils:/opt/ros/jazzy DEBUGINFOD_URLS=https://debuginfod.ubuntu.com /usr/bin/cmake --build /home/habibahassan/project/build/moveit_msgs -- -j8 -l8
[2.963s] Invoking command in '/home/habibahassan/project/build/moveit_msgs': CMAKE_PREFIX_PATH=${CMAKE_PREFIX_PATH}:/home/habibahassan/project/install/moveit_configs_utils:/opt/ros/jazzy DEBUGINFOD_URLS=https://debuginfod.ubuntu.com /usr/bin/cmake --install /home/habibahassan/project/build/moveit_msgs
[3.043s] -- Install configuration: ""
[3.043s] -- Up-to-date: /home/habibahassan/project/install/moveit_msgs/share/ament_index/resource_index/rosidl_interfaces/moveit_msgs
[3.044s] -- Up-to-date: /home/habibahassan/project/install/moveit_msgs/share/moveit_msgs/msg/AllowedCollisionEntry.json
[3.044s] -- Up-to-date: /home/habibahassan/project/install/moveit_msgs/share/moveit_msgs/msg/AllowedCollisionMatrix.json
[3.044s] -- Up-to-date: /home/habibahassan/project/install/moveit_msgs/share/moveit_msgs/msg/AttachedCollisionObject.json
[3.044s] -- Up-to-date: /home/habibahassan/project/install/moveit_msgs/share/moveit_msgs/msg/BoundingVolume.json
[3.044s] -- Up-to-date: /home/habibahassan/project/install/moveit_msgs/share/moveit_msgs/msg/CartesianPoint.json
[3.045s] -- Up-to-date: /home/habibahassan/project/install/moveit_msgs/share/moveit_msgs/msg/CartesianTrajectory.json
[3.045s] -- Up-to-date: /home/habibahassan/project/install/moveit_msgs/share/moveit_msgs/msg/CartesianTrajectoryPoint.json
[3.045s] -- Up-to-date: /home/habibahassan/project/install/moveit_msgs/share/moveit_msgs/msg/CollisionObject.json
[3.045s] -- Up-to-date: /home/habibahassan/project/install/moveit_msgs/share/moveit_msgs/msg/ConstraintEvalResult.json
[3.045s] -- Up-to-date: /home/habibahassan/project/install/moveit_msgs/share/moveit_msgs/msg/Constraints.json
[3.045s] -- Up-to-date: /home/habibahassan/project/install/moveit_msgs/share/moveit_msgs/msg/CostSource.json
[3.046s] -- Up-to-date: /home/habibahassan/project/install/moveit_msgs/share/moveit_msgs/msg/ContactInformation.json
[3.046s] -- Up-to-date: /home/habibahassan/project/install/moveit_msgs/share/moveit_msgs/msg/DisplayTrajectory.json
[3.046s] -- Up-to-date: /home/habibahassan/project/install/moveit_msgs/share/moveit_msgs/msg/DisplayRobotState.json
[3.046s] -- Up-to-date: /home/habibahassan/project/install/moveit_msgs/share/moveit_msgs/msg/GenericTrajectory.json
[3.046s] -- Up-to-date: /home/habibahassan/project/install/moveit_msgs/share/moveit_msgs/msg/Grasp.json
[3.046s] -- Up-to-date: /home/habibahassan/project/install/moveit_msgs/share/moveit_msgs/msg/GripperTranslation.json
[3.047s] -- Up-to-date: /home/habibahassan/project/install/moveit_msgs/share/moveit_msgs/msg/JointConstraint.json
[3.047s] -- Up-to-date: /home/habibahassan/project/install/moveit_msgs/share/moveit_msgs/msg/JointLimits.json
[3.047s] -- Up-to-date: /home/habibahassan/project/install/moveit_msgs/share/moveit_msgs/msg/LinkPadding.json
[3.047s] -- Up-to-date: /home/habibahassan/project/install/moveit_msgs/share/moveit_msgs/msg/LinkScale.json
[3.047s] -- Up-to-date: /home/habibahassan/project/install/moveit_msgs/share/moveit_msgs/msg/MotionPlanRequest.json
[3.047s] -- Up-to-date: /home/habibahassan/project/install/moveit_msgs/share/moveit_msgs/msg/MotionPlanResponse.json
[3.048s] -- Up-to-date: /home/habibahassan/project/install/moveit_msgs/share/moveit_msgs/msg/MotionPlanDetailedResponse.json
[3.048s] -- Up-to-date: /home/habibahassan/project/install/moveit_msgs/share/moveit_msgs/msg/MotionSequenceItem.json
[3.048s] -- Up-to-date: /home/habibahassan/project/install/moveit_msgs/share/moveit_msgs/msg/MotionSequenceRequest.json
[3.048s] -- Up-to-date: /home/habibahassan/project/install/moveit_msgs/share/moveit_msgs/msg/MotionSequenceResponse.json
[3.048s] -- Up-to-date: /home/habibahassan/project/install/moveit_msgs/share/moveit_msgs/msg/MoveItErrorCodes.json
[3.048s] -- Up-to-date: /home/habibahassan/project/install/moveit_msgs/share/moveit_msgs/msg/TrajectoryConstraints.json
[3.049s] -- Up-to-date: /home/habibahassan/project/install/moveit_msgs/share/moveit_msgs/msg/ObjectColor.json
[3.049s] -- Up-to-date: /home/habibahassan/project/install/moveit_msgs/share/moveit_msgs/msg/OrientationConstraint.json
[3.049s] -- Up-to-date: /home/habibahassan/project/install/moveit_msgs/share/moveit_msgs/msg/OrientedBoundingBox.json
[3.049s] -- Up-to-date: /home/habibahassan/project/install/moveit_msgs/share/moveit_msgs/msg/PlaceLocation.json
[3.049s] -- Up-to-date: /home/habibahassan/project/install/moveit_msgs/share/moveit_msgs/msg/PlannerInterfaceDescription.json
[3.049s] -- Up-to-date: /home/habibahassan/project/install/moveit_msgs/share/moveit_msgs/msg/PlannerParams.json
[3.050s] -- Up-to-date: /home/habibahassan/project/install/moveit_msgs/share/moveit_msgs/msg/PlanningScene.json
[3.050s] -- Up-to-date: /home/habibahassan/project/install/moveit_msgs/share/moveit_msgs/msg/PlanningSceneComponents.json
[3.050s] -- Up-to-date: /home/habibahassan/project/install/moveit_msgs/share/moveit_msgs/msg/PlanningSceneWorld.json
[3.050s] -- Up-to-date: /home/habibahassan/project/install/moveit_msgs/share/moveit_msgs/msg/PlanningOptions.json
[3.050s] -- Up-to-date: /home/habibahassan/project/install/moveit_msgs/share/moveit_msgs/msg/PositionConstraint.json
[3.051s] -- Up-to-date: /home/habibahassan/project/install/moveit_msgs/share/moveit_msgs/msg/RobotState.json
[3.051s] -- Up-to-date: /home/habibahassan/project/install/moveit_msgs/share/moveit_msgs/msg/RobotTrajectory.json
[3.052s] -- Up-to-date: /home/habibahassan/project/install/moveit_msgs/share/moveit_msgs/msg/VisibilityConstraint.json
[3.052s] -- Up-to-date: /home/habibahassan/project/install/moveit_msgs/share/moveit_msgs/msg/WorkspaceParameters.json
[3.052s] -- Up-to-date: /home/habibahassan/project/install/moveit_msgs/share/moveit_msgs/msg/KinematicSolverInfo.json
[3.052s] -- Up-to-date: /home/habibahassan/project/install/moveit_msgs/share/moveit_msgs/msg/PositionIKRequest.json
[3.052s] -- Up-to-date: /home/habibahassan/project/install/moveit_msgs/share/moveit_msgs/msg/PipelineState.json
[3.052s] -- Up-to-date: /home/habibahassan/project/install/moveit_msgs/share/moveit_msgs/msg/ServoStatus.json
[3.052s] -- Up-to-date: /home/habibahassan/project/install/moveit_msgs/share/moveit_msgs/srv/GetMotionPlan.json
[3.053s] -- Up-to-date: /home/habibahassan/project/install/moveit_msgs/share/moveit_msgs/srv/GetStateValidity.json
[3.053s] -- Up-to-date: /home/habibahassan/project/install/moveit_msgs/share/moveit_msgs/srv/GetCartesianPath.json
[3.053s] -- Up-to-date: /home/habibahassan/project/install/moveit_msgs/share/moveit_msgs/srv/GetPlanningScene.json
[3.053s] -- Up-to-date: /home/habibahassan/project/install/moveit_msgs/share/moveit_msgs/srv/GraspPlanning.json
[3.053s] -- Up-to-date: /home/habibahassan/project/install/moveit_msgs/share/moveit_msgs/srv/ApplyPlanningScene.json
[3.053s] -- Up-to-date: /home/habibahassan/project/install/moveit_msgs/share/moveit_msgs/srv/QueryPlannerInterfaces.json
[3.053s] -- Up-to-date: /home/habibahassan/project/install/moveit_msgs/share/moveit_msgs/srv/GetMotionSequence.json
[3.054s] -- Up-to-date: /home/habibahassan/project/install/moveit_msgs/share/moveit_msgs/srv/GetPositionFK.json
[3.054s] -- Up-to-date: /home/habibahassan/project/install/moveit_msgs/share/moveit_msgs/srv/GetPositionIK.json
[3.054s] -- Up-to-date: /home/habibahassan/project/install/moveit_msgs/share/moveit_msgs/srv/GetPlannerParams.json
[3.054s] -- Up-to-date: /home/habibahassan/project/install/moveit_msgs/share/moveit_msgs/srv/SetPlannerParams.json
[3.054s] -- Up-to-date: /home/habibahassan/project/install/moveit_msgs/share/moveit_msgs/srv/UpdatePointcloudOctomap.json
[3.054s] -- Up-to-date: /home/habibahassan/project/install/moveit_msgs/share/moveit_msgs/srv/SaveGeometryToFile.json
[3.055s] -- Up-to-date: /home/habibahassan/project/install/moveit_msgs/share/moveit_msgs/srv/SaveMap.json
[3.055s] -- Up-to-date: /home/habibahassan/project/install/moveit_msgs/share/moveit_msgs/srv/LoadGeometryFromFile.json
[3.055s] -- Up-to-date: /home/habibahassan/project/install/moveit_msgs/share/moveit_msgs/srv/LoadMap.json
[3.055s] -- Up-to-date: /home/habibahassan/project/install/moveit_msgs/share/moveit_msgs/srv/SaveRobotStateToWarehouse.json
[3.055s] -- Up-to-date: /home/habibahassan/project/install/moveit_msgs/share/moveit_msgs/srv/ListRobotStatesInWarehouse.json
[3.056s] -- Up-to-date: /home/habibahassan/project/install/moveit_msgs/share/moveit_msgs/srv/GetRobotStateFromWarehouse.json
[3.056s] -- Up-to-date: /home/habibahassan/project/install/moveit_msgs/share/moveit_msgs/srv/CheckIfRobotStateExistsInWarehouse.json
[3.056s] -- Up-to-date: /home/habibahassan/project/install/moveit_msgs/share/moveit_msgs/srv/RenameRobotStateInWarehouse.json
[3.056s] -- Up-to-date: /home/habibahassan/project/install/moveit_msgs/share/moveit_msgs/srv/DeleteRobotStateFromWarehouse.json
[3.056s] -- Up-to-date: /home/habibahassan/project/install/moveit_msgs/share/moveit_msgs/srv/ServoCommandType.json
[3.056s] -- Up-to-date: /home/habibahassan/project/install/moveit_msgs/share/moveit_msgs/srv/GetGroupUrdf.json
[3.057s] -- Up-to-date: /home/habibahassan/project/install/moveit_msgs/share/moveit_msgs/action/ExecuteTrajectory.json
[3.057s] -- Up-to-date: /home/habibahassan/project/install/moveit_msgs/share/moveit_msgs/action/MoveGroup.json
[3.057s] -- Up-to-date: /home/habibahassan/project/install/moveit_msgs/share/moveit_msgs/action/MoveGroupSequence.json
[3.057s] -- Up-to-date: /home/habibahassan/project/install/moveit_msgs/share/moveit_msgs/action/Pickup.json
[3.057s] -- Up-to-date: /home/habibahassan/project/install/moveit_msgs/share/moveit_msgs/action/Place.json
[3.057s] -- Up-to-date: /home/habibahassan/project/install/moveit_msgs/share/moveit_msgs/action/LocalPlanner.json
[3.057s] -- Up-to-date: /home/habibahassan/project/install/moveit_msgs/share/moveit_msgs/action/GlobalPlanner.json
[3.058s] -- Up-to-date: /home/habibahassan/project/install/moveit_msgs/share/moveit_msgs/action/HybridPlanner.json
[3.058s] -- Up-to-date: /home/habibahassan/project/install/moveit_msgs/include/moveit_msgs/moveit_msgs
[3.058s] -- Up-to-date: /home/habibahassan/project/install/moveit_msgs/include/moveit_msgs/moveit_msgs/srv
[3.058s] -- Up-to-date: /home/habibahassan/project/install/moveit_msgs/include/moveit_msgs/moveit_msgs/srv/get_planning_scene.h
[3.058s] -- Up-to-date: /home/habibahassan/project/install/moveit_msgs/include/moveit_msgs/moveit_msgs/srv/get_position_ik.h
[3.059s] -- Up-to-date: /home/habibahassan/project/install/moveit_msgs/include/moveit_msgs/moveit_msgs/srv/save_robot_state_to_warehouse.h
[3.059s] -- Up-to-date: /home/habibahassan/project/install/moveit_msgs/include/moveit_msgs/moveit_msgs/srv/update_pointcloud_octomap.h
[3.059s] -- Up-to-date: /home/habibahassan/project/install/moveit_msgs/include/moveit_msgs/moveit_msgs/srv/list_robot_states_in_warehouse.h
[3.059s] -- Up-to-date: /home/habibahassan/project/install/moveit_msgs/include/moveit_msgs/moveit_msgs/srv/save_geometry_to_file.h
[3.059s] -- Up-to-date: /home/habibahassan/project/install/moveit_msgs/include/moveit_msgs/moveit_msgs/srv/delete_robot_state_from_warehouse.h
[3.059s] -- Up-to-date: /home/habibahassan/project/install/moveit_msgs/include/moveit_msgs/moveit_msgs/srv/get_robot_state_from_warehouse.h
[3.060s] -- Up-to-date: /home/habibahassan/project/install/moveit_msgs/include/moveit_msgs/moveit_msgs/srv/get_cartesian_path.h
[3.060s] -- Up-to-date: /home/habibahassan/project/install/moveit_msgs/include/moveit_msgs/moveit_msgs/srv/save_map.h
[3.060s] -- Up-to-date: /home/habibahassan/project/install/moveit_msgs/include/moveit_msgs/moveit_msgs/srv/load_map.h
[3.060s] -- Up-to-date: /home/habibahassan/project/install/moveit_msgs/include/moveit_msgs/moveit_msgs/srv/get_position_fk.h
[3.060s] -- Up-to-date: /home/habibahassan/project/install/moveit_msgs/include/moveit_msgs/moveit_msgs/srv/detail
[3.060s] -- Installing: /home/habibahassan/project/install/moveit_msgs/include/moveit_msgs/moveit_msgs/srv/detail/get_cartesian_path__type_support.c
[3.061s] -- Up-to-date: /home/habibahassan/project/install/moveit_msgs/include/moveit_msgs/moveit_msgs/srv/detail/servo_command_type__type_support.h
[3.061s] -- Installing: /home/habibahassan/project/install/moveit_msgs/include/moveit_msgs/moveit_msgs/srv/detail/save_geometry_to_file__type_support.c
[3.061s] -- Up-to-date: /home/habibahassan/project/install/moveit_msgs/include/moveit_msgs/moveit_msgs/srv/detail/get_position_ik__functions.h
[3.061s] -- Installing: /home/habibahassan/project/install/moveit_msgs/include/moveit_msgs/moveit_msgs/srv/detail/load_geometry_from_file__type_support.c
[3.061s] -- Up-to-date: /home/habibahassan/project/install/moveit_msgs/include/moveit_msgs/moveit_msgs/srv/detail/grasp_planning__type_support.h
[3.061s] -- Up-to-date: /home/habibahassan/project/install/moveit_msgs/include/moveit_msgs/moveit_msgs/srv/detail/get_motion_plan__type_support.h
[3.062s] -- Up-to-date: /home/habibahassan/project/install/moveit_msgs/include/moveit_msgs/moveit_msgs/srv/detail/save_robot_state_to_warehouse__description.c
[3.062s] -- Up-to-date: /home/habibahassan/project/install/moveit_msgs/include/moveit_msgs/moveit_msgs/srv/detail/get_cartesian_path__description.c
[3.062s] -- Up-to-date: /home/habibahassan/project/install/moveit_msgs/include/moveit_msgs/moveit_msgs/srv/detail/get_state_validity__functions.c
[3.062s] -- Installing: /home/habibahassan/project/install/moveit_msgs/include/moveit_msgs/moveit_msgs/srv/detail/get_motion_plan__type_support.c
[3.062s] -- Up-to-date: /home/habibahassan/project/install/moveit_msgs/include/moveit_msgs/moveit_msgs/srv/detail/get_cartesian_path__type_support.h
[3.062s] -- Up-to-date: /home/habibahassan/project/install/moveit_msgs/include/moveit_msgs/moveit_msgs/srv/detail/get_planner_params__functions.h
[3.063s] -- Up-to-date: /home/habibahassan/project/install/moveit_msgs/include/moveit_msgs/moveit_msgs/srv/detail/delete_robot_state_from_warehouse__description.c
[3.063s] -- Installing: /home/habibahassan/project/install/moveit_msgs/include/moveit_msgs/moveit_msgs/srv/detail/get_position_fk__type_support.c
[3.063s] -- Up-to-date: /home/habibahassan/project/install/moveit_msgs/include/moveit_msgs/moveit_msgs/srv/detail/grasp_planning__functions.h
[3.063s] -- Up-to-date: /home/habibahassan/project/install/moveit_msgs/include/moveit_msgs/moveit_msgs/srv/detail/get_position_ik__type_support.h
[3.063s] -- Up-to-date: /home/habibahassan/project/install/moveit_msgs/include/moveit_msgs/moveit_msgs/srv/detail/update_pointcloud_octomap__description.c
[3.063s] -- Installing: /home/habibahassan/project/install/moveit_msgs/include/moveit_msgs/moveit_msgs/srv/detail/servo_command_type__type_support.c
[3.063s] -- Installing: /home/habibahassan/project/install/moveit_msgs/include/moveit_msgs/moveit_msgs/srv/detail/grasp_planning__type_support.c
[3.064s] -- Up-to-date: /home/habibahassan/project/install/moveit_msgs/include/moveit_msgs/moveit_msgs/srv/detail/get_position_fk__functions.c
[3.064s] -- Up-to-date: /home/habibahassan/project/install/moveit_msgs/include/moveit_msgs/moveit_msgs/srv/detail/load_geometry_from_file__struct.h
[3.064s] -- Up-to-date: /home/habibahassan/project/install/moveit_msgs/include/moveit_msgs/moveit_msgs/srv/detail/get_motion_plan__struct.h
[3.064s] -- Up-to-date: /home/habibahassan/project/install/moveit_msgs/include/moveit_msgs/moveit_msgs/srv/detail/get_motion_sequence__functions.c
[3.064s] -- Up-to-date: /home/habibahassan/project/install/moveit_msgs/include/moveit_msgs/moveit_msgs/srv/detail/get_planning_scene__functions.c
[3.064s] -- Up-to-date: /home/habibahassan/project/install/moveit_msgs/include/moveit_msgs/moveit_msgs/srv/detail/servo_command_type__struct.h
[3.064s] -- Installing: /home/habibahassan/project/install/moveit_msgs/include/moveit_msgs/moveit_msgs/srv/detail/get_planner_params__type_support.c
[3.065s] -- Up-to-date: /home/habibahassan/project/install/moveit_msgs/include/moveit_msgs/moveit_msgs/srv/detail/get_group_urdf__functions.h
[3.084s] -- Up-to-date: /home/habibahassan/project/install/moveit_msgs/include/moveit_msgs/moveit_msgs/srv/detail/load_map__type_support.h
[3.086s] -- Up-to-date: /home/habibahassan/project/install/moveit_msgs/include/moveit_msgs/moveit_msgs/srv/detail/get_state_validity__description.c
[3.087s] -- Up-to-date: /home/habibahassan/project/install/moveit_msgs/include/moveit_msgs/moveit_msgs/srv/detail/check_if_robot_state_exists_in_warehouse__type_support.h
[3.089s] -- Up-to-date: /home/habibahassan/project/install/moveit_msgs/include/moveit_msgs/moveit_msgs/srv/detail/get_planner_params__description.c
[3.091s] -- Up-to-date: /home/habibahassan/project/install/moveit_msgs/include/moveit_msgs/moveit_msgs/srv/detail/update_pointcloud_octomap__functions.h
[3.092s] -- Up-to-date: /home/habibahassan/project/install/moveit_msgs/include/moveit_msgs/moveit_msgs/srv/detail/list_robot_states_in_warehouse__struct.h
[3.093s] -- Up-to-date: /home/habibahassan/project/install/moveit_msgs/include/moveit_msgs/moveit_msgs/srv/detail/save_map__struct.h
[3.093s] -- Up-to-date: /home/habibahassan/project/install/moveit_msgs/include/moveit_msgs/moveit_msgs/srv/detail/get_cartesian_path__struct.h
[3.093s] -- Up-to-date: /home/habibahassan/project/install/moveit_msgs/include/moveit_msgs/moveit_msgs/srv/detail/get_motion_sequence__type_support.h
[3.093s] -- Up-to-date: /home/habibahassan/project/install/moveit_msgs/include/moveit_msgs/moveit_msgs/srv/detail/query_planner_interfaces__functions.h
[3.093s] -- Installing: /home/habibahassan/project/install/moveit_msgs/include/moveit_msgs/moveit_msgs/srv/detail/set_planner_params__type_support.c
[3.094s] -- Installing: /home/habibahassan/project/install/moveit_msgs/include/moveit_msgs/moveit_msgs/srv/detail/query_planner_interfaces__type_support.c
[3.094s] -- Up-to-date: /home/habibahassan/project/install/moveit_msgs/include/moveit_msgs/moveit_msgs/srv/detail/update_pointcloud_octomap__struct.h
[3.094s] -- Up-to-date: /home/habibahassan/project/install/moveit_msgs/include/moveit_msgs/moveit_msgs/srv/detail/servo_command_type__functions.c
[3.094s] -- Up-to-date: /home/habibahassan/project/install/moveit_msgs/include/moveit_msgs/moveit_msgs/srv/detail/get_planner_params__functions.c
[3.094s] -- Up-to-date: /home/habibahassan/project/install/moveit_msgs/include/moveit_msgs/moveit_msgs/srv/detail/check_if_robot_state_exists_in_warehouse__functions.h
[3.094s] -- Up-to-date: /home/habibahassan/project/install/moveit_msgs/include/moveit_msgs/moveit_msgs/srv/detail/apply_planning_scene__description.c
[3.095s] -- Up-to-date: /home/habibahassan/project/install/moveit_msgs/include/moveit_msgs/moveit_msgs/srv/detail/get_planner_params__type_support.h
[3.095s] -- Installing: /home/habibahassan/project/install/moveit_msgs/include/moveit_msgs/moveit_msgs/srv/detail/rename_robot_state_in_warehouse__type_support.c
[3.095s] -- Up-to-date: /home/habibahassan/project/install/moveit_msgs/include/moveit_msgs/moveit_msgs/srv/detail/save_robot_state_to_warehouse__functions.h
[3.095s] -- Up-to-date: /home/habibahassan/project/install/moveit_msgs/include/moveit_msgs/moveit_msgs/srv/detail/update_pointcloud_octomap__functions.c
[3.095s] -- Up-to-date: /home/habibahassan/project/install/moveit_msgs/include/moveit_msgs/moveit_msgs/srv/detail/list_robot_states_in_warehouse__description.c
[3.096s] -- Up-to-date: /home/habibahassan/project/install/moveit_msgs/include/moveit_msgs/moveit_msgs/srv/detail/get_planning_scene__functions.h
[3.096s] -- Up-to-date: /home/habibahassan/project/install/moveit_msgs/include/moveit_msgs/moveit_msgs/srv/detail/get_group_urdf__struct.h
[3.096s] -- Up-to-date: /home/habibahassan/project/install/moveit_msgs/include/moveit_msgs/moveit_msgs/srv/detail/rename_robot_state_in_warehouse__type_support.h
[3.096s] -- Up-to-date: /home/habibahassan/project/install/moveit_msgs/include/moveit_msgs/moveit_msgs/srv/detail/get_planning_scene__struct.h
[3.096s] -- Up-to-date: /home/habibahassan/project/install/moveit_msgs/include/moveit_msgs/moveit_msgs/srv/detail/get_position_fk__type_support.h
[3.096s] -- Up-to-date: /home/habibahassan/project/install/moveit_msgs/include/moveit_msgs/moveit_msgs/srv/detail/load_geometry_from_file__functions.c
[3.097s] -- Up-to-date: /home/habibahassan/project/install/moveit_msgs/include/moveit_msgs/moveit_msgs/srv/detail/get_state_validity__type_support.h
[3.097s] -- Up-to-date: /home/habibahassan/project/install/moveit_msgs/include/moveit_msgs/moveit_msgs/srv/detail/save_geometry_to_file__functions.c
[3.097s] -- Up-to-date: /home/habibahassan/project/install/moveit_msgs/include/moveit_msgs/moveit_msgs/srv/detail/load_map__struct.h
[3.097s] -- Up-to-date: /home/habibahassan/project/install/moveit_msgs/include/moveit_msgs/moveit_msgs/srv/detail/set_planner_params__functions.c
[3.097s] -- Up-to-date: /home/habibahassan/project/install/moveit_msgs/include/moveit_msgs/moveit_msgs/srv/detail/rename_robot_state_in_warehouse__struct.h
[3.097s] -- Up-to-date: /home/habibahassan/project/install/moveit_msgs/include/moveit_msgs/moveit_msgs/srv/detail/check_if_robot_state_exists_in_warehouse__description.c
[3.098s] -- Up-to-date: /home/habibahassan/project/install/moveit_msgs/include/moveit_msgs/moveit_msgs/srv/detail/list_robot_states_in_warehouse__functions.c
[3.098s] -- Up-to-date: /home/habibahassan/project/install/moveit_msgs/include/moveit_msgs/moveit_msgs/srv/detail/get_position_fk__description.c
[3.098s] -- Up-to-date: /home/habibahassan/project/install/moveit_msgs/include/moveit_msgs/moveit_msgs/srv/detail/get_state_validity__struct.h
[3.098s] -- Up-to-date: /home/habibahassan/project/install/moveit_msgs/include/moveit_msgs/moveit_msgs/srv/detail/apply_planning_scene__struct.h
[3.098s] -- Installing: /home/habibahassan/project/install/moveit_msgs/include/moveit_msgs/moveit_msgs/srv/detail/save_robot_state_to_warehouse__type_support.c
[3.099s] -- Up-to-date: /home/habibahassan/project/install/moveit_msgs/include/moveit_msgs/moveit_msgs/srv/detail/list_robot_states_in_warehouse__type_support.h
[3.099s] -- Up-to-date: /home/habibahassan/project/install/moveit_msgs/include/moveit_msgs/moveit_msgs/srv/detail/set_planner_params__functions.h
[3.099s] -- Up-to-date: /home/habibahassan/project/install/moveit_msgs/include/moveit_msgs/moveit_msgs/srv/detail/get_planning_scene__type_support.h
[3.100s] -- Up-to-date: /home/habibahassan/project/install/moveit_msgs/include/moveit_msgs/moveit_msgs/srv/detail/get_motion_sequence__struct.h
[3.100s] -- Up-to-date: /home/habibahassan/project/install/moveit_msgs/include/moveit_msgs/moveit_msgs/srv/detail/delete_robot_state_from_warehouse__struct.h
[3.100s] -- Up-to-date: /home/habibahassan/project/install/moveit_msgs/include/moveit_msgs/moveit_msgs/srv/detail/query_planner_interfaces__struct.h
[3.100s] -- Up-to-date: /home/habibahassan/project/install/moveit_msgs/include/moveit_msgs/moveit_msgs/srv/detail/check_if_robot_state_exists_in_warehouse__functions.c
[3.100s] -- Up-to-date: /home/habibahassan/project/install/moveit_msgs/include/moveit_msgs/moveit_msgs/srv/detail/apply_planning_scene__type_support.h
[3.100s] -- Up-to-date: /home/habibahassan/project/install/moveit_msgs/include/moveit_msgs/moveit_msgs/srv/detail/get_motion_sequence__description.c
[3.101s] -- Up-to-date: /home/habibahassan/project/install/moveit_msgs/include/moveit_msgs/moveit_msgs/srv/detail/get_robot_state_from_warehouse__description.c
[3.101s] -- Up-to-date: /home/habibahassan/project/install/moveit_msgs/include/moveit_msgs/moveit_msgs/srv/detail/get_planner_params__struct.h
[3.101s] -- Up-to-date: /home/habibahassan/project/install/moveit_msgs/include/moveit_msgs/moveit_msgs/srv/detail/save_geometry_to_file__struct.h
[3.101s] -- Installing: /home/habibahassan/project/install/moveit_msgs/include/moveit_msgs/moveit_msgs/srv/detail/get_state_validity__type_support.c
[3.102s] -- Up-to-date: /home/habibahassan/project/install/moveit_msgs/include/moveit_msgs/moveit_msgs/srv/detail/save_map__description.c
[3.102s] -- Installing: /home/habibahassan/project/install/moveit_msgs/include/moveit_msgs/moveit_msgs/srv/detail/get_motion_sequence__type_support.c
[3.102s] -- Up-to-date: /home/habibahassan/project/install/moveit_msgs/include/moveit_msgs/moveit_msgs/srv/detail/get_motion_plan__functions.c
[3.102s] -- Installing: /home/habibahassan/project/install/moveit_msgs/include/moveit_msgs/moveit_msgs/srv/detail/check_if_robot_state_exists_in_warehouse__type_support.c
[3.102s] -- Up-to-date: /home/habibahassan/project/install/moveit_msgs/include/moveit_msgs/moveit_msgs/srv/detail/save_geometry_to_file__functions.h
[3.102s] -- Up-to-date: /home/habibahassan/project/install/moveit_msgs/include/moveit_msgs/moveit_msgs/srv/detail/get_robot_state_from_warehouse__functions.h
[3.103s] -- Up-to-date: /home/habibahassan/project/install/moveit_msgs/include/moveit_msgs/moveit_msgs/srv/detail/servo_command_type__description.c
[3.103s] -- Up-to-date: /home/habibahassan/project/install/moveit_msgs/include/moveit_msgs/moveit_msgs/srv/detail/set_planner_params__struct.h
[3.103s] -- Installing: /home/habibahassan/project/install/moveit_msgs/include/moveit_msgs/moveit_msgs/srv/detail/list_robot_states_in_warehouse__type_support.c
[3.103s] -- Installing: /home/habibahassan/project/install/moveit_msgs/include/moveit_msgs/moveit_msgs/srv/detail/save_map__type_support.c
[3.103s] -- Up-to-date: /home/habibahassan/project/install/moveit_msgs/include/moveit_msgs/moveit_msgs/srv/detail/get_position_fk__functions.h
[3.103s] -- Up-to-date: /home/habibahassan/project/install/moveit_msgs/include/moveit_msgs/moveit_msgs/srv/detail/get_motion_sequence__functions.h
[3.104s] -- Up-to-date: /home/habibahassan/project/install/moveit_msgs/include/moveit_msgs/moveit_msgs/srv/detail/get_state_validity__functions.h
[3.104s] -- Installing: /home/habibahassan/project/install/moveit_msgs/include/moveit_msgs/moveit_msgs/srv/detail/update_pointcloud_octomap__type_support.c
[3.104s] -- Up-to-date: /home/habibahassan/project/install/moveit_msgs/include/moveit_msgs/moveit_msgs/srv/detail/load_geometry_from_file__functions.h
[3.104s] -- Installing: /home/habibahassan/project/install/moveit_msgs/include/moveit_msgs/moveit_msgs/srv/detail/get_planning_scene__type_support.c
[3.104s] -- Up-to-date: /home/habibahassan/project/install/moveit_msgs/include/moveit_msgs/moveit_msgs/srv/detail/rename_robot_state_in_warehouse__description.c
[3.104s] -- Up-to-date: /home/habibahassan/project/install/moveit_msgs/include/moveit_msgs/moveit_msgs/srv/detail/get_motion_plan__functions.h
[3.105s] -- Up-to-date: /home/habibahassan/project/install/moveit_msgs/include/moveit_msgs/moveit_msgs/srv/detail/get_group_urdf__description.c
[3.113s] -- Up-to-date: /home/habibahassan/project/install/moveit_msgs/include/moveit_msgs/moveit_msgs/srv/detail/get_robot_state_from_warehouse__struct.h
[3.113s] -- Up-to-date: /home/habibahassan/project/install/moveit_msgs/include/moveit_msgs/moveit_msgs/srv/detail/load_geometry_from_file__description.c
[3.114s] -- Up-to-date: /home/habibahassan/project/install/moveit_msgs/include/moveit_msgs/moveit_msgs/srv/detail/save_map__functions.h
[3.115s] -- Up-to-date: /home/habibahassan/project/install/moveit_msgs/include/moveit_msgs/moveit_msgs/srv/detail/get_robot_state_from_warehouse__type_support.h
[3.115s] -- Up-to-date: /home/habibahassan/project/install/moveit_msgs/include/moveit_msgs/moveit_msgs/srv/detail/save_geometry_to_file__description.c
[3.115s] -- Up-to-date: /home/habibahassan/project/install/moveit_msgs/include/moveit_msgs/moveit_msgs/srv/detail/apply_planning_scene__functions.h
[3.116s] -- Up-to-date: /home/habibahassan/project/install/moveit_msgs/include/moveit_msgs/moveit_msgs/srv/detail/query_planner_interfaces__type_support.h
[3.116s] -- Up-to-date: /home/habibahassan/project/install/moveit_msgs/include/moveit_msgs/moveit_msgs/srv/detail/get_position_fk__struct.h
[3.116s] -- Installing: /home/habibahassan/project/install/moveit_msgs/include/moveit_msgs/moveit_msgs/srv/detail/delete_robot_state_from_warehouse__type_support.c
[3.116s] -- Up-to-date: /home/habibahassan/project/install/moveit_msgs/include/moveit_msgs/moveit_msgs/srv/detail/rename_robot_state_in_warehouse__functions.c
[3.117s] -- Up-to-date: /home/habibahassan/project/install/moveit_msgs/include/moveit_msgs/moveit_msgs/srv/detail/load_map__functions.h
[3.117s] -- Installing: /home/habibahassan/project/install/moveit_msgs/include/moveit_msgs/moveit_msgs/srv/detail/get_group_urdf__type_support.c
[3.117s] -- Up-to-date: /home/habibahassan/project/install/moveit_msgs/include/moveit_msgs/moveit_msgs/srv/detail/check_if_robot_state_exists_in_warehouse__struct.h
[3.117s] -- Up-to-date: /home/habibahassan/project/install/moveit_msgs/include/moveit_msgs/moveit_msgs/srv/detail/load_geometry_from_file__type_support.h
[3.118s] -- Up-to-date: /home/habibahassan/project/install/moveit_msgs/include/moveit_msgs/moveit_msgs/srv/detail/query_planner_interfaces__description.c
[3.119s] -- Installing: /home/habibahassan/project/install/moveit_msgs/include/moveit_msgs/moveit_msgs/srv/detail/load_map__type_support.c
[3.119s] -- Up-to-date: /home/habibahassan/project/install/moveit_msgs/include/moveit_msgs/moveit_msgs/srv/detail/set_planner_params__type_support.h
[3.120s] -- Up-to-date: /home/habibahassan/project/install/moveit_msgs/include/moveit_msgs/moveit_msgs/srv/detail/update_pointcloud_octomap__type_support.h
[3.120s] -- Up-to-date: /home/habibahassan/project/install/moveit_msgs/include/moveit_msgs/moveit_msgs/srv/detail/delete_robot_state_from_warehouse__functions.c
[3.120s] -- Up-to-date: /home/habibahassan/project/install/moveit_msgs/include/moveit_msgs/moveit_msgs/srv/detail/rename_robot_state_in_warehouse__functions.h
[3.120s] -- Installing: /home/habibahassan/project/install/moveit_msgs/include/moveit_msgs/moveit_msgs/srv/detail/get_robot_state_from_warehouse__type_support.c
[3.120s] -- Up-to-date: /home/habibahassan/project/install/moveit_msgs/include/moveit_msgs/moveit_msgs/srv/detail/delete_robot_state_from_warehouse__functions.h
[3.120s] -- Up-to-date: /home/habibahassan/project/install/moveit_msgs/include/moveit_msgs/moveit_msgs/srv/detail/load_map__functions.c
[3.121s] -- Up-to-date: /home/habibahassan/project/install/moveit_msgs/include/moveit_msgs/moveit_msgs/srv/detail/grasp_planning__struct.h
[3.121s] -- Up-to-date: /home/habibahassan/project/install/moveit_msgs/include/moveit_msgs/moveit_msgs/srv/detail/get_cartesian_path__functions.h
[3.121s] -- Up-to-date: /home/habibahassan/project/install/moveit_msgs/include/moveit_msgs/moveit_msgs/srv/detail/save_map__functions.c
[3.121s] -- Up-to-date: /home/habibahassan/project/install/moveit_msgs/include/moveit_msgs/moveit_msgs/srv/detail/save_robot_state_to_warehouse__functions.c
[3.121s] -- Up-to-date: /home/habibahassan/project/install/moveit_msgs/include/moveit_msgs/moveit_msgs/srv/detail/save_map__type_support.h
[3.122s] -- Up-to-date: /home/habibahassan/project/install/moveit_msgs/include/moveit_msgs/moveit_msgs/srv/detail/get_robot_state_from_warehouse__functions.c
[3.122s] -- Up-to-date: /home/habibahassan/project/install/moveit_msgs/include/moveit_msgs/moveit_msgs/srv/detail/save_robot_state_to_warehouse__type_support.h
[3.122s] -- Up-to-date: /home/habibahassan/project/install/moveit_msgs/include/moveit_msgs/moveit_msgs/srv/detail/get_motion_plan__description.c
[3.122s] -- Installing: /home/habibahassan/project/install/moveit_msgs/include/moveit_msgs/moveit_msgs/srv/detail/get_position_ik__type_support.c
[3.122s] -- Up-to-date: /home/habibahassan/project/install/moveit_msgs/include/moveit_msgs/moveit_msgs/srv/detail/get_position_ik__description.c
[3.122s] -- Up-to-date: /home/habibahassan/project/install/moveit_msgs/include/moveit_msgs/moveit_msgs/srv/detail/grasp_planning__functions.c
[3.123s] -- Up-to-date: /home/habibahassan/project/install/moveit_msgs/include/moveit_msgs/moveit_msgs/srv/detail/get_group_urdf__type_support.h
[3.123s] -- Up-to-date: /home/habibahassan/project/install/moveit_msgs/include/moveit_msgs/moveit_msgs/srv/detail/save_geometry_to_file__type_support.h
[3.123s] -- Up-to-date: /home/habibahassan/project/install/moveit_msgs/include/moveit_msgs/moveit_msgs/srv/detail/list_robot_states_in_warehouse__functions.h
[3.123s] -- Up-to-date: /home/habibahassan/project/install/moveit_msgs/include/moveit_msgs/moveit_msgs/srv/detail/apply_planning_scene__functions.c
[3.123s] -- Up-to-date: /home/habibahassan/project/install/moveit_msgs/include/moveit_msgs/moveit_msgs/srv/detail/get_position_ik__functions.c
[3.123s] -- Up-to-date: /home/habibahassan/project/install/moveit_msgs/include/moveit_msgs/moveit_msgs/srv/detail/grasp_planning__description.c
[3.124s] -- Up-to-date: /home/habibahassan/project/install/moveit_msgs/include/moveit_msgs/moveit_msgs/srv/detail/set_planner_params__description.c
[3.124s] -- Up-to-date: /home/habibahassan/project/install/moveit_msgs/include/moveit_msgs/moveit_msgs/srv/detail/get_group_urdf__functions.c
[3.124s] -- Up-to-date: /home/habibahassan/project/install/moveit_msgs/include/moveit_msgs/moveit_msgs/srv/detail/get_cartesian_path__functions.c
[3.124s] -- Up-to-date: /home/habibahassan/project/install/moveit_msgs/include/moveit_msgs/moveit_msgs/srv/detail/get_planning_scene__description.c
[3.124s] -- Up-to-date: /home/habibahassan/project/install/moveit_msgs/include/moveit_msgs/moveit_msgs/srv/detail/load_map__description.c
[3.124s] -- Up-to-date: /home/habibahassan/project/install/moveit_msgs/include/moveit_msgs/moveit_msgs/srv/detail/get_position_ik__struct.h
[3.125s] -- Up-to-date: /home/habibahassan/project/install/moveit_msgs/include/moveit_msgs/moveit_msgs/srv/detail/query_planner_interfaces__functions.c
[3.130s] -- Up-to-date: /home/habibahassan/project/install/moveit_msgs/include/moveit_msgs/moveit_msgs/srv/detail/servo_command_type__functions.h
[3.130s] -- Up-to-date: /home/habibahassan/project/install/moveit_msgs/include/moveit_msgs/moveit_msgs/srv/detail/save_robot_state_to_warehouse__struct.h
[3.131s] -- Up-to-date: /home/habibahassan/project/install/moveit_msgs/include/moveit_msgs/moveit_msgs/srv/detail/delete_robot_state_from_warehouse__type_support.h
[3.131s] -- Installing: /home/habibahassan/project/install/moveit_msgs/include/moveit_msgs/moveit_msgs/srv/detail/apply_planning_scene__type_support.c
[3.131s] -- Up-to-date: /home/habibahassan/project/install/moveit_msgs/include/moveit_msgs/moveit_msgs/srv/apply_planning_scene.h
[3.131s] -- Up-to-date: /home/habibahassan/project/install/moveit_msgs/include/moveit_msgs/moveit_msgs/srv/query_planner_interfaces.h
[3.131s] -- Up-to-date: /home/habibahassan/project/install/moveit_msgs/include/moveit_msgs/moveit_msgs/srv/get_planner_params.h
[3.131s] -- Up-to-date: /home/habibahassan/project/install/moveit_msgs/include/moveit_msgs/moveit_msgs/srv/servo_command_type.h
[3.132s] -- Up-to-date: /home/habibahassan/project/install/moveit_msgs/include/moveit_msgs/moveit_msgs/srv/grasp_planning.h
[3.132s] -- Up-to-date: /home/habibahassan/project/install/moveit_msgs/include/moveit_msgs/moveit_msgs/srv/rename_robot_state_in_warehouse.h
[3.132s] -- Up-to-date: /home/habibahassan/project/install/moveit_msgs/include/moveit_msgs/moveit_msgs/srv/check_if_robot_state_exists_in_warehouse.h
[3.132s] -- Up-to-date: /home/habibahassan/project/install/moveit_msgs/include/moveit_msgs/moveit_msgs/srv/get_motion_plan.h
[3.132s] -- Up-to-date: /home/habibahassan/project/install/moveit_msgs/include/moveit_msgs/moveit_msgs/srv/set_planner_params.h
[3.133s] -- Up-to-date: /home/habibahassan/project/install/moveit_msgs/include/moveit_msgs/moveit_msgs/srv/get_motion_sequence.h
[3.133s] -- Up-to-date: /home/habibahassan/project/install/moveit_msgs/include/moveit_msgs/moveit_msgs/srv/get_group_urdf.h
[3.133s] -- Up-to-date: /home/habibahassan/project/install/moveit_msgs/include/moveit_msgs/moveit_msgs/srv/get_state_validity.h
[3.133s] -- Up-to-date: /home/habibahassan/project/install/moveit_msgs/include/moveit_msgs/moveit_msgs/srv/load_geometry_from_file.h
[3.133s] -- Up-to-date: /home/habibahassan/project/install/moveit_msgs/include/moveit_msgs/moveit_msgs/action
[3.133s] -- Up-to-date: /home/habibahassan/project/install/moveit_msgs/include/moveit_msgs/moveit_msgs/action/pickup.h
[3.134s] -- Up-to-date: /home/habibahassan/project/install/moveit_msgs/include/moveit_msgs/moveit_msgs/action/local_planner.h
[3.134s] -- Up-to-date: /home/habibahassan/project/install/moveit_msgs/include/moveit_msgs/moveit_msgs/action/execute_trajectory.h
[3.134s] -- Up-to-date: /home/habibahassan/project/install/moveit_msgs/include/moveit_msgs/moveit_msgs/action/hybrid_planner.h
[3.134s] -- Up-to-date: /home/habibahassan/project/install/moveit_msgs/include/moveit_msgs/moveit_msgs/action/move_group_sequence.h
[3.134s] -- Up-to-date: /home/habibahassan/project/install/moveit_msgs/include/moveit_msgs/moveit_msgs/action/detail
[3.134s] -- Up-to-date: /home/habibahassan/project/install/moveit_msgs/include/moveit_msgs/moveit_msgs/action/detail/pickup__functions.h
[3.135s] -- Up-to-date: /home/habibahassan/project/install/moveit_msgs/include/moveit_msgs/moveit_msgs/action/detail/move_group__type_support.h
[3.135s] -- Up-to-date: /home/habibahassan/project/install/moveit_msgs/include/moveit_msgs/moveit_msgs/action/detail/place__functions.c
[3.135s] -- Up-to-date: /home/habibahassan/project/install/moveit_msgs/include/moveit_msgs/moveit_msgs/action/detail/pickup__type_support.h
[3.135s] -- Up-to-date: /home/habibahassan/project/install/moveit_msgs/include/moveit_msgs/moveit_msgs/action/detail/local_planner__functions.c
[3.135s] -- Up-to-date: /home/habibahassan/project/install/moveit_msgs/include/moveit_msgs/moveit_msgs/action/detail/move_group__functions.h
[3.135s] -- Installing: /home/habibahassan/project/install/moveit_msgs/include/moveit_msgs/moveit_msgs/action/detail/place__type_support.c
[3.136s] -- Up-to-date: /home/habibahassan/project/install/moveit_msgs/include/moveit_msgs/moveit_msgs/action/detail/local_planner__description.c
[3.136s] -- Up-to-date: /home/habibahassan/project/install/moveit_msgs/include/moveit_msgs/moveit_msgs/action/detail/execute_trajectory__description.c
[3.136s] -- Up-to-date: /home/habibahassan/project/install/moveit_msgs/include/moveit_msgs/moveit_msgs/action/detail/place__description.c
[3.136s] -- Up-to-date: /home/habibahassan/project/install/moveit_msgs/include/moveit_msgs/moveit_msgs/action/detail/hybrid_planner__description.c
[3.136s] -- Installing: /home/habibahassan/project/install/moveit_msgs/include/moveit_msgs/moveit_msgs/action/detail/hybrid_planner__type_support.c
[3.136s] -- Up-to-date: /home/habibahassan/project/install/moveit_msgs/include/moveit_msgs/moveit_msgs/action/detail/global_planner__functions.c
[3.137s] -- Installing: /home/habibahassan/project/install/moveit_msgs/include/moveit_msgs/moveit_msgs/action/detail/execute_trajectory__type_support.c
[3.137s] -- Installing: /home/habibahassan/project/install/moveit_msgs/include/moveit_msgs/moveit_msgs/action/detail/local_planner__type_support.c
[3.137s] -- Up-to-date: /home/habibahassan/project/install/moveit_msgs/include/moveit_msgs/moveit_msgs/action/detail/pickup__description.c
[3.138s] -- Up-to-date: /home/habibahassan/project/install/moveit_msgs/include/moveit_msgs/moveit_msgs/action/detail/execute_trajectory__type_support.h
[3.138s] -- Up-to-date: /home/habibahassan/project/install/moveit_msgs/include/moveit_msgs/moveit_msgs/action/detail/move_group__description.c
[3.139s] -- Up-to-date: /home/habibahassan/project/install/moveit_msgs/include/moveit_msgs/moveit_msgs/action/detail/move_group_sequence__functions.h
[3.139s] -- Up-to-date: /home/habibahassan/project/install/moveit_msgs/include/moveit_msgs/moveit_msgs/action/detail/place__functions.h
[3.139s] -- Up-to-date: /home/habibahassan/project/install/moveit_msgs/include/moveit_msgs/moveit_msgs/action/detail/execute_trajectory__functions.c
[3.140s] -- Up-to-date: /home/habibahassan/project/install/moveit_msgs/include/moveit_msgs/moveit_msgs/action/detail/execute_trajectory__struct.h
[3.140s] -- Up-to-date: /home/habibahassan/project/install/moveit_msgs/include/moveit_msgs/moveit_msgs/action/detail/execute_trajectory__functions.h
[3.141s] -- Installing: /home/habibahassan/project/install/moveit_msgs/include/moveit_msgs/moveit_msgs/action/detail/pickup__type_support.c
[3.141s] -- Up-to-date: /home/habibahassan/project/install/moveit_msgs/include/moveit_msgs/moveit_msgs/action/detail/global_planner__functions.h
[3.141s] -- Up-to-date: /home/habibahassan/project/install/moveit_msgs/include/moveit_msgs/moveit_msgs/action/detail/move_group_sequence__type_support.h
[3.141s] -- Up-to-date: /home/habibahassan/project/install/moveit_msgs/include/moveit_msgs/moveit_msgs/action/detail/global_planner__description.c
[3.142s] -- Up-to-date: /home/habibahassan/project/install/moveit_msgs/include/moveit_msgs/moveit_msgs/action/detail/local_planner__type_support.h
[3.142s] -- Up-to-date: /home/habibahassan/project/install/moveit_msgs/include/moveit_msgs/moveit_msgs/action/detail/hybrid_planner__functions.c
[3.142s] -- Up-to-date: /home/habibahassan/project/install/moveit_msgs/include/moveit_msgs/moveit_msgs/action/detail/local_planner__struct.h
[3.142s] -- Installing: /home/habibahassan/project/install/moveit_msgs/include/moveit_msgs/moveit_msgs/action/detail/move_group__type_support.c
[3.142s] -- Up-to-date: /home/habibahassan/project/install/moveit_msgs/include/moveit_msgs/moveit_msgs/action/detail/pickup__functions.c
[3.143s] -- Up-to-date: /home/habibahassan/project/install/moveit_msgs/include/moveit_msgs/moveit_msgs/action/detail/move_group__functions.c
[3.143s] -- Up-to-date: /home/habibahassan/project/install/moveit_msgs/include/moveit_msgs/moveit_msgs/action/detail/place__struct.h
[3.143s] -- Up-to-date: /home/habibahassan/project/install/moveit_msgs/include/moveit_msgs/moveit_msgs/action/detail/global_planner__type_support.h
[3.143s] -- Up-to-date: /home/habibahassan/project/install/moveit_msgs/include/moveit_msgs/moveit_msgs/action/detail/pickup__struct.h
[3.144s] -- Up-to-date: /home/habibahassan/project/install/moveit_msgs/include/moveit_msgs/moveit_msgs/action/detail/move_group__struct.h
[3.144s] -- Installing: /home/habibahassan/project/install/moveit_msgs/include/moveit_msgs/moveit_msgs/action/detail/global_planner__type_support.c
[3.144s] -- Up-to-date: /home/habibahassan/project/install/moveit_msgs/include/moveit_msgs/moveit_msgs/action/detail/place__type_support.h
[3.144s] -- Up-to-date: /home/habibahassan/project/install/moveit_msgs/include/moveit_msgs/moveit_msgs/action/detail/local_planner__functions.h
[3.145s] -- Up-to-date: /home/habibahassan/project/install/moveit_msgs/include/moveit_msgs/moveit_msgs/action/detail/move_group_sequence__struct.h
[3.145s] -- Up-to-date: /home/habibahassan/project/install/moveit_msgs/include/moveit_msgs/moveit_msgs/action/detail/hybrid_planner__type_support.h
[3.145s] -- Up-to-date: /home/habibahassan/project/install/moveit_msgs/include/moveit_msgs/moveit_msgs/action/detail/hybrid_planner__functions.h
[3.145s] -- Up-to-date: /home/habibahassan/project/install/moveit_msgs/include/moveit_msgs/moveit_msgs/action/detail/global_planner__struct.h
[3.145s] -- Installing: /home/habibahassan/project/install/moveit_msgs/include/moveit_msgs/moveit_msgs/action/detail/move_group_sequence__type_support.c
[3.154s] -- Up-to-date: /home/habibahassan/project/install/moveit_msgs/include/moveit_msgs/moveit_msgs/action/detail/hybrid_planner__struct.h
[3.154s] -- Up-to-date: /home/habibahassan/project/install/moveit_msgs/include/moveit_msgs/moveit_msgs/action/detail/move_group_sequence__description.c
[3.154s] -- Up-to-date: /home/habibahassan/project/install/moveit_msgs/include/moveit_msgs/moveit_msgs/action/detail/move_group_sequence__functions.c
[3.158s] -- Up-to-date: /home/habibahassan/project/install/moveit_msgs/include/moveit_msgs/moveit_msgs/action/global_planner.h
[3.160s] -- Up-to-date: /home/habibahassan/project/install/moveit_msgs/include/moveit_msgs/moveit_msgs/action/place.h
[3.160s] -- Up-to-date: /home/habibahassan/project/install/moveit_msgs/include/moveit_msgs/moveit_msgs/action/move_group.h
[3.160s] -- Up-to-date: /home/habibahassan/project/install/moveit_msgs/include/moveit_msgs/moveit_msgs/msg
[3.160s] -- Up-to-date: /home/habibahassan/project/install/moveit_msgs/include/moveit_msgs/moveit_msgs/msg/cartesian_trajectory_point.h
[3.161s] -- Up-to-date: /home/habibahassan/project/install/moveit_msgs/include/moveit_msgs/moveit_msgs/msg/joint_constraint.h
[3.161s] -- Up-to-date: /home/habibahassan/project/install/moveit_msgs/include/moveit_msgs/moveit_msgs/msg/constraints.h
[3.161s] -- Up-to-date: /home/habibahassan/project/install/moveit_msgs/include/moveit_msgs/moveit_msgs/msg/motion_plan_detailed_response.h
[3.161s] -- Up-to-date: /home/habibahassan/project/install/moveit_msgs/include/moveit_msgs/moveit_msgs/msg/grasp.h
[3.161s] -- Up-to-date: /home/habibahassan/project/install/moveit_msgs/include/moveit_msgs/moveit_msgs/msg/allowed_collision_entry.h
[3.161s] -- Up-to-date: /home/habibahassan/project/install/moveit_msgs/include/moveit_msgs/moveit_msgs/msg/cartesian_point.h
[3.162s] -- Up-to-date: /home/habibahassan/project/install/moveit_msgs/include/moveit_msgs/moveit_msgs/msg/cartesian_trajectory.h
[3.162s] -- Up-to-date: /home/habibahassan/project/install/moveit_msgs/include/moveit_msgs/moveit_msgs/msg/robot_state.h
[3.162s] -- Up-to-date: /home/habibahassan/project/install/moveit_msgs/include/moveit_msgs/moveit_msgs/msg/planner_interface_description.h
[3.162s] -- Up-to-date: /home/habibahassan/project/install/moveit_msgs/include/moveit_msgs/moveit_msgs/msg/orientation_constraint.h
[3.163s] -- Up-to-date: /home/habibahassan/project/install/moveit_msgs/include/moveit_msgs/moveit_msgs/msg/contact_information.h
[3.163s] -- Up-to-date: /home/habibahassan/project/install/moveit_msgs/include/moveit_msgs/moveit_msgs/msg/display_robot_state.h
[3.163s] -- Up-to-date: /home/habibahassan/project/install/moveit_msgs/include/moveit_msgs/moveit_msgs/msg/oriented_bounding_box.h
[3.163s] -- Up-to-date: /home/habibahassan/project/install/moveit_msgs/include/moveit_msgs/moveit_msgs/msg/servo_status.h
[3.163s] -- Up-to-date: /home/habibahassan/project/install/moveit_msgs/include/moveit_msgs/moveit_msgs/msg/pipeline_state.h
[3.163s] -- Up-to-date: /home/habibahassan/project/install/moveit_msgs/include/moveit_msgs/moveit_msgs/msg/motion_sequence_response.h
[3.164s] -- Up-to-date: /home/habibahassan/project/install/moveit_msgs/include/moveit_msgs/moveit_msgs/msg/attached_collision_object.h
[3.193s] -- Up-to-date: /home/habibahassan/project/install/moveit_msgs/include/moveit_msgs/moveit_msgs/msg/visibility_constraint.h
[3.194s] -- Up-to-date: /home/habibahassan/project/install/moveit_msgs/include/moveit_msgs/moveit_msgs/msg/bounding_volume.h
[3.194s] -- Up-to-date: /home/habibahassan/project/install/moveit_msgs/include/moveit_msgs/moveit_msgs/msg/object_color.h
[3.194s] -- Up-to-date: /home/habibahassan/project/install/moveit_msgs/include/moveit_msgs/moveit_msgs/msg/planning_scene_world.h
[3.194s] -- Up-to-date: /home/habibahassan/project/install/moveit_msgs/include/moveit_msgs/moveit_msgs/msg/link_scale.h
[3.195s] -- Up-to-date: /home/habibahassan/project/install/moveit_msgs/include/moveit_msgs/moveit_msgs/msg/link_padding.h
[3.195s] -- Up-to-date: /home/habibahassan/project/install/moveit_msgs/include/moveit_msgs/moveit_msgs/msg/gripper_translation.h
[3.195s] -- Up-to-date: /home/habibahassan/project/install/moveit_msgs/include/moveit_msgs/moveit_msgs/msg/allowed_collision_matrix.h
[3.195s] -- Up-to-date: /home/habibahassan/project/install/moveit_msgs/include/moveit_msgs/moveit_msgs/msg/position_constraint.h
[3.195s] -- Up-to-date: /home/habibahassan/project/install/moveit_msgs/include/moveit_msgs/moveit_msgs/msg/motion_plan_response.h
[3.196s] -- Up-to-date: /home/habibahassan/project/install/moveit_msgs/include/moveit_msgs/moveit_msgs/msg/trajectory_constraints.h
[3.196s] -- Up-to-date: /home/habibahassan/project/install/moveit_msgs/include/moveit_msgs/moveit_msgs/msg/motion_plan_request.h
[3.196s] -- Up-to-date: /home/habibahassan/project/install/moveit_msgs/include/moveit_msgs/moveit_msgs/msg/cost_source.h
[3.196s] -- Up-to-date: /home/habibahassan/project/install/moveit_msgs/include/moveit_msgs/moveit_msgs/msg/planning_scene.h
[3.196s] -- Up-to-date: /home/habibahassan/project/install/moveit_msgs/include/moveit_msgs/moveit_msgs/msg/planner_params.h
[3.196s] -- Up-to-date: /home/habibahassan/project/install/moveit_msgs/include/moveit_msgs/moveit_msgs/msg/workspace_parameters.h
[3.196s] -- Up-to-date: /home/habibahassan/project/install/moveit_msgs/include/moveit_msgs/moveit_msgs/msg/generic_trajectory.h
[3.197s] -- Up-to-date: /home/habibahassan/project/install/moveit_msgs/include/moveit_msgs/moveit_msgs/msg/joint_limits.h
[3.197s] -- Up-to-date: /home/habibahassan/project/install/moveit_msgs/include/moveit_msgs/moveit_msgs/msg/robot_trajectory.h
[3.197s] -- Up-to-date: /home/habibahassan/project/install/moveit_msgs/include/moveit_msgs/moveit_msgs/msg/detail
[3.197s] -- Up-to-date: /home/habibahassan/project/install/moveit_msgs/include/moveit_msgs/moveit_msgs/msg/detail/planner_params__functions.c
[3.197s] -- Installing: /home/habibahassan/project/install/moveit_msgs/include/moveit_msgs/moveit_msgs/msg/detail/link_scale__type_support.c
[3.197s] -- Up-to-date: /home/habibahassan/project/install/moveit_msgs/include/moveit_msgs/moveit_msgs/msg/detail/link_padding__functions.c
[3.198s] -- Up-to-date: /home/habibahassan/project/install/moveit_msgs/include/moveit_msgs/moveit_msgs/msg/detail/cost_source__type_support.h
[3.198s] -- Up-to-date: /home/habibahassan/project/install/moveit_msgs/include/moveit_msgs/moveit_msgs/msg/detail/place_location__type_support.h
[3.198s] -- Installing: /home/habibahassan/project/install/moveit_msgs/include/moveit_msgs/moveit_msgs/msg/detail/link_padding__type_support.c
[3.198s] -- Up-to-date: /home/habibahassan/project/install/moveit_msgs/include/moveit_msgs/moveit_msgs/msg/detail/servo_status__type_support.h
[3.198s] -- Up-to-date: /home/habibahassan/project/install/moveit_msgs/include/moveit_msgs/moveit_msgs/msg/detail/motion_plan_response__struct.h
[3.198s] -- Installing: /home/habibahassan/project/install/moveit_msgs/include/moveit_msgs/moveit_msgs/msg/detail/workspace_parameters__type_support.c
[3.199s] -- Up-to-date: /home/habibahassan/project/install/moveit_msgs/include/moveit_msgs/moveit_msgs/msg/detail/contact_information__functions.h
[3.199s] -- Up-to-date: /home/habibahassan/project/install/moveit_msgs/include/moveit_msgs/moveit_msgs/msg/detail/cartesian_trajectory__functions.h
[3.199s] -- Installing: /home/habibahassan/project/install/moveit_msgs/include/moveit_msgs/moveit_msgs/msg/detail/attached_collision_object__type_support.c
[3.199s] -- Up-to-date: /home/habibahassan/project/install/moveit_msgs/include/moveit_msgs/moveit_msgs/msg/detail/kinematic_solver_info__type_support.h
[3.199s] -- Up-to-date: /home/habibahassan/project/install/moveit_msgs/include/moveit_msgs/moveit_msgs/msg/detail/link_scale__type_support.h
[3.199s] -- Up-to-date: /home/habibahassan/project/install/moveit_msgs/include/moveit_msgs/moveit_msgs/msg/detail/object_color__functions.h
[3.199s] -- Installing: /home/habibahassan/project/install/moveit_msgs/include/moveit_msgs/moveit_msgs/msg/detail/cost_source__type_support.c
[3.200s] -- Installing: /home/habibahassan/project/install/moveit_msgs/include/moveit_msgs/moveit_msgs/msg/detail/planning_scene__type_support.c
[3.200s] -- Installing: /home/habibahassan/project/install/moveit_msgs/include/moveit_msgs/moveit_msgs/msg/detail/cartesian_trajectory_point__type_support.c
[3.200s] -- Up-to-date: /home/habibahassan/project/install/moveit_msgs/include/moveit_msgs/moveit_msgs/msg/detail/position_constraint__struct.h
[3.200s] -- Up-to-date: /home/habibahassan/project/install/moveit_msgs/include/moveit_msgs/moveit_msgs/msg/detail/motion_sequence_request__functions.h
[3.200s] -- Up-to-date: /home/habibahassan/project/install/moveit_msgs/include/moveit_msgs/moveit_msgs/msg/detail/gripper_translation__struct.h
[3.200s] -- Up-to-date: /home/habibahassan/project/install/moveit_msgs/include/moveit_msgs/moveit_msgs/msg/detail/allowed_collision_entry__functions.c
[3.200s] -- Up-to-date: /home/habibahassan/project/install/moveit_msgs/include/moveit_msgs/moveit_msgs/msg/detail/allowed_collision_entry__functions.h
[3.201s] -- Up-to-date: /home/habibahassan/project/install/moveit_msgs/include/moveit_msgs/moveit_msgs/msg/detail/robot_state__functions.c
[3.201s] -- Up-to-date: /home/habibahassan/project/install/moveit_msgs/include/moveit_msgs/moveit_msgs/msg/detail/planning_scene_world__description.c
[3.201s] -- Up-to-date: /home/habibahassan/project/install/moveit_msgs/include/moveit_msgs/moveit_msgs/msg/detail/motion_plan_detailed_response__functions.c
[3.201s] -- Up-to-date: /home/habibahassan/project/install/moveit_msgs/include/moveit_msgs/moveit_msgs/msg/detail/oriented_bounding_box__functions.h
[3.201s] -- Up-to-date: /home/habibahassan/project/install/moveit_msgs/include/moveit_msgs/moveit_msgs/msg/detail/allowed_collision_entry__struct.h
[3.201s] -- Up-to-date: /home/habibahassan/project/install/moveit_msgs/include/moveit_msgs/moveit_msgs/msg/detail/joint_constraint__struct.h
[3.202s] -- Up-to-date: /home/habibahassan/project/install/moveit_msgs/include/moveit_msgs/moveit_msgs/msg/detail/generic_trajectory__struct.h
[3.202s] -- Up-to-date: /home/habibahassan/project/install/moveit_msgs/include/moveit_msgs/moveit_msgs/msg/detail/collision_object__description.c
[3.202s] -- Up-to-date: /home/habibahassan/project/install/moveit_msgs/include/moveit_msgs/moveit_msgs/msg/detail/grasp__description.c
[3.203s] -- Up-to-date: /home/habibahassan/project/install/moveit_msgs/include/moveit_msgs/moveit_msgs/msg/detail/cartesian_trajectory_point__type_support.h
[3.204s] -- Up-to-date: /home/habibahassan/project/install/moveit_msgs/include/moveit_msgs/moveit_msgs/msg/detail/display_robot_state__functions.h
[3.204s] -- Up-to-date: /home/habibahassan/project/install/moveit_msgs/include/moveit_msgs/moveit_msgs/msg/detail/orientation_constraint__struct.h
[3.204s] -- Installing: /home/habibahassan/project/install/moveit_msgs/include/moveit_msgs/moveit_msgs/msg/detail/generic_trajectory__type_support.c
[3.205s] -- Up-to-date: /home/habibahassan/project/install/moveit_msgs/include/moveit_msgs/moveit_msgs/msg/detail/gripper_translation__description.c
[3.218s] -- Up-to-date: /home/habibahassan/project/install/moveit_msgs/include/moveit_msgs/moveit_msgs/msg/detail/collision_object__struct.h
[3.219s] -- Up-to-date: /home/habibahassan/project/install/moveit_msgs/include/moveit_msgs/moveit_msgs/msg/detail/pipeline_state__functions.c
[3.219s] -- Up-to-date: /home/habibahassan/project/install/moveit_msgs/include/moveit_msgs/moveit_msgs/msg/detail/link_scale__description.c
[3.219s] -- Up-to-date: /home/habibahassan/project/install/moveit_msgs/include/moveit_msgs/moveit_msgs/msg/detail/allowed_collision_matrix__type_support.h
[3.220s] -- Installing: /home/habibahassan/project/install/moveit_msgs/include/moveit_msgs/moveit_msgs/msg/detail/gripper_translation__type_support.c
[3.220s] -- Up-to-date: /home/habibahassan/project/install/moveit_msgs/include/moveit_msgs/moveit_msgs/msg/detail/planning_scene__type_support.h
[3.220s] -- Up-to-date: /home/habibahassan/project/install/moveit_msgs/include/moveit_msgs/moveit_msgs/msg/detail/orientation_constraint__functions.c
[3.220s] -- Up-to-date: /home/habibahassan/project/install/moveit_msgs/include/moveit_msgs/moveit_msgs/msg/detail/orientation_constraint__description.c
[3.220s] -- Up-to-date: /home/habibahassan/project/install/moveit_msgs/include/moveit_msgs/moveit_msgs/msg/detail/motion_sequence_request__description.c
[3.223s] -- Up-to-date: /home/habibahassan/project/install/moveit_msgs/include/moveit_msgs/moveit_msgs/msg/detail/motion_plan_request__type_support.h
[3.224s] -- Up-to-date: /home/habibahassan/project/install/moveit_msgs/include/moveit_msgs/moveit_msgs/msg/detail/position_constraint__functions.c
[3.224s] -- Up-to-date: /home/habibahassan/project/install/moveit_msgs/include/moveit_msgs/moveit_msgs/msg/detail/visibility_constraint__description.c
[3.235s] -- Up-to-date: /home/habibahassan/project/install/moveit_msgs/include/moveit_msgs/moveit_msgs/msg/detail/generic_trajectory__type_support.h
[3.236s] -- Up-to-date: /home/habibahassan/project/install/moveit_msgs/include/moveit_msgs/moveit_msgs/msg/detail/attached_collision_object__type_support.h
[3.236s] -- Up-to-date: /home/habibahassan/project/install/moveit_msgs/include/moveit_msgs/moveit_msgs/msg/detail/cartesian_trajectory__functions.c
[3.236s] -- Up-to-date: /home/habibahassan/project/install/moveit_msgs/include/moveit_msgs/moveit_msgs/msg/detail/kinematic_solver_info__struct.h
[3.236s] -- Up-to-date: /home/habibahassan/project/install/moveit_msgs/include/moveit_msgs/moveit_msgs/msg/detail/cartesian_point__type_support.h
[3.236s] -- Up-to-date: /home/habibahassan/project/install/moveit_msgs/include/moveit_msgs/moveit_msgs/msg/detail/joint_limits__struct.h
[3.237s] -- Up-to-date: /home/habibahassan/project/install/moveit_msgs/include/moveit_msgs/moveit_msgs/msg/detail/position_ik_request__struct.h
[3.237s] -- Up-to-date: /home/habibahassan/project/install/moveit_msgs/include/moveit_msgs/moveit_msgs/msg/detail/constraint_eval_result__functions.c
[3.237s] -- Up-to-date: /home/habibahassan/project/install/moveit_msgs/include/moveit_msgs/moveit_msgs/msg/detail/cost_source__struct.h
[3.237s] -- Installing: /home/habibahassan/project/install/moveit_msgs/include/moveit_msgs/moveit_msgs/msg/detail/visibility_constraint__type_support.c
[3.237s] -- Up-to-date: /home/habibahassan/project/install/moveit_msgs/include/moveit_msgs/moveit_msgs/msg/detail/robot_state__functions.h
[3.237s] -- Up-to-date: /home/habibahassan/project/install/moveit_msgs/include/moveit_msgs/moveit_msgs/msg/detail/generic_trajectory__functions.h
[3.238s] -- Installing: /home/habibahassan/project/install/moveit_msgs/include/moveit_msgs/moveit_msgs/msg/detail/pipeline_state__type_support.c
[3.238s] -- Up-to-date: /home/habibahassan/project/install/moveit_msgs/include/moveit_msgs/moveit_msgs/msg/detail/motion_plan_request__functions.c
[3.238s] -- Installing: /home/habibahassan/project/install/moveit_msgs/include/moveit_msgs/moveit_msgs/msg/detail/display_robot_state__type_support.c
[3.238s] -- Installing: /home/habibahassan/project/install/moveit_msgs/include/moveit_msgs/moveit_msgs/msg/detail/motion_plan_response__type_support.c
[3.238s] -- Installing: /home/habibahassan/project/install/moveit_msgs/include/moveit_msgs/moveit_msgs/msg/detail/allowed_collision_matrix__type_support.c
[3.238s] -- Up-to-date: /home/habibahassan/project/install/moveit_msgs/include/moveit_msgs/moveit_msgs/msg/detail/motion_plan_detailed_response__functions.h
[3.238s] -- Up-to-date: /home/habibahassan/project/install/moveit_msgs/include/moveit_msgs/moveit_msgs/msg/detail/constraints__description.c
[3.239s] -- Up-to-date: /home/habibahassan/project/install/moveit_msgs/include/moveit_msgs/moveit_msgs/msg/detail/constraint_eval_result__functions.h
[3.239s] -- Up-to-date: /home/habibahassan/project/install/moveit_msgs/include/moveit_msgs/moveit_msgs/msg/detail/bounding_volume__functions.c
[3.239s] -- Up-to-date: /home/habibahassan/project/install/moveit_msgs/include/moveit_msgs/moveit_msgs/msg/detail/planning_scene_world__struct.h
[3.239s] -- Up-to-date: /home/habibahassan/project/install/moveit_msgs/include/moveit_msgs/moveit_msgs/msg/detail/workspace_parameters__type_support.h
[3.239s] -- Up-to-date: /home/habibahassan/project/install/moveit_msgs/include/moveit_msgs/moveit_msgs/msg/detail/cartesian_trajectory_point__functions.h
[3.239s] -- Up-to-date: /home/habibahassan/project/install/moveit_msgs/include/moveit_msgs/moveit_msgs/msg/detail/bounding_volume__struct.h
[3.239s] -- Up-to-date: /home/habibahassan/project/install/moveit_msgs/include/moveit_msgs/moveit_msgs/msg/detail/planner_interface_description__description.c
[3.240s] -- Up-to-date: /home/habibahassan/project/install/moveit_msgs/include/moveit_msgs/moveit_msgs/msg/detail/planning_scene_components__functions.c
[3.240s] -- Up-to-date: /home/habibahassan/project/install/moveit_msgs/include/moveit_msgs/moveit_msgs/msg/detail/visibility_constraint__functions.h
[3.240s] -- Up-to-date: /home/habibahassan/project/install/moveit_msgs/include/moveit_msgs/moveit_msgs/msg/detail/trajectory_constraints__struct.h
[3.240s] -- Up-to-date: /home/habibahassan/project/install/moveit_msgs/include/moveit_msgs/moveit_msgs/msg/detail/cartesian_point__struct.h
[3.240s] -- Up-to-date: /home/habibahassan/project/install/moveit_msgs/include/moveit_msgs/moveit_msgs/msg/detail/object_color__functions.c
[3.250s] -- Up-to-date: /home/habibahassan/project/install/moveit_msgs/include/moveit_msgs/moveit_msgs/msg/detail/object_color__struct.h
[3.250s] -- Up-to-date: /home/habibahassan/project/install/moveit_msgs/include/moveit_msgs/moveit_msgs/msg/detail/visibility_constraint__functions.c
[3.250s] -- Installing: /home/habibahassan/project/install/moveit_msgs/include/moveit_msgs/moveit_msgs/msg/detail/place_location__type_support.c
[3.250s] -- Up-to-date: /home/habibahassan/project/install/moveit_msgs/include/moveit_msgs/moveit_msgs/msg/detail/joint_constraint__functions.h
[3.250s] -- Up-to-date: /home/habibahassan/project/install/moveit_msgs/include/moveit_msgs/moveit_msgs/msg/detail/planning_scene__struct.h
[3.251s] -- Up-to-date: /home/habibahassan/project/install/moveit_msgs/include/moveit_msgs/moveit_msgs/msg/detail/display_robot_state__struct.h
[3.251s] -- Installing: /home/habibahassan/project/install/moveit_msgs/include/moveit_msgs/moveit_msgs/msg/detail/motion_sequence_request__type_support.c
[3.251s] -- Up-to-date: /home/habibahassan/project/install/moveit_msgs/include/moveit_msgs/moveit_msgs/msg/detail/contact_information__type_support.h
[3.251s] -- Up-to-date: /home/habibahassan/project/install/moveit_msgs/include/moveit_msgs/moveit_msgs/msg/detail/motion_sequence_item__type_support.h
[3.251s] -- Up-to-date: /home/habibahassan/project/install/moveit_msgs/include/moveit_msgs/moveit_msgs/msg/detail/workspace_parameters__description.c
[3.251s] -- Up-to-date: /home/habibahassan/project/install/moveit_msgs/include/moveit_msgs/moveit_msgs/msg/detail/motion_sequence_item__functions.h
[3.252s] -- Installing: /home/habibahassan/project/install/moveit_msgs/include/moveit_msgs/moveit_msgs/msg/detail/object_color__type_support.c
[3.252s] -- Up-to-date: /home/habibahassan/project/install/moveit_msgs/include/moveit_msgs/moveit_msgs/msg/detail/motion_plan_detailed_response__struct.h
[3.252s] -- Up-to-date: /home/habibahassan/project/install/moveit_msgs/include/moveit_msgs/moveit_msgs/msg/detail/motion_sequence_request__type_support.h
[3.252s] -- Up-to-date: /home/habibahassan/project/install/moveit_msgs/include/moveit_msgs/moveit_msgs/msg/detail/display_trajectory__struct.h
[3.252s] -- Up-to-date: /home/habibahassan/project/install/moveit_msgs/include/moveit_msgs/moveit_msgs/msg/detail/planning_scene_components__type_support.h
[3.252s] -- Up-to-date: /home/habibahassan/project/install/moveit_msgs/include/moveit_msgs/moveit_msgs/msg/detail/motion_sequence_request__struct.h
[3.253s] -- Up-to-date: /home/habibahassan/project/install/moveit_msgs/include/moveit_msgs/moveit_msgs/msg/detail/motion_plan_response__functions.h
[3.253s] -- Up-to-date: /home/habibahassan/project/install/moveit_msgs/include/moveit_msgs/moveit_msgs/msg/detail/display_trajectory__description.c
[3.253s] -- Up-to-date: /home/habibahassan/project/install/moveit_msgs/include/moveit_msgs/moveit_msgs/msg/detail/motion_sequence_response__type_support.h
[3.253s] -- Up-to-date: /home/habibahassan/project/install/moveit_msgs/include/moveit_msgs/moveit_msgs/msg/detail/cost_source__functions.c
[3.253s] -- Up-to-date: /home/habibahassan/project/install/moveit_msgs/include/moveit_msgs/moveit_msgs/msg/detail/pipeline_state__type_support.h
[3.259s] -- Installing: /home/habibahassan/project/install/moveit_msgs/include/moveit_msgs/moveit_msgs/msg/detail/constraints__type_support.c
[3.260s] -- Up-to-date: /home/habibahassan/project/install/moveit_msgs/include/moveit_msgs/moveit_msgs/msg/detail/allowed_collision_matrix__description.c
[3.260s] -- Installing: /home/habibahassan/project/install/moveit_msgs/include/moveit_msgs/moveit_msgs/msg/detail/planner_params__type_support.c
[3.261s] -- Up-to-date: /home/habibahassan/project/install/moveit_msgs/include/moveit_msgs/moveit_msgs/msg/detail/joint_limits__functions.c
[3.262s] -- Up-to-date: /home/habibahassan/project/install/moveit_msgs/include/moveit_msgs/moveit_msgs/msg/detail/collision_object__functions.h
[3.262s] -- Up-to-date: /home/habibahassan/project/install/moveit_msgs/include/moveit_msgs/moveit_msgs/msg/detail/constraints__type_support.h
[3.262s] -- Up-to-date: /home/habibahassan/project/install/moveit_msgs/include/moveit_msgs/moveit_msgs/msg/detail/contact_information__description.c
[3.263s] -- Up-to-date: /home/habibahassan/project/install/moveit_msgs/include/moveit_msgs/moveit_msgs/msg/detail/cartesian_trajectory__struct.h
[3.264s] -- Installing: /home/habibahassan/project/install/moveit_msgs/include/moveit_msgs/moveit_msgs/msg/detail/bounding_volume__type_support.c
[3.264s] -- Up-to-date: /home/habibahassan/project/install/moveit_msgs/include/moveit_msgs/moveit_msgs/msg/detail/planner_params__functions.h
[3.265s] -- Installing: /home/habibahassan/project/install/moveit_msgs/include/moveit_msgs/moveit_msgs/msg/detail/planning_options__type_support.c
[3.265s] -- Up-to-date: /home/habibahassan/project/install/moveit_msgs/include/moveit_msgs/moveit_msgs/msg/detail/cartesian_point__functions.h
[3.266s] -- Up-to-date: /home/habibahassan/project/install/moveit_msgs/include/moveit_msgs/moveit_msgs/msg/detail/grasp__struct.h
[3.266s] -- Up-to-date: /home/habibahassan/project/install/moveit_msgs/include/moveit_msgs/moveit_msgs/msg/detail/motion_sequence_response__functions.h
[3.267s] -- Up-to-date: /home/habibahassan/project/install/moveit_msgs/include/moveit_msgs/moveit_msgs/msg/detail/move_it_error_codes__type_support.h
[3.268s] -- Up-to-date: /home/habibahassan/project/install/moveit_msgs/include/moveit_msgs/moveit_msgs/msg/detail/grasp__functions.c
[3.268s] -- Up-to-date: /home/habibahassan/project/install/moveit_msgs/include/moveit_msgs/moveit_msgs/msg/detail/generic_trajectory__description.c
[3.268s] -- Up-to-date: /home/habibahassan/project/install/moveit_msgs/include/moveit_msgs/moveit_msgs/msg/detail/constraints__functions.h
[3.269s] -- Up-to-date: /home/habibahassan/project/install/moveit_msgs/include/moveit_msgs/moveit_msgs/msg/detail/motion_plan_request__description.c
[3.270s] -- Up-to-date: /home/habibahassan/project/install/moveit_msgs/include/moveit_msgs/moveit_msgs/msg/detail/motion_plan_request__struct.h
[3.270s] -- Up-to-date: /home/habibahassan/project/install/moveit_msgs/include/moveit_msgs/moveit_msgs/msg/detail/planning_options__functions.h
[3.270s] -- Up-to-date: /home/habibahassan/project/install/moveit_msgs/include/moveit_msgs/moveit_msgs/msg/detail/display_trajectory__functions.h
[3.271s] -- Up-to-date: /home/habibahassan/project/install/moveit_msgs/include/moveit_msgs/moveit_msgs/msg/detail/trajectory_constraints__description.c
[3.272s] -- Installing: /home/habibahassan/project/install/moveit_msgs/include/moveit_msgs/moveit_msgs/msg/detail/contact_information__type_support.c
[3.272s] -- Up-to-date: /home/habibahassan/project/install/moveit_msgs/include/moveit_msgs/moveit_msgs/msg/detail/trajectory_constraints__functions.h
[3.273s] -- Up-to-date: /home/habibahassan/project/install/moveit_msgs/include/moveit_msgs/moveit_msgs/msg/detail/visibility_constraint__type_support.h
[3.273s] -- Up-to-date: /home/habibahassan/project/install/moveit_msgs/include/moveit_msgs/moveit_msgs/msg/detail/joint_constraint__functions.c
[3.273s] -- Up-to-date: /home/habibahassan/project/install/moveit_msgs/include/moveit_msgs/moveit_msgs/msg/detail/cartesian_trajectory__type_support.h
[3.273s] -- Installing: /home/habibahassan/project/install/moveit_msgs/include/moveit_msgs/moveit_msgs/msg/detail/planning_scene_components__type_support.c
[3.273s] -- Up-to-date: /home/habibahassan/project/install/moveit_msgs/include/moveit_msgs/moveit_msgs/msg/detail/move_it_error_codes__description.c
[3.275s] -- Up-to-date: /home/habibahassan/project/install/moveit_msgs/include/moveit_msgs/moveit_msgs/msg/detail/motion_plan_response__functions.c
[3.275s] -- Up-to-date: /home/habibahassan/project/install/moveit_msgs/include/moveit_msgs/moveit_msgs/msg/detail/servo_status__functions.c
[3.275s] -- Installing: /home/habibahassan/project/install/moveit_msgs/include/moveit_msgs/moveit_msgs/msg/detail/trajectory_constraints__type_support.c
[3.275s] -- Up-to-date: /home/habibahassan/project/install/moveit_msgs/include/moveit_msgs/moveit_msgs/msg/detail/constraint_eval_result__type_support.h
[3.276s] -- Up-to-date: /home/habibahassan/project/install/moveit_msgs/include/moveit_msgs/moveit_msgs/msg/detail/workspace_parameters__functions.h
[3.276s] -- Up-to-date: /home/habibahassan/project/install/moveit_msgs/include/moveit_msgs/moveit_msgs/msg/detail/position_ik_request__description.c
[3.276s] -- Up-to-date: /home/habibahassan/project/install/moveit_msgs/include/moveit_msgs/moveit_msgs/msg/detail/planner_interface_description__functions.h
[3.277s] -- Up-to-date: /home/habibahassan/project/install/moveit_msgs/include/moveit_msgs/moveit_msgs/msg/detail/constraints__struct.h
[3.277s] -- Up-to-date: /home/habibahassan/project/install/moveit_msgs/include/moveit_msgs/moveit_msgs/msg/detail/cartesian_trajectory_point__description.c
[3.277s] -- Up-to-date: /home/habibahassan/project/install/moveit_msgs/include/moveit_msgs/moveit_msgs/msg/detail/display_robot_state__description.c
[3.280s] -- Up-to-date: /home/habibahassan/project/install/moveit_msgs/include/moveit_msgs/moveit_msgs/msg/detail/cartesian_trajectory_point__functions.c
[3.280s] -- Up-to-date: /home/habibahassan/project/install/moveit_msgs/include/moveit_msgs/moveit_msgs/msg/detail/planner_interface_description__functions.c
[3.286s] -- Up-to-date: /home/habibahassan/project/install/moveit_msgs/include/moveit_msgs/moveit_msgs/msg/detail/gripper_translation__type_support.h
[3.286s] -- Up-to-date: /home/habibahassan/project/install/moveit_msgs/include/moveit_msgs/moveit_msgs/msg/detail/link_padding__type_support.h
[3.287s] -- Up-to-date: /home/habibahassan/project/install/moveit_msgs/include/moveit_msgs/moveit_msgs/msg/detail/motion_plan_detailed_response__type_support.h
[3.287s] -- Up-to-date: /home/habibahassan/project/install/moveit_msgs/include/moveit_msgs/moveit_msgs/msg/detail/display_robot_state__type_support.h
[3.287s] -- Up-to-date: /home/habibahassan/project/install/moveit_msgs/include/moveit_msgs/moveit_msgs/msg/detail/bounding_volume__description.c
[3.289s] -- Up-to-date: /home/habibahassan/project/install/moveit_msgs/include/moveit_msgs/moveit_msgs/msg/detail/joint_constraint__type_support.h
[3.289s] -- Up-to-date: /home/habibahassan/project/install/moveit_msgs/include/moveit_msgs/moveit_msgs/msg/detail/object_color__description.c
[3.290s] -- Up-to-date: /home/habibahassan/project/install/moveit_msgs/include/moveit_msgs/moveit_msgs/msg/detail/generic_trajectory__functions.c
[3.290s] -- Up-to-date: /home/habibahassan/project/install/moveit_msgs/include/moveit_msgs/moveit_msgs/msg/detail/orientation_constraint__functions.h
[3.290s] -- Up-to-date: /home/habibahassan/project/install/moveit_msgs/include/moveit_msgs/moveit_msgs/msg/detail/servo_status__description.c
[3.290s] -- Installing: /home/habibahassan/project/install/moveit_msgs/include/moveit_msgs/moveit_msgs/msg/detail/motion_sequence_response__type_support.c
[3.291s] -- Up-to-date: /home/habibahassan/project/install/moveit_msgs/include/moveit_msgs/moveit_msgs/msg/detail/planner_params__description.c
[3.291s] -- Up-to-date: /home/habibahassan/project/install/moveit_msgs/include/moveit_msgs/moveit_msgs/msg/detail/pipeline_state__functions.h
[3.291s] -- Up-to-date: /home/habibahassan/project/install/moveit_msgs/include/moveit_msgs/moveit_msgs/msg/detail/object_color__type_support.h
[3.291s] -- Up-to-date: /home/habibahassan/project/install/moveit_msgs/include/moveit_msgs/moveit_msgs/msg/detail/joint_limits__functions.h
[3.291s] -- Up-to-date: /home/habibahassan/project/install/moveit_msgs/include/moveit_msgs/moveit_msgs/msg/detail/place_location__struct.h
[3.291s] -- Installing: /home/habibahassan/project/install/moveit_msgs/include/moveit_msgs/moveit_msgs/msg/detail/motion_sequence_item__type_support.c
[3.292s] -- Up-to-date: /home/habibahassan/project/install/moveit_msgs/include/moveit_msgs/moveit_msgs/msg/detail/place_location__functions.c
[3.292s] -- Installing: /home/habibahassan/project/install/moveit_msgs/include/moveit_msgs/moveit_msgs/msg/detail/oriented_bounding_box__type_support.c
[3.292s] -- Installing: /home/habibahassan/project/install/moveit_msgs/include/moveit_msgs/moveit_msgs/msg/detail/allowed_collision_entry__type_support.c
[3.292s] -- Up-to-date: /home/habibahassan/project/install/moveit_msgs/include/moveit_msgs/moveit_msgs/msg/detail/link_scale__functions.c
[3.292s] -- Up-to-date: /home/habibahassan/project/install/moveit_msgs/include/moveit_msgs/moveit_msgs/msg/detail/planning_options__type_support.h
[3.292s] -- Up-to-date: /home/habibahassan/project/install/moveit_msgs/include/moveit_msgs/moveit_msgs/msg/detail/contact_information__struct.h
[3.293s] -- Up-to-date: /home/habibahassan/project/install/moveit_msgs/include/moveit_msgs/moveit_msgs/msg/detail/motion_sequence_request__functions.c
[3.293s] -- Up-to-date: /home/habibahassan/project/install/moveit_msgs/include/moveit_msgs/moveit_msgs/msg/detail/motion_plan_detailed_response__description.c
[3.293s] -- Up-to-date: /home/habibahassan/project/install/moveit_msgs/include/moveit_msgs/moveit_msgs/msg/detail/grasp__type_support.h
[3.293s] -- Up-to-date: /home/habibahassan/project/install/moveit_msgs/include/moveit_msgs/moveit_msgs/msg/detail/grasp__functions.h
[3.304s] -- Up-to-date: /home/habibahassan/project/install/moveit_msgs/include/moveit_msgs/moveit_msgs/msg/detail/planning_options__description.c
[3.305s] -- Installing: /home/habibahassan/project/install/moveit_msgs/include/moveit_msgs/moveit_msgs/msg/detail/orientation_constraint__type_support.c
[3.310s] -- Installing: /home/habibahassan/project/install/moveit_msgs/include/moveit_msgs/moveit_msgs/msg/detail/move_it_error_codes__type_support.c
[3.310s] -- Up-to-date: /home/habibahassan/project/install/moveit_msgs/include/moveit_msgs/moveit_msgs/msg/detail/display_trajectory__functions.c
[3.310s] -- Up-to-date: /home/habibahassan/project/install/moveit_msgs/include/moveit_msgs/moveit_msgs/msg/detail/trajectory_constraints__type_support.h
[3.310s] -- Up-to-date: /home/habibahassan/project/install/moveit_msgs/include/moveit_msgs/moveit_msgs/msg/detail/position_ik_request__functions.c
[3.311s] -- Up-to-date: /home/habibahassan/project/install/moveit_msgs/include/moveit_msgs/moveit_msgs/msg/detail/constraints__functions.c
[3.311s] -- Up-to-date: /home/habibahassan/project/install/moveit_msgs/include/moveit_msgs/moveit_msgs/msg/detail/display_trajectory__type_support.h
[3.311s] -- Installing: /home/habibahassan/project/install/moveit_msgs/include/moveit_msgs/moveit_msgs/msg/detail/joint_constraint__type_support.c
[3.311s] -- Up-to-date: /home/habibahassan/project/install/moveit_msgs/include/moveit_msgs/moveit_msgs/msg/detail/bounding_volume__type_support.h
[3.313s] -- Up-to-date: /home/habibahassan/project/install/moveit_msgs/include/moveit_msgs/moveit_msgs/msg/detail/cartesian_point__functions.c
[3.314s] -- Up-to-date: /home/habibahassan/project/install/moveit_msgs/include/moveit_msgs/moveit_msgs/msg/detail/attached_collision_object__functions.h
[3.315s] -- Up-to-date: /home/habibahassan/project/install/moveit_msgs/include/moveit_msgs/moveit_msgs/msg/detail/cost_source__functions.h
[3.315s] -- Up-to-date: /home/habibahassan/project/install/moveit_msgs/include/moveit_msgs/moveit_msgs/msg/detail/planner_interface_description__type_support.h
[3.315s] -- Up-to-date: /home/habibahassan/project/install/moveit_msgs/include/moveit_msgs/moveit_msgs/msg/detail/gripper_translation__functions.h
[3.316s] -- Up-to-date: /home/habibahassan/project/install/moveit_msgs/include/moveit_msgs/moveit_msgs/msg/detail/motion_plan_response__type_support.h
[3.316s] -- Up-to-date: /home/habibahassan/project/install/moveit_msgs/include/moveit_msgs/moveit_msgs/msg/detail/pipeline_state__description.c
[3.316s] -- Up-to-date: /home/habibahassan/project/install/moveit_msgs/include/moveit_msgs/moveit_msgs/msg/detail/robot_trajectory__functions.h
[3.316s] -- Up-to-date: /home/habibahassan/project/install/moveit_msgs/include/moveit_msgs/moveit_msgs/msg/detail/workspace_parameters__struct.h
[3.316s] -- Up-to-date: /home/habibahassan/project/install/moveit_msgs/include/moveit_msgs/moveit_msgs/msg/detail/position_constraint__description.c
[3.316s] -- Up-to-date: /home/habibahassan/project/install/moveit_msgs/include/moveit_msgs/moveit_msgs/msg/detail/move_it_error_codes__functions.h
[3.317s] -- Installing: /home/habibahassan/project/install/moveit_msgs/include/moveit_msgs/moveit_msgs/msg/detail/kinematic_solver_info__type_support.c
[3.317s] -- Up-to-date: /home/habibahassan/project/install/moveit_msgs/include/moveit_msgs/moveit_msgs/msg/detail/planning_scene__description.c
[3.327s] -- Up-to-date: /home/habibahassan/project/install/moveit_msgs/include/moveit_msgs/moveit_msgs/msg/detail/robot_trajectory__struct.h
[3.327s] -- Up-to-date: /home/habibahassan/project/install/moveit_msgs/include/moveit_msgs/moveit_msgs/msg/detail/planning_scene_components__functions.h
[3.329s] -- Up-to-date: /home/habibahassan/project/install/moveit_msgs/include/moveit_msgs/moveit_msgs/msg/detail/allowed_collision_entry__type_support.h
[3.329s] -- Installing: /home/habibahassan/project/install/moveit_msgs/include/moveit_msgs/moveit_msgs/msg/detail/planner_interface_description__type_support.c
[3.329s] -- Up-to-date: /home/habibahassan/project/install/moveit_msgs/include/moveit_msgs/moveit_msgs/msg/detail/move_it_error_codes__functions.c
[3.330s] -- Installing: /home/habibahassan/project/install/moveit_msgs/include/moveit_msgs/moveit_msgs/msg/detail/robot_state__type_support.c
[3.330s] -- Up-to-date: /home/habibahassan/project/install/moveit_msgs/include/moveit_msgs/moveit_msgs/msg/detail/motion_sequence_item__description.c
[3.330s] -- Up-to-date: /home/habibahassan/project/install/moveit_msgs/include/moveit_msgs/moveit_msgs/msg/detail/attached_collision_object__description.c
[3.333s] -- Up-to-date: /home/habibahassan/project/install/moveit_msgs/include/moveit_msgs/moveit_msgs/msg/detail/servo_status__functions.h
[3.333s] -- Up-to-date: /home/habibahassan/project/install/moveit_msgs/include/moveit_msgs/moveit_msgs/msg/detail/position_constraint__functions.h
[3.334s] -- Installing: /home/habibahassan/project/install/moveit_msgs/include/moveit_msgs/moveit_msgs/msg/detail/joint_limits__type_support.c
[3.334s] -- Up-to-date: /home/habibahassan/project/install/moveit_msgs/include/moveit_msgs/moveit_msgs/msg/detail/joint_limits__description.c
[3.334s] -- Up-to-date: /home/habibahassan/project/install/moveit_msgs/include/moveit_msgs/moveit_msgs/msg/detail/motion_sequence_response__description.c
[3.334s] -- Up-to-date: /home/habibahassan/project/install/moveit_msgs/include/moveit_msgs/moveit_msgs/msg/detail/link_scale__functions.h
[3.334s] -- Up-to-date: /home/habibahassan/project/install/moveit_msgs/include/moveit_msgs/moveit_msgs/msg/detail/planner_interface_description__struct.h
[3.335s] -- Up-to-date: /home/habibahassan/project/install/moveit_msgs/include/moveit_msgs/moveit_msgs/msg/detail/motion_sequence_response__struct.h
[3.335s] -- Up-to-date: /home/habibahassan/project/install/moveit_msgs/include/moveit_msgs/moveit_msgs/msg/detail/joint_limits__type_support.h
[3.335s] -- Up-to-date: /home/habibahassan/project/install/moveit_msgs/include/moveit_msgs/moveit_msgs/msg/detail/planning_scene_components__description.c
[3.338s] -- Up-to-date: /home/habibahassan/project/install/moveit_msgs/include/moveit_msgs/moveit_msgs/msg/detail/planning_options__struct.h
[3.338s] -- Installing: /home/habibahassan/project/install/moveit_msgs/include/moveit_msgs/moveit_msgs/msg/detail/robot_trajectory__type_support.c
[3.338s] -- Installing: /home/habibahassan/project/install/moveit_msgs/include/moveit_msgs/moveit_msgs/msg/detail/servo_status__type_support.c
[3.338s] -- Up-to-date: /home/habibahassan/project/install/moveit_msgs/include/moveit_msgs/moveit_msgs/msg/detail/planning_scene_world__type_support.h
[3.339s] -- Up-to-date: /home/habibahassan/project/install/moveit_msgs/include/moveit_msgs/moveit_msgs/msg/detail/display_robot_state__functions.c
[3.339s] -- Up-to-date: /home/habibahassan/project/install/moveit_msgs/include/moveit_msgs/moveit_msgs/msg/detail/cartesian_trajectory__description.c
[3.339s] -- Up-to-date: /home/habibahassan/project/install/moveit_msgs/include/moveit_msgs/moveit_msgs/msg/detail/orientation_constraint__type_support.h
[3.339s] -- Up-to-date: /home/habibahassan/project/install/moveit_msgs/include/moveit_msgs/moveit_msgs/msg/detail/oriented_bounding_box__struct.h
[3.339s] -- Up-to-date: /home/habibahassan/project/install/moveit_msgs/include/moveit_msgs/moveit_msgs/msg/detail/cartesian_point__description.c
[3.339s] -- Installing: /home/habibahassan/project/install/moveit_msgs/include/moveit_msgs/moveit_msgs/msg/detail/cartesian_point__type_support.c
[3.340s] -- Up-to-date: /home/habibahassan/project/install/moveit_msgs/include/moveit_msgs/moveit_msgs/msg/detail/attached_collision_object__struct.h
[3.340s] -- Up-to-date: /home/habibahassan/project/install/moveit_msgs/include/moveit_msgs/moveit_msgs/msg/detail/link_padding__struct.h
[3.340s] -- Up-to-date: /home/habibahassan/project/install/moveit_msgs/include/moveit_msgs/moveit_msgs/msg/detail/trajectory_constraints__functions.c
[3.340s] -- Up-to-date: /home/habibahassan/project/install/moveit_msgs/include/moveit_msgs/moveit_msgs/msg/detail/oriented_bounding_box__type_support.h
[3.340s] -- Up-to-date: /home/habibahassan/project/install/moveit_msgs/include/moveit_msgs/moveit_msgs/msg/detail/robot_state__struct.h
[3.340s] -- Installing: /home/habibahassan/project/install/moveit_msgs/include/moveit_msgs/moveit_msgs/msg/detail/collision_object__type_support.c
[3.340s] -- Up-to-date: /home/habibahassan/project/install/moveit_msgs/include/moveit_msgs/moveit_msgs/msg/detail/link_padding__functions.h
[3.340s] -- Up-to-date: /home/habibahassan/project/install/moveit_msgs/include/moveit_msgs/moveit_msgs/msg/detail/robot_state__type_support.h
[3.341s] -- Installing: /home/habibahassan/project/install/moveit_msgs/include/moveit_msgs/moveit_msgs/msg/detail/grasp__type_support.c
[3.341s] -- Installing: /home/habibahassan/project/install/moveit_msgs/include/moveit_msgs/moveit_msgs/msg/detail/motion_plan_detailed_response__type_support.c
[3.341s] -- Up-to-date: /home/habibahassan/project/install/moveit_msgs/include/moveit_msgs/moveit_msgs/msg/detail/robot_state__description.c
[3.341s] -- Up-to-date: /home/habibahassan/project/install/moveit_msgs/include/moveit_msgs/moveit_msgs/msg/detail/kinematic_solver_info__description.c
[3.341s] -- Up-to-date: /home/habibahassan/project/install/moveit_msgs/include/moveit_msgs/moveit_msgs/msg/detail/collision_object__functions.c
[3.341s] -- Up-to-date: /home/habibahassan/project/install/moveit_msgs/include/moveit_msgs/moveit_msgs/msg/detail/bounding_volume__functions.h
[3.341s] -- Up-to-date: /home/habibahassan/project/install/moveit_msgs/include/moveit_msgs/moveit_msgs/msg/detail/robot_trajectory__type_support.h
[3.342s] -- Up-to-date: /home/habibahassan/project/install/moveit_msgs/include/moveit_msgs/moveit_msgs/msg/detail/kinematic_solver_info__functions.h
[3.342s] -- Up-to-date: /home/habibahassan/project/install/moveit_msgs/include/moveit_msgs/moveit_msgs/msg/detail/move_it_error_codes__struct.h
[3.342s] -- Up-to-date: /home/habibahassan/project/install/moveit_msgs/include/moveit_msgs/moveit_msgs/msg/detail/cost_source__description.c
[3.342s] -- Up-to-date: /home/habibahassan/project/install/moveit_msgs/include/moveit_msgs/moveit_msgs/msg/detail/position_ik_request__functions.h
[3.342s] -- Up-to-date: /home/habibahassan/project/install/moveit_msgs/include/moveit_msgs/moveit_msgs/msg/detail/motion_plan_request__functions.h
[3.342s] -- Up-to-date: /home/habibahassan/project/install/moveit_msgs/include/moveit_msgs/moveit_msgs/msg/detail/planning_scene__functions.h
[3.342s] -- Up-to-date: /home/habibahassan/project/install/moveit_msgs/include/moveit_msgs/moveit_msgs/msg/detail/position_constraint__type_support.h
[3.343s] -- Up-to-date: /home/habibahassan/project/install/moveit_msgs/include/moveit_msgs/moveit_msgs/msg/detail/gripper_translation__functions.c
[3.343s] -- Installing: /home/habibahassan/project/install/moveit_msgs/include/moveit_msgs/moveit_msgs/msg/detail/constraint_eval_result__type_support.c
[3.343s] -- Up-to-date: /home/habibahassan/project/install/moveit_msgs/include/moveit_msgs/moveit_msgs/msg/detail/allowed_collision_matrix__functions.h
[3.343s] -- Up-to-date: /home/habibahassan/project/install/moveit_msgs/include/moveit_msgs/moveit_msgs/msg/detail/oriented_bounding_box__description.c
[3.343s] -- Installing: /home/habibahassan/project/install/moveit_msgs/include/moveit_msgs/moveit_msgs/msg/detail/cartesian_trajectory__type_support.c
[3.343s] -- Up-to-date: /home/habibahassan/project/install/moveit_msgs/include/moveit_msgs/moveit_msgs/msg/detail/constraint_eval_result__description.c
[3.343s] -- Up-to-date: /home/habibahassan/project/install/moveit_msgs/include/moveit_msgs/moveit_msgs/msg/detail/motion_plan_response__description.c
[3.344s] -- Up-to-date: /home/habibahassan/project/install/moveit_msgs/include/moveit_msgs/moveit_msgs/msg/detail/planning_scene_components__struct.h
[3.344s] -- Up-to-date: /home/habibahassan/project/install/moveit_msgs/include/moveit_msgs/moveit_msgs/msg/detail/collision_object__type_support.h
[3.344s] -- Up-to-date: /home/habibahassan/project/install/moveit_msgs/include/moveit_msgs/moveit_msgs/msg/detail/planner_params__struct.h
[3.344s] -- Up-to-date: /home/habibahassan/project/install/moveit_msgs/include/moveit_msgs/moveit_msgs/msg/detail/motion_sequence_item__functions.c
[3.344s] -- Up-to-date: /home/habibahassan/project/install/moveit_msgs/include/moveit_msgs/moveit_msgs/msg/detail/allowed_collision_entry__description.c
[3.344s] -- Installing: /home/habibahassan/project/install/moveit_msgs/include/moveit_msgs/moveit_msgs/msg/detail/position_ik_request__type_support.c
[3.344s] -- Up-to-date: /home/habibahassan/project/install/moveit_msgs/include/moveit_msgs/moveit_msgs/msg/detail/link_scale__struct.h
[3.345s] -- Installing: /home/habibahassan/project/install/moveit_msgs/include/moveit_msgs/moveit_msgs/msg/detail/display_trajectory__type_support.c
[3.345s] -- Up-to-date: /home/habibahassan/project/install/moveit_msgs/include/moveit_msgs/moveit_msgs/msg/detail/attached_collision_object__functions.c
[3.350s] -- Up-to-date: /home/habibahassan/project/install/moveit_msgs/include/moveit_msgs/moveit_msgs/msg/detail/allowed_collision_matrix__struct.h
[3.351s] -- Up-to-date: /home/habibahassan/project/install/moveit_msgs/include/moveit_msgs/moveit_msgs/msg/detail/place_location__description.c
[3.351s] -- Up-to-date: /home/habibahassan/project/install/moveit_msgs/include/moveit_msgs/moveit_msgs/msg/detail/planning_options__functions.c
[3.351s] -- Up-to-date: /home/habibahassan/project/install/moveit_msgs/include/moveit_msgs/moveit_msgs/msg/detail/motion_sequence_item__struct.h
[3.351s] -- Up-to-date: /home/habibahassan/project/install/moveit_msgs/include/moveit_msgs/moveit_msgs/msg/detail/constraint_eval_result__struct.h
[3.353s] -- Installing: /home/habibahassan/project/install/moveit_msgs/include/moveit_msgs/moveit_msgs/msg/detail/position_constraint__type_support.c
[3.353s] -- Up-to-date: /home/habibahassan/project/install/moveit_msgs/include/moveit_msgs/moveit_msgs/msg/detail/allowed_collision_matrix__functions.c
[3.353s] -- Up-to-date: /home/habibahassan/project/install/moveit_msgs/include/moveit_msgs/moveit_msgs/msg/detail/kinematic_solver_info__functions.c
[3.353s] -- Up-to-date: /home/habibahassan/project/install/moveit_msgs/include/moveit_msgs/moveit_msgs/msg/detail/robot_trajectory__functions.c
[3.354s] -- Up-to-date: /home/habibahassan/project/install/moveit_msgs/include/moveit_msgs/moveit_msgs/msg/detail/workspace_parameters__functions.c
[3.354s] -- Up-to-date: /home/habibahassan/project/install/moveit_msgs/include/moveit_msgs/moveit_msgs/msg/detail/planner_params__type_support.h
[3.354s] -- Up-to-date: /home/habibahassan/project/install/moveit_msgs/include/moveit_msgs/moveit_msgs/msg/detail/planning_scene__functions.c
[3.355s] -- Up-to-date: /home/habibahassan/project/install/moveit_msgs/include/moveit_msgs/moveit_msgs/msg/detail/pipeline_state__struct.h
[3.355s] -- Up-to-date: /home/habibahassan/project/install/moveit_msgs/include/moveit_msgs/moveit_msgs/msg/detail/contact_information__functions.c
[3.355s] -- Up-to-date: /home/habibahassan/project/install/moveit_msgs/include/moveit_msgs/moveit_msgs/msg/detail/position_ik_request__type_support.h
[3.356s] -- Up-to-date: /home/habibahassan/project/install/moveit_msgs/include/moveit_msgs/moveit_msgs/msg/detail/cartesian_trajectory_point__struct.h
[3.356s] -- Up-to-date: /home/habibahassan/project/install/moveit_msgs/include/moveit_msgs/moveit_msgs/msg/detail/place_location__functions.h
[3.356s] -- Up-to-date: /home/habibahassan/project/install/moveit_msgs/include/moveit_msgs/moveit_msgs/msg/detail/link_padding__description.c
[3.357s] -- Up-to-date: /home/habibahassan/project/install/moveit_msgs/include/moveit_msgs/moveit_msgs/msg/detail/oriented_bounding_box__functions.c
[3.357s] -- Up-to-date: /home/habibahassan/project/install/moveit_msgs/include/moveit_msgs/moveit_msgs/msg/detail/planning_scene_world__functions.c
[3.357s] -- Installing: /home/habibahassan/project/install/moveit_msgs/include/moveit_msgs/moveit_msgs/msg/detail/motion_plan_request__type_support.c
[3.357s] -- Up-to-date: /home/habibahassan/project/install/moveit_msgs/include/moveit_msgs/moveit_msgs/msg/detail/motion_sequence_response__functions.c
[3.357s] -- Up-to-date: /home/habibahassan/project/install/moveit_msgs/include/moveit_msgs/moveit_msgs/msg/detail/visibility_constraint__struct.h
[3.358s] -- Up-to-date: /home/habibahassan/project/install/moveit_msgs/include/moveit_msgs/moveit_msgs/msg/detail/joint_constraint__description.c
[3.359s] -- Installing: /home/habibahassan/project/install/moveit_msgs/include/moveit_msgs/moveit_msgs/msg/detail/planning_scene_world__type_support.c
[3.359s] -- Up-to-date: /home/habibahassan/project/install/moveit_msgs/include/moveit_msgs/moveit_msgs/msg/detail/robot_trajectory__description.c
[3.360s] -- Up-to-date: /home/habibahassan/project/install/moveit_msgs/include/moveit_msgs/moveit_msgs/msg/detail/servo_status__struct.h
[3.360s] -- Up-to-date: /home/habibahassan/project/install/moveit_msgs/include/moveit_msgs/moveit_msgs/msg/detail/planning_scene_world__functions.h
[3.360s] -- Up-to-date: /home/habibahassan/project/install/moveit_msgs/include/moveit_msgs/moveit_msgs/msg/kinematic_solver_info.h
[3.360s] -- Up-to-date: /home/habibahassan/project/install/moveit_msgs/include/moveit_msgs/moveit_msgs/msg/planning_options.h
[3.360s] -- Up-to-date: /home/habibahassan/project/install/moveit_msgs/include/moveit_msgs/moveit_msgs/msg/rosidl_generator_c__visibility_control.h
[3.360s] -- Up-to-date: /home/habibahassan/project/install/moveit_msgs/include/moveit_msgs/moveit_msgs/msg/collision_object.h
[3.360s] -- Up-to-date: /home/habibahassan/project/install/moveit_msgs/include/moveit_msgs/moveit_msgs/msg/constraint_eval_result.h
[3.361s] -- Up-to-date: /home/habibahassan/project/install/moveit_msgs/include/moveit_msgs/moveit_msgs/msg/motion_sequence_item.h
[3.361s] -- Up-to-date: /home/habibahassan/project/install/moveit_msgs/include/moveit_msgs/moveit_msgs/msg/planning_scene_components.h
[3.361s] -- Up-to-date: /home/habibahassan/project/install/moveit_msgs/include/moveit_msgs/moveit_msgs/msg/place_location.h
[3.361s] -- Up-to-date: /home/habibahassan/project/install/moveit_msgs/include/moveit_msgs/moveit_msgs/msg/position_ik_request.h
[3.361s] -- Up-to-date: /home/habibahassan/project/install/moveit_msgs/include/moveit_msgs/moveit_msgs/msg/move_it_error_codes.h
[3.362s] -- Up-to-date: /home/habibahassan/project/install/moveit_msgs/include/moveit_msgs/moveit_msgs/msg/motion_sequence_request.h
[3.362s] -- Up-to-date: /home/habibahassan/project/install/moveit_msgs/include/moveit_msgs/moveit_msgs/msg/display_trajectory.h
[3.362s] -- Up-to-date: /home/habibahassan/project/install/moveit_msgs/share/moveit_msgs/environment/library_path.sh
[3.362s] -- Up-to-date: /home/habibahassan/project/install/moveit_msgs/share/moveit_msgs/environment/library_path.dsv
[3.362s] -- Up-to-date: /home/habibahassan/project/install/moveit_msgs/lib/libmoveit_msgs__rosidl_generator_c.so
[3.380s] -- Up-to-date: /home/habibahassan/project/install/moveit_msgs/include/moveit_msgs/moveit_msgs
[3.380s] -- Up-to-date: /home/habibahassan/project/install/moveit_msgs/include/moveit_msgs/moveit_msgs/srv
[3.380s] -- Up-to-date: /home/habibahassan/project/install/moveit_msgs/include/moveit_msgs/moveit_msgs/srv/detail
[3.381s] -- Up-to-date: /home/habibahassan/project/install/moveit_msgs/include/moveit_msgs/moveit_msgs/srv/detail/get_planner_params__rosidl_typesupport_fastrtps_c.h
[3.381s] -- Up-to-date: /home/habibahassan/project/install/moveit_msgs/include/moveit_msgs/moveit_msgs/srv/detail/list_robot_states_in_warehouse__rosidl_typesupport_fastrtps_c.h
[3.381s] -- Up-to-date: /home/habibahassan/project/install/moveit_msgs/include/moveit_msgs/moveit_msgs/srv/detail/save_robot_state_to_warehouse__rosidl_typesupport_fastrtps_c.h
[3.381s] -- Up-to-date: /home/habibahassan/project/install/moveit_msgs/include/moveit_msgs/moveit_msgs/srv/detail/delete_robot_state_from_warehouse__rosidl_typesupport_fastrtps_c.h
[3.382s] -- Up-to-date: /home/habibahassan/project/install/moveit_msgs/include/moveit_msgs/moveit_msgs/srv/detail/grasp_planning__rosidl_typesupport_fastrtps_c.h
[3.382s] -- Up-to-date: /home/habibahassan/project/install/moveit_msgs/include/moveit_msgs/moveit_msgs/srv/detail/save_geometry_to_file__rosidl_typesupport_fastrtps_c.h
[3.382s] -- Up-to-date: /home/habibahassan/project/install/moveit_msgs/include/moveit_msgs/moveit_msgs/srv/detail/get_robot_state_from_warehouse__rosidl_typesupport_fastrtps_c.h
[3.382s] -- Up-to-date: /home/habibahassan/project/install/moveit_msgs/include/moveit_msgs/moveit_msgs/srv/detail/check_if_robot_state_exists_in_warehouse__rosidl_typesupport_fastrtps_c.h
[3.382s] -- Up-to-date: /home/habibahassan/project/install/moveit_msgs/include/moveit_msgs/moveit_msgs/srv/detail/get_position_ik__rosidl_typesupport_fastrtps_c.h
[3.383s] -- Up-to-date: /home/habibahassan/project/install/moveit_msgs/include/moveit_msgs/moveit_msgs/srv/detail/get_planning_scene__rosidl_typesupport_fastrtps_c.h
[3.383s] -- Up-to-date: /home/habibahassan/project/install/moveit_msgs/include/moveit_msgs/moveit_msgs/srv/detail/load_map__rosidl_typesupport_fastrtps_c.h
[3.383s] -- Up-to-date: /home/habibahassan/project/install/moveit_msgs/include/moveit_msgs/moveit_msgs/srv/detail/get_state_validity__rosidl_typesupport_fastrtps_c.h
[3.383s] -- Up-to-date: /home/habibahassan/project/install/moveit_msgs/include/moveit_msgs/moveit_msgs/srv/detail/rename_robot_state_in_warehouse__rosidl_typesupport_fastrtps_c.h
[3.384s] -- Up-to-date: /home/habibahassan/project/install/moveit_msgs/include/moveit_msgs/moveit_msgs/srv/detail/apply_planning_scene__rosidl_typesupport_fastrtps_c.h
[3.384s] -- Up-to-date: /home/habibahassan/project/install/moveit_msgs/include/moveit_msgs/moveit_msgs/srv/detail/set_planner_params__rosidl_typesupport_fastrtps_c.h
[3.385s] -- Up-to-date: /home/habibahassan/project/install/moveit_msgs/include/moveit_msgs/moveit_msgs/srv/detail/get_cartesian_path__rosidl_typesupport_fastrtps_c.h
[3.385s] -- Up-to-date: /home/habibahassan/project/install/moveit_msgs/include/moveit_msgs/moveit_msgs/srv/detail/get_motion_sequence__rosidl_typesupport_fastrtps_c.h
[3.386s] -- Up-to-date: /home/habibahassan/project/install/moveit_msgs/include/moveit_msgs/moveit_msgs/srv/detail/save_map__rosidl_typesupport_fastrtps_c.h
[3.386s] -- Up-to-date: /home/habibahassan/project/install/moveit_msgs/include/moveit_msgs/moveit_msgs/srv/detail/get_position_fk__rosidl_typesupport_fastrtps_c.h
[3.386s] -- Up-to-date: /home/habibahassan/project/install/moveit_msgs/include/moveit_msgs/moveit_msgs/srv/detail/query_planner_interfaces__rosidl_typesupport_fastrtps_c.h
[3.386s] -- Up-to-date: /home/habibahassan/project/install/moveit_msgs/include/moveit_msgs/moveit_msgs/srv/detail/get_group_urdf__rosidl_typesupport_fastrtps_c.h
[3.391s] -- Up-to-date: /home/habibahassan/project/install/moveit_msgs/include/moveit_msgs/moveit_msgs/srv/detail/load_geometry_from_file__rosidl_typesupport_fastrtps_c.h
[3.391s] -- Up-to-date: /home/habibahassan/project/install/moveit_msgs/include/moveit_msgs/moveit_msgs/srv/detail/get_motion_plan__rosidl_typesupport_fastrtps_c.h
[3.392s] -- Up-to-date: /home/habibahassan/project/install/moveit_msgs/include/moveit_msgs/moveit_msgs/srv/detail/servo_command_type__rosidl_typesupport_fastrtps_c.h
[3.392s] -- Up-to-date: /home/habibahassan/project/install/moveit_msgs/include/moveit_msgs/moveit_msgs/srv/detail/update_pointcloud_octomap__rosidl_typesupport_fastrtps_c.h
[3.392s] -- Up-to-date: /home/habibahassan/project/install/moveit_msgs/include/moveit_msgs/moveit_msgs/action
[3.392s] -- Up-to-date: /home/habibahassan/project/install/moveit_msgs/include/moveit_msgs/moveit_msgs/action/detail
[3.392s] -- Up-to-date: /home/habibahassan/project/install/moveit_msgs/include/moveit_msgs/moveit_msgs/action/detail/hybrid_planner__rosidl_typesupport_fastrtps_c.h
[3.392s] -- Up-to-date: /home/habibahassan/project/install/moveit_msgs/include/moveit_msgs/moveit_msgs/action/detail/global_planner__rosidl_typesupport_fastrtps_c.h
[3.393s] -- Up-to-date: /home/habibahassan/project/install/moveit_msgs/include/moveit_msgs/moveit_msgs/action/detail/move_group_sequence__rosidl_typesupport_fastrtps_c.h
[3.393s] -- Up-to-date: /home/habibahassan/project/install/moveit_msgs/include/moveit_msgs/moveit_msgs/action/detail/place__rosidl_typesupport_fastrtps_c.h
[3.394s] -- Up-to-date: /home/habibahassan/project/install/moveit_msgs/include/moveit_msgs/moveit_msgs/action/detail/execute_trajectory__rosidl_typesupport_fastrtps_c.h
[3.394s] -- Up-to-date: /home/habibahassan/project/install/moveit_msgs/include/moveit_msgs/moveit_msgs/action/detail/move_group__rosidl_typesupport_fastrtps_c.h
[3.394s] -- Up-to-date: /home/habibahassan/project/install/moveit_msgs/include/moveit_msgs/moveit_msgs/action/detail/local_planner__rosidl_typesupport_fastrtps_c.h
[3.394s] -- Up-to-date: /home/habibahassan/project/install/moveit_msgs/include/moveit_msgs/moveit_msgs/action/detail/pickup__rosidl_typesupport_fastrtps_c.h
[3.395s] -- Up-to-date: /home/habibahassan/project/install/moveit_msgs/include/moveit_msgs/moveit_msgs/msg
[3.395s] -- Up-to-date: /home/habibahassan/project/install/moveit_msgs/include/moveit_msgs/moveit_msgs/msg/detail
[3.395s] -- Up-to-date: /home/habibahassan/project/install/moveit_msgs/include/moveit_msgs/moveit_msgs/msg/detail/joint_limits__rosidl_typesupport_fastrtps_c.h
[3.395s] -- Up-to-date: /home/habibahassan/project/install/moveit_msgs/include/moveit_msgs/moveit_msgs/msg/detail/pipeline_state__rosidl_typesupport_fastrtps_c.h
[3.395s] -- Up-to-date: /home/habibahassan/project/install/moveit_msgs/include/moveit_msgs/moveit_msgs/msg/detail/joint_constraint__rosidl_typesupport_fastrtps_c.h
[3.395s] -- Up-to-date: /home/habibahassan/project/install/moveit_msgs/include/moveit_msgs/moveit_msgs/msg/detail/servo_status__rosidl_typesupport_fastrtps_c.h
[3.396s] -- Up-to-date: /home/habibahassan/project/install/moveit_msgs/include/moveit_msgs/moveit_msgs/msg/detail/planning_options__rosidl_typesupport_fastrtps_c.h
[3.396s] -- Up-to-date: /home/habibahassan/project/install/moveit_msgs/include/moveit_msgs/moveit_msgs/msg/detail/link_padding__rosidl_typesupport_fastrtps_c.h
[3.396s] -- Up-to-date: /home/habibahassan/project/install/moveit_msgs/include/moveit_msgs/moveit_msgs/msg/detail/planning_scene_world__rosidl_typesupport_fastrtps_c.h
[3.397s] -- Up-to-date: /home/habibahassan/project/install/moveit_msgs/include/moveit_msgs/moveit_msgs/msg/detail/contact_information__rosidl_typesupport_fastrtps_c.h
[3.397s] -- Up-to-date: /home/habibahassan/project/install/moveit_msgs/include/moveit_msgs/moveit_msgs/msg/detail/generic_trajectory__rosidl_typesupport_fastrtps_c.h
[3.397s] -- Up-to-date: /home/habibahassan/project/install/moveit_msgs/include/moveit_msgs/moveit_msgs/msg/detail/object_color__rosidl_typesupport_fastrtps_c.h
[3.397s] -- Up-to-date: /home/habibahassan/project/install/moveit_msgs/include/moveit_msgs/moveit_msgs/msg/detail/motion_plan_request__rosidl_typesupport_fastrtps_c.h
[3.397s] -- Up-to-date: /home/habibahassan/project/install/moveit_msgs/include/moveit_msgs/moveit_msgs/msg/detail/kinematic_solver_info__rosidl_typesupport_fastrtps_c.h
[3.397s] -- Up-to-date: /home/habibahassan/project/install/moveit_msgs/include/moveit_msgs/moveit_msgs/msg/detail/motion_plan_response__rosidl_typesupport_fastrtps_c.h
[3.398s] -- Up-to-date: /home/habibahassan/project/install/moveit_msgs/include/moveit_msgs/moveit_msgs/msg/detail/gripper_translation__rosidl_typesupport_fastrtps_c.h
[3.398s] -- Up-to-date: /home/habibahassan/project/install/moveit_msgs/include/moveit_msgs/moveit_msgs/msg/detail/constraint_eval_result__rosidl_typesupport_fastrtps_c.h
[3.398s] -- Up-to-date: /home/habibahassan/project/install/moveit_msgs/include/moveit_msgs/moveit_msgs/msg/detail/robot_trajectory__rosidl_typesupport_fastrtps_c.h
[3.398s] -- Up-to-date: /home/habibahassan/project/install/moveit_msgs/include/moveit_msgs/moveit_msgs/msg/detail/display_robot_state__rosidl_typesupport_fastrtps_c.h
[3.399s] -- Up-to-date: /home/habibahassan/project/install/moveit_msgs/include/moveit_msgs/moveit_msgs/msg/detail/bounding_volume__rosidl_typesupport_fastrtps_c.h
[3.399s] -- Up-to-date: /home/habibahassan/project/install/moveit_msgs/include/moveit_msgs/moveit_msgs/msg/detail/workspace_parameters__rosidl_typesupport_fastrtps_c.h
[3.399s] -- Up-to-date: /home/habibahassan/project/install/moveit_msgs/include/moveit_msgs/moveit_msgs/msg/detail/visibility_constraint__rosidl_typesupport_fastrtps_c.h
[3.400s] -- Up-to-date: /home/habibahassan/project/install/moveit_msgs/include/moveit_msgs/moveit_msgs/msg/detail/place_location__rosidl_typesupport_fastrtps_c.h
[3.400s] -- Up-to-date: /home/habibahassan/project/install/moveit_msgs/include/moveit_msgs/moveit_msgs/msg/detail/move_it_error_codes__rosidl_typesupport_fastrtps_c.h
[3.400s] -- Up-to-date: /home/habibahassan/project/install/moveit_msgs/include/moveit_msgs/moveit_msgs/msg/detail/motion_sequence_request__rosidl_typesupport_fastrtps_c.h
[3.400s] -- Up-to-date: /home/habibahassan/project/install/moveit_msgs/include/moveit_msgs/moveit_msgs/msg/detail/planning_scene_components__rosidl_typesupport_fastrtps_c.h
[3.401s] -- Up-to-date: /home/habibahassan/project/install/moveit_msgs/include/moveit_msgs/moveit_msgs/msg/detail/collision_object__rosidl_typesupport_fastrtps_c.h
[3.401s] -- Up-to-date: /home/habibahassan/project/install/moveit_msgs/include/moveit_msgs/moveit_msgs/msg/detail/link_scale__rosidl_typesupport_fastrtps_c.h
[3.401s] -- Up-to-date: /home/habibahassan/project/install/moveit_msgs/include/moveit_msgs/moveit_msgs/msg/detail/planner_interface_description__rosidl_typesupport_fastrtps_c.h
[3.403s] -- Up-to-date: /home/habibahassan/project/install/moveit_msgs/include/moveit_msgs/moveit_msgs/msg/detail/cartesian_point__rosidl_typesupport_fastrtps_c.h
[3.403s] -- Up-to-date: /home/habibahassan/project/install/moveit_msgs/include/moveit_msgs/moveit_msgs/msg/detail/constraints__rosidl_typesupport_fastrtps_c.h
[3.404s] -- Up-to-date: /home/habibahassan/project/install/moveit_msgs/include/moveit_msgs/moveit_msgs/msg/detail/grasp__rosidl_typesupport_fastrtps_c.h
[3.404s] -- Up-to-date: /home/habibahassan/project/install/moveit_msgs/include/moveit_msgs/moveit_msgs/msg/detail/cartesian_trajectory__rosidl_typesupport_fastrtps_c.h
[3.405s] -- Up-to-date: /home/habibahassan/project/install/moveit_msgs/include/moveit_msgs/moveit_msgs/msg/detail/robot_state__rosidl_typesupport_fastrtps_c.h
[3.405s] -- Up-to-date: /home/habibahassan/project/install/moveit_msgs/include/moveit_msgs/moveit_msgs/msg/detail/position_constraint__rosidl_typesupport_fastrtps_c.h
[3.406s] -- Up-to-date: /home/habibahassan/project/install/moveit_msgs/include/moveit_msgs/moveit_msgs/msg/detail/orientation_constraint__rosidl_typesupport_fastrtps_c.h
[3.415s] -- Up-to-date: /home/habibahassan/project/install/moveit_msgs/include/moveit_msgs/moveit_msgs/msg/detail/attached_collision_object__rosidl_typesupport_fastrtps_c.h
[3.416s] -- Up-to-date: /home/habibahassan/project/install/moveit_msgs/include/moveit_msgs/moveit_msgs/msg/detail/cost_source__rosidl_typesupport_fastrtps_c.h
[3.416s] -- Up-to-date: /home/habibahassan/project/install/moveit_msgs/include/moveit_msgs/moveit_msgs/msg/detail/allowed_collision_matrix__rosidl_typesupport_fastrtps_c.h
[3.417s] -- Up-to-date: /home/habibahassan/project/install/moveit_msgs/include/moveit_msgs/moveit_msgs/msg/detail/oriented_bounding_box__rosidl_typesupport_fastrtps_c.h
[3.418s] -- Up-to-date: /home/habibahassan/project/install/moveit_msgs/include/moveit_msgs/moveit_msgs/msg/detail/trajectory_constraints__rosidl_typesupport_fastrtps_c.h
[3.418s] -- Up-to-date: /home/habibahassan/project/install/moveit_msgs/include/moveit_msgs/moveit_msgs/msg/detail/position_ik_request__rosidl_typesupport_fastrtps_c.h
[3.418s] -- Up-to-date: /home/habibahassan/project/install/moveit_msgs/include/moveit_msgs/moveit_msgs/msg/detail/motion_sequence_item__rosidl_typesupport_fastrtps_c.h
[3.418s] -- Up-to-date: /home/habibahassan/project/install/moveit_msgs/include/moveit_msgs/moveit_msgs/msg/detail/planner_params__rosidl_typesupport_fastrtps_c.h
[3.418s] -- Up-to-date: /home/habibahassan/project/install/moveit_msgs/include/moveit_msgs/moveit_msgs/msg/detail/motion_plan_detailed_response__rosidl_typesupport_fastrtps_c.h
[3.419s] -- Up-to-date: /home/habibahassan/project/install/moveit_msgs/include/moveit_msgs/moveit_msgs/msg/detail/planning_scene__rosidl_typesupport_fastrtps_c.h
[3.419s] -- Up-to-date: /home/habibahassan/project/install/moveit_msgs/include/moveit_msgs/moveit_msgs/msg/detail/display_trajectory__rosidl_typesupport_fastrtps_c.h
[3.419s] -- Up-to-date: /home/habibahassan/project/install/moveit_msgs/include/moveit_msgs/moveit_msgs/msg/detail/cartesian_trajectory_point__rosidl_typesupport_fastrtps_c.h
[3.419s] -- Up-to-date: /home/habibahassan/project/install/moveit_msgs/include/moveit_msgs/moveit_msgs/msg/detail/allowed_collision_entry__rosidl_typesupport_fastrtps_c.h
[3.420s] -- Up-to-date: /home/habibahassan/project/install/moveit_msgs/include/moveit_msgs/moveit_msgs/msg/detail/motion_sequence_response__rosidl_typesupport_fastrtps_c.h
[3.437s] -- Up-to-date: /home/habibahassan/project/install/moveit_msgs/include/moveit_msgs/moveit_msgs/msg/rosidl_typesupport_fastrtps_c__visibility_control.h
[3.437s] -- Up-to-date: /home/habibahassan/project/install/moveit_msgs/lib/libmoveit_msgs__rosidl_typesupport_fastrtps_c.so
[3.437s] -- Up-to-date: /home/habibahassan/project/install/moveit_msgs/include/moveit_msgs/moveit_msgs
[3.437s] -- Up-to-date: /home/habibahassan/project/install/moveit_msgs/include/moveit_msgs/moveit_msgs/srv
[3.438s] -- Up-to-date: /home/habibahassan/project/install/moveit_msgs/include/moveit_msgs/moveit_msgs/srv/detail
[3.438s] -- Installing: /home/habibahassan/project/install/moveit_msgs/include/moveit_msgs/moveit_msgs/srv/detail/get_cartesian_path__type_support.c
[3.438s] -- Up-to-date: /home/habibahassan/project/install/moveit_msgs/include/moveit_msgs/moveit_msgs/srv/detail/get_cartesian_path__rosidl_typesupport_introspection_c.h
[3.438s] -- Installing: /home/habibahassan/project/install/moveit_msgs/include/moveit_msgs/moveit_msgs/srv/detail/save_geometry_to_file__type_support.c
[3.496s] -- Installing: /home/habibahassan/project/install/moveit_msgs/include/moveit_msgs/moveit_msgs/srv/detail/load_geometry_from_file__type_support.c
[3.497s] -- Installing: /home/habibahassan/project/install/moveit_msgs/include/moveit_msgs/moveit_msgs/srv/detail/get_motion_plan__type_support.c
[3.497s] -- Up-to-date: /home/habibahassan/project/install/moveit_msgs/include/moveit_msgs/moveit_msgs/srv/detail/query_planner_interfaces__rosidl_typesupport_introspection_c.h
[3.497s] -- Installing: /home/habibahassan/project/install/moveit_msgs/include/moveit_msgs/moveit_msgs/srv/detail/get_position_fk__type_support.c
[3.497s] -- Installing: /home/habibahassan/project/install/moveit_msgs/include/moveit_msgs/moveit_msgs/srv/detail/servo_command_type__type_support.c
[3.498s] -- Installing: /home/habibahassan/project/install/moveit_msgs/include/moveit_msgs/moveit_msgs/srv/detail/grasp_planning__type_support.c
[3.500s] -- Installing: /home/habibahassan/project/install/moveit_msgs/include/moveit_msgs/moveit_msgs/srv/detail/get_planner_params__type_support.c
[3.500s] -- Installing: /home/habibahassan/project/install/moveit_msgs/include/moveit_msgs/moveit_msgs/srv/detail/set_planner_params__type_support.c
[3.500s] -- Installing: /home/habibahassan/project/install/moveit_msgs/include/moveit_msgs/moveit_msgs/srv/detail/query_planner_interfaces__type_support.c
[3.503s] -- Installing: /home/habibahassan/project/install/moveit_msgs/include/moveit_msgs/moveit_msgs/srv/detail/rename_robot_state_in_warehouse__type_support.c
[3.504s] -- Up-to-date: /home/habibahassan/project/install/moveit_msgs/include/moveit_msgs/moveit_msgs/srv/detail/get_motion_sequence__rosidl_typesupport_introspection_c.h
[3.504s] -- Up-to-date: /home/habibahassan/project/install/moveit_msgs/include/moveit_msgs/moveit_msgs/srv/detail/get_position_ik__rosidl_typesupport_introspection_c.h
[3.504s] -- Installing: /home/habibahassan/project/install/moveit_msgs/include/moveit_msgs/moveit_msgs/srv/detail/save_robot_state_to_warehouse__type_support.c
[3.505s] -- Up-to-date: /home/habibahassan/project/install/moveit_msgs/include/moveit_msgs/moveit_msgs/srv/detail/get_group_urdf__rosidl_typesupport_introspection_c.h
[3.507s] -- Up-to-date: /home/habibahassan/project/install/moveit_msgs/include/moveit_msgs/moveit_msgs/srv/detail/get_state_validity__rosidl_typesupport_introspection_c.h
[3.508s] -- Up-to-date: /home/habibahassan/project/install/moveit_msgs/include/moveit_msgs/moveit_msgs/srv/detail/check_if_robot_state_exists_in_warehouse__rosidl_typesupport_introspection_c.h
[3.508s] -- Installing: /home/habibahassan/project/install/moveit_msgs/include/moveit_msgs/moveit_msgs/srv/detail/get_state_validity__type_support.c
[3.510s] -- Installing: /home/habibahassan/project/install/moveit_msgs/include/moveit_msgs/moveit_msgs/srv/detail/get_motion_sequence__type_support.c
[3.511s] -- Installing: /home/habibahassan/project/install/moveit_msgs/include/moveit_msgs/moveit_msgs/srv/detail/check_if_robot_state_exists_in_warehouse__type_support.c
[3.514s] -- Installing: /home/habibahassan/project/install/moveit_msgs/include/moveit_msgs/moveit_msgs/srv/detail/list_robot_states_in_warehouse__type_support.c
[3.514s] -- Installing: /home/habibahassan/project/install/moveit_msgs/include/moveit_msgs/moveit_msgs/srv/detail/save_map__type_support.c
[3.516s] -- Up-to-date: /home/habibahassan/project/install/moveit_msgs/include/moveit_msgs/moveit_msgs/srv/detail/load_map__rosidl_typesupport_introspection_c.h
[3.516s] -- Up-to-date: /home/habibahassan/project/install/moveit_msgs/include/moveit_msgs/moveit_msgs/srv/detail/delete_robot_state_from_warehouse__rosidl_typesupport_introspection_c.h
[3.516s] -- Installing: /home/habibahassan/project/install/moveit_msgs/include/moveit_msgs/moveit_msgs/srv/detail/update_pointcloud_octomap__type_support.c
[3.517s] -- Installing: /home/habibahassan/project/install/moveit_msgs/include/moveit_msgs/moveit_msgs/srv/detail/get_planning_scene__type_support.c
[3.517s] -- Up-to-date: /home/habibahassan/project/install/moveit_msgs/include/moveit_msgs/moveit_msgs/srv/detail/list_robot_states_in_warehouse__rosidl_typesupport_introspection_c.h
[3.517s] -- Up-to-date: /home/habibahassan/project/install/moveit_msgs/include/moveit_msgs/moveit_msgs/srv/detail/load_geometry_from_file__rosidl_typesupport_introspection_c.h
[3.517s] -- Up-to-date: /home/habibahassan/project/install/moveit_msgs/include/moveit_msgs/moveit_msgs/srv/detail/apply_planning_scene__rosidl_typesupport_introspection_c.h
[3.520s] -- Installing: /home/habibahassan/project/install/moveit_msgs/include/moveit_msgs/moveit_msgs/srv/detail/delete_robot_state_from_warehouse__type_support.c
[3.520s] -- Up-to-date: /home/habibahassan/project/install/moveit_msgs/include/moveit_msgs/moveit_msgs/srv/detail/get_position_fk__rosidl_typesupport_introspection_c.h
[3.522s] -- Installing: /home/habibahassan/project/install/moveit_msgs/include/moveit_msgs/moveit_msgs/srv/detail/get_group_urdf__type_support.c
[3.522s] -- Installing: /home/habibahassan/project/install/moveit_msgs/include/moveit_msgs/moveit_msgs/srv/detail/load_map__type_support.c
[3.522s] -- Up-to-date: /home/habibahassan/project/install/moveit_msgs/include/moveit_msgs/moveit_msgs/srv/detail/get_planner_params__rosidl_typesupport_introspection_c.h
[3.523s] -- Up-to-date: /home/habibahassan/project/install/moveit_msgs/include/moveit_msgs/moveit_msgs/srv/detail/rename_robot_state_in_warehouse__rosidl_typesupport_introspection_c.h
[3.523s] -- Up-to-date: /home/habibahassan/project/install/moveit_msgs/include/moveit_msgs/moveit_msgs/srv/detail/update_pointcloud_octomap__rosidl_typesupport_introspection_c.h
[3.523s] -- Installing: /home/habibahassan/project/install/moveit_msgs/include/moveit_msgs/moveit_msgs/srv/detail/get_robot_state_from_warehouse__type_support.c
[3.523s] -- Up-to-date: /home/habibahassan/project/install/moveit_msgs/include/moveit_msgs/moveit_msgs/srv/detail/save_map__rosidl_typesupport_introspection_c.h
[3.523s] -- Up-to-date: /home/habibahassan/project/install/moveit_msgs/include/moveit_msgs/moveit_msgs/srv/detail/get_motion_plan__rosidl_typesupport_introspection_c.h
[3.523s] -- Up-to-date: /home/habibahassan/project/install/moveit_msgs/include/moveit_msgs/moveit_msgs/srv/detail/save_geometry_to_file__rosidl_typesupport_introspection_c.h
[3.524s] -- Up-to-date: /home/habibahassan/project/install/moveit_msgs/include/moveit_msgs/moveit_msgs/srv/detail/get_robot_state_from_warehouse__rosidl_typesupport_introspection_c.h
[3.524s] -- Up-to-date: /home/habibahassan/project/install/moveit_msgs/include/moveit_msgs/moveit_msgs/srv/detail/save_robot_state_to_warehouse__rosidl_typesupport_introspection_c.h
[3.525s] -- Installing: /home/habibahassan/project/install/moveit_msgs/include/moveit_msgs/moveit_msgs/srv/detail/get_position_ik__type_support.c
[3.526s] -- Up-to-date: /home/habibahassan/project/install/moveit_msgs/include/moveit_msgs/moveit_msgs/srv/detail/grasp_planning__rosidl_typesupport_introspection_c.h
[3.526s] -- Up-to-date: /home/habibahassan/project/install/moveit_msgs/include/moveit_msgs/moveit_msgs/srv/detail/servo_command_type__rosidl_typesupport_introspection_c.h
[3.527s] -- Up-to-date: /home/habibahassan/project/install/moveit_msgs/include/moveit_msgs/moveit_msgs/srv/detail/set_planner_params__rosidl_typesupport_introspection_c.h
[3.528s] -- Up-to-date: /home/habibahassan/project/install/moveit_msgs/include/moveit_msgs/moveit_msgs/srv/detail/get_planning_scene__rosidl_typesupport_introspection_c.h
[3.528s] -- Installing: /home/habibahassan/project/install/moveit_msgs/include/moveit_msgs/moveit_msgs/srv/detail/apply_planning_scene__type_support.c
[3.529s] -- Up-to-date: /home/habibahassan/project/install/moveit_msgs/include/moveit_msgs/moveit_msgs/action
[3.530s] -- Up-to-date: /home/habibahassan/project/install/moveit_msgs/include/moveit_msgs/moveit_msgs/action/detail
[3.530s] -- Installing: /home/habibahassan/project/install/moveit_msgs/include/moveit_msgs/moveit_msgs/action/detail/place__type_support.c
[3.531s] -- Up-to-date: /home/habibahassan/project/install/moveit_msgs/include/moveit_msgs/moveit_msgs/action/detail/pickup__rosidl_typesupport_introspection_c.h
[3.531s] -- Up-to-date: /home/habibahassan/project/install/moveit_msgs/include/moveit_msgs/moveit_msgs/action/detail/local_planner__rosidl_typesupport_introspection_c.h
[3.532s] -- Installing: /home/habibahassan/project/install/moveit_msgs/include/moveit_msgs/moveit_msgs/action/detail/hybrid_planner__type_support.c
[3.534s] -- Up-to-date: /home/habibahassan/project/install/moveit_msgs/include/moveit_msgs/moveit_msgs/action/detail/global_planner__rosidl_typesupport_introspection_c.h
[3.534s] -- Installing: /home/habibahassan/project/install/moveit_msgs/include/moveit_msgs/moveit_msgs/action/detail/execute_trajectory__type_support.c
[3.535s] -- Installing: /home/habibahassan/project/install/moveit_msgs/include/moveit_msgs/moveit_msgs/action/detail/local_planner__type_support.c
[3.536s] -- Up-to-date: /home/habibahassan/project/install/moveit_msgs/include/moveit_msgs/moveit_msgs/action/detail/move_group__rosidl_typesupport_introspection_c.h
[3.537s] -- Installing: /home/habibahassan/project/install/moveit_msgs/include/moveit_msgs/moveit_msgs/action/detail/pickup__type_support.c
[3.555s] -- Up-to-date: /home/habibahassan/project/install/moveit_msgs/include/moveit_msgs/moveit_msgs/action/detail/execute_trajectory__rosidl_typesupport_introspection_c.h
[3.555s] -- Up-to-date: /home/habibahassan/project/install/moveit_msgs/include/moveit_msgs/moveit_msgs/action/detail/place__rosidl_typesupport_introspection_c.h
[3.556s] -- Installing: /home/habibahassan/project/install/moveit_msgs/include/moveit_msgs/moveit_msgs/action/detail/move_group__type_support.c
[3.556s] -- Installing: /home/habibahassan/project/install/moveit_msgs/include/moveit_msgs/moveit_msgs/action/detail/global_planner__type_support.c
[3.556s] -- Up-to-date: /home/habibahassan/project/install/moveit_msgs/include/moveit_msgs/moveit_msgs/action/detail/hybrid_planner__rosidl_typesupport_introspection_c.h
[3.557s] -- Installing: /home/habibahassan/project/install/moveit_msgs/include/moveit_msgs/moveit_msgs/action/detail/move_group_sequence__type_support.c
[3.557s] -- Up-to-date: /home/habibahassan/project/install/moveit_msgs/include/moveit_msgs/moveit_msgs/action/detail/move_group_sequence__rosidl_typesupport_introspection_c.h
[3.558s] -- Up-to-date: /home/habibahassan/project/install/moveit_msgs/include/moveit_msgs/moveit_msgs/msg
[3.558s] -- Up-to-date: /home/habibahassan/project/install/moveit_msgs/include/moveit_msgs/moveit_msgs/msg/detail
[3.559s] -- Installing: /home/habibahassan/project/install/moveit_msgs/include/moveit_msgs/moveit_msgs/msg/detail/link_scale__type_support.c
[3.559s] -- Installing: /home/habibahassan/project/install/moveit_msgs/include/moveit_msgs/moveit_msgs/msg/detail/link_padding__type_support.c
[3.559s] -- Up-to-date: /home/habibahassan/project/install/moveit_msgs/include/moveit_msgs/moveit_msgs/msg/detail/constraints__rosidl_typesupport_introspection_c.h
[3.575s] -- Installing: /home/habibahassan/project/install/moveit_msgs/include/moveit_msgs/moveit_msgs/msg/detail/workspace_parameters__type_support.c
[3.575s] -- Installing: /home/habibahassan/project/install/moveit_msgs/include/moveit_msgs/moveit_msgs/msg/detail/attached_collision_object__type_support.c
[3.575s] -- Installing: /home/habibahassan/project/install/moveit_msgs/include/moveit_msgs/moveit_msgs/msg/detail/cost_source__type_support.c
[3.576s] -- Up-to-date: /home/habibahassan/project/install/moveit_msgs/include/moveit_msgs/moveit_msgs/msg/detail/pipeline_state__rosidl_typesupport_introspection_c.h
[3.576s] -- Installing: /home/habibahassan/project/install/moveit_msgs/include/moveit_msgs/moveit_msgs/msg/detail/planning_scene__type_support.c
[3.576s] -- Installing: /home/habibahassan/project/install/moveit_msgs/include/moveit_msgs/moveit_msgs/msg/detail/cartesian_trajectory_point__type_support.c
[3.576s] -- Up-to-date: /home/habibahassan/project/install/moveit_msgs/include/moveit_msgs/moveit_msgs/msg/detail/attached_collision_object__rosidl_typesupport_introspection_c.h
[3.576s] -- Up-to-date: /home/habibahassan/project/install/moveit_msgs/include/moveit_msgs/moveit_msgs/msg/detail/planning_scene__rosidl_typesupport_introspection_c.h
[3.576s] -- Up-to-date: /home/habibahassan/project/install/moveit_msgs/include/moveit_msgs/moveit_msgs/msg/detail/cartesian_trajectory_point__rosidl_typesupport_introspection_c.h
[3.578s] -- Up-to-date: /home/habibahassan/project/install/moveit_msgs/include/moveit_msgs/moveit_msgs/msg/detail/motion_sequence_request__rosidl_typesupport_introspection_c.h
[3.578s] -- Installing: /home/habibahassan/project/install/moveit_msgs/include/moveit_msgs/moveit_msgs/msg/detail/generic_trajectory__type_support.c
[3.578s] -- Installing: /home/habibahassan/project/install/moveit_msgs/include/moveit_msgs/moveit_msgs/msg/detail/gripper_translation__type_support.c
[3.578s] -- Installing: /home/habibahassan/project/install/moveit_msgs/include/moveit_msgs/moveit_msgs/msg/detail/visibility_constraint__type_support.c
[3.578s] -- Up-to-date: /home/habibahassan/project/install/moveit_msgs/include/moveit_msgs/moveit_msgs/msg/detail/cost_source__rosidl_typesupport_introspection_c.h
[3.578s] -- Installing: /home/habibahassan/project/install/moveit_msgs/include/moveit_msgs/moveit_msgs/msg/detail/pipeline_state__type_support.c
[3.579s] -- Installing: /home/habibahassan/project/install/moveit_msgs/include/moveit_msgs/moveit_msgs/msg/detail/display_robot_state__type_support.c
[3.579s] -- Installing: /home/habibahassan/project/install/moveit_msgs/include/moveit_msgs/moveit_msgs/msg/detail/motion_plan_response__type_support.c
[3.579s] -- Installing: /home/habibahassan/project/install/moveit_msgs/include/moveit_msgs/moveit_msgs/msg/detail/allowed_collision_matrix__type_support.c
[3.579s] -- Up-to-date: /home/habibahassan/project/install/moveit_msgs/include/moveit_msgs/moveit_msgs/msg/detail/planning_options__rosidl_typesupport_introspection_c.h
[3.579s] -- Up-to-date: /home/habibahassan/project/install/moveit_msgs/include/moveit_msgs/moveit_msgs/msg/detail/allowed_collision_matrix__rosidl_typesupport_introspection_c.h
[3.580s] -- Up-to-date: /home/habibahassan/project/install/moveit_msgs/include/moveit_msgs/moveit_msgs/msg/detail/link_padding__rosidl_typesupport_introspection_c.h
[3.580s] -- Up-to-date: /home/habibahassan/project/install/moveit_msgs/include/moveit_msgs/moveit_msgs/msg/detail/motion_sequence_item__rosidl_typesupport_introspection_c.h
[3.580s] -- Installing: /home/habibahassan/project/install/moveit_msgs/include/moveit_msgs/moveit_msgs/msg/detail/place_location__type_support.c
[3.580s] -- Installing: /home/habibahassan/project/install/moveit_msgs/include/moveit_msgs/moveit_msgs/msg/detail/motion_sequence_request__type_support.c
[3.581s] -- Up-to-date: /home/habibahassan/project/install/moveit_msgs/include/moveit_msgs/moveit_msgs/msg/detail/robot_state__rosidl_typesupport_introspection_c.h
[3.583s] -- Installing: /home/habibahassan/project/install/moveit_msgs/include/moveit_msgs/moveit_msgs/msg/detail/object_color__type_support.c
[3.583s] -- Up-to-date: /home/habibahassan/project/install/moveit_msgs/include/moveit_msgs/moveit_msgs/msg/detail/contact_information__rosidl_typesupport_introspection_c.h
[3.584s] -- Up-to-date: /home/habibahassan/project/install/moveit_msgs/include/moveit_msgs/moveit_msgs/msg/detail/constraint_eval_result__rosidl_typesupport_introspection_c.h
[3.585s] -- Up-to-date: /home/habibahassan/project/install/moveit_msgs/include/moveit_msgs/moveit_msgs/msg/detail/motion_plan_detailed_response__rosidl_typesupport_introspection_c.h
[3.588s] -- Up-to-date: /home/habibahassan/project/install/moveit_msgs/include/moveit_msgs/moveit_msgs/msg/detail/planner_params__rosidl_typesupport_introspection_c.h
[3.588s] -- Up-to-date: /home/habibahassan/project/install/moveit_msgs/include/moveit_msgs/moveit_msgs/msg/detail/planner_interface_description__rosidl_typesupport_introspection_c.h
[3.588s] -- Installing: /home/habibahassan/project/install/moveit_msgs/include/moveit_msgs/moveit_msgs/msg/detail/constraints__type_support.c
[3.588s] -- Installing: /home/habibahassan/project/install/moveit_msgs/include/moveit_msgs/moveit_msgs/msg/detail/planner_params__type_support.c
[3.588s] -- Up-to-date: /home/habibahassan/project/install/moveit_msgs/include/moveit_msgs/moveit_msgs/msg/detail/motion_plan_response__rosidl_typesupport_introspection_c.h
[3.588s] -- Installing: /home/habibahassan/project/install/moveit_msgs/include/moveit_msgs/moveit_msgs/msg/detail/bounding_volume__type_support.c
[3.589s] -- Up-to-date: /home/habibahassan/project/install/moveit_msgs/include/moveit_msgs/moveit_msgs/msg/detail/generic_trajectory__rosidl_typesupport_introspection_c.h
[3.589s] -- Up-to-date: /home/habibahassan/project/install/moveit_msgs/include/moveit_msgs/moveit_msgs/msg/detail/place_location__rosidl_typesupport_introspection_c.h
[3.589s] -- Installing: /home/habibahassan/project/install/moveit_msgs/include/moveit_msgs/moveit_msgs/msg/detail/planning_options__type_support.c
[3.589s] -- Up-to-date: /home/habibahassan/project/install/moveit_msgs/include/moveit_msgs/moveit_msgs/msg/detail/gripper_translation__rosidl_typesupport_introspection_c.h
[3.589s] -- Installing: /home/habibahassan/project/install/moveit_msgs/include/moveit_msgs/moveit_msgs/msg/detail/contact_information__type_support.c
[3.589s] -- Installing: /home/habibahassan/project/install/moveit_msgs/include/moveit_msgs/moveit_msgs/msg/detail/planning_scene_components__type_support.c
[3.590s] -- Up-to-date: /home/habibahassan/project/install/moveit_msgs/include/moveit_msgs/moveit_msgs/msg/detail/servo_status__rosidl_typesupport_introspection_c.h
[3.590s] -- Up-to-date: /home/habibahassan/project/install/moveit_msgs/include/moveit_msgs/moveit_msgs/msg/detail/robot_trajectory__rosidl_typesupport_introspection_c.h
[3.590s] -- Installing: /home/habibahassan/project/install/moveit_msgs/include/moveit_msgs/moveit_msgs/msg/detail/trajectory_constraints__type_support.c
[3.590s] -- Up-to-date: /home/habibahassan/project/install/moveit_msgs/include/moveit_msgs/moveit_msgs/msg/detail/motion_sequence_response__rosidl_typesupport_introspection_c.h
[3.590s] -- Up-to-date: /home/habibahassan/project/install/moveit_msgs/include/moveit_msgs/moveit_msgs/msg/detail/motion_plan_request__rosidl_typesupport_introspection_c.h
[3.590s] -- Installing: /home/habibahassan/project/install/moveit_msgs/include/moveit_msgs/moveit_msgs/msg/detail/motion_sequence_response__type_support.c
[3.590s] -- Installing: /home/habibahassan/project/install/moveit_msgs/include/moveit_msgs/moveit_msgs/msg/detail/motion_sequence_item__type_support.c
[3.591s] -- Installing: /home/habibahassan/project/install/moveit_msgs/include/moveit_msgs/moveit_msgs/msg/detail/oriented_bounding_box__type_support.c
[3.591s] -- Installing: /home/habibahassan/project/install/moveit_msgs/include/moveit_msgs/moveit_msgs/msg/detail/allowed_collision_entry__type_support.c
[3.611s] -- Up-to-date: /home/habibahassan/project/install/moveit_msgs/include/moveit_msgs/moveit_msgs/msg/detail/allowed_collision_entry__rosidl_typesupport_introspection_c.h
[3.611s] -- Up-to-date: /home/habibahassan/project/install/moveit_msgs/include/moveit_msgs/moveit_msgs/msg/detail/workspace_parameters__rosidl_typesupport_introspection_c.h
[3.611s] -- Installing: /home/habibahassan/project/install/moveit_msgs/include/moveit_msgs/moveit_msgs/msg/detail/orientation_constraint__type_support.c
[3.612s] -- Installing: /home/habibahassan/project/install/moveit_msgs/include/moveit_msgs/moveit_msgs/msg/detail/move_it_error_codes__type_support.c
[3.612s] -- Up-to-date: /home/habibahassan/project/install/moveit_msgs/include/moveit_msgs/moveit_msgs/msg/detail/cartesian_point__rosidl_typesupport_introspection_c.h
[3.612s] -- Installing: /home/habibahassan/project/install/moveit_msgs/include/moveit_msgs/moveit_msgs/msg/detail/joint_constraint__type_support.c
[3.612s] -- Up-to-date: /home/habibahassan/project/install/moveit_msgs/include/moveit_msgs/moveit_msgs/msg/detail/collision_object__rosidl_typesupport_introspection_c.h
[3.612s] -- Up-to-date: /home/habibahassan/project/install/moveit_msgs/include/moveit_msgs/moveit_msgs/msg/detail/bounding_volume__rosidl_typesupport_introspection_c.h
[3.612s] -- Up-to-date: /home/habibahassan/project/install/moveit_msgs/include/moveit_msgs/moveit_msgs/msg/detail/object_color__rosidl_typesupport_introspection_c.h
[3.613s] -- Up-to-date: /home/habibahassan/project/install/moveit_msgs/include/moveit_msgs/moveit_msgs/msg/detail/planning_scene_world__rosidl_typesupport_introspection_c.h
[3.613s] -- Installing: /home/habibahassan/project/install/moveit_msgs/include/moveit_msgs/moveit_msgs/msg/detail/kinematic_solver_info__type_support.c
[3.613s] -- Installing: /home/habibahassan/project/install/moveit_msgs/include/moveit_msgs/moveit_msgs/msg/detail/planner_interface_description__type_support.c
[3.613s] -- Installing: /home/habibahassan/project/install/moveit_msgs/include/moveit_msgs/moveit_msgs/msg/detail/robot_state__type_support.c
[3.613s] -- Up-to-date: /home/habibahassan/project/install/moveit_msgs/include/moveit_msgs/moveit_msgs/msg/detail/planning_scene_components__rosidl_typesupport_introspection_c.h
[3.613s] -- Installing: /home/habibahassan/project/install/moveit_msgs/include/moveit_msgs/moveit_msgs/msg/detail/joint_limits__type_support.c
[3.614s] -- Up-to-date: /home/habibahassan/project/install/moveit_msgs/include/moveit_msgs/moveit_msgs/msg/detail/orientation_constraint__rosidl_typesupport_introspection_c.h
[3.614s] -- Up-to-date: /home/habibahassan/project/install/moveit_msgs/include/moveit_msgs/moveit_msgs/msg/detail/position_ik_request__rosidl_typesupport_introspection_c.h
[3.614s] -- Up-to-date: /home/habibahassan/project/install/moveit_msgs/include/moveit_msgs/moveit_msgs/msg/detail/visibility_constraint__rosidl_typesupport_introspection_c.h
[3.614s] -- Installing: /home/habibahassan/project/install/moveit_msgs/include/moveit_msgs/moveit_msgs/msg/detail/robot_trajectory__type_support.c
[3.614s] -- Installing: /home/habibahassan/project/install/moveit_msgs/include/moveit_msgs/moveit_msgs/msg/detail/servo_status__type_support.c
[3.615s] -- Installing: /home/habibahassan/project/install/moveit_msgs/include/moveit_msgs/moveit_msgs/msg/detail/cartesian_point__type_support.c
[3.615s] -- Up-to-date: /home/habibahassan/project/install/moveit_msgs/include/moveit_msgs/moveit_msgs/msg/detail/joint_constraint__rosidl_typesupport_introspection_c.h
[3.615s] -- Installing: /home/habibahassan/project/install/moveit_msgs/include/moveit_msgs/moveit_msgs/msg/detail/collision_object__type_support.c
[3.615s] -- Installing: /home/habibahassan/project/install/moveit_msgs/include/moveit_msgs/moveit_msgs/msg/detail/grasp__type_support.c
[3.615s] -- Installing: /home/habibahassan/project/install/moveit_msgs/include/moveit_msgs/moveit_msgs/msg/detail/motion_plan_detailed_response__type_support.c
[3.616s] -- Up-to-date: /home/habibahassan/project/install/moveit_msgs/include/moveit_msgs/moveit_msgs/msg/detail/display_trajectory__rosidl_typesupport_introspection_c.h
[3.616s] -- Installing: /home/habibahassan/project/install/moveit_msgs/include/moveit_msgs/moveit_msgs/msg/detail/constraint_eval_result__type_support.c
[3.616s] -- Installing: /home/habibahassan/project/install/moveit_msgs/include/moveit_msgs/moveit_msgs/msg/detail/cartesian_trajectory__type_support.c
[3.616s] -- Up-to-date: /home/habibahassan/project/install/moveit_msgs/include/moveit_msgs/moveit_msgs/msg/detail/kinematic_solver_info__rosidl_typesupport_introspection_c.h
[3.617s] -- Up-to-date: /home/habibahassan/project/install/moveit_msgs/include/moveit_msgs/moveit_msgs/msg/detail/cartesian_trajectory__rosidl_typesupport_introspection_c.h
[3.617s] -- Up-to-date: /home/habibahassan/project/install/moveit_msgs/include/moveit_msgs/moveit_msgs/msg/detail/joint_limits__rosidl_typesupport_introspection_c.h
[3.617s] -- Up-to-date: /home/habibahassan/project/install/moveit_msgs/include/moveit_msgs/moveit_msgs/msg/detail/display_robot_state__rosidl_typesupport_introspection_c.h
[3.617s] -- Up-to-date: /home/habibahassan/project/install/moveit_msgs/include/moveit_msgs/moveit_msgs/msg/detail/position_constraint__rosidl_typesupport_introspection_c.h
[3.617s] -- Installing: /home/habibahassan/project/install/moveit_msgs/include/moveit_msgs/moveit_msgs/msg/detail/position_ik_request__type_support.c
[3.617s] -- Installing: /home/habibahassan/project/install/moveit_msgs/include/moveit_msgs/moveit_msgs/msg/detail/display_trajectory__type_support.c
[3.618s] -- Up-to-date: /home/habibahassan/project/install/moveit_msgs/include/moveit_msgs/moveit_msgs/msg/detail/grasp__rosidl_typesupport_introspection_c.h
[3.618s] -- Installing: /home/habibahassan/project/install/moveit_msgs/include/moveit_msgs/moveit_msgs/msg/detail/position_constraint__type_support.c
[3.618s] -- Up-to-date: /home/habibahassan/project/install/moveit_msgs/include/moveit_msgs/moveit_msgs/msg/detail/link_scale__rosidl_typesupport_introspection_c.h
[3.618s] -- Up-to-date: /home/habibahassan/project/install/moveit_msgs/include/moveit_msgs/moveit_msgs/msg/detail/trajectory_constraints__rosidl_typesupport_introspection_c.h
[3.619s] -- Installing: /home/habibahassan/project/install/moveit_msgs/include/moveit_msgs/moveit_msgs/msg/detail/motion_plan_request__type_support.c
[3.619s] -- Up-to-date: /home/habibahassan/project/install/moveit_msgs/include/moveit_msgs/moveit_msgs/msg/detail/move_it_error_codes__rosidl_typesupport_introspection_c.h
[3.619s] -- Up-to-date: /home/habibahassan/project/install/moveit_msgs/include/moveit_msgs/moveit_msgs/msg/detail/oriented_bounding_box__rosidl_typesupport_introspection_c.h
[3.619s] -- Installing: /home/habibahassan/project/install/moveit_msgs/include/moveit_msgs/moveit_msgs/msg/detail/planning_scene_world__type_support.c
[3.620s] -- Up-to-date: /home/habibahassan/project/install/moveit_msgs/include/moveit_msgs/moveit_msgs/msg/rosidl_typesupport_introspection_c__visibility_control.h
[3.620s] -- Up-to-date: /home/habibahassan/project/install/moveit_msgs/lib/libmoveit_msgs__rosidl_typesupport_introspection_c.so
[3.620s] -- Up-to-date: /home/habibahassan/project/install/moveit_msgs/lib/libmoveit_msgs__rosidl_typesupport_c.so
[3.622s] -- Up-to-date: /home/habibahassan/project/install/moveit_msgs/include/moveit_msgs/moveit_msgs
[3.622s] -- Up-to-date: /home/habibahassan/project/install/moveit_msgs/include/moveit_msgs/moveit_msgs/srv
[3.623s] -- Up-to-date: /home/habibahassan/project/install/moveit_msgs/include/moveit_msgs/moveit_msgs/srv/grasp_planning.hpp
[3.624s] -- Up-to-date: /home/habibahassan/project/install/moveit_msgs/include/moveit_msgs/moveit_msgs/srv/check_if_robot_state_exists_in_warehouse.hpp
[3.624s] -- Up-to-date: /home/habibahassan/project/install/moveit_msgs/include/moveit_msgs/moveit_msgs/srv/save_geometry_to_file.hpp
[3.625s] -- Up-to-date: /home/habibahassan/project/install/moveit_msgs/include/moveit_msgs/moveit_msgs/srv/get_planner_params.hpp
[3.625s] -- Up-to-date: /home/habibahassan/project/install/moveit_msgs/include/moveit_msgs/moveit_msgs/srv/get_robot_state_from_warehouse.hpp
[3.625s] -- Up-to-date: /home/habibahassan/project/install/moveit_msgs/include/moveit_msgs/moveit_msgs/srv/apply_planning_scene.hpp
[3.625s] -- Up-to-date: /home/habibahassan/project/install/moveit_msgs/include/moveit_msgs/moveit_msgs/srv/load_geometry_from_file.hpp
[3.625s] -- Up-to-date: /home/habibahassan/project/install/moveit_msgs/include/moveit_msgs/moveit_msgs/srv/get_motion_plan.hpp
[3.626s] -- Up-to-date: /home/habibahassan/project/install/moveit_msgs/include/moveit_msgs/moveit_msgs/srv/get_group_urdf.hpp
[3.631s] -- Up-to-date: /home/habibahassan/project/install/moveit_msgs/include/moveit_msgs/moveit_msgs/srv/save_map.hpp
[3.631s] -- Up-to-date: /home/habibahassan/project/install/moveit_msgs/include/moveit_msgs/moveit_msgs/srv/get_planning_scene.hpp
[3.632s] -- Up-to-date: /home/habibahassan/project/install/moveit_msgs/include/moveit_msgs/moveit_msgs/srv/load_map.hpp
[3.632s] -- Up-to-date: /home/habibahassan/project/install/moveit_msgs/include/moveit_msgs/moveit_msgs/srv/update_pointcloud_octomap.hpp
[3.632s] -- Up-to-date: /home/habibahassan/project/install/moveit_msgs/include/moveit_msgs/moveit_msgs/srv/servo_command_type.hpp
[3.632s] -- Up-to-date: /home/habibahassan/project/install/moveit_msgs/include/moveit_msgs/moveit_msgs/srv/get_state_validity.hpp
[3.632s] -- Up-to-date: /home/habibahassan/project/install/moveit_msgs/include/moveit_msgs/moveit_msgs/srv/get_position_fk.hpp
[3.633s] -- Up-to-date: /home/habibahassan/project/install/moveit_msgs/include/moveit_msgs/moveit_msgs/srv/get_cartesian_path.hpp
[3.633s] -- Up-to-date: /home/habibahassan/project/install/moveit_msgs/include/moveit_msgs/moveit_msgs/srv/save_robot_state_to_warehouse.hpp
[3.633s] -- Up-to-date: /home/habibahassan/project/install/moveit_msgs/include/moveit_msgs/moveit_msgs/srv/detail
[3.633s] -- Up-to-date: /home/habibahassan/project/install/moveit_msgs/include/moveit_msgs/moveit_msgs/srv/detail/get_motion_sequence__struct.hpp
[3.634s] -- Up-to-date: /home/habibahassan/project/install/moveit_msgs/include/moveit_msgs/moveit_msgs/srv/detail/get_state_validity__traits.hpp
[3.634s] -- Up-to-date: /home/habibahassan/project/install/moveit_msgs/include/moveit_msgs/moveit_msgs/srv/detail/get_robot_state_from_warehouse__traits.hpp
[3.634s] -- Up-to-date: /home/habibahassan/project/install/moveit_msgs/include/moveit_msgs/moveit_msgs/srv/detail/save_map__struct.hpp
[3.649s] -- Up-to-date: /home/habibahassan/project/install/moveit_msgs/include/moveit_msgs/moveit_msgs/srv/detail/apply_planning_scene__type_support.hpp
[3.649s] -- Up-to-date: /home/habibahassan/project/install/moveit_msgs/include/moveit_msgs/moveit_msgs/srv/detail/load_geometry_from_file__struct.hpp
[3.649s] -- Up-to-date: /home/habibahassan/project/install/moveit_msgs/include/moveit_msgs/moveit_msgs/srv/detail/get_motion_sequence__traits.hpp
[3.659s] -- Up-to-date: /home/habibahassan/project/install/moveit_msgs/include/moveit_msgs/moveit_msgs/srv/detail/grasp_planning__traits.hpp
[3.660s] -- Up-to-date: /home/habibahassan/project/install/moveit_msgs/include/moveit_msgs/moveit_msgs/srv/detail/list_robot_states_in_warehouse__builder.hpp
[3.660s] -- Up-to-date: /home/habibahassan/project/install/moveit_msgs/include/moveit_msgs/moveit_msgs/srv/detail/get_state_validity__type_support.hpp
[3.660s] -- Up-to-date: /home/habibahassan/project/install/moveit_msgs/include/moveit_msgs/moveit_msgs/srv/detail/set_planner_params__traits.hpp
[3.661s] -- Up-to-date: /home/habibahassan/project/install/moveit_msgs/include/moveit_msgs/moveit_msgs/srv/detail/get_cartesian_path__type_support.hpp
[3.661s] -- Up-to-date: /home/habibahassan/project/install/moveit_msgs/include/moveit_msgs/moveit_msgs/srv/detail/update_pointcloud_octomap__type_support.hpp
[3.662s] -- Up-to-date: /home/habibahassan/project/install/moveit_msgs/include/moveit_msgs/moveit_msgs/srv/detail/servo_command_type__traits.hpp
[3.662s] -- Up-to-date: /home/habibahassan/project/install/moveit_msgs/include/moveit_msgs/moveit_msgs/srv/detail/save_geometry_to_file__builder.hpp
[3.662s] -- Up-to-date: /home/habibahassan/project/install/moveit_msgs/include/moveit_msgs/moveit_msgs/srv/detail/delete_robot_state_from_warehouse__builder.hpp
[3.662s] -- Up-to-date: /home/habibahassan/project/install/moveit_msgs/include/moveit_msgs/moveit_msgs/srv/detail/servo_command_type__builder.hpp
[3.662s] -- Up-to-date: /home/habibahassan/project/install/moveit_msgs/include/moveit_msgs/moveit_msgs/srv/detail/get_group_urdf__type_support.hpp
[3.663s] -- Up-to-date: /home/habibahassan/project/install/moveit_msgs/include/moveit_msgs/moveit_msgs/srv/detail/update_pointcloud_octomap__traits.hpp
[3.663s] -- Up-to-date: /home/habibahassan/project/install/moveit_msgs/include/moveit_msgs/moveit_msgs/srv/detail/check_if_robot_state_exists_in_warehouse__struct.hpp
[3.663s] -- Up-to-date: /home/habibahassan/project/install/moveit_msgs/include/moveit_msgs/moveit_msgs/srv/detail/update_pointcloud_octomap__builder.hpp
[3.663s] -- Up-to-date: /home/habibahassan/project/install/moveit_msgs/include/moveit_msgs/moveit_msgs/srv/detail/get_state_validity__struct.hpp
[3.663s] -- Up-to-date: /home/habibahassan/project/install/moveit_msgs/include/moveit_msgs/moveit_msgs/srv/detail/get_position_ik__builder.hpp
[3.663s] -- Up-to-date: /home/habibahassan/project/install/moveit_msgs/include/moveit_msgs/moveit_msgs/srv/detail/query_planner_interfaces__struct.hpp
[3.665s] -- Up-to-date: /home/habibahassan/project/install/moveit_msgs/include/moveit_msgs/moveit_msgs/srv/detail/get_motion_sequence__builder.hpp
[3.666s] -- Up-to-date: /home/habibahassan/project/install/moveit_msgs/include/moveit_msgs/moveit_msgs/srv/detail/load_map__builder.hpp
[3.666s] -- Up-to-date: /home/habibahassan/project/install/moveit_msgs/include/moveit_msgs/moveit_msgs/srv/detail/delete_robot_state_from_warehouse__traits.hpp
[3.667s] -- Up-to-date: /home/habibahassan/project/install/moveit_msgs/include/moveit_msgs/moveit_msgs/srv/detail/get_motion_plan__struct.hpp
[3.668s] -- Up-to-date: /home/habibahassan/project/install/moveit_msgs/include/moveit_msgs/moveit_msgs/srv/detail/check_if_robot_state_exists_in_warehouse__type_support.hpp
[3.674s] -- Up-to-date: /home/habibahassan/project/install/moveit_msgs/include/moveit_msgs/moveit_msgs/srv/detail/get_position_fk__traits.hpp
[3.675s] -- Up-to-date: /home/habibahassan/project/install/moveit_msgs/include/moveit_msgs/moveit_msgs/srv/detail/get_planner_params__struct.hpp
[3.679s] -- Up-to-date: /home/habibahassan/project/install/moveit_msgs/include/moveit_msgs/moveit_msgs/srv/detail/grasp_planning__builder.hpp
[3.679s] -- Up-to-date: /home/habibahassan/project/install/moveit_msgs/include/moveit_msgs/moveit_msgs/srv/detail/save_map__builder.hpp
[3.679s] -- Up-to-date: /home/habibahassan/project/install/moveit_msgs/include/moveit_msgs/moveit_msgs/srv/detail/get_motion_sequence__type_support.hpp
[3.680s] -- Up-to-date: /home/habibahassan/project/install/moveit_msgs/include/moveit_msgs/moveit_msgs/srv/detail/get_position_fk__builder.hpp
[3.680s] -- Up-to-date: /home/habibahassan/project/install/moveit_msgs/include/moveit_msgs/moveit_msgs/srv/detail/grasp_planning__type_support.hpp
[3.680s] -- Up-to-date: /home/habibahassan/project/install/moveit_msgs/include/moveit_msgs/moveit_msgs/srv/detail/get_planning_scene__builder.hpp
[3.680s] -- Up-to-date: /home/habibahassan/project/install/moveit_msgs/include/moveit_msgs/moveit_msgs/srv/detail/get_group_urdf__struct.hpp
[3.680s] -- Up-to-date: /home/habibahassan/project/install/moveit_msgs/include/moveit_msgs/moveit_msgs/srv/detail/get_cartesian_path__struct.hpp
[3.680s] -- Up-to-date: /home/habibahassan/project/install/moveit_msgs/include/moveit_msgs/moveit_msgs/srv/detail/load_geometry_from_file__builder.hpp
[3.680s] -- Up-to-date: /home/habibahassan/project/install/moveit_msgs/include/moveit_msgs/moveit_msgs/srv/detail/load_map__type_support.hpp
[3.681s] -- Up-to-date: /home/habibahassan/project/install/moveit_msgs/include/moveit_msgs/moveit_msgs/srv/detail/save_robot_state_to_warehouse__struct.hpp
[3.681s] -- Up-to-date: /home/habibahassan/project/install/moveit_msgs/include/moveit_msgs/moveit_msgs/srv/detail/get_position_fk__type_support.hpp
[3.681s] -- Up-to-date: /home/habibahassan/project/install/moveit_msgs/include/moveit_msgs/moveit_msgs/srv/detail/load_map__struct.hpp
[3.681s] -- Up-to-date: /home/habibahassan/project/install/moveit_msgs/include/moveit_msgs/moveit_msgs/srv/detail/load_map__traits.hpp
[3.681s] -- Up-to-date: /home/habibahassan/project/install/moveit_msgs/include/moveit_msgs/moveit_msgs/srv/detail/set_planner_params__builder.hpp
[3.681s] -- Up-to-date: /home/habibahassan/project/install/moveit_msgs/include/moveit_msgs/moveit_msgs/srv/detail/load_geometry_from_file__type_support.hpp
[3.682s] -- Up-to-date: /home/habibahassan/project/install/moveit_msgs/include/moveit_msgs/moveit_msgs/srv/detail/query_planner_interfaces__traits.hpp
[3.682s] -- Up-to-date: /home/habibahassan/project/install/moveit_msgs/include/moveit_msgs/moveit_msgs/srv/detail/rename_robot_state_in_warehouse__builder.hpp
[3.682s] -- Up-to-date: /home/habibahassan/project/install/moveit_msgs/include/moveit_msgs/moveit_msgs/srv/detail/get_group_urdf__traits.hpp
[3.682s] -- Up-to-date: /home/habibahassan/project/install/moveit_msgs/include/moveit_msgs/moveit_msgs/srv/detail/get_position_fk__struct.hpp
[3.682s] -- Up-to-date: /home/habibahassan/project/install/moveit_msgs/include/moveit_msgs/moveit_msgs/srv/detail/apply_planning_scene__struct.hpp
[3.682s] -- Up-to-date: /home/habibahassan/project/install/moveit_msgs/include/moveit_msgs/moveit_msgs/srv/detail/get_planner_params__traits.hpp
[3.683s] -- Up-to-date: /home/habibahassan/project/install/moveit_msgs/include/moveit_msgs/moveit_msgs/srv/detail/get_planner_params__builder.hpp
[3.683s] -- Up-to-date: /home/habibahassan/project/install/moveit_msgs/include/moveit_msgs/moveit_msgs/srv/detail/grasp_planning__struct.hpp
[3.683s] -- Up-to-date: /home/habibahassan/project/install/moveit_msgs/include/moveit_msgs/moveit_msgs/srv/detail/get_robot_state_from_warehouse__builder.hpp
[3.683s] -- Up-to-date: /home/habibahassan/project/install/moveit_msgs/include/moveit_msgs/moveit_msgs/srv/detail/get_group_urdf__builder.hpp
[3.683s] -- Up-to-date: /home/habibahassan/project/install/moveit_msgs/include/moveit_msgs/moveit_msgs/srv/detail/check_if_robot_state_exists_in_warehouse__builder.hpp
[3.683s] -- Up-to-date: /home/habibahassan/project/install/moveit_msgs/include/moveit_msgs/moveit_msgs/srv/detail/get_planning_scene__traits.hpp
[3.684s] -- Up-to-date: /home/habibahassan/project/install/moveit_msgs/include/moveit_msgs/moveit_msgs/srv/detail/apply_planning_scene__builder.hpp
[3.684s] -- Up-to-date: /home/habibahassan/project/install/moveit_msgs/include/moveit_msgs/moveit_msgs/srv/detail/apply_planning_scene__traits.hpp
[3.684s] -- Up-to-date: /home/habibahassan/project/install/moveit_msgs/include/moveit_msgs/moveit_msgs/srv/detail/get_position_ik__struct.hpp
[3.684s] -- Up-to-date: /home/habibahassan/project/install/moveit_msgs/include/moveit_msgs/moveit_msgs/srv/detail/save_map__traits.hpp
[3.684s] -- Up-to-date: /home/habibahassan/project/install/moveit_msgs/include/moveit_msgs/moveit_msgs/srv/detail/get_robot_state_from_warehouse__type_support.hpp
[3.684s] -- Up-to-date: /home/habibahassan/project/install/moveit_msgs/include/moveit_msgs/moveit_msgs/srv/detail/get_cartesian_path__traits.hpp
[3.685s] -- Up-to-date: /home/habibahassan/project/install/moveit_msgs/include/moveit_msgs/moveit_msgs/srv/detail/delete_robot_state_from_warehouse__type_support.hpp
[3.685s] -- Up-to-date: /home/habibahassan/project/install/moveit_msgs/include/moveit_msgs/moveit_msgs/srv/detail/get_robot_state_from_warehouse__struct.hpp
[3.685s] -- Up-to-date: /home/habibahassan/project/install/moveit_msgs/include/moveit_msgs/moveit_msgs/srv/detail/query_planner_interfaces__builder.hpp
[3.685s] -- Up-to-date: /home/habibahassan/project/install/moveit_msgs/include/moveit_msgs/moveit_msgs/srv/detail/save_robot_state_to_warehouse__traits.hpp
[3.686s] -- Up-to-date: /home/habibahassan/project/install/moveit_msgs/include/moveit_msgs/moveit_msgs/srv/detail/get_cartesian_path__builder.hpp
[3.686s] -- Up-to-date: /home/habibahassan/project/install/moveit_msgs/include/moveit_msgs/moveit_msgs/srv/detail/check_if_robot_state_exists_in_warehouse__traits.hpp
[3.686s] -- Up-to-date: /home/habibahassan/project/install/moveit_msgs/include/moveit_msgs/moveit_msgs/srv/detail/save_geometry_to_file__type_support.hpp
[3.686s] -- Up-to-date: /home/habibahassan/project/install/moveit_msgs/include/moveit_msgs/moveit_msgs/srv/detail/save_geometry_to_file__struct.hpp
[3.687s] -- Up-to-date: /home/habibahassan/project/install/moveit_msgs/include/moveit_msgs/moveit_msgs/srv/detail/update_pointcloud_octomap__struct.hpp
[3.687s] -- Up-to-date: /home/habibahassan/project/install/moveit_msgs/include/moveit_msgs/moveit_msgs/srv/detail/save_robot_state_to_warehouse__builder.hpp
[3.687s] -- Up-to-date: /home/habibahassan/project/install/moveit_msgs/include/moveit_msgs/moveit_msgs/srv/detail/list_robot_states_in_warehouse__struct.hpp
[3.688s] -- Up-to-date: /home/habibahassan/project/install/moveit_msgs/include/moveit_msgs/moveit_msgs/srv/detail/rename_robot_state_in_warehouse__traits.hpp
[3.688s] -- Up-to-date: /home/habibahassan/project/install/moveit_msgs/include/moveit_msgs/moveit_msgs/srv/detail/get_motion_plan__builder.hpp
[3.688s] -- Up-to-date: /home/habibahassan/project/install/moveit_msgs/include/moveit_msgs/moveit_msgs/srv/detail/set_planner_params__type_support.hpp
[3.689s] -- Up-to-date: /home/habibahassan/project/install/moveit_msgs/include/moveit_msgs/moveit_msgs/srv/detail/servo_command_type__type_support.hpp
[3.689s] -- Up-to-date: /home/habibahassan/project/install/moveit_msgs/include/moveit_msgs/moveit_msgs/srv/detail/get_position_ik__traits.hpp
[3.689s] -- Up-to-date: /home/habibahassan/project/install/moveit_msgs/include/moveit_msgs/moveit_msgs/srv/detail/list_robot_states_in_warehouse__traits.hpp
[3.689s] -- Up-to-date: /home/habibahassan/project/install/moveit_msgs/include/moveit_msgs/moveit_msgs/srv/detail/delete_robot_state_from_warehouse__struct.hpp
[3.690s] -- Up-to-date: /home/habibahassan/project/install/moveit_msgs/include/moveit_msgs/moveit_msgs/srv/detail/load_geometry_from_file__traits.hpp
[3.690s] -- Up-to-date: /home/habibahassan/project/install/moveit_msgs/include/moveit_msgs/moveit_msgs/srv/detail/servo_command_type__struct.hpp
[3.690s] -- Up-to-date: /home/habibahassan/project/install/moveit_msgs/include/moveit_msgs/moveit_msgs/srv/detail/get_planning_scene__struct.hpp
[3.690s] -- Up-to-date: /home/habibahassan/project/install/moveit_msgs/include/moveit_msgs/moveit_msgs/srv/detail/set_planner_params__struct.hpp
[3.691s] -- Up-to-date: /home/habibahassan/project/install/moveit_msgs/include/moveit_msgs/moveit_msgs/srv/detail/get_state_validity__builder.hpp
[3.691s] -- Up-to-date: /home/habibahassan/project/install/moveit_msgs/include/moveit_msgs/moveit_msgs/srv/detail/rename_robot_state_in_warehouse__type_support.hpp
[3.691s] -- Up-to-date: /home/habibahassan/project/install/moveit_msgs/include/moveit_msgs/moveit_msgs/srv/detail/get_planning_scene__type_support.hpp
[3.692s] -- Up-to-date: /home/habibahassan/project/install/moveit_msgs/include/moveit_msgs/moveit_msgs/srv/detail/get_motion_plan__traits.hpp
[3.692s] -- Up-to-date: /home/habibahassan/project/install/moveit_msgs/include/moveit_msgs/moveit_msgs/srv/detail/get_motion_plan__type_support.hpp
[3.692s] -- Up-to-date: /home/habibahassan/project/install/moveit_msgs/include/moveit_msgs/moveit_msgs/srv/detail/get_planner_params__type_support.hpp
[3.692s] -- Up-to-date: /home/habibahassan/project/install/moveit_msgs/include/moveit_msgs/moveit_msgs/srv/detail/save_robot_state_to_warehouse__type_support.hpp
[3.693s] -- Up-to-date: /home/habibahassan/project/install/moveit_msgs/include/moveit_msgs/moveit_msgs/srv/detail/rename_robot_state_in_warehouse__struct.hpp
[3.693s] -- Up-to-date: /home/habibahassan/project/install/moveit_msgs/include/moveit_msgs/moveit_msgs/srv/detail/query_planner_interfaces__type_support.hpp
[3.693s] -- Up-to-date: /home/habibahassan/project/install/moveit_msgs/include/moveit_msgs/moveit_msgs/srv/detail/save_map__type_support.hpp
[3.693s] -- Up-to-date: /home/habibahassan/project/install/moveit_msgs/include/moveit_msgs/moveit_msgs/srv/detail/save_geometry_to_file__traits.hpp
[3.694s] -- Up-to-date: /home/habibahassan/project/install/moveit_msgs/include/moveit_msgs/moveit_msgs/srv/detail/list_robot_states_in_warehouse__type_support.hpp
[3.694s] -- Up-to-date: /home/habibahassan/project/install/moveit_msgs/include/moveit_msgs/moveit_msgs/srv/detail/get_position_ik__type_support.hpp
[3.694s] -- Up-to-date: /home/habibahassan/project/install/moveit_msgs/include/moveit_msgs/moveit_msgs/srv/list_robot_states_in_warehouse.hpp
[3.694s] -- Up-to-date: /home/habibahassan/project/install/moveit_msgs/include/moveit_msgs/moveit_msgs/srv/rename_robot_state_in_warehouse.hpp
[3.694s] -- Up-to-date: /home/habibahassan/project/install/moveit_msgs/include/moveit_msgs/moveit_msgs/srv/get_position_ik.hpp
[3.695s] -- Up-to-date: /home/habibahassan/project/install/moveit_msgs/include/moveit_msgs/moveit_msgs/srv/query_planner_interfaces.hpp
[3.695s] -- Up-to-date: /home/habibahassan/project/install/moveit_msgs/include/moveit_msgs/moveit_msgs/srv/delete_robot_state_from_warehouse.hpp
[3.720s] -- Up-to-date: /home/habibahassan/project/install/moveit_msgs/include/moveit_msgs/moveit_msgs/srv/set_planner_params.hpp
[3.720s] -- Up-to-date: /home/habibahassan/project/install/moveit_msgs/include/moveit_msgs/moveit_msgs/srv/get_motion_sequence.hpp
[3.720s] -- Up-to-date: /home/habibahassan/project/install/moveit_msgs/include/moveit_msgs/moveit_msgs/action
[3.720s] -- Up-to-date: /home/habibahassan/project/install/moveit_msgs/include/moveit_msgs/moveit_msgs/action/global_planner.hpp
[3.721s] -- Up-to-date: /home/habibahassan/project/install/moveit_msgs/include/moveit_msgs/moveit_msgs/action/place.hpp
[3.721s] -- Up-to-date: /home/habibahassan/project/install/moveit_msgs/include/moveit_msgs/moveit_msgs/action/local_planner.hpp
[3.721s] -- Up-to-date: /home/habibahassan/project/install/moveit_msgs/include/moveit_msgs/moveit_msgs/action/hybrid_planner.hpp
[3.721s] -- Up-to-date: /home/habibahassan/project/install/moveit_msgs/include/moveit_msgs/moveit_msgs/action/move_group.hpp
[3.722s] -- Up-to-date: /home/habibahassan/project/install/moveit_msgs/include/moveit_msgs/moveit_msgs/action/execute_trajectory.hpp
[3.722s] -- Up-to-date: /home/habibahassan/project/install/moveit_msgs/include/moveit_msgs/moveit_msgs/action/pickup.hpp
[3.722s] -- Up-to-date: /home/habibahassan/project/install/moveit_msgs/include/moveit_msgs/moveit_msgs/action/detail
[3.722s] -- Up-to-date: /home/habibahassan/project/install/moveit_msgs/include/moveit_msgs/moveit_msgs/action/detail/place__struct.hpp
[3.723s] -- Up-to-date: /home/habibahassan/project/install/moveit_msgs/include/moveit_msgs/moveit_msgs/action/detail/move_group_sequence__builder.hpp
[3.723s] -- Up-to-date: /home/habibahassan/project/install/moveit_msgs/include/moveit_msgs/moveit_msgs/action/detail/hybrid_planner__builder.hpp
[3.723s] -- Up-to-date: /home/habibahassan/project/install/moveit_msgs/include/moveit_msgs/moveit_msgs/action/detail/move_group_sequence__traits.hpp
[3.723s] -- Up-to-date: /home/habibahassan/project/install/moveit_msgs/include/moveit_msgs/moveit_msgs/action/detail/execute_trajectory__builder.hpp
[3.723s] -- Up-to-date: /home/habibahassan/project/install/moveit_msgs/include/moveit_msgs/moveit_msgs/action/detail/global_planner__builder.hpp
[3.724s] -- Up-to-date: /home/habibahassan/project/install/moveit_msgs/include/moveit_msgs/moveit_msgs/action/detail/local_planner__builder.hpp
[3.724s] -- Up-to-date: /home/habibahassan/project/install/moveit_msgs/include/moveit_msgs/moveit_msgs/action/detail/pickup__traits.hpp
[3.725s] -- Up-to-date: /home/habibahassan/project/install/moveit_msgs/include/moveit_msgs/moveit_msgs/action/detail/move_group__traits.hpp
[3.725s] -- Up-to-date: /home/habibahassan/project/install/moveit_msgs/include/moveit_msgs/moveit_msgs/action/detail/place__builder.hpp
[3.725s] -- Up-to-date: /home/habibahassan/project/install/moveit_msgs/include/moveit_msgs/moveit_msgs/action/detail/move_group__type_support.hpp
[3.725s] -- Up-to-date: /home/habibahassan/project/install/moveit_msgs/include/moveit_msgs/moveit_msgs/action/detail/place__traits.hpp
[3.725s] -- Up-to-date: /home/habibahassan/project/install/moveit_msgs/include/moveit_msgs/moveit_msgs/action/detail/pickup__type_support.hpp
[3.725s] -- Up-to-date: /home/habibahassan/project/install/moveit_msgs/include/moveit_msgs/moveit_msgs/action/detail/pickup__builder.hpp
[3.726s] -- Up-to-date: /home/habibahassan/project/install/moveit_msgs/include/moveit_msgs/moveit_msgs/action/detail/execute_trajectory__traits.hpp
[3.731s] -- Up-to-date: /home/habibahassan/project/install/moveit_msgs/include/moveit_msgs/moveit_msgs/action/detail/hybrid_planner__type_support.hpp
[3.731s] -- Up-to-date: /home/habibahassan/project/install/moveit_msgs/include/moveit_msgs/moveit_msgs/action/detail/hybrid_planner__struct.hpp
[3.731s] -- Up-to-date: /home/habibahassan/project/install/moveit_msgs/include/moveit_msgs/moveit_msgs/action/detail/pickup__struct.hpp
[3.731s] -- Up-to-date: /home/habibahassan/project/install/moveit_msgs/include/moveit_msgs/moveit_msgs/action/detail/global_planner__struct.hpp
[3.732s] -- Up-to-date: /home/habibahassan/project/install/moveit_msgs/include/moveit_msgs/moveit_msgs/action/detail/move_group__builder.hpp
[3.732s] -- Up-to-date: /home/habibahassan/project/install/moveit_msgs/include/moveit_msgs/moveit_msgs/action/detail/move_group_sequence__struct.hpp
[3.732s] -- Up-to-date: /home/habibahassan/project/install/moveit_msgs/include/moveit_msgs/moveit_msgs/action/detail/hybrid_planner__traits.hpp
[3.732s] -- Up-to-date: /home/habibahassan/project/install/moveit_msgs/include/moveit_msgs/moveit_msgs/action/detail/local_planner__struct.hpp
[3.732s] -- Up-to-date: /home/habibahassan/project/install/moveit_msgs/include/moveit_msgs/moveit_msgs/action/detail/execute_trajectory__struct.hpp
[3.732s] -- Up-to-date: /home/habibahassan/project/install/moveit_msgs/include/moveit_msgs/moveit_msgs/action/detail/local_planner__type_support.hpp
[3.733s] -- Up-to-date: /home/habibahassan/project/install/moveit_msgs/include/moveit_msgs/moveit_msgs/action/detail/global_planner__type_support.hpp
[3.733s] -- Up-to-date: /home/habibahassan/project/install/moveit_msgs/include/moveit_msgs/moveit_msgs/action/detail/execute_trajectory__type_support.hpp
[3.733s] -- Up-to-date: /home/habibahassan/project/install/moveit_msgs/include/moveit_msgs/moveit_msgs/action/detail/local_planner__traits.hpp
[3.733s] -- Up-to-date: /home/habibahassan/project/install/moveit_msgs/include/moveit_msgs/moveit_msgs/action/detail/place__type_support.hpp
[3.733s] -- Up-to-date: /home/habibahassan/project/install/moveit_msgs/include/moveit_msgs/moveit_msgs/action/detail/global_planner__traits.hpp
[3.733s] -- Up-to-date: /home/habibahassan/project/install/moveit_msgs/include/moveit_msgs/moveit_msgs/action/detail/move_group_sequence__type_support.hpp
[3.734s] -- Up-to-date: /home/habibahassan/project/install/moveit_msgs/include/moveit_msgs/moveit_msgs/action/detail/move_group__struct.hpp
[3.734s] -- Up-to-date: /home/habibahassan/project/install/moveit_msgs/include/moveit_msgs/moveit_msgs/action/move_group_sequence.hpp
[3.734s] -- Up-to-date: /home/habibahassan/project/install/moveit_msgs/include/moveit_msgs/moveit_msgs/msg
[3.734s] -- Up-to-date: /home/habibahassan/project/install/moveit_msgs/include/moveit_msgs/moveit_msgs/msg/motion_plan_detailed_response.hpp
[3.734s] -- Up-to-date: /home/habibahassan/project/install/moveit_msgs/include/moveit_msgs/moveit_msgs/msg/robot_trajectory.hpp
[3.734s] -- Up-to-date: /home/habibahassan/project/install/moveit_msgs/include/moveit_msgs/moveit_msgs/msg/cartesian_trajectory_point.hpp
[3.735s] -- Up-to-date: /home/habibahassan/project/install/moveit_msgs/include/moveit_msgs/moveit_msgs/msg/collision_object.hpp
[3.735s] -- Up-to-date: /home/habibahassan/project/install/moveit_msgs/include/moveit_msgs/moveit_msgs/msg/position_ik_request.hpp
[3.735s] -- Up-to-date: /home/habibahassan/project/install/moveit_msgs/include/moveit_msgs/moveit_msgs/msg/contact_information.hpp
[3.735s] -- Up-to-date: /home/habibahassan/project/install/moveit_msgs/include/moveit_msgs/moveit_msgs/msg/visibility_constraint.hpp
[3.735s] -- Up-to-date: /home/habibahassan/project/install/moveit_msgs/include/moveit_msgs/moveit_msgs/msg/kinematic_solver_info.hpp
[3.735s] -- Up-to-date: /home/habibahassan/project/install/moveit_msgs/include/moveit_msgs/moveit_msgs/msg/generic_trajectory.hpp
[3.735s] -- Up-to-date: /home/habibahassan/project/install/moveit_msgs/include/moveit_msgs/moveit_msgs/msg/grasp.hpp
[3.736s] -- Up-to-date: /home/habibahassan/project/install/moveit_msgs/include/moveit_msgs/moveit_msgs/msg/planning_scene.hpp
[3.736s] -- Up-to-date: /home/habibahassan/project/install/moveit_msgs/include/moveit_msgs/moveit_msgs/msg/gripper_translation.hpp
[3.736s] -- Up-to-date: /home/habibahassan/project/install/moveit_msgs/include/moveit_msgs/moveit_msgs/msg/joint_limits.hpp
[3.736s] -- Up-to-date: /home/habibahassan/project/install/moveit_msgs/include/moveit_msgs/moveit_msgs/msg/cartesian_point.hpp
[3.736s] -- Up-to-date: /home/habibahassan/project/install/moveit_msgs/include/moveit_msgs/moveit_msgs/msg/attached_collision_object.hpp
[3.736s] -- Up-to-date: /home/habibahassan/project/install/moveit_msgs/include/moveit_msgs/moveit_msgs/msg/planner_params.hpp
[3.737s] -- Up-to-date: /home/habibahassan/project/install/moveit_msgs/include/moveit_msgs/moveit_msgs/msg/display_robot_state.hpp
[3.737s] -- Up-to-date: /home/habibahassan/project/install/moveit_msgs/include/moveit_msgs/moveit_msgs/msg/constraints.hpp
[3.737s] -- Up-to-date: /home/habibahassan/project/install/moveit_msgs/include/moveit_msgs/moveit_msgs/msg/move_it_error_codes.hpp
[3.737s] -- Up-to-date: /home/habibahassan/project/install/moveit_msgs/include/moveit_msgs/moveit_msgs/msg/display_trajectory.hpp
[3.737s] -- Up-to-date: /home/habibahassan/project/install/moveit_msgs/include/moveit_msgs/moveit_msgs/msg/joint_constraint.hpp
[3.737s] -- Up-to-date: /home/habibahassan/project/install/moveit_msgs/include/moveit_msgs/moveit_msgs/msg/planning_scene_components.hpp
[3.737s] -- Up-to-date: /home/habibahassan/project/install/moveit_msgs/include/moveit_msgs/moveit_msgs/msg/link_scale.hpp
[3.738s] -- Up-to-date: /home/habibahassan/project/install/moveit_msgs/include/moveit_msgs/moveit_msgs/msg/planner_interface_description.hpp
[3.738s] -- Up-to-date: /home/habibahassan/project/install/moveit_msgs/include/moveit_msgs/moveit_msgs/msg/servo_status.hpp
[3.738s] -- Up-to-date: /home/habibahassan/project/install/moveit_msgs/include/moveit_msgs/moveit_msgs/msg/motion_sequence_response.hpp
[3.738s] -- Up-to-date: /home/habibahassan/project/install/moveit_msgs/include/moveit_msgs/moveit_msgs/msg/allowed_collision_entry.hpp
[3.738s] -- Up-to-date: /home/habibahassan/project/install/moveit_msgs/include/moveit_msgs/moveit_msgs/msg/orientation_constraint.hpp
[3.738s] -- Up-to-date: /home/habibahassan/project/install/moveit_msgs/include/moveit_msgs/moveit_msgs/msg/cost_source.hpp
[3.738s] -- Up-to-date: /home/habibahassan/project/install/moveit_msgs/include/moveit_msgs/moveit_msgs/msg/rosidl_generator_cpp__visibility_control.hpp
[3.739s] -- Up-to-date: /home/habibahassan/project/install/moveit_msgs/include/moveit_msgs/moveit_msgs/msg/detail
[3.739s] -- Up-to-date: /home/habibahassan/project/install/moveit_msgs/include/moveit_msgs/moveit_msgs/msg/detail/joint_limits__struct.hpp
[3.739s] -- Up-to-date: /home/habibahassan/project/install/moveit_msgs/include/moveit_msgs/moveit_msgs/msg/detail/constraint_eval_result__builder.hpp
[3.739s] -- Up-to-date: /home/habibahassan/project/install/moveit_msgs/include/moveit_msgs/moveit_msgs/msg/detail/place_location__builder.hpp
[3.739s] -- Up-to-date: /home/habibahassan/project/install/moveit_msgs/include/moveit_msgs/moveit_msgs/msg/detail/joint_limits__builder.hpp
[3.739s] -- Up-to-date: /home/habibahassan/project/install/moveit_msgs/include/moveit_msgs/moveit_msgs/msg/detail/motion_sequence_request__traits.hpp
[3.739s] -- Up-to-date: /home/habibahassan/project/install/moveit_msgs/include/moveit_msgs/moveit_msgs/msg/detail/gripper_translation__builder.hpp
[3.740s] -- Up-to-date: /home/habibahassan/project/install/moveit_msgs/include/moveit_msgs/moveit_msgs/msg/detail/joint_limits__type_support.hpp
[3.740s] -- Up-to-date: /home/habibahassan/project/install/moveit_msgs/include/moveit_msgs/moveit_msgs/msg/detail/planning_options__traits.hpp
[3.740s] -- Up-to-date: /home/habibahassan/project/install/moveit_msgs/include/moveit_msgs/moveit_msgs/msg/detail/planner_interface_description__type_support.hpp
[3.740s] -- Up-to-date: /home/habibahassan/project/install/moveit_msgs/include/moveit_msgs/moveit_msgs/msg/detail/allowed_collision_entry__type_support.hpp
[3.740s] -- Up-to-date: /home/habibahassan/project/install/moveit_msgs/include/moveit_msgs/moveit_msgs/msg/detail/orientation_constraint__builder.hpp
[3.740s] -- Up-to-date: /home/habibahassan/project/install/moveit_msgs/include/moveit_msgs/moveit_msgs/msg/detail/position_ik_request__builder.hpp
[3.741s] -- Up-to-date: /home/habibahassan/project/install/moveit_msgs/include/moveit_msgs/moveit_msgs/msg/detail/grasp__type_support.hpp
[3.741s] -- Up-to-date: /home/habibahassan/project/install/moveit_msgs/include/moveit_msgs/moveit_msgs/msg/detail/display_trajectory__traits.hpp
[3.741s] -- Up-to-date: /home/habibahassan/project/install/moveit_msgs/include/moveit_msgs/moveit_msgs/msg/detail/planner_params__type_support.hpp
[3.741s] -- Up-to-date: /home/habibahassan/project/install/moveit_msgs/include/moveit_msgs/moveit_msgs/msg/detail/move_it_error_codes__builder.hpp
[3.741s] -- Up-to-date: /home/habibahassan/project/install/moveit_msgs/include/moveit_msgs/moveit_msgs/msg/detail/grasp__struct.hpp
[3.741s] -- Up-to-date: /home/habibahassan/project/install/moveit_msgs/include/moveit_msgs/moveit_msgs/msg/detail/display_trajectory__builder.hpp
[3.741s] -- Up-to-date: /home/habibahassan/project/install/moveit_msgs/include/moveit_msgs/moveit_msgs/msg/detail/generic_trajectory__traits.hpp
[3.742s] -- Up-to-date: /home/habibahassan/project/install/moveit_msgs/include/moveit_msgs/moveit_msgs/msg/detail/motion_plan_request__builder.hpp
[3.742s] -- Up-to-date: /home/habibahassan/project/install/moveit_msgs/include/moveit_msgs/moveit_msgs/msg/detail/link_padding__traits.hpp
[3.742s] -- Up-to-date: /home/habibahassan/project/install/moveit_msgs/include/moveit_msgs/moveit_msgs/msg/detail/planner_interface_description__traits.hpp
[3.742s] -- Up-to-date: /home/habibahassan/project/install/moveit_msgs/include/moveit_msgs/moveit_msgs/msg/detail/workspace_parameters__type_support.hpp
[3.742s] -- Up-to-date: /home/habibahassan/project/install/moveit_msgs/include/moveit_msgs/moveit_msgs/msg/detail/collision_object__builder.hpp
[3.742s] -- Up-to-date: /home/habibahassan/project/install/moveit_msgs/include/moveit_msgs/moveit_msgs/msg/detail/robot_state__type_support.hpp
[3.743s] -- Up-to-date: /home/habibahassan/project/install/moveit_msgs/include/moveit_msgs/moveit_msgs/msg/detail/robot_state__struct.hpp
[3.743s] -- Up-to-date: /home/habibahassan/project/install/moveit_msgs/include/moveit_msgs/moveit_msgs/msg/detail/object_color__type_support.hpp
[3.743s] -- Up-to-date: /home/habibahassan/project/install/moveit_msgs/include/moveit_msgs/moveit_msgs/msg/detail/motion_sequence_request__builder.hpp
[3.743s] -- Up-to-date: /home/habibahassan/project/install/moveit_msgs/include/moveit_msgs/moveit_msgs/msg/detail/link_padding__struct.hpp
[3.744s] -- Up-to-date: /home/habibahassan/project/install/moveit_msgs/include/moveit_msgs/moveit_msgs/msg/detail/planning_scene_world__builder.hpp
[3.744s] -- Up-to-date: /home/habibahassan/project/install/moveit_msgs/include/moveit_msgs/moveit_msgs/msg/detail/planning_scene__traits.hpp
[3.744s] -- Up-to-date: /home/habibahassan/project/install/moveit_msgs/include/moveit_msgs/moveit_msgs/msg/detail/motion_plan_detailed_response__traits.hpp
[3.744s] -- Up-to-date: /home/habibahassan/project/install/moveit_msgs/include/moveit_msgs/moveit_msgs/msg/detail/planning_options__type_support.hpp
[3.744s] -- Up-to-date: /home/habibahassan/project/install/moveit_msgs/include/moveit_msgs/moveit_msgs/msg/detail/cartesian_trajectory__type_support.hpp
[3.744s] -- Up-to-date: /home/habibahassan/project/install/moveit_msgs/include/moveit_msgs/moveit_msgs/msg/detail/trajectory_constraints__builder.hpp
[3.744s] -- Up-to-date: /home/habibahassan/project/install/moveit_msgs/include/moveit_msgs/moveit_msgs/msg/detail/robot_trajectory__struct.hpp
[3.745s] -- Up-to-date: /home/habibahassan/project/install/moveit_msgs/include/moveit_msgs/moveit_msgs/msg/detail/motion_plan_response__type_support.hpp
[3.745s] -- Up-to-date: /home/habibahassan/project/install/moveit_msgs/include/moveit_msgs/moveit_msgs/msg/detail/collision_object__traits.hpp
[3.745s] -- Up-to-date: /home/habibahassan/project/install/moveit_msgs/include/moveit_msgs/moveit_msgs/msg/detail/planning_scene_world__struct.hpp
[3.745s] -- Up-to-date: /home/habibahassan/project/install/moveit_msgs/include/moveit_msgs/moveit_msgs/msg/detail/allowed_collision_matrix__builder.hpp
[3.746s] -- Up-to-date: /home/habibahassan/project/install/moveit_msgs/include/moveit_msgs/moveit_msgs/msg/detail/orientation_constraint__struct.hpp
[3.750s] -- Up-to-date: /home/habibahassan/project/install/moveit_msgs/include/moveit_msgs/moveit_msgs/msg/detail/robot_state__builder.hpp
[3.750s] -- Up-to-date: /home/habibahassan/project/install/moveit_msgs/include/moveit_msgs/moveit_msgs/msg/detail/oriented_bounding_box__builder.hpp
[3.750s] -- Up-to-date: /home/habibahassan/project/install/moveit_msgs/include/moveit_msgs/moveit_msgs/msg/detail/link_scale__type_support.hpp
[3.750s] -- Up-to-date: /home/habibahassan/project/install/moveit_msgs/include/moveit_msgs/moveit_msgs/msg/detail/planning_scene__type_support.hpp
[3.750s] -- Up-to-date: /home/habibahassan/project/install/moveit_msgs/include/moveit_msgs/moveit_msgs/msg/detail/attached_collision_object__traits.hpp
[3.751s] -- Up-to-date: /home/habibahassan/project/install/moveit_msgs/include/moveit_msgs/moveit_msgs/msg/detail/planning_scene_components__traits.hpp
[3.751s] -- Up-to-date: /home/habibahassan/project/install/moveit_msgs/include/moveit_msgs/moveit_msgs/msg/detail/cartesian_trajectory__traits.hpp
[3.751s] -- Up-to-date: /home/habibahassan/project/install/moveit_msgs/include/moveit_msgs/moveit_msgs/msg/detail/cartesian_trajectory_point__type_support.hpp
[3.751s] -- Up-to-date: /home/habibahassan/project/install/moveit_msgs/include/moveit_msgs/moveit_msgs/msg/detail/motion_plan_request__type_support.hpp
[3.751s] -- Up-to-date: /home/habibahassan/project/install/moveit_msgs/include/moveit_msgs/moveit_msgs/msg/detail/oriented_bounding_box__traits.hpp
[3.751s] -- Up-to-date: /home/habibahassan/project/install/moveit_msgs/include/moveit_msgs/moveit_msgs/msg/detail/motion_plan_detailed_response__type_support.hpp
[3.752s] -- Up-to-date: /home/habibahassan/project/install/moveit_msgs/include/moveit_msgs/moveit_msgs/msg/detail/trajectory_constraints__type_support.hpp
[3.752s] -- Up-to-date: /home/habibahassan/project/install/moveit_msgs/include/moveit_msgs/moveit_msgs/msg/detail/move_it_error_codes__traits.hpp
[3.752s] -- Up-to-date: /home/habibahassan/project/install/moveit_msgs/include/moveit_msgs/moveit_msgs/msg/detail/cost_source__traits.hpp
[3.752s] -- Up-to-date: /home/habibahassan/project/install/moveit_msgs/include/moveit_msgs/moveit_msgs/msg/detail/generic_trajectory__builder.hpp
[3.752s] -- Up-to-date: /home/habibahassan/project/install/moveit_msgs/include/moveit_msgs/moveit_msgs/msg/detail/allowed_collision_matrix__type_support.hpp
[3.752s] -- Up-to-date: /home/habibahassan/project/install/moveit_msgs/include/moveit_msgs/moveit_msgs/msg/detail/planner_params__builder.hpp
[3.753s] -- Up-to-date: /home/habibahassan/project/install/moveit_msgs/include/moveit_msgs/moveit_msgs/msg/detail/contact_information__type_support.hpp
[3.753s] -- Up-to-date: /home/habibahassan/project/install/moveit_msgs/include/moveit_msgs/moveit_msgs/msg/detail/position_constraint__type_support.hpp
[3.754s] -- Up-to-date: /home/habibahassan/project/install/moveit_msgs/include/moveit_msgs/moveit_msgs/msg/detail/cartesian_trajectory_point__traits.hpp
[3.754s] -- Up-to-date: /home/habibahassan/project/install/moveit_msgs/include/moveit_msgs/moveit_msgs/msg/detail/trajectory_constraints__traits.hpp
[3.754s] -- Up-to-date: /home/habibahassan/project/install/moveit_msgs/include/moveit_msgs/moveit_msgs/msg/detail/grasp__builder.hpp
[3.754s] -- Up-to-date: /home/habibahassan/project/install/moveit_msgs/include/moveit_msgs/moveit_msgs/msg/detail/constraint_eval_result__type_support.hpp
[3.754s] -- Up-to-date: /home/habibahassan/project/install/moveit_msgs/include/moveit_msgs/moveit_msgs/msg/detail/visibility_constraint__traits.hpp
[3.754s] -- Up-to-date: /home/habibahassan/project/install/moveit_msgs/include/moveit_msgs/moveit_msgs/msg/detail/cost_source__builder.hpp
[3.754s] -- Up-to-date: /home/habibahassan/project/install/moveit_msgs/include/moveit_msgs/moveit_msgs/msg/detail/collision_object__type_support.hpp
[3.755s] -- Up-to-date: /home/habibahassan/project/install/moveit_msgs/include/moveit_msgs/moveit_msgs/msg/detail/visibility_constraint__type_support.hpp
[3.755s] -- Up-to-date: /home/habibahassan/project/install/moveit_msgs/include/moveit_msgs/moveit_msgs/msg/detail/link_scale__traits.hpp
[3.755s] -- Up-to-date: /home/habibahassan/project/install/moveit_msgs/include/moveit_msgs/moveit_msgs/msg/detail/move_it_error_codes__struct.hpp
[3.755s] -- Up-to-date: /home/habibahassan/project/install/moveit_msgs/include/moveit_msgs/moveit_msgs/msg/detail/display_robot_state__struct.hpp
[3.756s] -- Up-to-date: /home/habibahassan/project/install/moveit_msgs/include/moveit_msgs/moveit_msgs/msg/detail/motion_plan_detailed_response__struct.hpp
[3.756s] -- Up-to-date: /home/habibahassan/project/install/moveit_msgs/include/moveit_msgs/moveit_msgs/msg/detail/motion_sequence_response__type_support.hpp
[3.757s] -- Up-to-date: /home/habibahassan/project/install/moveit_msgs/include/moveit_msgs/moveit_msgs/msg/detail/planning_scene_components__struct.hpp
[3.757s] -- Up-to-date: /home/habibahassan/project/install/moveit_msgs/include/moveit_msgs/moveit_msgs/msg/detail/allowed_collision_entry__traits.hpp
[3.757s] -- Up-to-date: /home/habibahassan/project/install/moveit_msgs/include/moveit_msgs/moveit_msgs/msg/detail/constraints__builder.hpp
[3.757s] -- Up-to-date: /home/habibahassan/project/install/moveit_msgs/include/moveit_msgs/moveit_msgs/msg/detail/display_robot_state__builder.hpp
[3.757s] -- Up-to-date: /home/habibahassan/project/install/moveit_msgs/include/moveit_msgs/moveit_msgs/msg/detail/contact_information__builder.hpp
[3.758s] -- Up-to-date: /home/habibahassan/project/install/moveit_msgs/include/moveit_msgs/moveit_msgs/msg/detail/motion_sequence_item__builder.hpp
[3.758s] -- Up-to-date: /home/habibahassan/project/install/moveit_msgs/include/moveit_msgs/moveit_msgs/msg/detail/display_robot_state__traits.hpp
[3.758s] -- Up-to-date: /home/habibahassan/project/install/moveit_msgs/include/moveit_msgs/moveit_msgs/msg/detail/place_location__traits.hpp
[3.758s] -- Up-to-date: /home/habibahassan/project/install/moveit_msgs/include/moveit_msgs/moveit_msgs/msg/detail/planning_scene_world__traits.hpp
[3.758s] -- Up-to-date: /home/habibahassan/project/install/moveit_msgs/include/moveit_msgs/moveit_msgs/msg/detail/motion_plan_response__traits.hpp
[3.758s] -- Up-to-date: /home/habibahassan/project/install/moveit_msgs/include/moveit_msgs/moveit_msgs/msg/detail/display_trajectory__type_support.hpp
[3.759s] -- Up-to-date: /home/habibahassan/project/install/moveit_msgs/include/moveit_msgs/moveit_msgs/msg/detail/position_constraint__builder.hpp
[3.759s] -- Up-to-date: /home/habibahassan/project/install/moveit_msgs/include/moveit_msgs/moveit_msgs/msg/detail/bounding_volume__type_support.hpp
[3.760s] -- Up-to-date: /home/habibahassan/project/install/moveit_msgs/include/moveit_msgs/moveit_msgs/msg/detail/display_robot_state__type_support.hpp
[3.761s] -- Up-to-date: /home/habibahassan/project/install/moveit_msgs/include/moveit_msgs/moveit_msgs/msg/detail/place_location__struct.hpp
[3.773s] -- Up-to-date: /home/habibahassan/project/install/moveit_msgs/include/moveit_msgs/moveit_msgs/msg/detail/position_constraint__traits.hpp
[3.773s] -- Up-to-date: /home/habibahassan/project/install/moveit_msgs/include/moveit_msgs/moveit_msgs/msg/detail/planning_scene_components__type_support.hpp
[3.773s] -- Up-to-date: /home/habibahassan/project/install/moveit_msgs/include/moveit_msgs/moveit_msgs/msg/detail/kinematic_solver_info__type_support.hpp
[3.774s] -- Up-to-date: /home/habibahassan/project/install/moveit_msgs/include/moveit_msgs/moveit_msgs/msg/detail/contact_information__traits.hpp
[3.774s] -- Up-to-date: /home/habibahassan/project/install/moveit_msgs/include/moveit_msgs/moveit_msgs/msg/detail/allowed_collision_matrix__traits.hpp
[3.774s] -- Up-to-date: /home/habibahassan/project/install/moveit_msgs/include/moveit_msgs/moveit_msgs/msg/detail/cartesian_trajectory_point__builder.hpp
[3.774s] -- Up-to-date: /home/habibahassan/project/install/moveit_msgs/include/moveit_msgs/moveit_msgs/msg/detail/workspace_parameters__builder.hpp
[3.775s] -- Up-to-date: /home/habibahassan/project/install/moveit_msgs/include/moveit_msgs/moveit_msgs/msg/detail/link_scale__builder.hpp
[3.775s] -- Up-to-date: /home/habibahassan/project/install/moveit_msgs/include/moveit_msgs/moveit_msgs/msg/detail/object_color__builder.hpp
[3.775s] -- Up-to-date: /home/habibahassan/project/install/moveit_msgs/include/moveit_msgs/moveit_msgs/msg/detail/pipeline_state__struct.hpp
[3.775s] -- Up-to-date: /home/habibahassan/project/install/moveit_msgs/include/moveit_msgs/moveit_msgs/msg/detail/cartesian_point__struct.hpp
[3.775s] -- Up-to-date: /home/habibahassan/project/install/moveit_msgs/include/moveit_msgs/moveit_msgs/msg/detail/bounding_volume__struct.hpp
[3.775s] -- Up-to-date: /home/habibahassan/project/install/moveit_msgs/include/moveit_msgs/moveit_msgs/msg/detail/planning_scene__struct.hpp
[3.776s] -- Up-to-date: /home/habibahassan/project/install/moveit_msgs/include/moveit_msgs/moveit_msgs/msg/detail/servo_status__type_support.hpp
[3.776s] -- Up-to-date: /home/habibahassan/project/install/moveit_msgs/include/moveit_msgs/moveit_msgs/msg/detail/cost_source__type_support.hpp
[3.776s] -- Up-to-date: /home/habibahassan/project/install/moveit_msgs/include/moveit_msgs/moveit_msgs/msg/detail/planning_options__struct.hpp
[3.776s] -- Up-to-date: /home/habibahassan/project/install/moveit_msgs/include/moveit_msgs/moveit_msgs/msg/detail/display_trajectory__struct.hpp
[3.776s] -- Up-to-date: /home/habibahassan/project/install/moveit_msgs/include/moveit_msgs/moveit_msgs/msg/detail/motion_plan_request__traits.hpp
[3.776s] -- Up-to-date: /home/habibahassan/project/install/moveit_msgs/include/moveit_msgs/moveit_msgs/msg/detail/attached_collision_object__struct.hpp
[3.776s] -- Up-to-date: /home/habibahassan/project/install/moveit_msgs/include/moveit_msgs/moveit_msgs/msg/detail/cartesian_point__type_support.hpp
[3.777s] -- Up-to-date: /home/habibahassan/project/install/moveit_msgs/include/moveit_msgs/moveit_msgs/msg/detail/joint_constraint__traits.hpp
[3.777s] -- Up-to-date: /home/habibahassan/project/install/moveit_msgs/include/moveit_msgs/moveit_msgs/msg/detail/gripper_translation__traits.hpp
[3.777s] -- Up-to-date: /home/habibahassan/project/install/moveit_msgs/include/moveit_msgs/moveit_msgs/msg/detail/collision_object__struct.hpp
[3.777s] -- Up-to-date: /home/habibahassan/project/install/moveit_msgs/include/moveit_msgs/moveit_msgs/msg/detail/motion_plan_response__builder.hpp
[3.777s] -- Up-to-date: /home/habibahassan/project/install/moveit_msgs/include/moveit_msgs/moveit_msgs/msg/detail/position_ik_request__struct.hpp
[3.777s] -- Up-to-date: /home/habibahassan/project/install/moveit_msgs/include/moveit_msgs/moveit_msgs/msg/detail/grasp__traits.hpp
[3.777s] -- Up-to-date: /home/habibahassan/project/install/moveit_msgs/include/moveit_msgs/moveit_msgs/msg/detail/pipeline_state__type_support.hpp
[3.778s] -- Up-to-date: /home/habibahassan/project/install/moveit_msgs/include/moveit_msgs/moveit_msgs/msg/detail/bounding_volume__builder.hpp
[3.778s] -- Up-to-date: /home/habibahassan/project/install/moveit_msgs/include/moveit_msgs/moveit_msgs/msg/detail/workspace_parameters__struct.hpp
[3.778s] -- Up-to-date: /home/habibahassan/project/install/moveit_msgs/include/moveit_msgs/moveit_msgs/msg/detail/cartesian_trajectory_point__struct.hpp
[3.778s] -- Up-to-date: /home/habibahassan/project/install/moveit_msgs/include/moveit_msgs/moveit_msgs/msg/detail/cartesian_point__traits.hpp
[3.778s] -- Up-to-date: /home/habibahassan/project/install/moveit_msgs/include/moveit_msgs/moveit_msgs/msg/detail/motion_sequence_item__struct.hpp
[3.781s] -- Up-to-date: /home/habibahassan/project/install/moveit_msgs/include/moveit_msgs/moveit_msgs/msg/detail/pipeline_state__traits.hpp
[3.781s] -- Up-to-date: /home/habibahassan/project/install/moveit_msgs/include/moveit_msgs/moveit_msgs/msg/detail/planner_params__struct.hpp
[3.795s] -- Up-to-date: /home/habibahassan/project/install/moveit_msgs/include/moveit_msgs/moveit_msgs/msg/detail/constraints__struct.hpp
[3.796s] -- Up-to-date: /home/habibahassan/project/install/moveit_msgs/include/moveit_msgs/moveit_msgs/msg/detail/servo_status__struct.hpp
[3.796s] -- Up-to-date: /home/habibahassan/project/install/moveit_msgs/include/moveit_msgs/moveit_msgs/msg/detail/planning_scene_world__type_support.hpp
[3.796s] -- Up-to-date: /home/habibahassan/project/install/moveit_msgs/include/moveit_msgs/moveit_msgs/msg/detail/allowed_collision_entry__struct.hpp
[3.796s] -- Up-to-date: /home/habibahassan/project/install/moveit_msgs/include/moveit_msgs/moveit_msgs/msg/detail/constraints__type_support.hpp
[3.796s] -- Up-to-date: /home/habibahassan/project/install/moveit_msgs/include/moveit_msgs/moveit_msgs/msg/detail/bounding_volume__traits.hpp
[3.796s] -- Up-to-date: /home/habibahassan/project/install/moveit_msgs/include/moveit_msgs/moveit_msgs/msg/detail/allowed_collision_entry__builder.hpp
[3.797s] -- Up-to-date: /home/habibahassan/project/install/moveit_msgs/include/moveit_msgs/moveit_msgs/msg/detail/motion_plan_detailed_response__builder.hpp
[3.797s] -- Up-to-date: /home/habibahassan/project/install/moveit_msgs/include/moveit_msgs/moveit_msgs/msg/detail/object_color__struct.hpp
[3.797s] -- Up-to-date: /home/habibahassan/project/install/moveit_msgs/include/moveit_msgs/moveit_msgs/msg/detail/position_constraint__struct.hpp
[3.797s] -- Up-to-date: /home/habibahassan/project/install/moveit_msgs/include/moveit_msgs/moveit_msgs/msg/detail/motion_plan_request__struct.hpp
[3.797s] -- Up-to-date: /home/habibahassan/project/install/moveit_msgs/include/moveit_msgs/moveit_msgs/msg/detail/servo_status__builder.hpp
[3.797s] -- Up-to-date: /home/habibahassan/project/install/moveit_msgs/include/moveit_msgs/moveit_msgs/msg/detail/planner_params__traits.hpp
[3.797s] -- Up-to-date: /home/habibahassan/project/install/moveit_msgs/include/moveit_msgs/moveit_msgs/msg/detail/constraints__traits.hpp
[3.798s] -- Up-to-date: /home/habibahassan/project/install/moveit_msgs/include/moveit_msgs/moveit_msgs/msg/detail/generic_trajectory__struct.hpp
[3.798s] -- Up-to-date: /home/habibahassan/project/install/moveit_msgs/include/moveit_msgs/moveit_msgs/msg/detail/kinematic_solver_info__struct.hpp
[3.798s] -- Up-to-date: /home/habibahassan/project/install/moveit_msgs/include/moveit_msgs/moveit_msgs/msg/detail/joint_limits__traits.hpp
[3.798s] -- Up-to-date: /home/habibahassan/project/install/moveit_msgs/include/moveit_msgs/moveit_msgs/msg/detail/joint_constraint__type_support.hpp
[3.798s] -- Up-to-date: /home/habibahassan/project/install/moveit_msgs/include/moveit_msgs/moveit_msgs/msg/detail/orientation_constraint__type_support.hpp
[3.798s] -- Up-to-date: /home/habibahassan/project/install/moveit_msgs/include/moveit_msgs/moveit_msgs/msg/detail/motion_plan_response__struct.hpp
[3.798s] -- Up-to-date: /home/habibahassan/project/install/moveit_msgs/include/moveit_msgs/moveit_msgs/msg/detail/link_padding__type_support.hpp
[3.799s] -- Up-to-date: /home/habibahassan/project/install/moveit_msgs/include/moveit_msgs/moveit_msgs/msg/detail/allowed_collision_matrix__struct.hpp
[3.799s] -- Up-to-date: /home/habibahassan/project/install/moveit_msgs/include/moveit_msgs/moveit_msgs/msg/detail/kinematic_solver_info__traits.hpp
[3.799s] -- Up-to-date: /home/habibahassan/project/install/moveit_msgs/include/moveit_msgs/moveit_msgs/msg/detail/attached_collision_object__builder.hpp
[3.799s] -- Up-to-date: /home/habibahassan/project/install/moveit_msgs/include/moveit_msgs/moveit_msgs/msg/detail/workspace_parameters__traits.hpp
[3.799s] -- Up-to-date: /home/habibahassan/project/install/moveit_msgs/include/moveit_msgs/moveit_msgs/msg/detail/move_it_error_codes__type_support.hpp
[3.799s] -- Up-to-date: /home/habibahassan/project/install/moveit_msgs/include/moveit_msgs/moveit_msgs/msg/detail/robot_trajectory__traits.hpp
[3.800s] -- Up-to-date: /home/habibahassan/project/install/moveit_msgs/include/moveit_msgs/moveit_msgs/msg/detail/gripper_translation__type_support.hpp
[3.800s] -- Up-to-date: /home/habibahassan/project/install/moveit_msgs/include/moveit_msgs/moveit_msgs/msg/detail/oriented_bounding_box__struct.hpp
[3.800s] -- Up-to-date: /home/habibahassan/project/install/moveit_msgs/include/moveit_msgs/moveit_msgs/msg/detail/robot_trajectory__type_support.hpp
[3.800s] -- Up-to-date: /home/habibahassan/project/install/moveit_msgs/include/moveit_msgs/moveit_msgs/msg/detail/visibility_constraint__builder.hpp
[3.800s] -- Up-to-date: /home/habibahassan/project/install/moveit_msgs/include/moveit_msgs/moveit_msgs/msg/detail/motion_sequence_request__struct.hpp
[3.800s] -- Up-to-date: /home/habibahassan/project/install/moveit_msgs/include/moveit_msgs/moveit_msgs/msg/detail/orientation_constraint__traits.hpp
[3.800s] -- Up-to-date: /home/habibahassan/project/install/moveit_msgs/include/moveit_msgs/moveit_msgs/msg/detail/object_color__traits.hpp
[3.801s] -- Up-to-date: /home/habibahassan/project/install/moveit_msgs/include/moveit_msgs/moveit_msgs/msg/detail/planning_scene__builder.hpp
[3.801s] -- Up-to-date: /home/habibahassan/project/install/moveit_msgs/include/moveit_msgs/moveit_msgs/msg/detail/cartesian_point__builder.hpp
[3.801s] -- Up-to-date: /home/habibahassan/project/install/moveit_msgs/include/moveit_msgs/moveit_msgs/msg/detail/planner_interface_description__builder.hpp
[3.801s] -- Up-to-date: /home/habibahassan/project/install/moveit_msgs/include/moveit_msgs/moveit_msgs/msg/detail/cartesian_trajectory__builder.hpp
[3.801s] -- Up-to-date: /home/habibahassan/project/install/moveit_msgs/include/moveit_msgs/moveit_msgs/msg/detail/planning_scene_components__builder.hpp
[3.801s] -- Up-to-date: /home/habibahassan/project/install/moveit_msgs/include/moveit_msgs/moveit_msgs/msg/detail/robot_state__traits.hpp
[3.801s] -- Up-to-date: /home/habibahassan/project/install/moveit_msgs/include/moveit_msgs/moveit_msgs/msg/detail/joint_constraint__struct.hpp
[3.802s] -- Up-to-date: /home/habibahassan/project/install/moveit_msgs/include/moveit_msgs/moveit_msgs/msg/detail/planning_options__builder.hpp
[3.802s] -- Up-to-date: /home/habibahassan/project/install/moveit_msgs/include/moveit_msgs/moveit_msgs/msg/detail/robot_trajectory__builder.hpp
[3.802s] -- Up-to-date: /home/habibahassan/project/install/moveit_msgs/include/moveit_msgs/moveit_msgs/msg/detail/planner_interface_description__struct.hpp
[3.802s] -- Up-to-date: /home/habibahassan/project/install/moveit_msgs/include/moveit_msgs/moveit_msgs/msg/detail/position_ik_request__type_support.hpp
[3.802s] -- Up-to-date: /home/habibahassan/project/install/moveit_msgs/include/moveit_msgs/moveit_msgs/msg/detail/joint_constraint__builder.hpp
[3.802s] -- Up-to-date: /home/habibahassan/project/install/moveit_msgs/include/moveit_msgs/moveit_msgs/msg/detail/motion_sequence_item__type_support.hpp
[3.802s] -- Up-to-date: /home/habibahassan/project/install/moveit_msgs/include/moveit_msgs/moveit_msgs/msg/detail/position_ik_request__traits.hpp
[3.803s] -- Up-to-date: /home/habibahassan/project/install/moveit_msgs/include/moveit_msgs/moveit_msgs/msg/detail/generic_trajectory__type_support.hpp
[3.803s] -- Up-to-date: /home/habibahassan/project/install/moveit_msgs/include/moveit_msgs/moveit_msgs/msg/detail/trajectory_constraints__struct.hpp
[3.803s] -- Up-to-date: /home/habibahassan/project/install/moveit_msgs/include/moveit_msgs/moveit_msgs/msg/detail/link_padding__builder.hpp
[3.803s] -- Up-to-date: /home/habibahassan/project/install/moveit_msgs/include/moveit_msgs/moveit_msgs/msg/detail/motion_sequence_request__type_support.hpp
[3.803s] -- Up-to-date: /home/habibahassan/project/install/moveit_msgs/include/moveit_msgs/moveit_msgs/msg/detail/servo_status__traits.hpp
[3.803s] -- Up-to-date: /home/habibahassan/project/install/moveit_msgs/include/moveit_msgs/moveit_msgs/msg/detail/constraint_eval_result__traits.hpp
[3.804s] -- Up-to-date: /home/habibahassan/project/install/moveit_msgs/include/moveit_msgs/moveit_msgs/msg/detail/visibility_constraint__struct.hpp
[3.804s] -- Up-to-date: /home/habibahassan/project/install/moveit_msgs/include/moveit_msgs/moveit_msgs/msg/detail/constraint_eval_result__struct.hpp
[3.804s] -- Up-to-date: /home/habibahassan/project/install/moveit_msgs/include/moveit_msgs/moveit_msgs/msg/detail/motion_sequence_response__traits.hpp
[3.804s] -- Up-to-date: /home/habibahassan/project/install/moveit_msgs/include/moveit_msgs/moveit_msgs/msg/detail/motion_sequence_item__traits.hpp
[3.804s] -- Up-to-date: /home/habibahassan/project/install/moveit_msgs/include/moveit_msgs/moveit_msgs/msg/detail/place_location__type_support.hpp
[3.804s] -- Up-to-date: /home/habibahassan/project/install/moveit_msgs/include/moveit_msgs/moveit_msgs/msg/detail/motion_sequence_response__struct.hpp
[3.805s] -- Up-to-date: /home/habibahassan/project/install/moveit_msgs/include/moveit_msgs/moveit_msgs/msg/detail/gripper_translation__struct.hpp
[3.836s] -- Up-to-date: /home/habibahassan/project/install/moveit_msgs/include/moveit_msgs/moveit_msgs/msg/detail/pipeline_state__builder.hpp
[3.836s] -- Up-to-date: /home/habibahassan/project/install/moveit_msgs/include/moveit_msgs/moveit_msgs/msg/detail/link_scale__struct.hpp
[3.836s] -- Up-to-date: /home/habibahassan/project/install/moveit_msgs/include/moveit_msgs/moveit_msgs/msg/detail/oriented_bounding_box__type_support.hpp
[3.837s] -- Up-to-date: /home/habibahassan/project/install/moveit_msgs/include/moveit_msgs/moveit_msgs/msg/detail/cartesian_trajectory__struct.hpp
[3.838s] -- Up-to-date: /home/habibahassan/project/install/moveit_msgs/include/moveit_msgs/moveit_msgs/msg/detail/cost_source__struct.hpp
[3.839s] -- Up-to-date: /home/habibahassan/project/install/moveit_msgs/include/moveit_msgs/moveit_msgs/msg/detail/contact_information__struct.hpp
[3.840s] -- Up-to-date: /home/habibahassan/project/install/moveit_msgs/include/moveit_msgs/moveit_msgs/msg/detail/attached_collision_object__type_support.hpp
[3.840s] -- Up-to-date: /home/habibahassan/project/install/moveit_msgs/include/moveit_msgs/moveit_msgs/msg/detail/kinematic_solver_info__builder.hpp
[3.841s] -- Up-to-date: /home/habibahassan/project/install/moveit_msgs/include/moveit_msgs/moveit_msgs/msg/detail/motion_sequence_response__builder.hpp
[3.842s] -- Up-to-date: /home/habibahassan/project/install/moveit_msgs/include/moveit_msgs/moveit_msgs/msg/oriented_bounding_box.hpp
[3.842s] -- Up-to-date: /home/habibahassan/project/install/moveit_msgs/include/moveit_msgs/moveit_msgs/msg/workspace_parameters.hpp
[3.843s] -- Up-to-date: /home/habibahassan/project/install/moveit_msgs/include/moveit_msgs/moveit_msgs/msg/planning_scene_world.hpp
[3.843s] -- Up-to-date: /home/habibahassan/project/install/moveit_msgs/include/moveit_msgs/moveit_msgs/msg/motion_plan_response.hpp
[3.845s] -- Up-to-date: /home/habibahassan/project/install/moveit_msgs/include/moveit_msgs/moveit_msgs/msg/allowed_collision_matrix.hpp
[3.845s] -- Up-to-date: /home/habibahassan/project/install/moveit_msgs/include/moveit_msgs/moveit_msgs/msg/pipeline_state.hpp
[3.846s] -- Up-to-date: /home/habibahassan/project/install/moveit_msgs/include/moveit_msgs/moveit_msgs/msg/trajectory_constraints.hpp
[3.855s] -- Up-to-date: /home/habibahassan/project/install/moveit_msgs/include/moveit_msgs/moveit_msgs/msg/motion_sequence_request.hpp
[3.857s] -- Up-to-date: /home/habibahassan/project/install/moveit_msgs/include/moveit_msgs/moveit_msgs/msg/robot_state.hpp
[3.857s] -- Up-to-date: /home/habibahassan/project/install/moveit_msgs/include/moveit_msgs/moveit_msgs/msg/object_color.hpp
[3.860s] -- Up-to-date: /home/habibahassan/project/install/moveit_msgs/include/moveit_msgs/moveit_msgs/msg/planning_options.hpp
[3.861s] -- Up-to-date: /home/habibahassan/project/install/moveit_msgs/include/moveit_msgs/moveit_msgs/msg/bounding_volume.hpp
[3.861s] -- Up-to-date: /home/habibahassan/project/install/moveit_msgs/include/moveit_msgs/moveit_msgs/msg/constraint_eval_result.hpp
[3.862s] -- Up-to-date: /home/habibahassan/project/install/moveit_msgs/include/moveit_msgs/moveit_msgs/msg/cartesian_trajectory.hpp
[3.862s] -- Up-to-date: /home/habibahassan/project/install/moveit_msgs/include/moveit_msgs/moveit_msgs/msg/position_constraint.hpp
[3.864s] -- Up-to-date: /home/habibahassan/project/install/moveit_msgs/include/moveit_msgs/moveit_msgs/msg/motion_plan_request.hpp
[3.868s] -- Up-to-date: /home/habibahassan/project/install/moveit_msgs/include/moveit_msgs/moveit_msgs/msg/link_padding.hpp
[3.868s] -- Up-to-date: /home/habibahassan/project/install/moveit_msgs/include/moveit_msgs/moveit_msgs/msg/motion_sequence_item.hpp
[3.869s] -- Up-to-date: /home/habibahassan/project/install/moveit_msgs/include/moveit_msgs/moveit_msgs/msg/place_location.hpp
[3.869s] -- Up-to-date: /home/habibahassan/project/install/moveit_msgs/include/moveit_msgs/moveit_msgs
[3.869s] -- Up-to-date: /home/habibahassan/project/install/moveit_msgs/include/moveit_msgs/moveit_msgs/srv
[3.869s] -- Up-to-date: /home/habibahassan/project/install/moveit_msgs/include/moveit_msgs/moveit_msgs/srv/detail
[3.869s] -- Up-to-date: /home/habibahassan/project/install/moveit_msgs/include/moveit_msgs/moveit_msgs/srv/detail/apply_planning_scene__rosidl_typesupport_fastrtps_cpp.hpp
[3.870s] -- Up-to-date: /home/habibahassan/project/install/moveit_msgs/include/moveit_msgs/moveit_msgs/srv/detail/save_geometry_to_file__rosidl_typesupport_fastrtps_cpp.hpp
[3.870s] -- Up-to-date: /home/habibahassan/project/install/moveit_msgs/include/moveit_msgs/moveit_msgs/srv/detail/check_if_robot_state_exists_in_warehouse__rosidl_typesupport_fastrtps_cpp.hpp
[3.870s] -- Up-to-date: /home/habibahassan/project/install/moveit_msgs/include/moveit_msgs/moveit_msgs/srv/detail/get_position_ik__rosidl_typesupport_fastrtps_cpp.hpp
[3.870s] -- Up-to-date: /home/habibahassan/project/install/moveit_msgs/include/moveit_msgs/moveit_msgs/srv/detail/get_cartesian_path__rosidl_typesupport_fastrtps_cpp.hpp
[3.870s] -- Up-to-date: /home/habibahassan/project/install/moveit_msgs/include/moveit_msgs/moveit_msgs/srv/detail/servo_command_type__rosidl_typesupport_fastrtps_cpp.hpp
[3.870s] -- Up-to-date: /home/habibahassan/project/install/moveit_msgs/include/moveit_msgs/moveit_msgs/srv/detail/get_group_urdf__rosidl_typesupport_fastrtps_cpp.hpp
[3.871s] -- Up-to-date: /home/habibahassan/project/install/moveit_msgs/include/moveit_msgs/moveit_msgs/srv/detail/get_motion_plan__rosidl_typesupport_fastrtps_cpp.hpp
[3.871s] -- Up-to-date: /home/habibahassan/project/install/moveit_msgs/include/moveit_msgs/moveit_msgs/srv/detail/query_planner_interfaces__rosidl_typesupport_fastrtps_cpp.hpp
[3.872s] -- Up-to-date: /home/habibahassan/project/install/moveit_msgs/include/moveit_msgs/moveit_msgs/srv/detail/get_planner_params__rosidl_typesupport_fastrtps_cpp.hpp
[3.872s] -- Up-to-date: /home/habibahassan/project/install/moveit_msgs/include/moveit_msgs/moveit_msgs/srv/detail/save_robot_state_to_warehouse__rosidl_typesupport_fastrtps_cpp.hpp
[3.873s] -- Up-to-date: /home/habibahassan/project/install/moveit_msgs/include/moveit_msgs/moveit_msgs/srv/detail/delete_robot_state_from_warehouse__rosidl_typesupport_fastrtps_cpp.hpp
[3.874s] -- Up-to-date: /home/habibahassan/project/install/moveit_msgs/include/moveit_msgs/moveit_msgs/srv/detail/get_motion_sequence__rosidl_typesupport_fastrtps_cpp.hpp
[3.876s] -- Up-to-date: /home/habibahassan/project/install/moveit_msgs/include/moveit_msgs/moveit_msgs/srv/detail/load_map__rosidl_typesupport_fastrtps_cpp.hpp
[3.876s] -- Up-to-date: /home/habibahassan/project/install/moveit_msgs/include/moveit_msgs/moveit_msgs/srv/detail/get_state_validity__rosidl_typesupport_fastrtps_cpp.hpp
[3.877s] -- Up-to-date: /home/habibahassan/project/install/moveit_msgs/include/moveit_msgs/moveit_msgs/srv/detail/save_map__rosidl_typesupport_fastrtps_cpp.hpp
[3.877s] -- Up-to-date: /home/habibahassan/project/install/moveit_msgs/include/moveit_msgs/moveit_msgs/srv/detail/update_pointcloud_octomap__rosidl_typesupport_fastrtps_cpp.hpp
[3.877s] -- Up-to-date: /home/habibahassan/project/install/moveit_msgs/include/moveit_msgs/moveit_msgs/srv/detail/load_geometry_from_file__rosidl_typesupport_fastrtps_cpp.hpp
[3.879s] -- Up-to-date: /home/habibahassan/project/install/moveit_msgs/include/moveit_msgs/moveit_msgs/srv/detail/get_position_fk__rosidl_typesupport_fastrtps_cpp.hpp
[3.879s] -- Up-to-date: /home/habibahassan/project/install/moveit_msgs/include/moveit_msgs/moveit_msgs/srv/detail/grasp_planning__rosidl_typesupport_fastrtps_cpp.hpp
[3.890s] -- Up-to-date: /home/habibahassan/project/install/moveit_msgs/include/moveit_msgs/moveit_msgs/srv/detail/set_planner_params__rosidl_typesupport_fastrtps_cpp.hpp
[3.891s] -- Up-to-date: /home/habibahassan/project/install/moveit_msgs/include/moveit_msgs/moveit_msgs/srv/detail/list_robot_states_in_warehouse__rosidl_typesupport_fastrtps_cpp.hpp
[3.892s] -- Up-to-date: /home/habibahassan/project/install/moveit_msgs/include/moveit_msgs/moveit_msgs/srv/detail/get_robot_state_from_warehouse__rosidl_typesupport_fastrtps_cpp.hpp
[3.894s] -- Up-to-date: /home/habibahassan/project/install/moveit_msgs/include/moveit_msgs/moveit_msgs/srv/detail/get_planning_scene__rosidl_typesupport_fastrtps_cpp.hpp
[3.894s] -- Up-to-date: /home/habibahassan/project/install/moveit_msgs/include/moveit_msgs/moveit_msgs/srv/detail/dds_fastrtps
[3.894s] -- Up-to-date: /home/habibahassan/project/install/moveit_msgs/include/moveit_msgs/moveit_msgs/srv/detail/rename_robot_state_in_warehouse__rosidl_typesupport_fastrtps_cpp.hpp
[3.894s] -- Up-to-date: /home/habibahassan/project/install/moveit_msgs/include/moveit_msgs/moveit_msgs/action
[3.894s] -- Up-to-date: /home/habibahassan/project/install/moveit_msgs/include/moveit_msgs/moveit_msgs/action/detail
[3.906s] -- Up-to-date: /home/habibahassan/project/install/moveit_msgs/include/moveit_msgs/moveit_msgs/action/detail/execute_trajectory__rosidl_typesupport_fastrtps_cpp.hpp
[3.906s] -- Up-to-date: /home/habibahassan/project/install/moveit_msgs/include/moveit_msgs/moveit_msgs/action/detail/local_planner__rosidl_typesupport_fastrtps_cpp.hpp
[3.906s] -- Up-to-date: /home/habibahassan/project/install/moveit_msgs/include/moveit_msgs/moveit_msgs/action/detail/move_group__rosidl_typesupport_fastrtps_cpp.hpp
[3.907s] -- Up-to-date: /home/habibahassan/project/install/moveit_msgs/include/moveit_msgs/moveit_msgs/action/detail/move_group_sequence__rosidl_typesupport_fastrtps_cpp.hpp
[3.907s] -- Up-to-date: /home/habibahassan/project/install/moveit_msgs/include/moveit_msgs/moveit_msgs/action/detail/place__rosidl_typesupport_fastrtps_cpp.hpp
[3.907s] -- Up-to-date: /home/habibahassan/project/install/moveit_msgs/include/moveit_msgs/moveit_msgs/action/detail/hybrid_planner__rosidl_typesupport_fastrtps_cpp.hpp
[3.907s] -- Up-to-date: /home/habibahassan/project/install/moveit_msgs/include/moveit_msgs/moveit_msgs/action/detail/global_planner__rosidl_typesupport_fastrtps_cpp.hpp
[3.907s] -- Up-to-date: /home/habibahassan/project/install/moveit_msgs/include/moveit_msgs/moveit_msgs/action/detail/pickup__rosidl_typesupport_fastrtps_cpp.hpp
[3.908s] -- Up-to-date: /home/habibahassan/project/install/moveit_msgs/include/moveit_msgs/moveit_msgs/action/detail/dds_fastrtps
[3.908s] -- Up-to-date: /home/habibahassan/project/install/moveit_msgs/include/moveit_msgs/moveit_msgs/msg
[3.908s] -- Up-to-date: /home/habibahassan/project/install/moveit_msgs/include/moveit_msgs/moveit_msgs/msg/rosidl_typesupport_fastrtps_cpp__visibility_control.h
[3.908s] -- Up-to-date: /home/habibahassan/project/install/moveit_msgs/include/moveit_msgs/moveit_msgs/msg/detail
[3.908s] -- Up-to-date: /home/habibahassan/project/install/moveit_msgs/include/moveit_msgs/moveit_msgs/msg/detail/bounding_volume__rosidl_typesupport_fastrtps_cpp.hpp
[3.908s] -- Up-to-date: /home/habibahassan/project/install/moveit_msgs/include/moveit_msgs/moveit_msgs/msg/detail/joint_limits__rosidl_typesupport_fastrtps_cpp.hpp
[3.909s] -- Up-to-date: /home/habibahassan/project/install/moveit_msgs/include/moveit_msgs/moveit_msgs/msg/detail/place_location__rosidl_typesupport_fastrtps_cpp.hpp
[3.909s] -- Up-to-date: /home/habibahassan/project/install/moveit_msgs/include/moveit_msgs/moveit_msgs/msg/detail/object_color__rosidl_typesupport_fastrtps_cpp.hpp
[3.909s] -- Up-to-date: /home/habibahassan/project/install/moveit_msgs/include/moveit_msgs/moveit_msgs/msg/detail/joint_constraint__rosidl_typesupport_fastrtps_cpp.hpp
[3.909s] -- Up-to-date: /home/habibahassan/project/install/moveit_msgs/include/moveit_msgs/moveit_msgs/msg/detail/constraint_eval_result__rosidl_typesupport_fastrtps_cpp.hpp
[3.909s] -- Up-to-date: /home/habibahassan/project/install/moveit_msgs/include/moveit_msgs/moveit_msgs/msg/detail/display_trajectory__rosidl_typesupport_fastrtps_cpp.hpp
[3.909s] -- Up-to-date: /home/habibahassan/project/install/moveit_msgs/include/moveit_msgs/moveit_msgs/msg/detail/visibility_constraint__rosidl_typesupport_fastrtps_cpp.hpp
[3.910s] -- Up-to-date: /home/habibahassan/project/install/moveit_msgs/include/moveit_msgs/moveit_msgs/msg/detail/allowed_collision_matrix__rosidl_typesupport_fastrtps_cpp.hpp
[3.910s] -- Up-to-date: /home/habibahassan/project/install/moveit_msgs/include/moveit_msgs/moveit_msgs/msg/detail/motion_plan_request__rosidl_typesupport_fastrtps_cpp.hpp
[3.910s] -- Up-to-date: /home/habibahassan/project/install/moveit_msgs/include/moveit_msgs/moveit_msgs/msg/detail/move_it_error_codes__rosidl_typesupport_fastrtps_cpp.hpp
[3.910s] -- Up-to-date: /home/habibahassan/project/install/moveit_msgs/include/moveit_msgs/moveit_msgs/msg/detail/motion_plan_response__rosidl_typesupport_fastrtps_cpp.hpp
[3.910s] -- Up-to-date: /home/habibahassan/project/install/moveit_msgs/include/moveit_msgs/moveit_msgs/msg/detail/planning_scene_world__rosidl_typesupport_fastrtps_cpp.hpp
[3.911s] -- Up-to-date: /home/habibahassan/project/install/moveit_msgs/include/moveit_msgs/moveit_msgs/msg/detail/robot_state__rosidl_typesupport_fastrtps_cpp.hpp
[3.911s] -- Up-to-date: /home/habibahassan/project/install/moveit_msgs/include/moveit_msgs/moveit_msgs/msg/detail/planning_scene__rosidl_typesupport_fastrtps_cpp.hpp
[3.911s] -- Up-to-date: /home/habibahassan/project/install/moveit_msgs/include/moveit_msgs/moveit_msgs/msg/detail/constraints__rosidl_typesupport_fastrtps_cpp.hpp
[3.911s] -- Up-to-date: /home/habibahassan/project/install/moveit_msgs/include/moveit_msgs/moveit_msgs/msg/detail/grasp__rosidl_typesupport_fastrtps_cpp.hpp
[3.911s] -- Up-to-date: /home/habibahassan/project/install/moveit_msgs/include/moveit_msgs/moveit_msgs/msg/detail/position_ik_request__rosidl_typesupport_fastrtps_cpp.hpp
[3.911s] -- Up-to-date: /home/habibahassan/project/install/moveit_msgs/include/moveit_msgs/moveit_msgs/msg/detail/position_constraint__rosidl_typesupport_fastrtps_cpp.hpp
[3.912s] -- Up-to-date: /home/habibahassan/project/install/moveit_msgs/include/moveit_msgs/moveit_msgs/msg/detail/planner_params__rosidl_typesupport_fastrtps_cpp.hpp
[3.912s] -- Up-to-date: /home/habibahassan/project/install/moveit_msgs/include/moveit_msgs/moveit_msgs/msg/detail/allowed_collision_entry__rosidl_typesupport_fastrtps_cpp.hpp
[3.912s] -- Up-to-date: /home/habibahassan/project/install/moveit_msgs/include/moveit_msgs/moveit_msgs/msg/detail/trajectory_constraints__rosidl_typesupport_fastrtps_cpp.hpp
[3.912s] -- Up-to-date: /home/habibahassan/project/install/moveit_msgs/include/moveit_msgs/moveit_msgs/msg/detail/orientation_constraint__rosidl_typesupport_fastrtps_cpp.hpp
[3.912s] -- Up-to-date: /home/habibahassan/project/install/moveit_msgs/include/moveit_msgs/moveit_msgs/msg/detail/planning_scene_components__rosidl_typesupport_fastrtps_cpp.hpp
[3.913s] -- Up-to-date: /home/habibahassan/project/install/moveit_msgs/include/moveit_msgs/moveit_msgs/msg/detail/gripper_translation__rosidl_typesupport_fastrtps_cpp.hpp
[3.913s] -- Up-to-date: /home/habibahassan/project/install/moveit_msgs/include/moveit_msgs/moveit_msgs/msg/detail/workspace_parameters__rosidl_typesupport_fastrtps_cpp.hpp
[3.914s] -- Up-to-date: /home/habibahassan/project/install/moveit_msgs/include/moveit_msgs/moveit_msgs/msg/detail/contact_information__rosidl_typesupport_fastrtps_cpp.hpp
[3.915s] -- Up-to-date: /home/habibahassan/project/install/moveit_msgs/include/moveit_msgs/moveit_msgs/msg/detail/planning_options__rosidl_typesupport_fastrtps_cpp.hpp
[3.918s] -- Up-to-date: /home/habibahassan/project/install/moveit_msgs/include/moveit_msgs/moveit_msgs/msg/detail/generic_trajectory__rosidl_typesupport_fastrtps_cpp.hpp
[3.931s] -- Up-to-date: /home/habibahassan/project/install/moveit_msgs/include/moveit_msgs/moveit_msgs/msg/detail/oriented_bounding_box__rosidl_typesupport_fastrtps_cpp.hpp
[3.934s] -- Up-to-date: /home/habibahassan/project/install/moveit_msgs/include/moveit_msgs/moveit_msgs/msg/detail/motion_sequence_response__rosidl_typesupport_fastrtps_cpp.hpp
[3.937s] -- Up-to-date: /home/habibahassan/project/install/moveit_msgs/include/moveit_msgs/moveit_msgs/msg/detail/kinematic_solver_info__rosidl_typesupport_fastrtps_cpp.hpp
[3.937s] -- Up-to-date: /home/habibahassan/project/install/moveit_msgs/include/moveit_msgs/moveit_msgs/msg/detail/cartesian_point__rosidl_typesupport_fastrtps_cpp.hpp
[3.937s] -- Up-to-date: /home/habibahassan/project/install/moveit_msgs/include/moveit_msgs/moveit_msgs/msg/detail/cost_source__rosidl_typesupport_fastrtps_cpp.hpp
[3.938s] -- Up-to-date: /home/habibahassan/project/install/moveit_msgs/include/moveit_msgs/moveit_msgs/msg/detail/display_robot_state__rosidl_typesupport_fastrtps_cpp.hpp
[3.938s] -- Up-to-date: /home/habibahassan/project/install/moveit_msgs/include/moveit_msgs/moveit_msgs/msg/detail/robot_trajectory__rosidl_typesupport_fastrtps_cpp.hpp
[3.938s] -- Up-to-date: /home/habibahassan/project/install/moveit_msgs/include/moveit_msgs/moveit_msgs/msg/detail/planner_interface_description__rosidl_typesupport_fastrtps_cpp.hpp
[3.939s] -- Up-to-date: /home/habibahassan/project/install/moveit_msgs/include/moveit_msgs/moveit_msgs/msg/detail/pipeline_state__rosidl_typesupport_fastrtps_cpp.hpp
[3.939s] -- Up-to-date: /home/habibahassan/project/install/moveit_msgs/include/moveit_msgs/moveit_msgs/msg/detail/motion_sequence_request__rosidl_typesupport_fastrtps_cpp.hpp
[3.939s] -- Up-to-date: /home/habibahassan/project/install/moveit_msgs/include/moveit_msgs/moveit_msgs/msg/detail/link_padding__rosidl_typesupport_fastrtps_cpp.hpp
[3.939s] -- Up-to-date: /home/habibahassan/project/install/moveit_msgs/include/moveit_msgs/moveit_msgs/msg/detail/cartesian_trajectory__rosidl_typesupport_fastrtps_cpp.hpp
[3.939s] -- Up-to-date: /home/habibahassan/project/install/moveit_msgs/include/moveit_msgs/moveit_msgs/msg/detail/attached_collision_object__rosidl_typesupport_fastrtps_cpp.hpp
[3.939s] -- Up-to-date: /home/habibahassan/project/install/moveit_msgs/include/moveit_msgs/moveit_msgs/msg/detail/servo_status__rosidl_typesupport_fastrtps_cpp.hpp
[3.940s] -- Up-to-date: /home/habibahassan/project/install/moveit_msgs/include/moveit_msgs/moveit_msgs/msg/detail/collision_object__rosidl_typesupport_fastrtps_cpp.hpp
[3.940s] -- Up-to-date: /home/habibahassan/project/install/moveit_msgs/include/moveit_msgs/moveit_msgs/msg/detail/link_scale__rosidl_typesupport_fastrtps_cpp.hpp
[3.940s] -- Up-to-date: /home/habibahassan/project/install/moveit_msgs/include/moveit_msgs/moveit_msgs/msg/detail/motion_plan_detailed_response__rosidl_typesupport_fastrtps_cpp.hpp
[3.940s] -- Up-to-date: /home/habibahassan/project/install/moveit_msgs/include/moveit_msgs/moveit_msgs/msg/detail/motion_sequence_item__rosidl_typesupport_fastrtps_cpp.hpp
[3.940s] -- Up-to-date: /home/habibahassan/project/install/moveit_msgs/include/moveit_msgs/moveit_msgs/msg/detail/cartesian_trajectory_point__rosidl_typesupport_fastrtps_cpp.hpp
[3.940s] -- Up-to-date: /home/habibahassan/project/install/moveit_msgs/include/moveit_msgs/moveit_msgs/msg/detail/dds_fastrtps
[3.940s] -- Up-to-date: /home/habibahassan/project/install/moveit_msgs/lib/libmoveit_msgs__rosidl_typesupport_fastrtps_cpp.so
[3.941s] -- Up-to-date: /home/habibahassan/project/install/moveit_msgs/include/moveit_msgs/moveit_msgs
[3.941s] -- Up-to-date: /home/habibahassan/project/install/moveit_msgs/include/moveit_msgs/moveit_msgs/srv
[3.941s] -- Up-to-date: /home/habibahassan/project/install/moveit_msgs/include/moveit_msgs/moveit_msgs/srv/detail
[3.941s] -- Up-to-date: /home/habibahassan/project/install/moveit_msgs/include/moveit_msgs/moveit_msgs/srv/detail/grasp_planning__type_support.cpp
[3.941s] -- Up-to-date: /home/habibahassan/project/install/moveit_msgs/include/moveit_msgs/moveit_msgs/srv/detail/get_motion_plan__type_support.cpp
[3.941s] -- Up-to-date: /home/habibahassan/project/install/moveit_msgs/include/moveit_msgs/moveit_msgs/srv/detail/grasp_planning__rosidl_typesupport_introspection_cpp.hpp
[3.942s] -- Up-to-date: /home/habibahassan/project/install/moveit_msgs/include/moveit_msgs/moveit_msgs/srv/detail/load_map__type_support.cpp
[3.942s] -- Up-to-date: /home/habibahassan/project/install/moveit_msgs/include/moveit_msgs/moveit_msgs/srv/detail/save_robot_state_to_warehouse__type_support.cpp
[3.942s] -- Up-to-date: /home/habibahassan/project/install/moveit_msgs/include/moveit_msgs/moveit_msgs/srv/detail/delete_robot_state_from_warehouse__type_support.cpp
[3.942s] -- Up-to-date: /home/habibahassan/project/install/moveit_msgs/include/moveit_msgs/moveit_msgs/srv/detail/query_planner_interfaces__rosidl_typesupport_introspection_cpp.hpp
[3.942s] -- Up-to-date: /home/habibahassan/project/install/moveit_msgs/include/moveit_msgs/moveit_msgs/srv/detail/set_planner_params__rosidl_typesupport_introspection_cpp.hpp
[3.942s] -- Up-to-date: /home/habibahassan/project/install/moveit_msgs/include/moveit_msgs/moveit_msgs/srv/detail/save_geometry_to_file__rosidl_typesupport_introspection_cpp.hpp
[3.942s] -- Up-to-date: /home/habibahassan/project/install/moveit_msgs/include/moveit_msgs/moveit_msgs/srv/detail/update_pointcloud_octomap__rosidl_typesupport_introspection_cpp.hpp
[3.943s] -- Up-to-date: /home/habibahassan/project/install/moveit_msgs/include/moveit_msgs/moveit_msgs/srv/detail/get_planning_scene__rosidl_typesupport_introspection_cpp.hpp
[3.943s] -- Up-to-date: /home/habibahassan/project/install/moveit_msgs/include/moveit_msgs/moveit_msgs/srv/detail/save_geometry_to_file__type_support.cpp
[3.943s] -- Up-to-date: /home/habibahassan/project/install/moveit_msgs/include/moveit_msgs/moveit_msgs/srv/detail/apply_planning_scene__type_support.cpp
[3.956s] -- Up-to-date: /home/habibahassan/project/install/moveit_msgs/include/moveit_msgs/moveit_msgs/srv/detail/get_motion_sequence__rosidl_typesupport_introspection_cpp.hpp
[3.984s] -- Up-to-date: /home/habibahassan/project/install/moveit_msgs/include/moveit_msgs/moveit_msgs/srv/detail/apply_planning_scene__rosidl_typesupport_introspection_cpp.hpp
[3.984s] -- Up-to-date: /home/habibahassan/project/install/moveit_msgs/include/moveit_msgs/moveit_msgs/srv/detail/check_if_robot_state_exists_in_warehouse__type_support.cpp
[3.985s] -- Up-to-date: /home/habibahassan/project/install/moveit_msgs/include/moveit_msgs/moveit_msgs/srv/detail/get_cartesian_path__rosidl_typesupport_introspection_cpp.hpp
[3.985s] -- Up-to-date: /home/habibahassan/project/install/moveit_msgs/include/moveit_msgs/moveit_msgs/srv/detail/get_motion_plan__rosidl_typesupport_introspection_cpp.hpp
[3.985s] -- Up-to-date: /home/habibahassan/project/install/moveit_msgs/include/moveit_msgs/moveit_msgs/srv/detail/list_robot_states_in_warehouse__type_support.cpp
[3.986s] -- Up-to-date: /home/habibahassan/project/install/moveit_msgs/include/moveit_msgs/moveit_msgs/srv/detail/save_robot_state_to_warehouse__rosidl_typesupport_introspection_cpp.hpp
[3.986s] -- Up-to-date: /home/habibahassan/project/install/moveit_msgs/include/moveit_msgs/moveit_msgs/srv/detail/list_robot_states_in_warehouse__rosidl_typesupport_introspection_cpp.hpp
[3.986s] -- Up-to-date: /home/habibahassan/project/install/moveit_msgs/include/moveit_msgs/moveit_msgs/srv/detail/get_position_ik__rosidl_typesupport_introspection_cpp.hpp
[3.986s] -- Up-to-date: /home/habibahassan/project/install/moveit_msgs/include/moveit_msgs/moveit_msgs/srv/detail/get_state_validity__rosidl_typesupport_introspection_cpp.hpp
[3.986s] -- Up-to-date: /home/habibahassan/project/install/moveit_msgs/include/moveit_msgs/moveit_msgs/srv/detail/get_motion_sequence__type_support.cpp
[3.986s] -- Up-to-date: /home/habibahassan/project/install/moveit_msgs/include/moveit_msgs/moveit_msgs/srv/detail/get_state_validity__type_support.cpp
[3.987s] -- Up-to-date: /home/habibahassan/project/install/moveit_msgs/include/moveit_msgs/moveit_msgs/srv/detail/rename_robot_state_in_warehouse__rosidl_typesupport_introspection_cpp.hpp
[3.987s] -- Up-to-date: /home/habibahassan/project/install/moveit_msgs/include/moveit_msgs/moveit_msgs/srv/detail/get_position_ik__type_support.cpp
[3.987s] -- Up-to-date: /home/habibahassan/project/install/moveit_msgs/include/moveit_msgs/moveit_msgs/srv/detail/get_planner_params__rosidl_typesupport_introspection_cpp.hpp
[3.987s] -- Up-to-date: /home/habibahassan/project/install/moveit_msgs/include/moveit_msgs/moveit_msgs/srv/detail/get_position_fk__type_support.cpp
[3.987s] -- Up-to-date: /home/habibahassan/project/install/moveit_msgs/include/moveit_msgs/moveit_msgs/srv/detail/servo_command_type__type_support.cpp
[3.987s] -- Up-to-date: /home/habibahassan/project/install/moveit_msgs/include/moveit_msgs/moveit_msgs/srv/detail/delete_robot_state_from_warehouse__rosidl_typesupport_introspection_cpp.hpp
[3.988s] -- Up-to-date: /home/habibahassan/project/install/moveit_msgs/include/moveit_msgs/moveit_msgs/srv/detail/get_group_urdf__rosidl_typesupport_introspection_cpp.hpp
[3.988s] -- Up-to-date: /home/habibahassan/project/install/moveit_msgs/include/moveit_msgs/moveit_msgs/srv/detail/load_geometry_from_file__rosidl_typesupport_introspection_cpp.hpp
[3.988s] -- Up-to-date: /home/habibahassan/project/install/moveit_msgs/include/moveit_msgs/moveit_msgs/srv/detail/load_map__rosidl_typesupport_introspection_cpp.hpp
[3.988s] -- Up-to-date: /home/habibahassan/project/install/moveit_msgs/include/moveit_msgs/moveit_msgs/srv/detail/get_planner_params__type_support.cpp
[3.988s] -- Up-to-date: /home/habibahassan/project/install/moveit_msgs/include/moveit_msgs/moveit_msgs/srv/detail/set_planner_params__type_support.cpp
[3.988s] -- Up-to-date: /home/habibahassan/project/install/moveit_msgs/include/moveit_msgs/moveit_msgs/srv/detail/get_group_urdf__type_support.cpp
[3.988s] -- Up-to-date: /home/habibahassan/project/install/moveit_msgs/include/moveit_msgs/moveit_msgs/srv/detail/update_pointcloud_octomap__type_support.cpp
[3.989s] -- Up-to-date: /home/habibahassan/project/install/moveit_msgs/include/moveit_msgs/moveit_msgs/srv/detail/save_map__rosidl_typesupport_introspection_cpp.hpp
[3.989s] -- Up-to-date: /home/habibahassan/project/install/moveit_msgs/include/moveit_msgs/moveit_msgs/srv/detail/get_position_fk__rosidl_typesupport_introspection_cpp.hpp
[3.989s] -- Up-to-date: /home/habibahassan/project/install/moveit_msgs/include/moveit_msgs/moveit_msgs/srv/detail/save_map__type_support.cpp
[3.989s] -- Up-to-date: /home/habibahassan/project/install/moveit_msgs/include/moveit_msgs/moveit_msgs/srv/detail/rename_robot_state_in_warehouse__type_support.cpp
[3.989s] -- Up-to-date: /home/habibahassan/project/install/moveit_msgs/include/moveit_msgs/moveit_msgs/srv/detail/servo_command_type__rosidl_typesupport_introspection_cpp.hpp
[3.990s] -- Up-to-date: /home/habibahassan/project/install/moveit_msgs/include/moveit_msgs/moveit_msgs/srv/detail/load_geometry_from_file__type_support.cpp
[3.990s] -- Up-to-date: /home/habibahassan/project/install/moveit_msgs/include/moveit_msgs/moveit_msgs/srv/detail/check_if_robot_state_exists_in_warehouse__rosidl_typesupport_introspection_cpp.hpp
[3.990s] -- Up-to-date: /home/habibahassan/project/install/moveit_msgs/include/moveit_msgs/moveit_msgs/srv/detail/get_robot_state_from_warehouse__type_support.cpp
[3.990s] -- Up-to-date: /home/habibahassan/project/install/moveit_msgs/include/moveit_msgs/moveit_msgs/srv/detail/get_cartesian_path__type_support.cpp
[3.990s] -- Up-to-date: /home/habibahassan/project/install/moveit_msgs/include/moveit_msgs/moveit_msgs/srv/detail/get_planning_scene__type_support.cpp
[3.990s] -- Up-to-date: /home/habibahassan/project/install/moveit_msgs/include/moveit_msgs/moveit_msgs/srv/detail/get_robot_state_from_warehouse__rosidl_typesupport_introspection_cpp.hpp
[3.990s] -- Up-to-date: /home/habibahassan/project/install/moveit_msgs/include/moveit_msgs/moveit_msgs/srv/detail/query_planner_interfaces__type_support.cpp
[3.991s] -- Up-to-date: /home/habibahassan/project/install/moveit_msgs/include/moveit_msgs/moveit_msgs/action
[3.991s] -- Up-to-date: /home/habibahassan/project/install/moveit_msgs/include/moveit_msgs/moveit_msgs/action/detail
[3.991s] -- Up-to-date: /home/habibahassan/project/install/moveit_msgs/include/moveit_msgs/moveit_msgs/action/detail/pickup__rosidl_typesupport_introspection_cpp.hpp
[3.991s] -- Up-to-date: /home/habibahassan/project/install/moveit_msgs/include/moveit_msgs/moveit_msgs/action/detail/execute_trajectory__type_support.cpp
[3.991s] -- Up-to-date: /home/habibahassan/project/install/moveit_msgs/include/moveit_msgs/moveit_msgs/action/detail/local_planner__rosidl_typesupport_introspection_cpp.hpp
[3.991s] -- Up-to-date: /home/habibahassan/project/install/moveit_msgs/include/moveit_msgs/moveit_msgs/action/detail/hybrid_planner__type_support.cpp
[3.992s] -- Up-to-date: /home/habibahassan/project/install/moveit_msgs/include/moveit_msgs/moveit_msgs/action/detail/move_group__rosidl_typesupport_introspection_cpp.hpp
[3.992s] -- Up-to-date: /home/habibahassan/project/install/moveit_msgs/include/moveit_msgs/moveit_msgs/action/detail/global_planner__rosidl_typesupport_introspection_cpp.hpp
[3.992s] -- Up-to-date: /home/habibahassan/project/install/moveit_msgs/include/moveit_msgs/moveit_msgs/action/detail/place__rosidl_typesupport_introspection_cpp.hpp
[3.992s] -- Up-to-date: /home/habibahassan/project/install/moveit_msgs/include/moveit_msgs/moveit_msgs/action/detail/place__type_support.cpp
[3.992s] -- Up-to-date: /home/habibahassan/project/install/moveit_msgs/include/moveit_msgs/moveit_msgs/action/detail/move_group_sequence__type_support.cpp
[3.992s] -- Up-to-date: /home/habibahassan/project/install/moveit_msgs/include/moveit_msgs/moveit_msgs/action/detail/local_planner__type_support.cpp
[3.992s] -- Up-to-date: /home/habibahassan/project/install/moveit_msgs/include/moveit_msgs/moveit_msgs/action/detail/move_group__type_support.cpp
[3.993s] -- Up-to-date: /home/habibahassan/project/install/moveit_msgs/include/moveit_msgs/moveit_msgs/action/detail/global_planner__type_support.cpp
[3.993s] -- Up-to-date: /home/habibahassan/project/install/moveit_msgs/include/moveit_msgs/moveit_msgs/action/detail/execute_trajectory__rosidl_typesupport_introspection_cpp.hpp
[3.993s] -- Up-to-date: /home/habibahassan/project/install/moveit_msgs/include/moveit_msgs/moveit_msgs/action/detail/hybrid_planner__rosidl_typesupport_introspection_cpp.hpp
[3.993s] -- Up-to-date: /home/habibahassan/project/install/moveit_msgs/include/moveit_msgs/moveit_msgs/action/detail/pickup__type_support.cpp
[4.015s] -- Up-to-date: /home/habibahassan/project/install/moveit_msgs/include/moveit_msgs/moveit_msgs/action/detail/move_group_sequence__rosidl_typesupport_introspection_cpp.hpp
[4.015s] -- Up-to-date: /home/habibahassan/project/install/moveit_msgs/include/moveit_msgs/moveit_msgs/msg
[4.016s] -- Up-to-date: /home/habibahassan/project/install/moveit_msgs/include/moveit_msgs/moveit_msgs/msg/detail
[4.016s] -- Up-to-date: /home/habibahassan/project/install/moveit_msgs/include/moveit_msgs/moveit_msgs/msg/detail/link_padding__type_support.cpp
[4.016s] -- Up-to-date: /home/habibahassan/project/install/moveit_msgs/include/moveit_msgs/moveit_msgs/msg/detail/cost_source__rosidl_typesupport_introspection_cpp.hpp
[4.016s] -- Up-to-date: /home/habibahassan/project/install/moveit_msgs/include/moveit_msgs/moveit_msgs/msg/detail/bounding_volume__type_support.cpp
[4.016s] -- Up-to-date: /home/habibahassan/project/install/moveit_msgs/include/moveit_msgs/moveit_msgs/msg/detail/robot_state__rosidl_typesupport_introspection_cpp.hpp
[4.016s] -- Up-to-date: /home/habibahassan/project/install/moveit_msgs/include/moveit_msgs/moveit_msgs/msg/detail/oriented_bounding_box__type_support.cpp
[4.017s] -- Up-to-date: /home/habibahassan/project/install/moveit_msgs/include/moveit_msgs/moveit_msgs/msg/detail/joint_limits__type_support.cpp
[4.017s] -- Up-to-date: /home/habibahassan/project/install/moveit_msgs/include/moveit_msgs/moveit_msgs/msg/detail/motion_sequence_response__type_support.cpp
[4.017s] -- Up-to-date: /home/habibahassan/project/install/moveit_msgs/include/moveit_msgs/moveit_msgs/msg/detail/display_robot_state__type_support.cpp
[4.017s] -- Up-to-date: /home/habibahassan/project/install/moveit_msgs/include/moveit_msgs/moveit_msgs/msg/detail/planning_options__rosidl_typesupport_introspection_cpp.hpp
[4.017s] -- Up-to-date: /home/habibahassan/project/install/moveit_msgs/include/moveit_msgs/moveit_msgs/msg/detail/motion_plan_detailed_response__type_support.cpp
[4.018s] -- Up-to-date: /home/habibahassan/project/install/moveit_msgs/include/moveit_msgs/moveit_msgs/msg/detail/place_location__rosidl_typesupport_introspection_cpp.hpp
[4.018s] -- Up-to-date: /home/habibahassan/project/install/moveit_msgs/include/moveit_msgs/moveit_msgs/msg/detail/kinematic_solver_info__type_support.cpp
[4.018s] -- Up-to-date: /home/habibahassan/project/install/moveit_msgs/include/moveit_msgs/moveit_msgs/msg/detail/display_trajectory__rosidl_typesupport_introspection_cpp.hpp
[4.018s] -- Up-to-date: /home/habibahassan/project/install/moveit_msgs/include/moveit_msgs/moveit_msgs/msg/detail/allowed_collision_entry__type_support.cpp
[4.018s] -- Up-to-date: /home/habibahassan/project/install/moveit_msgs/include/moveit_msgs/moveit_msgs/msg/detail/position_constraint__rosidl_typesupport_introspection_cpp.hpp
[4.018s] -- Up-to-date: /home/habibahassan/project/install/moveit_msgs/include/moveit_msgs/moveit_msgs/msg/detail/motion_plan_detailed_response__rosidl_typesupport_introspection_cpp.hpp
[4.019s] -- Up-to-date: /home/habibahassan/project/install/moveit_msgs/include/moveit_msgs/moveit_msgs/msg/detail/oriented_bounding_box__rosidl_typesupport_introspection_cpp.hpp
[4.019s] -- Up-to-date: /home/habibahassan/project/install/moveit_msgs/include/moveit_msgs/moveit_msgs/msg/detail/motion_sequence_item__type_support.cpp
[4.019s] -- Up-to-date: /home/habibahassan/project/install/moveit_msgs/include/moveit_msgs/moveit_msgs/msg/detail/planning_scene_world__rosidl_typesupport_introspection_cpp.hpp
[4.019s] -- Up-to-date: /home/habibahassan/project/install/moveit_msgs/include/moveit_msgs/moveit_msgs/msg/detail/attached_collision_object__type_support.cpp
[4.019s] -- Up-to-date: /home/habibahassan/project/install/moveit_msgs/include/moveit_msgs/moveit_msgs/msg/detail/workspace_parameters__rosidl_typesupport_introspection_cpp.hpp
[4.020s] -- Up-to-date: /home/habibahassan/project/install/moveit_msgs/include/moveit_msgs/moveit_msgs/msg/detail/servo_status__rosidl_typesupport_introspection_cpp.hpp
[4.020s] -- Up-to-date: /home/habibahassan/project/install/moveit_msgs/include/moveit_msgs/moveit_msgs/msg/detail/motion_plan_response__type_support.cpp
[4.020s] -- Up-to-date: /home/habibahassan/project/install/moveit_msgs/include/moveit_msgs/moveit_msgs/msg/detail/constraints__type_support.cpp
[4.020s] -- Up-to-date: /home/habibahassan/project/install/moveit_msgs/include/moveit_msgs/moveit_msgs/msg/detail/planning_options__type_support.cpp
[4.020s] -- Up-to-date: /home/habibahassan/project/install/moveit_msgs/include/moveit_msgs/moveit_msgs/msg/detail/generic_trajectory__type_support.cpp
[4.021s] -- Up-to-date: /home/habibahassan/project/install/moveit_msgs/include/moveit_msgs/moveit_msgs/msg/detail/cartesian_trajectory__rosidl_typesupport_introspection_cpp.hpp
[4.021s] -- Up-to-date: /home/habibahassan/project/install/moveit_msgs/include/moveit_msgs/moveit_msgs/msg/detail/link_scale__rosidl_typesupport_introspection_cpp.hpp
[4.021s] -- Up-to-date: /home/habibahassan/project/install/moveit_msgs/include/moveit_msgs/moveit_msgs/msg/detail/orientation_constraint__type_support.cpp
[4.021s] -- Up-to-date: /home/habibahassan/project/install/moveit_msgs/include/moveit_msgs/moveit_msgs/msg/detail/motion_sequence_item__rosidl_typesupport_introspection_cpp.hpp
[4.021s] -- Up-to-date: /home/habibahassan/project/install/moveit_msgs/include/moveit_msgs/moveit_msgs/msg/detail/planning_scene_components__rosidl_typesupport_introspection_cpp.hpp
[4.021s] -- Up-to-date: /home/habibahassan/project/install/moveit_msgs/include/moveit_msgs/moveit_msgs/msg/detail/orientation_constraint__rosidl_typesupport_introspection_cpp.hpp
[4.022s] -- Up-to-date: /home/habibahassan/project/install/moveit_msgs/include/moveit_msgs/moveit_msgs/msg/detail/planner_interface_description__type_support.cpp
[4.022s] -- Up-to-date: /home/habibahassan/project/install/moveit_msgs/include/moveit_msgs/moveit_msgs/msg/detail/planning_scene_components__type_support.cpp
[4.022s] -- Up-to-date: /home/habibahassan/project/install/moveit_msgs/include/moveit_msgs/moveit_msgs/msg/detail/grasp__rosidl_typesupport_introspection_cpp.hpp
[4.022s] -- Up-to-date: /home/habibahassan/project/install/moveit_msgs/include/moveit_msgs/moveit_msgs/msg/detail/servo_status__type_support.cpp
[4.022s] -- Up-to-date: /home/habibahassan/project/install/moveit_msgs/include/moveit_msgs/moveit_msgs/msg/detail/robot_trajectory__type_support.cpp
[4.023s] -- Up-to-date: /home/habibahassan/project/install/moveit_msgs/include/moveit_msgs/moveit_msgs/msg/detail/object_color__type_support.cpp
[4.023s] -- Up-to-date: /home/habibahassan/project/install/moveit_msgs/include/moveit_msgs/moveit_msgs/msg/detail/move_it_error_codes__type_support.cpp
[4.023s] -- Up-to-date: /home/habibahassan/project/install/moveit_msgs/include/moveit_msgs/moveit_msgs/msg/detail/attached_collision_object__rosidl_typesupport_introspection_cpp.hpp
[4.023s] -- Up-to-date: /home/habibahassan/project/install/moveit_msgs/include/moveit_msgs/moveit_msgs/msg/detail/planner_params__type_support.cpp
[4.023s] -- Up-to-date: /home/habibahassan/project/install/moveit_msgs/include/moveit_msgs/moveit_msgs/msg/detail/position_ik_request__type_support.cpp
[4.024s] -- Up-to-date: /home/habibahassan/project/install/moveit_msgs/include/moveit_msgs/moveit_msgs/msg/detail/motion_sequence_request__rosidl_typesupport_introspection_cpp.hpp
[4.024s] -- Up-to-date: /home/habibahassan/project/install/moveit_msgs/include/moveit_msgs/moveit_msgs/msg/detail/cartesian_trajectory__type_support.cpp
[4.024s] -- Up-to-date: /home/habibahassan/project/install/moveit_msgs/include/moveit_msgs/moveit_msgs/msg/detail/planning_scene_world__type_support.cpp
[4.024s] -- Up-to-date: /home/habibahassan/project/install/moveit_msgs/include/moveit_msgs/moveit_msgs/msg/detail/link_scale__type_support.cpp
[4.024s] -- Up-to-date: /home/habibahassan/project/install/moveit_msgs/include/moveit_msgs/moveit_msgs/msg/detail/motion_sequence_request__type_support.cpp
[4.025s] -- Up-to-date: /home/habibahassan/project/install/moveit_msgs/include/moveit_msgs/moveit_msgs/msg/detail/kinematic_solver_info__rosidl_typesupport_introspection_cpp.hpp
[4.025s] -- Up-to-date: /home/habibahassan/project/install/moveit_msgs/include/moveit_msgs/moveit_msgs/msg/detail/contact_information__rosidl_typesupport_introspection_cpp.hpp
[4.035s] -- Up-to-date: /home/habibahassan/project/install/moveit_msgs/include/moveit_msgs/moveit_msgs/msg/detail/planner_interface_description__rosidl_typesupport_introspection_cpp.hpp
[4.035s] -- Up-to-date: /home/habibahassan/project/install/moveit_msgs/include/moveit_msgs/moveit_msgs/msg/detail/grasp__type_support.cpp
[4.036s] -- Up-to-date: /home/habibahassan/project/install/moveit_msgs/include/moveit_msgs/moveit_msgs/msg/detail/collision_object__rosidl_typesupport_introspection_cpp.hpp
[4.036s] -- Up-to-date: /home/habibahassan/project/install/moveit_msgs/include/moveit_msgs/moveit_msgs/msg/detail/allowed_collision_entry__rosidl_typesupport_introspection_cpp.hpp
[4.036s] -- Up-to-date: /home/habibahassan/project/install/moveit_msgs/include/moveit_msgs/moveit_msgs/msg/detail/trajectory_constraints__rosidl_typesupport_introspection_cpp.hpp
[4.036s] -- Up-to-date: /home/habibahassan/project/install/moveit_msgs/include/moveit_msgs/moveit_msgs/msg/detail/robot_trajectory__rosidl_typesupport_introspection_cpp.hpp
[4.036s] -- Up-to-date: /home/habibahassan/project/install/moveit_msgs/include/moveit_msgs/moveit_msgs/msg/detail/joint_constraint__rosidl_typesupport_introspection_cpp.hpp
[4.037s] -- Up-to-date: /home/habibahassan/project/install/moveit_msgs/include/moveit_msgs/moveit_msgs/msg/detail/place_location__type_support.cpp
[4.037s] -- Up-to-date: /home/habibahassan/project/install/moveit_msgs/include/moveit_msgs/moveit_msgs/msg/detail/motion_plan_request__type_support.cpp
[4.037s] -- Up-to-date: /home/habibahassan/project/install/moveit_msgs/include/moveit_msgs/moveit_msgs/msg/detail/constraints__rosidl_typesupport_introspection_cpp.hpp
[4.037s] -- Up-to-date: /home/habibahassan/project/install/moveit_msgs/include/moveit_msgs/moveit_msgs/msg/detail/link_padding__rosidl_typesupport_introspection_cpp.hpp
[4.037s] -- Up-to-date: /home/habibahassan/project/install/moveit_msgs/include/moveit_msgs/moveit_msgs/msg/detail/workspace_parameters__type_support.cpp
[4.037s] -- Up-to-date: /home/habibahassan/project/install/moveit_msgs/include/moveit_msgs/moveit_msgs/msg/detail/position_constraint__type_support.cpp
[4.039s] -- Up-to-date: /home/habibahassan/project/install/moveit_msgs/include/moveit_msgs/moveit_msgs/msg/detail/bounding_volume__rosidl_typesupport_introspection_cpp.hpp
[4.039s] -- Up-to-date: /home/habibahassan/project/install/moveit_msgs/include/moveit_msgs/moveit_msgs/msg/detail/planner_params__rosidl_typesupport_introspection_cpp.hpp
[4.040s] -- Up-to-date: /home/habibahassan/project/install/moveit_msgs/include/moveit_msgs/moveit_msgs/msg/detail/position_ik_request__rosidl_typesupport_introspection_cpp.hpp
[4.040s] -- Up-to-date: /home/habibahassan/project/install/moveit_msgs/include/moveit_msgs/moveit_msgs/msg/detail/generic_trajectory__rosidl_typesupport_introspection_cpp.hpp
[4.040s] -- Up-to-date: /home/habibahassan/project/install/moveit_msgs/include/moveit_msgs/moveit_msgs/msg/detail/planning_scene__type_support.cpp
[4.040s] -- Up-to-date: /home/habibahassan/project/install/moveit_msgs/include/moveit_msgs/moveit_msgs/msg/detail/trajectory_constraints__type_support.cpp
[4.040s] -- Up-to-date: /home/habibahassan/project/install/moveit_msgs/include/moveit_msgs/moveit_msgs/msg/detail/object_color__rosidl_typesupport_introspection_cpp.hpp
[4.041s] -- Up-to-date: /home/habibahassan/project/install/moveit_msgs/include/moveit_msgs/moveit_msgs/msg/detail/display_trajectory__type_support.cpp
[4.041s] -- Up-to-date: /home/habibahassan/project/install/moveit_msgs/include/moveit_msgs/moveit_msgs/msg/detail/cartesian_point__rosidl_typesupport_introspection_cpp.hpp
[4.041s] -- Up-to-date: /home/habibahassan/project/install/moveit_msgs/include/moveit_msgs/moveit_msgs/msg/detail/joint_limits__rosidl_typesupport_introspection_cpp.hpp
[4.041s] -- Up-to-date: /home/habibahassan/project/install/moveit_msgs/include/moveit_msgs/moveit_msgs/msg/detail/motion_plan_response__rosidl_typesupport_introspection_cpp.hpp
[4.041s] -- Up-to-date: /home/habibahassan/project/install/moveit_msgs/include/moveit_msgs/moveit_msgs/msg/detail/motion_sequence_response__rosidl_typesupport_introspection_cpp.hpp
[4.042s] -- Up-to-date: /home/habibahassan/project/install/moveit_msgs/include/moveit_msgs/moveit_msgs/msg/detail/planning_scene__rosidl_typesupport_introspection_cpp.hpp
[4.042s] -- Up-to-date: /home/habibahassan/project/install/moveit_msgs/include/moveit_msgs/moveit_msgs/msg/detail/pipeline_state__type_support.cpp
[4.042s] -- Up-to-date: /home/habibahassan/project/install/moveit_msgs/include/moveit_msgs/moveit_msgs/msg/detail/move_it_error_codes__rosidl_typesupport_introspection_cpp.hpp
[4.042s] -- Up-to-date: /home/habibahassan/project/install/moveit_msgs/include/moveit_msgs/moveit_msgs/msg/detail/cartesian_trajectory_point__type_support.cpp
[4.042s] -- Up-to-date: /home/habibahassan/project/install/moveit_msgs/include/moveit_msgs/moveit_msgs/msg/detail/robot_state__type_support.cpp
[4.043s] -- Up-to-date: /home/habibahassan/project/install/moveit_msgs/include/moveit_msgs/moveit_msgs/msg/detail/display_robot_state__rosidl_typesupport_introspection_cpp.hpp
[4.043s] -- Up-to-date: /home/habibahassan/project/install/moveit_msgs/include/moveit_msgs/moveit_msgs/msg/detail/allowed_collision_matrix__rosidl_typesupport_introspection_cpp.hpp
[4.043s] -- Up-to-date: /home/habibahassan/project/install/moveit_msgs/include/moveit_msgs/moveit_msgs/msg/detail/gripper_translation__type_support.cpp
[4.043s] -- Up-to-date: /home/habibahassan/project/install/moveit_msgs/include/moveit_msgs/moveit_msgs/msg/detail/gripper_translation__rosidl_typesupport_introspection_cpp.hpp
[4.043s] -- Up-to-date: /home/habibahassan/project/install/moveit_msgs/include/moveit_msgs/moveit_msgs/msg/detail/visibility_constraint__rosidl_typesupport_introspection_cpp.hpp
[4.044s] -- Up-to-date: /home/habibahassan/project/install/moveit_msgs/include/moveit_msgs/moveit_msgs/msg/detail/cost_source__type_support.cpp
[4.044s] -- Up-to-date: /home/habibahassan/project/install/moveit_msgs/include/moveit_msgs/moveit_msgs/msg/detail/motion_plan_request__rosidl_typesupport_introspection_cpp.hpp
[4.044s] -- Up-to-date: /home/habibahassan/project/install/moveit_msgs/include/moveit_msgs/moveit_msgs/msg/detail/cartesian_point__type_support.cpp
[4.044s] -- Up-to-date: /home/habibahassan/project/install/moveit_msgs/include/moveit_msgs/moveit_msgs/msg/detail/allowed_collision_matrix__type_support.cpp
[4.044s] -- Up-to-date: /home/habibahassan/project/install/moveit_msgs/include/moveit_msgs/moveit_msgs/msg/detail/constraint_eval_result__type_support.cpp
[4.045s] -- Up-to-date: /home/habibahassan/project/install/moveit_msgs/include/moveit_msgs/moveit_msgs/msg/detail/joint_constraint__type_support.cpp
[4.045s] -- Up-to-date: /home/habibahassan/project/install/moveit_msgs/include/moveit_msgs/moveit_msgs/msg/detail/pipeline_state__rosidl_typesupport_introspection_cpp.hpp
[4.084s] -- Up-to-date: /home/habibahassan/project/install/moveit_msgs/include/moveit_msgs/moveit_msgs/msg/detail/collision_object__type_support.cpp
[4.092s] -- Up-to-date: /home/habibahassan/project/install/moveit_msgs/include/moveit_msgs/moveit_msgs/msg/detail/contact_information__type_support.cpp
[4.093s] -- Up-to-date: /home/habibahassan/project/install/moveit_msgs/include/moveit_msgs/moveit_msgs/msg/detail/constraint_eval_result__rosidl_typesupport_introspection_cpp.hpp
[4.093s] -- Up-to-date: /home/habibahassan/project/install/moveit_msgs/include/moveit_msgs/moveit_msgs/msg/detail/cartesian_trajectory_point__rosidl_typesupport_introspection_cpp.hpp
[4.093s] -- Up-to-date: /home/habibahassan/project/install/moveit_msgs/include/moveit_msgs/moveit_msgs/msg/detail/visibility_constraint__type_support.cpp
[4.094s] -- Up-to-date: /home/habibahassan/project/install/moveit_msgs/lib/libmoveit_msgs__rosidl_typesupport_introspection_cpp.so
[4.094s] -- Up-to-date: /home/habibahassan/project/install/moveit_msgs/lib/libmoveit_msgs__rosidl_typesupport_cpp.so
[4.094s] -- Up-to-date: /home/habibahassan/project/install/moveit_msgs/share/moveit_msgs/environment/pythonpath.sh
[4.094s] -- Up-to-date: /home/habibahassan/project/install/moveit_msgs/share/moveit_msgs/environment/pythonpath.dsv
[4.095s] -- Up-to-date: /home/habibahassan/project/install/moveit_msgs/lib/python3.12/site-packages/moveit_msgs-2.6.0-py3.12.egg-info
[4.095s] -- Installing: /home/habibahassan/project/install/moveit_msgs/lib/python3.12/site-packages/moveit_msgs-2.6.0-py3.12.egg-info/SOURCES.txt
[4.095s] -- Installing: /home/habibahassan/project/install/moveit_msgs/lib/python3.12/site-packages/moveit_msgs-2.6.0-py3.12.egg-info/top_level.txt
[4.095s] -- Installing: /home/habibahassan/project/install/moveit_msgs/lib/python3.12/site-packages/moveit_msgs-2.6.0-py3.12.egg-info/dependency_links.txt
[4.095s] -- Installing: /home/habibahassan/project/install/moveit_msgs/lib/python3.12/site-packages/moveit_msgs-2.6.0-py3.12.egg-info/PKG-INFO
[4.096s] -- Up-to-date: /home/habibahassan/project/install/moveit_msgs/lib/python3.12/site-packages/moveit_msgs
[4.096s] -- Up-to-date: /home/habibahassan/project/install/moveit_msgs/lib/python3.12/site-packages/moveit_msgs/srv
[4.096s] -- Up-to-date: /home/habibahassan/project/install/moveit_msgs/lib/python3.12/site-packages/moveit_msgs/srv/_get_planner_params_s.c
[4.096s] -- Up-to-date: /home/habibahassan/project/install/moveit_msgs/lib/python3.12/site-packages/moveit_msgs/srv/_get_group_urdf.py
[4.096s] -- Up-to-date: /home/habibahassan/project/install/moveit_msgs/lib/python3.12/site-packages/moveit_msgs/srv/_load_map.py
[4.096s] -- Up-to-date: /home/habibahassan/project/install/moveit_msgs/lib/python3.12/site-packages/moveit_msgs/srv/_get_planning_scene.py
[4.096s] -- Up-to-date: /home/habibahassan/project/install/moveit_msgs/lib/python3.12/site-packages/moveit_msgs/srv/_get_motion_plan.py
[4.097s] -- Up-to-date: /home/habibahassan/project/install/moveit_msgs/lib/python3.12/site-packages/moveit_msgs/srv/_load_map_s.c
[4.097s] -- Up-to-date: /home/habibahassan/project/install/moveit_msgs/lib/python3.12/site-packages/moveit_msgs/srv/_update_pointcloud_octomap_s.c
[4.097s] -- Up-to-date: /home/habibahassan/project/install/moveit_msgs/lib/python3.12/site-packages/moveit_msgs/srv/_rename_robot_state_in_warehouse.py
[4.097s] -- Up-to-date: /home/habibahassan/project/install/moveit_msgs/lib/python3.12/site-packages/moveit_msgs/srv/__init__.py
[4.097s] -- Up-to-date: /home/habibahassan/project/install/moveit_msgs/lib/python3.12/site-packages/moveit_msgs/srv/_check_if_robot_state_exists_in_warehouse.py
[4.097s] -- Up-to-date: /home/habibahassan/project/install/moveit_msgs/lib/python3.12/site-packages/moveit_msgs/srv/_delete_robot_state_from_warehouse_s.c
[4.098s] -- Up-to-date: /home/habibahassan/project/install/moveit_msgs/lib/python3.12/site-packages/moveit_msgs/srv/_get_planning_scene_s.c
[4.098s] -- Up-to-date: /home/habibahassan/project/install/moveit_msgs/lib/python3.12/site-packages/moveit_msgs/srv/_save_map.py
[4.098s] -- Up-to-date: /home/habibahassan/project/install/moveit_msgs/lib/python3.12/site-packages/moveit_msgs/srv/_grasp_planning_s.c
[4.098s] -- Up-to-date: /home/habibahassan/project/install/moveit_msgs/lib/python3.12/site-packages/moveit_msgs/srv/_grasp_planning.py
[4.098s] -- Up-to-date: /home/habibahassan/project/install/moveit_msgs/lib/python3.12/site-packages/moveit_msgs/srv/_list_robot_states_in_warehouse_s.c
[4.098s] -- Up-to-date: /home/habibahassan/project/install/moveit_msgs/lib/python3.12/site-packages/moveit_msgs/srv/_apply_planning_scene_s.c
[4.099s] -- Up-to-date: /home/habibahassan/project/install/moveit_msgs/lib/python3.12/site-packages/moveit_msgs/srv/_load_geometry_from_file.py
[4.099s] -- Up-to-date: /home/habibahassan/project/install/moveit_msgs/lib/python3.12/site-packages/moveit_msgs/srv/_get_state_validity.py
[4.099s] -- Up-to-date: /home/habibahassan/project/install/moveit_msgs/lib/python3.12/site-packages/moveit_msgs/srv/_set_planner_params_s.c
[4.099s] -- Up-to-date: /home/habibahassan/project/install/moveit_msgs/lib/python3.12/site-packages/moveit_msgs/srv/_servo_command_type_s.c
[4.099s] -- Up-to-date: /home/habibahassan/project/install/moveit_msgs/lib/python3.12/site-packages/moveit_msgs/srv/_get_motion_sequence_s.c
[4.099s] -- Up-to-date: /home/habibahassan/project/install/moveit_msgs/lib/python3.12/site-packages/moveit_msgs/srv/_load_geometry_from_file_s.c
[4.099s] -- Up-to-date: /home/habibahassan/project/install/moveit_msgs/lib/python3.12/site-packages/moveit_msgs/srv/_query_planner_interfaces.py
[4.100s] -- Up-to-date: /home/habibahassan/project/install/moveit_msgs/lib/python3.12/site-packages/moveit_msgs/srv/_query_planner_interfaces_s.c
[4.100s] -- Up-to-date: /home/habibahassan/project/install/moveit_msgs/lib/python3.12/site-packages/moveit_msgs/srv/_save_robot_state_to_warehouse.py
[4.100s] -- Up-to-date: /home/habibahassan/project/install/moveit_msgs/lib/python3.12/site-packages/moveit_msgs/srv/_get_motion_sequence.py
[4.100s] -- Up-to-date: /home/habibahassan/project/install/moveit_msgs/lib/python3.12/site-packages/moveit_msgs/srv/_save_geometry_to_file_s.c
[4.100s] -- Up-to-date: /home/habibahassan/project/install/moveit_msgs/lib/python3.12/site-packages/moveit_msgs/srv/_update_pointcloud_octomap.py
[4.100s] -- Up-to-date: /home/habibahassan/project/install/moveit_msgs/lib/python3.12/site-packages/moveit_msgs/srv/_list_robot_states_in_warehouse.py
[4.101s] -- Up-to-date: /home/habibahassan/project/install/moveit_msgs/lib/python3.12/site-packages/moveit_msgs/srv/_apply_planning_scene.py
[4.101s] -- Up-to-date: /home/habibahassan/project/install/moveit_msgs/lib/python3.12/site-packages/moveit_msgs/srv/_servo_command_type.py
[4.101s] -- Up-to-date: /home/habibahassan/project/install/moveit_msgs/lib/python3.12/site-packages/moveit_msgs/srv/_delete_robot_state_from_warehouse.py
[4.101s] -- Up-to-date: /home/habibahassan/project/install/moveit_msgs/lib/python3.12/site-packages/moveit_msgs/srv/_get_cartesian_path.py
[4.101s] -- Up-to-date: /home/habibahassan/project/install/moveit_msgs/lib/python3.12/site-packages/moveit_msgs/srv/_save_map_s.c
[4.101s] -- Up-to-date: /home/habibahassan/project/install/moveit_msgs/lib/python3.12/site-packages/moveit_msgs/srv/_get_group_urdf_s.c
[4.101s] -- Up-to-date: /home/habibahassan/project/install/moveit_msgs/lib/python3.12/site-packages/moveit_msgs/srv/_rename_robot_state_in_warehouse_s.c
[4.102s] -- Up-to-date: /home/habibahassan/project/install/moveit_msgs/lib/python3.12/site-packages/moveit_msgs/srv/_get_cartesian_path_s.c
[4.102s] -- Up-to-date: /home/habibahassan/project/install/moveit_msgs/lib/python3.12/site-packages/moveit_msgs/srv/_get_position_fk_s.c
[4.102s] -- Up-to-date: /home/habibahassan/project/install/moveit_msgs/lib/python3.12/site-packages/moveit_msgs/srv/_get_robot_state_from_warehouse.py
[4.102s] -- Up-to-date: /home/habibahassan/project/install/moveit_msgs/lib/python3.12/site-packages/moveit_msgs/srv/_check_if_robot_state_exists_in_warehouse_s.c
[4.102s] -- Up-to-date: /home/habibahassan/project/install/moveit_msgs/lib/python3.12/site-packages/moveit_msgs/srv/_get_robot_state_from_warehouse_s.c
[4.102s] -- Up-to-date: /home/habibahassan/project/install/moveit_msgs/lib/python3.12/site-packages/moveit_msgs/srv/_get_planner_params.py
[4.103s] -- Up-to-date: /home/habibahassan/project/install/moveit_msgs/lib/python3.12/site-packages/moveit_msgs/srv/_get_position_ik_s.c
[4.103s] -- Up-to-date: /home/habibahassan/project/install/moveit_msgs/lib/python3.12/site-packages/moveit_msgs/srv/_get_motion_plan_s.c
[4.103s] -- Up-to-date: /home/habibahassan/project/install/moveit_msgs/lib/python3.12/site-packages/moveit_msgs/srv/_get_position_fk.py
[4.103s] -- Up-to-date: /home/habibahassan/project/install/moveit_msgs/lib/python3.12/site-packages/moveit_msgs/srv/_get_state_validity_s.c
[4.103s] -- Up-to-date: /home/habibahassan/project/install/moveit_msgs/lib/python3.12/site-packages/moveit_msgs/srv/_save_geometry_to_file.py
[4.103s] -- Up-to-date: /home/habibahassan/project/install/moveit_msgs/lib/python3.12/site-packages/moveit_msgs/srv/_save_robot_state_to_warehouse_s.c
[4.104s] -- Up-to-date: /home/habibahassan/project/install/moveit_msgs/lib/python3.12/site-packages/moveit_msgs/srv/_get_position_ik.py
[4.104s] -- Up-to-date: /home/habibahassan/project/install/moveit_msgs/lib/python3.12/site-packages/moveit_msgs/srv/_set_planner_params.py
[4.104s] -- Up-to-date: /home/habibahassan/project/install/moveit_msgs/lib/python3.12/site-packages/moveit_msgs/action
[4.104s] -- Up-to-date: /home/habibahassan/project/install/moveit_msgs/lib/python3.12/site-packages/moveit_msgs/action/_local_planner_s.c
[4.104s] -- Up-to-date: /home/habibahassan/project/install/moveit_msgs/lib/python3.12/site-packages/moveit_msgs/action/_global_planner.py
[4.104s] -- Up-to-date: /home/habibahassan/project/install/moveit_msgs/lib/python3.12/site-packages/moveit_msgs/action/_move_group_sequence.py
[4.105s] -- Up-to-date: /home/habibahassan/project/install/moveit_msgs/lib/python3.12/site-packages/moveit_msgs/action/__init__.py
[4.105s] -- Up-to-date: /home/habibahassan/project/install/moveit_msgs/lib/python3.12/site-packages/moveit_msgs/action/_hybrid_planner_s.c
[4.105s] -- Up-to-date: /home/habibahassan/project/install/moveit_msgs/lib/python3.12/site-packages/moveit_msgs/action/_move_group.py
[4.105s] -- Up-to-date: /home/habibahassan/project/install/moveit_msgs/lib/python3.12/site-packages/moveit_msgs/action/_place.py
[4.105s] -- Up-to-date: /home/habibahassan/project/install/moveit_msgs/lib/python3.12/site-packages/moveit_msgs/action/_move_group_sequence_s.c
[4.105s] -- Up-to-date: /home/habibahassan/project/install/moveit_msgs/lib/python3.12/site-packages/moveit_msgs/action/_local_planner.py
[4.106s] -- Up-to-date: /home/habibahassan/project/install/moveit_msgs/lib/python3.12/site-packages/moveit_msgs/action/_pickup_s.c
[4.106s] -- Up-to-date: /home/habibahassan/project/install/moveit_msgs/lib/python3.12/site-packages/moveit_msgs/action/_global_planner_s.c
[4.106s] -- Up-to-date: /home/habibahassan/project/install/moveit_msgs/lib/python3.12/site-packages/moveit_msgs/action/_hybrid_planner.py
[4.106s] -- Up-to-date: /home/habibahassan/project/install/moveit_msgs/lib/python3.12/site-packages/moveit_msgs/action/_execute_trajectory_s.c
[4.106s] -- Up-to-date: /home/habibahassan/project/install/moveit_msgs/lib/python3.12/site-packages/moveit_msgs/action/_move_group_s.c
[4.106s] -- Up-to-date: /home/habibahassan/project/install/moveit_msgs/lib/python3.12/site-packages/moveit_msgs/action/_execute_trajectory.py
[4.107s] -- Up-to-date: /home/habibahassan/project/install/moveit_msgs/lib/python3.12/site-packages/moveit_msgs/action/_place_s.c
[4.107s] -- Up-to-date: /home/habibahassan/project/install/moveit_msgs/lib/python3.12/site-packages/moveit_msgs/action/_pickup.py
[4.107s] -- Up-to-date: /home/habibahassan/project/install/moveit_msgs/lib/python3.12/site-packages/moveit_msgs/__init__.py
[4.107s] -- Up-to-date: /home/habibahassan/project/install/moveit_msgs/lib/python3.12/site-packages/moveit_msgs/moveit_msgs_s__rosidl_typesupport_introspection_c.so
[4.107s] -- Up-to-date: /home/habibahassan/project/install/moveit_msgs/lib/python3.12/site-packages/moveit_msgs/_moveit_msgs_s.ep.rosidl_typesupport_fastrtps_c.c
[4.107s] -- Up-to-date: /home/habibahassan/project/install/moveit_msgs/lib/python3.12/site-packages/moveit_msgs/msg
[4.108s] -- Up-to-date: /home/habibahassan/project/install/moveit_msgs/lib/python3.12/site-packages/moveit_msgs/msg/_motion_sequence_response.py
[4.108s] -- Up-to-date: /home/habibahassan/project/install/moveit_msgs/lib/python3.12/site-packages/moveit_msgs/msg/_robot_trajectory_s.c
[4.108s] -- Up-to-date: /home/habibahassan/project/install/moveit_msgs/lib/python3.12/site-packages/moveit_msgs/msg/_display_trajectory.py
[4.108s] -- Up-to-date: /home/habibahassan/project/install/moveit_msgs/lib/python3.12/site-packages/moveit_msgs/msg/_kinematic_solver_info.py
[4.108s] -- Up-to-date: /home/habibahassan/project/install/moveit_msgs/lib/python3.12/site-packages/moveit_msgs/msg/_oriented_bounding_box.py
[4.108s] -- Up-to-date: /home/habibahassan/project/install/moveit_msgs/lib/python3.12/site-packages/moveit_msgs/msg/_joint_limits.py
[4.108s] -- Up-to-date: /home/habibahassan/project/install/moveit_msgs/lib/python3.12/site-packages/moveit_msgs/msg/_cartesian_trajectory_point_s.c
[4.109s] -- Up-to-date: /home/habibahassan/project/install/moveit_msgs/lib/python3.12/site-packages/moveit_msgs/msg/_planning_scene_components.py
[4.109s] -- Up-to-date: /home/habibahassan/project/install/moveit_msgs/lib/python3.12/site-packages/moveit_msgs/msg/_allowed_collision_entry.py
[4.109s] -- Up-to-date: /home/habibahassan/project/install/moveit_msgs/lib/python3.12/site-packages/moveit_msgs/msg/_visibility_constraint_s.c
[4.109s] -- Up-to-date: /home/habibahassan/project/install/moveit_msgs/lib/python3.12/site-packages/moveit_msgs/msg/_allowed_collision_entry_s.c
[4.109s] -- Up-to-date: /home/habibahassan/project/install/moveit_msgs/lib/python3.12/site-packages/moveit_msgs/msg/_position_constraint.py
[4.109s] -- Up-to-date: /home/habibahassan/project/install/moveit_msgs/lib/python3.12/site-packages/moveit_msgs/msg/_gripper_translation.py
[4.110s] -- Up-to-date: /home/habibahassan/project/install/moveit_msgs/lib/python3.12/site-packages/moveit_msgs/msg/_planning_scene_world.py
[4.110s] -- Up-to-date: /home/habibahassan/project/install/moveit_msgs/lib/python3.12/site-packages/moveit_msgs/msg/__init__.py
[4.110s] -- Up-to-date: /home/habibahassan/project/install/moveit_msgs/lib/python3.12/site-packages/moveit_msgs/msg/_planner_interface_description.py
[4.110s] -- Up-to-date: /home/habibahassan/project/install/moveit_msgs/lib/python3.12/site-packages/moveit_msgs/msg/_display_trajectory_s.c
[4.110s] -- Up-to-date: /home/habibahassan/project/install/moveit_msgs/lib/python3.12/site-packages/moveit_msgs/msg/_cartesian_trajectory_point.py
[4.110s] -- Up-to-date: /home/habibahassan/project/install/moveit_msgs/lib/python3.12/site-packages/moveit_msgs/msg/_generic_trajectory.py
[4.110s] -- Up-to-date: /home/habibahassan/project/install/moveit_msgs/lib/python3.12/site-packages/moveit_msgs/msg/_grasp.py
[4.111s] -- Up-to-date: /home/habibahassan/project/install/moveit_msgs/lib/python3.12/site-packages/moveit_msgs/msg/_orientation_constraint.py
[4.111s] -- Up-to-date: /home/habibahassan/project/install/moveit_msgs/lib/python3.12/site-packages/moveit_msgs/msg/_pipeline_state.py
[4.111s] -- Up-to-date: /home/habibahassan/project/install/moveit_msgs/lib/python3.12/site-packages/moveit_msgs/msg/_link_padding_s.c
[4.111s] -- Up-to-date: /home/habibahassan/project/install/moveit_msgs/lib/python3.12/site-packages/moveit_msgs/msg/_pipeline_state_s.c
[4.111s] -- Up-to-date: /home/habibahassan/project/install/moveit_msgs/lib/python3.12/site-packages/moveit_msgs/msg/_bounding_volume.py
[4.111s] -- Up-to-date: /home/habibahassan/project/install/moveit_msgs/lib/python3.12/site-packages/moveit_msgs/msg/_collision_object_s.c
[4.112s] -- Up-to-date: /home/habibahassan/project/install/moveit_msgs/lib/python3.12/site-packages/moveit_msgs/msg/_motion_sequence_item_s.c
[4.112s] -- Up-to-date: /home/habibahassan/project/install/moveit_msgs/lib/python3.12/site-packages/moveit_msgs/msg/_attached_collision_object_s.c
[4.112s] -- Up-to-date: /home/habibahassan/project/install/moveit_msgs/lib/python3.12/site-packages/moveit_msgs/msg/_joint_limits_s.c
[4.112s] -- Up-to-date: /home/habibahassan/project/install/moveit_msgs/lib/python3.12/site-packages/moveit_msgs/msg/_trajectory_constraints_s.c
[4.112s] -- Up-to-date: /home/habibahassan/project/install/moveit_msgs/lib/python3.12/site-packages/moveit_msgs/msg/_grasp_s.c
[4.112s] -- Up-to-date: /home/habibahassan/project/install/moveit_msgs/lib/python3.12/site-packages/moveit_msgs/msg/_allowed_collision_matrix.py
[4.113s] -- Up-to-date: /home/habibahassan/project/install/moveit_msgs/lib/python3.12/site-packages/moveit_msgs/msg/_cartesian_point.py
[4.113s] -- Up-to-date: /home/habibahassan/project/install/moveit_msgs/lib/python3.12/site-packages/moveit_msgs/msg/_motion_sequence_request_s.c
[4.113s] -- Up-to-date: /home/habibahassan/project/install/moveit_msgs/lib/python3.12/site-packages/moveit_msgs/msg/_motion_plan_detailed_response.py
[4.113s] -- Up-to-date: /home/habibahassan/project/install/moveit_msgs/lib/python3.12/site-packages/moveit_msgs/msg/_move_it_error_codes_s.c
[4.113s] -- Up-to-date: /home/habibahassan/project/install/moveit_msgs/lib/python3.12/site-packages/moveit_msgs/msg/_planner_interface_description_s.c
[4.113s] -- Up-to-date: /home/habibahassan/project/install/moveit_msgs/lib/python3.12/site-packages/moveit_msgs/msg/_constraints.py
[4.113s] -- Up-to-date: /home/habibahassan/project/install/moveit_msgs/lib/python3.12/site-packages/moveit_msgs/msg/_place_location_s.c
[4.114s] -- Up-to-date: /home/habibahassan/project/install/moveit_msgs/lib/python3.12/site-packages/moveit_msgs/msg/_planning_options_s.c
[4.114s] -- Up-to-date: /home/habibahassan/project/install/moveit_msgs/lib/python3.12/site-packages/moveit_msgs/msg/_workspace_parameters_s.c
[4.114s] -- Up-to-date: /home/habibahassan/project/install/moveit_msgs/lib/python3.12/site-packages/moveit_msgs/msg/_constraint_eval_result_s.c
[4.114s] -- Up-to-date: /home/habibahassan/project/install/moveit_msgs/lib/python3.12/site-packages/moveit_msgs/msg/_position_ik_request_s.c
[4.114s] -- Up-to-date: /home/habibahassan/project/install/moveit_msgs/lib/python3.12/site-packages/moveit_msgs/msg/_planning_scene.py
[4.114s] -- Up-to-date: /home/habibahassan/project/install/moveit_msgs/lib/python3.12/site-packages/moveit_msgs/msg/_attached_collision_object.py
[4.115s] -- Up-to-date: /home/habibahassan/project/install/moveit_msgs/lib/python3.12/site-packages/moveit_msgs/msg/_collision_object.py
[4.115s] -- Up-to-date: /home/habibahassan/project/install/moveit_msgs/lib/python3.12/site-packages/moveit_msgs/msg/_servo_status.py
[4.116s] -- Up-to-date: /home/habibahassan/project/install/moveit_msgs/lib/python3.12/site-packages/moveit_msgs/msg/_place_location.py
[4.116s] -- Up-to-date: /home/habibahassan/project/install/moveit_msgs/lib/python3.12/site-packages/moveit_msgs/msg/_joint_constraint_s.c
[4.116s] -- Up-to-date: /home/habibahassan/project/install/moveit_msgs/lib/python3.12/site-packages/moveit_msgs/msg/_motion_plan_detailed_response_s.c
[4.116s] -- Up-to-date: /home/habibahassan/project/install/moveit_msgs/lib/python3.12/site-packages/moveit_msgs/msg/_cartesian_trajectory.py
[4.116s] -- Up-to-date: /home/habibahassan/project/install/moveit_msgs/lib/python3.12/site-packages/moveit_msgs/msg/_position_ik_request.py
[4.117s] -- Up-to-date: /home/habibahassan/project/install/moveit_msgs/lib/python3.12/site-packages/moveit_msgs/msg/_link_padding.py
[4.117s] -- Up-to-date: /home/habibahassan/project/install/moveit_msgs/lib/python3.12/site-packages/moveit_msgs/msg/_joint_constraint.py
[4.117s] -- Up-to-date: /home/habibahassan/project/install/moveit_msgs/lib/python3.12/site-packages/moveit_msgs/msg/_motion_plan_response_s.c
[4.117s] -- Up-to-date: /home/habibahassan/project/install/moveit_msgs/lib/python3.12/site-packages/moveit_msgs/msg/_cost_source_s.c
[4.117s] -- Up-to-date: /home/habibahassan/project/install/moveit_msgs/lib/python3.12/site-packages/moveit_msgs/msg/_contact_information_s.c
[4.117s] -- Up-to-date: /home/habibahassan/project/install/moveit_msgs/lib/python3.12/site-packages/moveit_msgs/msg/_move_it_error_codes.py
[4.118s] -- Up-to-date: /home/habibahassan/project/install/moveit_msgs/lib/python3.12/site-packages/moveit_msgs/msg/_link_scale_s.c
[4.118s] -- Up-to-date: /home/habibahassan/project/install/moveit_msgs/lib/python3.12/site-packages/moveit_msgs/msg/_oriented_bounding_box_s.c
[4.118s] -- Up-to-date: /home/habibahassan/project/install/moveit_msgs/lib/python3.12/site-packages/moveit_msgs/msg/_kinematic_solver_info_s.c
[4.118s] -- Up-to-date: /home/habibahassan/project/install/moveit_msgs/lib/python3.12/site-packages/moveit_msgs/msg/_cost_source.py
[4.118s] -- Up-to-date: /home/habibahassan/project/install/moveit_msgs/lib/python3.12/site-packages/moveit_msgs/msg/_planner_params.py
[4.119s] -- Up-to-date: /home/habibahassan/project/install/moveit_msgs/lib/python3.12/site-packages/moveit_msgs/msg/_workspace_parameters.py
[4.119s] -- Up-to-date: /home/habibahassan/project/install/moveit_msgs/lib/python3.12/site-packages/moveit_msgs/msg/_contact_information.py
[4.119s] -- Up-to-date: /home/habibahassan/project/install/moveit_msgs/lib/python3.12/site-packages/moveit_msgs/msg/_gripper_translation_s.c
[4.119s] -- Up-to-date: /home/habibahassan/project/install/moveit_msgs/lib/python3.12/site-packages/moveit_msgs/msg/_constraint_eval_result.py
[4.120s] -- Up-to-date: /home/habibahassan/project/install/moveit_msgs/lib/python3.12/site-packages/moveit_msgs/msg/_cartesian_point_s.c
[4.122s] -- Up-to-date: /home/habibahassan/project/install/moveit_msgs/lib/python3.12/site-packages/moveit_msgs/msg/_cartesian_trajectory_s.c
[4.122s] -- Up-to-date: /home/habibahassan/project/install/moveit_msgs/lib/python3.12/site-packages/moveit_msgs/msg/_display_robot_state_s.c
[4.122s] -- Up-to-date: /home/habibahassan/project/install/moveit_msgs/lib/python3.12/site-packages/moveit_msgs/msg/_orientation_constraint_s.c
[4.128s] -- Up-to-date: /home/habibahassan/project/install/moveit_msgs/lib/python3.12/site-packages/moveit_msgs/msg/_motion_sequence_item.py
[4.128s] -- Up-to-date: /home/habibahassan/project/install/moveit_msgs/lib/python3.12/site-packages/moveit_msgs/msg/_allowed_collision_matrix_s.c
[4.128s] -- Up-to-date: /home/habibahassan/project/install/moveit_msgs/lib/python3.12/site-packages/moveit_msgs/msg/_constraints_s.c
[4.129s] -- Up-to-date: /home/habibahassan/project/install/moveit_msgs/lib/python3.12/site-packages/moveit_msgs/msg/_motion_sequence_request.py
[4.165s] -- Up-to-date: /home/habibahassan/project/install/moveit_msgs/lib/python3.12/site-packages/moveit_msgs/msg/_visibility_constraint.py
[4.167s] -- Up-to-date: /home/habibahassan/project/install/moveit_msgs/lib/python3.12/site-packages/moveit_msgs/msg/_motion_plan_request_s.c
[4.190s] -- Up-to-date: /home/habibahassan/project/install/moveit_msgs/lib/python3.12/site-packages/moveit_msgs/msg/_robot_state_s.c
[4.194s] -- Up-to-date: /home/habibahassan/project/install/moveit_msgs/lib/python3.12/site-packages/moveit_msgs/msg/_bounding_volume_s.c
[4.194s] -- Up-to-date: /home/habibahassan/project/install/moveit_msgs/lib/python3.12/site-packages/moveit_msgs/msg/_planner_params_s.c
[4.195s] -- Up-to-date: /home/habibahassan/project/install/moveit_msgs/lib/python3.12/site-packages/moveit_msgs/msg/_robot_state.py
[4.195s] -- Up-to-date: /home/habibahassan/project/install/moveit_msgs/lib/python3.12/site-packages/moveit_msgs/msg/_display_robot_state.py
[4.195s] -- Up-to-date: /home/habibahassan/project/install/moveit_msgs/lib/python3.12/site-packages/moveit_msgs/msg/_servo_status_s.c
[4.195s] -- Up-to-date: /home/habibahassan/project/install/moveit_msgs/lib/python3.12/site-packages/moveit_msgs/msg/_object_color.py
[4.196s] -- Up-to-date: /home/habibahassan/project/install/moveit_msgs/lib/python3.12/site-packages/moveit_msgs/msg/_position_constraint_s.c
[4.196s] -- Up-to-date: /home/habibahassan/project/install/moveit_msgs/lib/python3.12/site-packages/moveit_msgs/msg/_planning_scene_s.c
[4.196s] -- Up-to-date: /home/habibahassan/project/install/moveit_msgs/lib/python3.12/site-packages/moveit_msgs/msg/_object_color_s.c
[4.196s] -- Up-to-date: /home/habibahassan/project/install/moveit_msgs/lib/python3.12/site-packages/moveit_msgs/msg/_motion_plan_request.py
[4.196s] -- Up-to-date: /home/habibahassan/project/install/moveit_msgs/lib/python3.12/site-packages/moveit_msgs/msg/_robot_trajectory.py
[4.196s] -- Up-to-date: /home/habibahassan/project/install/moveit_msgs/lib/python3.12/site-packages/moveit_msgs/msg/_planning_options.py
[4.197s] -- Up-to-date: /home/habibahassan/project/install/moveit_msgs/lib/python3.12/site-packages/moveit_msgs/msg/_motion_plan_response.py
[4.197s] -- Up-to-date: /home/habibahassan/project/install/moveit_msgs/lib/python3.12/site-packages/moveit_msgs/msg/_motion_sequence_response_s.c
[4.197s] -- Up-to-date: /home/habibahassan/project/install/moveit_msgs/lib/python3.12/site-packages/moveit_msgs/msg/_planning_scene_world_s.c
[4.198s] -- Up-to-date: /home/habibahassan/project/install/moveit_msgs/lib/python3.12/site-packages/moveit_msgs/msg/_trajectory_constraints.py
[4.198s] -- Up-to-date: /home/habibahassan/project/install/moveit_msgs/lib/python3.12/site-packages/moveit_msgs/msg/_planning_scene_components_s.c
[4.199s] -- Up-to-date: /home/habibahassan/project/install/moveit_msgs/lib/python3.12/site-packages/moveit_msgs/msg/_generic_trajectory_s.c
[4.199s] -- Up-to-date: /home/habibahassan/project/install/moveit_msgs/lib/python3.12/site-packages/moveit_msgs/msg/_link_scale.py
[4.199s] -- Up-to-date: /home/habibahassan/project/install/moveit_msgs/lib/python3.12/site-packages/moveit_msgs/_moveit_msgs_s.ep.rosidl_typesupport_c.c
[4.223s] -- Up-to-date: /home/habibahassan/project/install/moveit_msgs/lib/python3.12/site-packages/moveit_msgs/_moveit_msgs_s.ep.rosidl_typesupport_introspection_c.c
[4.223s] -- Up-to-date: /home/habibahassan/project/install/moveit_msgs/lib/python3.12/site-packages/moveit_msgs/moveit_msgs_s__rosidl_typesupport_c.so
[4.223s] -- Up-to-date: /home/habibahassan/project/install/moveit_msgs/lib/python3.12/site-packages/moveit_msgs/moveit_msgs_s__rosidl_typesupport_fastrtps_c.so
[4.365s] Listing '/home/habibahassan/project/install/moveit_msgs/lib/python3.12/site-packages/moveit_msgs'...
[4.365s] Listing '/home/habibahassan/project/install/moveit_msgs/lib/python3.12/site-packages/moveit_msgs/action'...
[4.365s] Listing '/home/habibahassan/project/install/moveit_msgs/lib/python3.12/site-packages/moveit_msgs/msg'...
[4.366s] Listing '/home/habibahassan/project/install/moveit_msgs/lib/python3.12/site-packages/moveit_msgs/srv'...
[4.366s] -- Up-to-date: /home/habibahassan/project/install/moveit_msgs/lib/python3.12/site-packages/moveit_msgs/moveit_msgs_s__rosidl_typesupport_fastrtps_c.so
[4.366s] -- Up-to-date: /home/habibahassan/project/install/moveit_msgs/lib/python3.12/site-packages/moveit_msgs/moveit_msgs_s__rosidl_typesupport_introspection_c.so
[4.366s] -- Up-to-date: /home/habibahassan/project/install/moveit_msgs/lib/python3.12/site-packages/moveit_msgs/moveit_msgs_s__rosidl_typesupport_c.so
[4.366s] -- Up-to-date: /home/habibahassan/project/install/moveit_msgs/lib/libmoveit_msgs__rosidl_generator_py.so
[4.366s] -- Up-to-date: /home/habibahassan/project/install/moveit_msgs/share/moveit_msgs/msg/AllowedCollisionEntry.idl
[4.367s] -- Up-to-date: /home/habibahassan/project/install/moveit_msgs/share/moveit_msgs/msg/AllowedCollisionMatrix.idl
[4.367s] -- Up-to-date: /home/habibahassan/project/install/moveit_msgs/share/moveit_msgs/msg/AttachedCollisionObject.idl
[4.367s] -- Up-to-date: /home/habibahassan/project/install/moveit_msgs/share/moveit_msgs/msg/BoundingVolume.idl
[4.367s] -- Up-to-date: /home/habibahassan/project/install/moveit_msgs/share/moveit_msgs/msg/CartesianPoint.idl
[4.367s] -- Up-to-date: /home/habibahassan/project/install/moveit_msgs/share/moveit_msgs/msg/CartesianTrajectory.idl
[4.368s] -- Up-to-date: /home/habibahassan/project/install/moveit_msgs/share/moveit_msgs/msg/CartesianTrajectoryPoint.idl
[4.368s] -- Up-to-date: /home/habibahassan/project/install/moveit_msgs/share/moveit_msgs/msg/CollisionObject.idl
[4.368s] -- Up-to-date: /home/habibahassan/project/install/moveit_msgs/share/moveit_msgs/msg/ConstraintEvalResult.idl
[4.368s] -- Up-to-date: /home/habibahassan/project/install/moveit_msgs/share/moveit_msgs/msg/Constraints.idl
[4.368s] -- Up-to-date: /home/habibahassan/project/install/moveit_msgs/share/moveit_msgs/msg/CostSource.idl
[4.369s] -- Up-to-date: /home/habibahassan/project/install/moveit_msgs/share/moveit_msgs/msg/ContactInformation.idl
[4.369s] -- Up-to-date: /home/habibahassan/project/install/moveit_msgs/share/moveit_msgs/msg/DisplayTrajectory.idl
[4.370s] -- Up-to-date: /home/habibahassan/project/install/moveit_msgs/share/moveit_msgs/msg/DisplayRobotState.idl
[4.375s] -- Up-to-date: /home/habibahassan/project/install/moveit_msgs/share/moveit_msgs/msg/GenericTrajectory.idl
[4.375s] -- Up-to-date: /home/habibahassan/project/install/moveit_msgs/share/moveit_msgs/msg/Grasp.idl
[4.378s] -- Up-to-date: /home/habibahassan/project/install/moveit_msgs/share/moveit_msgs/msg/GripperTranslation.idl
[4.378s] -- Up-to-date: /home/habibahassan/project/install/moveit_msgs/share/moveit_msgs/msg/JointConstraint.idl
[4.379s] -- Up-to-date: /home/habibahassan/project/install/moveit_msgs/share/moveit_msgs/msg/JointLimits.idl
[4.379s] -- Up-to-date: /home/habibahassan/project/install/moveit_msgs/share/moveit_msgs/msg/LinkPadding.idl
[4.380s] -- Up-to-date: /home/habibahassan/project/install/moveit_msgs/share/moveit_msgs/msg/LinkScale.idl
[4.380s] -- Up-to-date: /home/habibahassan/project/install/moveit_msgs/share/moveit_msgs/msg/MotionPlanRequest.idl
[4.381s] -- Up-to-date: /home/habibahassan/project/install/moveit_msgs/share/moveit_msgs/msg/MotionPlanResponse.idl
[4.381s] -- Up-to-date: /home/habibahassan/project/install/moveit_msgs/share/moveit_msgs/msg/MotionPlanDetailedResponse.idl
[4.381s] -- Up-to-date: /home/habibahassan/project/install/moveit_msgs/share/moveit_msgs/msg/MotionSequenceItem.idl
[4.381s] -- Up-to-date: /home/habibahassan/project/install/moveit_msgs/share/moveit_msgs/msg/MotionSequenceRequest.idl
[4.381s] -- Up-to-date: /home/habibahassan/project/install/moveit_msgs/share/moveit_msgs/msg/MotionSequenceResponse.idl
[4.382s] -- Up-to-date: /home/habibahassan/project/install/moveit_msgs/share/moveit_msgs/msg/MoveItErrorCodes.idl
[4.382s] -- Up-to-date: /home/habibahassan/project/install/moveit_msgs/share/moveit_msgs/msg/TrajectoryConstraints.idl
[4.387s] -- Up-to-date: /home/habibahassan/project/install/moveit_msgs/share/moveit_msgs/msg/ObjectColor.idl
[4.387s] -- Up-to-date: /home/habibahassan/project/install/moveit_msgs/share/moveit_msgs/msg/OrientationConstraint.idl
[4.390s] -- Up-to-date: /home/habibahassan/project/install/moveit_msgs/share/moveit_msgs/msg/OrientedBoundingBox.idl
[4.390s] -- Up-to-date: /home/habibahassan/project/install/moveit_msgs/share/moveit_msgs/msg/PlaceLocation.idl
[4.391s] -- Up-to-date: /home/habibahassan/project/install/moveit_msgs/share/moveit_msgs/msg/PlannerInterfaceDescription.idl
[4.392s] -- Up-to-date: /home/habibahassan/project/install/moveit_msgs/share/moveit_msgs/msg/PlannerParams.idl
[4.393s] -- Up-to-date: /home/habibahassan/project/install/moveit_msgs/share/moveit_msgs/msg/PlanningScene.idl
[4.394s] -- Up-to-date: /home/habibahassan/project/install/moveit_msgs/share/moveit_msgs/msg/PlanningSceneComponents.idl
[4.394s] -- Up-to-date: /home/habibahassan/project/install/moveit_msgs/share/moveit_msgs/msg/PlanningSceneWorld.idl
[4.395s] -- Up-to-date: /home/habibahassan/project/install/moveit_msgs/share/moveit_msgs/msg/PlanningOptions.idl
[4.395s] -- Up-to-date: /home/habibahassan/project/install/moveit_msgs/share/moveit_msgs/msg/PositionConstraint.idl
[4.395s] -- Up-to-date: /home/habibahassan/project/install/moveit_msgs/share/moveit_msgs/msg/RobotState.idl
[4.395s] -- Up-to-date: /home/habibahassan/project/install/moveit_msgs/share/moveit_msgs/msg/RobotTrajectory.idl
[4.397s] -- Up-to-date: /home/habibahassan/project/install/moveit_msgs/share/moveit_msgs/msg/VisibilityConstraint.idl
[4.400s] -- Up-to-date: /home/habibahassan/project/install/moveit_msgs/share/moveit_msgs/msg/WorkspaceParameters.idl
[4.401s] -- Up-to-date: /home/habibahassan/project/install/moveit_msgs/share/moveit_msgs/msg/KinematicSolverInfo.idl
[4.401s] -- Up-to-date: /home/habibahassan/project/install/moveit_msgs/share/moveit_msgs/msg/PositionIKRequest.idl
[4.402s] -- Up-to-date: /home/habibahassan/project/install/moveit_msgs/share/moveit_msgs/msg/PipelineState.idl
[4.402s] -- Up-to-date: /home/habibahassan/project/install/moveit_msgs/share/moveit_msgs/msg/ServoStatus.idl
[4.403s] -- Up-to-date: /home/habibahassan/project/install/moveit_msgs/share/moveit_msgs/srv/GetMotionPlan.idl
[4.403s] -- Up-to-date: /home/habibahassan/project/install/moveit_msgs/share/moveit_msgs/srv/GetStateValidity.idl
[4.404s] -- Up-to-date: /home/habibahassan/project/install/moveit_msgs/share/moveit_msgs/srv/GetCartesianPath.idl
[4.404s] -- Up-to-date: /home/habibahassan/project/install/moveit_msgs/share/moveit_msgs/srv/GetPlanningScene.idl
[4.405s] -- Up-to-date: /home/habibahassan/project/install/moveit_msgs/share/moveit_msgs/srv/GraspPlanning.idl
[4.405s] -- Up-to-date: /home/habibahassan/project/install/moveit_msgs/share/moveit_msgs/srv/ApplyPlanningScene.idl
[4.405s] -- Up-to-date: /home/habibahassan/project/install/moveit_msgs/share/moveit_msgs/srv/QueryPlannerInterfaces.idl
[4.405s] -- Up-to-date: /home/habibahassan/project/install/moveit_msgs/share/moveit_msgs/srv/GetMotionSequence.idl
[4.406s] -- Up-to-date: /home/habibahassan/project/install/moveit_msgs/share/moveit_msgs/srv/GetPositionFK.idl
[4.406s] -- Up-to-date: /home/habibahassan/project/install/moveit_msgs/share/moveit_msgs/srv/GetPositionIK.idl
[4.406s] -- Up-to-date: /home/habibahassan/project/install/moveit_msgs/share/moveit_msgs/srv/GetPlannerParams.idl
[4.406s] -- Up-to-date: /home/habibahassan/project/install/moveit_msgs/share/moveit_msgs/srv/SetPlannerParams.idl
[4.406s] -- Up-to-date: /home/habibahassan/project/install/moveit_msgs/share/moveit_msgs/srv/UpdatePointcloudOctomap.idl
[4.407s] -- Up-to-date: /home/habibahassan/project/install/moveit_msgs/share/moveit_msgs/srv/SaveGeometryToFile.idl
[4.407s] -- Up-to-date: /home/habibahassan/project/install/moveit_msgs/share/moveit_msgs/srv/SaveMap.idl
[4.407s] -- Up-to-date: /home/habibahassan/project/install/moveit_msgs/share/moveit_msgs/srv/LoadGeometryFromFile.idl
[4.408s] -- Up-to-date: /home/habibahassan/project/install/moveit_msgs/share/moveit_msgs/srv/LoadMap.idl
[4.409s] -- Up-to-date: /home/habibahassan/project/install/moveit_msgs/share/moveit_msgs/srv/SaveRobotStateToWarehouse.idl
[4.409s] -- Up-to-date: /home/habibahassan/project/install/moveit_msgs/share/moveit_msgs/srv/ListRobotStatesInWarehouse.idl
[4.409s] -- Up-to-date: /home/habibahassan/project/install/moveit_msgs/share/moveit_msgs/srv/GetRobotStateFromWarehouse.idl
[4.409s] -- Up-to-date: /home/habibahassan/project/install/moveit_msgs/share/moveit_msgs/srv/CheckIfRobotStateExistsInWarehouse.idl
[4.410s] -- Up-to-date: /home/habibahassan/project/install/moveit_msgs/share/moveit_msgs/srv/RenameRobotStateInWarehouse.idl
[4.410s] -- Up-to-date: /home/habibahassan/project/install/moveit_msgs/share/moveit_msgs/srv/DeleteRobotStateFromWarehouse.idl
[4.410s] -- Up-to-date: /home/habibahassan/project/install/moveit_msgs/share/moveit_msgs/srv/ServoCommandType.idl
[4.410s] -- Up-to-date: /home/habibahassan/project/install/moveit_msgs/share/moveit_msgs/srv/GetGroupUrdf.idl
[4.410s] -- Up-to-date: /home/habibahassan/project/install/moveit_msgs/share/moveit_msgs/action/ExecuteTrajectory.idl
[4.411s] -- Up-to-date: /home/habibahassan/project/install/moveit_msgs/share/moveit_msgs/action/MoveGroup.idl
[4.411s] -- Up-to-date: /home/habibahassan/project/install/moveit_msgs/share/moveit_msgs/action/MoveGroupSequence.idl
[4.411s] -- Up-to-date: /home/habibahassan/project/install/moveit_msgs/share/moveit_msgs/action/Pickup.idl
[4.411s] -- Up-to-date: /home/habibahassan/project/install/moveit_msgs/share/moveit_msgs/action/Place.idl
[4.411s] -- Up-to-date: /home/habibahassan/project/install/moveit_msgs/share/moveit_msgs/action/LocalPlanner.idl
[4.412s] -- Up-to-date: /home/habibahassan/project/install/moveit_msgs/share/moveit_msgs/action/GlobalPlanner.idl
[4.412s] -- Up-to-date: /home/habibahassan/project/install/moveit_msgs/share/moveit_msgs/action/HybridPlanner.idl
[4.412s] -- Up-to-date: /home/habibahassan/project/install/moveit_msgs/share/moveit_msgs/msg/AllowedCollisionEntry.msg
[4.413s] -- Up-to-date: /home/habibahassan/project/install/moveit_msgs/share/moveit_msgs/msg/AllowedCollisionMatrix.msg
[4.413s] -- Up-to-date: /home/habibahassan/project/install/moveit_msgs/share/moveit_msgs/msg/AttachedCollisionObject.msg
[4.413s] -- Up-to-date: /home/habibahassan/project/install/moveit_msgs/share/moveit_msgs/msg/BoundingVolume.msg
[4.413s] -- Up-to-date: /home/habibahassan/project/install/moveit_msgs/share/moveit_msgs/msg/CartesianPoint.msg
[4.414s] -- Up-to-date: /home/habibahassan/project/install/moveit_msgs/share/moveit_msgs/msg/CartesianTrajectory.msg
[4.414s] -- Up-to-date: /home/habibahassan/project/install/moveit_msgs/share/moveit_msgs/msg/CartesianTrajectoryPoint.msg
[4.414s] -- Up-to-date: /home/habibahassan/project/install/moveit_msgs/share/moveit_msgs/msg/CollisionObject.msg
[4.414s] -- Up-to-date: /home/habibahassan/project/install/moveit_msgs/share/moveit_msgs/msg/ConstraintEvalResult.msg
[4.414s] -- Up-to-date: /home/habibahassan/project/install/moveit_msgs/share/moveit_msgs/msg/Constraints.msg
[4.415s] -- Up-to-date: /home/habibahassan/project/install/moveit_msgs/share/moveit_msgs/msg/CostSource.msg
[4.415s] -- Up-to-date: /home/habibahassan/project/install/moveit_msgs/share/moveit_msgs/msg/ContactInformation.msg
[4.415s] -- Up-to-date: /home/habibahassan/project/install/moveit_msgs/share/moveit_msgs/msg/DisplayTrajectory.msg
[4.415s] -- Up-to-date: /home/habibahassan/project/install/moveit_msgs/share/moveit_msgs/msg/DisplayRobotState.msg
[4.416s] -- Up-to-date: /home/habibahassan/project/install/moveit_msgs/share/moveit_msgs/msg/GenericTrajectory.msg
[4.416s] -- Up-to-date: /home/habibahassan/project/install/moveit_msgs/share/moveit_msgs/msg/Grasp.msg
[4.416s] -- Up-to-date: /home/habibahassan/project/install/moveit_msgs/share/moveit_msgs/msg/GripperTranslation.msg
[4.416s] -- Up-to-date: /home/habibahassan/project/install/moveit_msgs/share/moveit_msgs/msg/JointConstraint.msg
[4.416s] -- Up-to-date: /home/habibahassan/project/install/moveit_msgs/share/moveit_msgs/msg/JointLimits.msg
[4.416s] -- Up-to-date: /home/habibahassan/project/install/moveit_msgs/share/moveit_msgs/msg/LinkPadding.msg
[4.417s] -- Up-to-date: /home/habibahassan/project/install/moveit_msgs/share/moveit_msgs/msg/LinkScale.msg
[4.417s] -- Up-to-date: /home/habibahassan/project/install/moveit_msgs/share/moveit_msgs/msg/MotionPlanRequest.msg
[4.417s] -- Up-to-date: /home/habibahassan/project/install/moveit_msgs/share/moveit_msgs/msg/MotionPlanResponse.msg
[4.417s] -- Up-to-date: /home/habibahassan/project/install/moveit_msgs/share/moveit_msgs/msg/MotionPlanDetailedResponse.msg
[4.417s] -- Up-to-date: /home/habibahassan/project/install/moveit_msgs/share/moveit_msgs/msg/MotionSequenceItem.msg
[4.417s] -- Up-to-date: /home/habibahassan/project/install/moveit_msgs/share/moveit_msgs/msg/MotionSequenceRequest.msg
[4.418s] -- Up-to-date: /home/habibahassan/project/install/moveit_msgs/share/moveit_msgs/msg/MotionSequenceResponse.msg
[4.418s] -- Up-to-date: /home/habibahassan/project/install/moveit_msgs/share/moveit_msgs/msg/MoveItErrorCodes.msg
[4.418s] -- Up-to-date: /home/habibahassan/project/install/moveit_msgs/share/moveit_msgs/msg/TrajectoryConstraints.msg
[4.418s] -- Up-to-date: /home/habibahassan/project/install/moveit_msgs/share/moveit_msgs/msg/ObjectColor.msg
[4.418s] -- Up-to-date: /home/habibahassan/project/install/moveit_msgs/share/moveit_msgs/msg/OrientationConstraint.msg
[4.418s] -- Up-to-date: /home/habibahassan/project/install/moveit_msgs/share/moveit_msgs/msg/OrientedBoundingBox.msg
[4.419s] -- Up-to-date: /home/habibahassan/project/install/moveit_msgs/share/moveit_msgs/msg/PlaceLocation.msg
[4.419s] -- Up-to-date: /home/habibahassan/project/install/moveit_msgs/share/moveit_msgs/msg/PlannerInterfaceDescription.msg
[4.419s] -- Up-to-date: /home/habibahassan/project/install/moveit_msgs/share/moveit_msgs/msg/PlannerParams.msg
[4.419s] -- Up-to-date: /home/habibahassan/project/install/moveit_msgs/share/moveit_msgs/msg/PlanningScene.msg
[4.419s] -- Up-to-date: /home/habibahassan/project/install/moveit_msgs/share/moveit_msgs/msg/PlanningSceneComponents.msg
[4.419s] -- Up-to-date: /home/habibahassan/project/install/moveit_msgs/share/moveit_msgs/msg/PlanningSceneWorld.msg
[4.420s] -- Up-to-date: /home/habibahassan/project/install/moveit_msgs/share/moveit_msgs/msg/PlanningOptions.msg
[4.420s] -- Up-to-date: /home/habibahassan/project/install/moveit_msgs/share/moveit_msgs/msg/PositionConstraint.msg
[4.420s] -- Up-to-date: /home/habibahassan/project/install/moveit_msgs/share/moveit_msgs/msg/RobotState.msg
[4.420s] -- Up-to-date: /home/habibahassan/project/install/moveit_msgs/share/moveit_msgs/msg/RobotTrajectory.msg
[4.420s] -- Up-to-date: /home/habibahassan/project/install/moveit_msgs/share/moveit_msgs/msg/VisibilityConstraint.msg
[4.421s] -- Up-to-date: /home/habibahassan/project/install/moveit_msgs/share/moveit_msgs/msg/WorkspaceParameters.msg
[4.421s] -- Up-to-date: /home/habibahassan/project/install/moveit_msgs/share/moveit_msgs/msg/KinematicSolverInfo.msg
[4.421s] -- Up-to-date: /home/habibahassan/project/install/moveit_msgs/share/moveit_msgs/msg/PositionIKRequest.msg
[4.421s] -- Up-to-date: /home/habibahassan/project/install/moveit_msgs/share/moveit_msgs/msg/PipelineState.msg
[4.421s] -- Up-to-date: /home/habibahassan/project/install/moveit_msgs/share/moveit_msgs/msg/ServoStatus.msg
[4.421s] -- Up-to-date: /home/habibahassan/project/install/moveit_msgs/share/moveit_msgs/srv/GetMotionPlan.srv
[4.422s] -- Up-to-date: /home/habibahassan/project/install/moveit_msgs/share/moveit_msgs/srv/GetStateValidity.srv
[4.422s] -- Up-to-date: /home/habibahassan/project/install/moveit_msgs/share/moveit_msgs/srv/GetCartesianPath.srv
[4.422s] -- Up-to-date: /home/habibahassan/project/install/moveit_msgs/share/moveit_msgs/srv/GetPlanningScene.srv
[4.422s] -- Up-to-date: /home/habibahassan/project/install/moveit_msgs/share/moveit_msgs/srv/GraspPlanning.srv
[4.422s] -- Up-to-date: /home/habibahassan/project/install/moveit_msgs/share/moveit_msgs/srv/ApplyPlanningScene.srv
[4.422s] -- Up-to-date: /home/habibahassan/project/install/moveit_msgs/share/moveit_msgs/srv/QueryPlannerInterfaces.srv
[4.423s] -- Up-to-date: /home/habibahassan/project/install/moveit_msgs/share/moveit_msgs/srv/GetMotionSequence.srv
[4.423s] -- Up-to-date: /home/habibahassan/project/install/moveit_msgs/share/moveit_msgs/srv/GetPositionFK.srv
[4.423s] -- Up-to-date: /home/habibahassan/project/install/moveit_msgs/share/moveit_msgs/srv/GetPositionIK.srv
[4.423s] -- Up-to-date: /home/habibahassan/project/install/moveit_msgs/share/moveit_msgs/srv/GetPlannerParams.srv
[4.423s] -- Up-to-date: /home/habibahassan/project/install/moveit_msgs/share/moveit_msgs/srv/SetPlannerParams.srv
[4.423s] -- Up-to-date: /home/habibahassan/project/install/moveit_msgs/share/moveit_msgs/srv/UpdatePointcloudOctomap.srv
[4.424s] -- Up-to-date: /home/habibahassan/project/install/moveit_msgs/share/moveit_msgs/srv/SaveGeometryToFile.srv
[4.424s] -- Up-to-date: /home/habibahassan/project/install/moveit_msgs/share/moveit_msgs/srv/SaveMap.srv
[4.424s] -- Up-to-date: /home/habibahassan/project/install/moveit_msgs/share/moveit_msgs/srv/LoadGeometryFromFile.srv
[4.425s] -- Up-to-date: /home/habibahassan/project/install/moveit_msgs/share/moveit_msgs/srv/LoadMap.srv
[4.436s] -- Up-to-date: /home/habibahassan/project/install/moveit_msgs/share/moveit_msgs/srv/SaveRobotStateToWarehouse.srv
[4.436s] -- Up-to-date: /home/habibahassan/project/install/moveit_msgs/share/moveit_msgs/srv/ListRobotStatesInWarehouse.srv
[4.436s] -- Up-to-date: /home/habibahassan/project/install/moveit_msgs/share/moveit_msgs/srv/GetRobotStateFromWarehouse.srv
[4.437s] -- Up-to-date: /home/habibahassan/project/install/moveit_msgs/share/moveit_msgs/srv/CheckIfRobotStateExistsInWarehouse.srv
[4.437s] -- Up-to-date: /home/habibahassan/project/install/moveit_msgs/share/moveit_msgs/srv/RenameRobotStateInWarehouse.srv
[4.437s] -- Up-to-date: /home/habibahassan/project/install/moveit_msgs/share/moveit_msgs/srv/DeleteRobotStateFromWarehouse.srv
[4.437s] -- Up-to-date: /home/habibahassan/project/install/moveit_msgs/share/moveit_msgs/srv/ServoCommandType.srv
[4.438s] -- Up-to-date: /home/habibahassan/project/install/moveit_msgs/share/moveit_msgs/srv/GetGroupUrdf.srv
[4.438s] -- Up-to-date: /home/habibahassan/project/install/moveit_msgs/share/moveit_msgs/action/ExecuteTrajectory.action
[4.438s] -- Up-to-date: /home/habibahassan/project/install/moveit_msgs/share/moveit_msgs/action/MoveGroup.action
[4.439s] -- Up-to-date: /home/habibahassan/project/install/moveit_msgs/share/moveit_msgs/action/MoveGroupSequence.action
[4.439s] -- Up-to-date: /home/habibahassan/project/install/moveit_msgs/share/moveit_msgs/action/Pickup.action
[4.439s] -- Up-to-date: /home/habibahassan/project/install/moveit_msgs/share/moveit_msgs/action/Place.action
[4.439s] -- Up-to-date: /home/habibahassan/project/install/moveit_msgs/share/moveit_msgs/action/LocalPlanner.action
[4.440s] -- Up-to-date: /home/habibahassan/project/install/moveit_msgs/share/moveit_msgs/action/GlobalPlanner.action
[4.440s] -- Up-to-date: /home/habibahassan/project/install/moveit_msgs/share/moveit_msgs/action/HybridPlanner.action
[4.440s] -- Up-to-date: /home/habibahassan/project/install/moveit_msgs/share/ament_index/resource_index/package_run_dependencies/moveit_msgs
[4.455s] -- Up-to-date: /home/habibahassan/project/install/moveit_msgs/share/ament_index/resource_index/parent_prefix_path/moveit_msgs
[4.455s] -- Up-to-date: /home/habibahassan/project/install/moveit_msgs/share/moveit_msgs/environment/ament_prefix_path.sh
[4.456s] -- Up-to-date: /home/habibahassan/project/install/moveit_msgs/share/moveit_msgs/environment/ament_prefix_path.dsv
[4.456s] -- Up-to-date: /home/habibahassan/project/install/moveit_msgs/share/moveit_msgs/environment/path.sh
[4.456s] -- Up-to-date: /home/habibahassan/project/install/moveit_msgs/share/moveit_msgs/environment/path.dsv
[4.459s] -- Up-to-date: /home/habibahassan/project/install/moveit_msgs/share/moveit_msgs/local_setup.bash
[4.459s] -- Up-to-date: /home/habibahassan/project/install/moveit_msgs/share/moveit_msgs/local_setup.sh
[4.460s] -- Up-to-date: /home/habibahassan/project/install/moveit_msgs/share/moveit_msgs/local_setup.zsh
[4.460s] -- Up-to-date: /home/habibahassan/project/install/moveit_msgs/share/moveit_msgs/local_setup.dsv
[4.460s] -- Installing: /home/habibahassan/project/install/moveit_msgs/share/moveit_msgs/package.dsv
[4.460s] -- Up-to-date: /home/habibahassan/project/install/moveit_msgs/share/ament_index/resource_index/packages/moveit_msgs
[4.461s] -- Up-to-date: /home/habibahassan/project/install/moveit_msgs/share/moveit_msgs/cmake/export_moveit_msgs__rosidl_generator_cExport.cmake
[4.461s] -- Up-to-date: /home/habibahassan/project/install/moveit_msgs/share/moveit_msgs/cmake/export_moveit_msgs__rosidl_generator_cExport-noconfig.cmake
[4.461s] -- Up-to-date: /home/habibahassan/project/install/moveit_msgs/share/moveit_msgs/cmake/export_moveit_msgs__rosidl_typesupport_fastrtps_cExport.cmake
[4.464s] -- Up-to-date: /home/habibahassan/project/install/moveit_msgs/share/moveit_msgs/cmake/export_moveit_msgs__rosidl_typesupport_fastrtps_cExport-noconfig.cmake
[4.465s] -- Up-to-date: /home/habibahassan/project/install/moveit_msgs/share/moveit_msgs/cmake/moveit_msgs__rosidl_typesupport_introspection_cExport.cmake
[4.465s] -- Up-to-date: /home/habibahassan/project/install/moveit_msgs/share/moveit_msgs/cmake/moveit_msgs__rosidl_typesupport_introspection_cExport-noconfig.cmake
[4.467s] -- Up-to-date: /home/habibahassan/project/install/moveit_msgs/share/moveit_msgs/cmake/moveit_msgs__rosidl_typesupport_cExport.cmake
[4.467s] -- Up-to-date: /home/habibahassan/project/install/moveit_msgs/share/moveit_msgs/cmake/moveit_msgs__rosidl_typesupport_cExport-noconfig.cmake
[4.476s] -- Up-to-date: /home/habibahassan/project/install/moveit_msgs/share/moveit_msgs/cmake/export_moveit_msgs__rosidl_generator_cppExport.cmake
[4.476s] -- Up-to-date: /home/habibahassan/project/install/moveit_msgs/share/moveit_msgs/cmake/export_moveit_msgs__rosidl_typesupport_fastrtps_cppExport.cmake
[4.476s] -- Up-to-date: /home/habibahassan/project/install/moveit_msgs/share/moveit_msgs/cmake/export_moveit_msgs__rosidl_typesupport_fastrtps_cppExport-noconfig.cmake
[4.476s] -- Up-to-date: /home/habibahassan/project/install/moveit_msgs/share/moveit_msgs/cmake/moveit_msgs__rosidl_typesupport_introspection_cppExport.cmake
[4.477s] -- Up-to-date: /home/habibahassan/project/install/moveit_msgs/share/moveit_msgs/cmake/moveit_msgs__rosidl_typesupport_introspection_cppExport-noconfig.cmake
[4.477s] -- Up-to-date: /home/habibahassan/project/install/moveit_msgs/share/moveit_msgs/cmake/moveit_msgs__rosidl_typesupport_cppExport.cmake
[4.477s] -- Up-to-date: /home/habibahassan/project/install/moveit_msgs/share/moveit_msgs/cmake/moveit_msgs__rosidl_typesupport_cppExport-noconfig.cmake
[4.483s] -- Up-to-date: /home/habibahassan/project/install/moveit_msgs/share/moveit_msgs/cmake/export_moveit_msgs__rosidl_generator_pyExport.cmake
[4.484s] -- Up-to-date: /home/habibahassan/project/install/moveit_msgs/share/moveit_msgs/cmake/export_moveit_msgs__rosidl_generator_pyExport-noconfig.cmake
[4.484s] -- Up-to-date: /home/habibahassan/project/install/moveit_msgs/share/moveit_msgs/cmake/rosidl_cmake-extras.cmake
[4.484s] -- Up-to-date: /home/habibahassan/project/install/moveit_msgs/share/moveit_msgs/cmake/ament_cmake_export_dependencies-extras.cmake
[4.485s] -- Up-to-date: /home/habibahassan/project/install/moveit_msgs/share/moveit_msgs/cmake/ament_cmake_export_include_directories-extras.cmake
[4.485s] -- Up-to-date: /home/habibahassan/project/install/moveit_msgs/share/moveit_msgs/cmake/ament_cmake_export_libraries-extras.cmake
[4.485s] -- Up-to-date: /home/habibahassan/project/install/moveit_msgs/share/moveit_msgs/cmake/ament_cmake_export_targets-extras.cmake
[4.485s] -- Up-to-date: /home/habibahassan/project/install/moveit_msgs/share/moveit_msgs/cmake/rosidl_cmake_export_typesupport_targets-extras.cmake
[4.485s] -- Up-to-date: /home/habibahassan/project/install/moveit_msgs/share/moveit_msgs/cmake/rosidl_cmake_export_typesupport_libraries-extras.cmake
[4.486s] -- Up-to-date: /home/habibahassan/project/install/moveit_msgs/share/moveit_msgs/cmake/moveit_msgsConfig.cmake
[4.486s] -- Up-to-date: /home/habibahassan/project/install/moveit_msgs/share/moveit_msgs/cmake/moveit_msgsConfig-version.cmake
[4.486s] -- Up-to-date: /home/habibahassan/project/install/moveit_msgs/share/moveit_msgs/package.xml
[4.496s] Invoked command in '/home/habibahassan/project/build/moveit_msgs' returned '0': CMAKE_PREFIX_PATH=${CMAKE_PREFIX_PATH}:/home/habibahassan/project/install/moveit_configs_utils:/opt/ros/jazzy DEBUGINFOD_URLS=https://debuginfod.ubuntu.com /usr/bin/cmake --install /home/habibahassan/project/build/moveit_msgs
