[1.473s] DEBUG:colcon:Command line arguments: ['/usr/bin/colcon', 'build', '--symlink-install', '--packages-select', 'move_program']
[1.473s] DEBUG:colcon:Parsed command line arguments: Namespace(log_base=None, log_level=None, verb_name='build', build_base='build', install_base='install', merge_install=False, symlink_install=True, test_result_base=None, continue_on_error=False, executor='parallel', parallel_workers=8, event_handlers=None, ignore_user_meta=False, metas=['./colcon.meta'], base_paths=['.'], packages_ignore=None, packages_ignore_regex=None, paths=None, packages_up_to=None, packages_up_to_regex=None, packages_above=None, packages_above_and_dependencies=None, packages_above_depth=None, packages_select_by_dep=None, packages_skip_by_dep=None, packages_skip_up_to=None, packages_select_build_failed=False, packages_skip_build_finished=False, packages_select_test_failures=False, packages_skip_test_passed=False, packages_select=['move_program'], packages_skip=None, packages_select_regex=None, packages_skip_regex=None, packages_start=None, packages_end=None, allow_overriding=[], cmake_args=None, cmake_target=None, cmake_target_skip_unavailable=False, cmake_clean_cache=False, cmake_clean_first=False, cmake_force_configure=False, ament_cmake_args=None, catkin_cmake_args=None, catkin_skip_building_tests=False, mixin_files=None, mixin=None, verb_parser=<colcon_mixin.mixin.mixin_argument.MixinArgumentDecorator object at 0x7f827cf48440>, verb_extension=<colcon_core.verb.build.BuildVerb object at 0x7f827cf184a0>, main=<bound method BuildVerb.main of <colcon_core.verb.build.BuildVerb object at 0x7f827cf184a0>>, mixin_verb=('build',))
[1.721s] Level 1:colcon.colcon_core.package_discovery:discover_packages(colcon_meta) check parameters
[1.722s] Level 1:colcon.colcon_core.package_discovery:discover_packages(recursive) check parameters
[1.722s] Level 1:colcon.colcon_core.package_discovery:discover_packages(ignore) check parameters
[1.722s] Level 1:colcon.colcon_core.package_discovery:discover_packages(path) check parameters
[1.722s] Level 1:colcon.colcon_core.package_discovery:discover_packages(colcon_meta) discover
[1.722s] Level 1:colcon.colcon_core.package_discovery:discover_packages(recursive) discover
[1.722s] INFO:colcon.colcon_core.package_discovery:Crawling recursively for packages in '/home/habibahassan/project'
[1.723s] Level 1:colcon.colcon_core.package_identification:_identify(.) by extensions ['ignore', 'ignore_ament_install']
[1.723s] Level 1:colcon.colcon_core.package_identification:_identify(.) by extension 'ignore'
[1.724s] Level 1:colcon.colcon_core.package_identification:_identify(.) by extension 'ignore_ament_install'
[1.724s] Level 1:colcon.colcon_core.package_identification:_identify(.) by extensions ['colcon_pkg']
[1.724s] Level 1:colcon.colcon_core.package_identification:_identify(.) by extension 'colcon_pkg'
[1.725s] Level 1:colcon.colcon_core.package_identification:_identify(.) by extensions ['colcon_meta']
[1.726s] Level 1:colcon.colcon_core.package_identification:_identify(.) by extension 'colcon_meta'
[1.726s] Level 1:colcon.colcon_core.package_identification:_identify(.) by extensions ['ros']
[1.726s] Level 1:colcon.colcon_core.package_identification:_identify(.) by extension 'ros'
[1.945s] Level 1:colcon.colcon_core.package_identification:_identify(.) by extensions ['cmake', 'python']
[1.946s] Level 1:colcon.colcon_core.package_identification:_identify(.) by extension 'cmake'
[1.946s] Level 1:colcon.colcon_core.package_identification:_identify(.) by extension 'python'
[1.957s] Level 1:colcon.colcon_core.package_identification:_identify(.) by extensions ['python_setup_py']
[1.958s] Level 1:colcon.colcon_core.package_identification:_identify(.) by extension 'python_setup_py'
[1.958s] Level 1:colcon.colcon_core.package_identification:_identify(build) by extensions ['ignore', 'ignore_ament_install']
[1.959s] Level 1:colcon.colcon_core.package_identification:_identify(build) by extension 'ignore'
[1.959s] Level 1:colcon.colcon_core.package_identification:_identify(build) ignored
[1.960s] Level 1:colcon.colcon_core.package_identification:_identify(install) by extensions ['ignore', 'ignore_ament_install']
[1.960s] Level 1:colcon.colcon_core.package_identification:_identify(install) by extension 'ignore'
[1.960s] Level 1:colcon.colcon_core.package_identification:_identify(install) ignored
[1.960s] Level 1:colcon.colcon_core.package_identification:_identify(log) by extensions ['ignore', 'ignore_ament_install']
[1.961s] Level 1:colcon.colcon_core.package_identification:_identify(log) by extension 'ignore'
[1.961s] Level 1:colcon.colcon_core.package_identification:_identify(log) ignored
[1.961s] Level 1:colcon.colcon_core.package_identification:_identify(src) by extensions ['ignore', 'ignore_ament_install']
[1.961s] Level 1:colcon.colcon_core.package_identification:_identify(src) by extension 'ignore'
[1.962s] Level 1:colcon.colcon_core.package_identification:_identify(src) by extension 'ignore_ament_install'
[1.962s] Level 1:colcon.colcon_core.package_identification:_identify(src) by extensions ['colcon_pkg']
[1.962s] Level 1:colcon.colcon_core.package_identification:_identify(src) by extension 'colcon_pkg'
[1.962s] Level 1:colcon.colcon_core.package_identification:_identify(src) by extensions ['colcon_meta']
[1.962s] Level 1:colcon.colcon_core.package_identification:_identify(src) by extension 'colcon_meta'
[1.962s] Level 1:colcon.colcon_core.package_identification:_identify(src) by extensions ['ros']
[1.962s] Level 1:colcon.colcon_core.package_identification:_identify(src) by extension 'ros'
[1.962s] Level 1:colcon.colcon_core.package_identification:_identify(src) by extensions ['cmake', 'python']
[1.962s] Level 1:colcon.colcon_core.package_identification:_identify(src) by extension 'cmake'
[1.963s] Level 1:colcon.colcon_core.package_identification:_identify(src) by extension 'python'
[1.963s] Level 1:colcon.colcon_core.package_identification:_identify(src) by extensions ['python_setup_py']
[1.963s] Level 1:colcon.colcon_core.package_identification:_identify(src) by extension 'python_setup_py'
[1.963s] Level 1:colcon.colcon_core.package_identification:_identify(src/Universal_Robots_ROS2_Description) by extensions ['ignore', 'ignore_ament_install']
[1.963s] Level 1:colcon.colcon_core.package_identification:_identify(src/Universal_Robots_ROS2_Description) by extension 'ignore'
[1.963s] Level 1:colcon.colcon_core.package_identification:_identify(src/Universal_Robots_ROS2_Description) by extension 'ignore_ament_install'
[1.964s] Level 1:colcon.colcon_core.package_identification:_identify(src/Universal_Robots_ROS2_Description) by extensions ['colcon_pkg']
[1.964s] Level 1:colcon.colcon_core.package_identification:_identify(src/Universal_Robots_ROS2_Description) by extension 'colcon_pkg'
[1.964s] Level 1:colcon.colcon_core.package_identification:_identify(src/Universal_Robots_ROS2_Description) by extensions ['colcon_meta']
[1.964s] Level 1:colcon.colcon_core.package_identification:_identify(src/Universal_Robots_ROS2_Description) by extension 'colcon_meta'
[1.964s] Level 1:colcon.colcon_core.package_identification:_identify(src/Universal_Robots_ROS2_Description) by extensions ['ros']
[1.964s] Level 1:colcon.colcon_core.package_identification:_identify(src/Universal_Robots_ROS2_Description) by extension 'ros'
[1.977s] DEBUG:colcon.colcon_core.package_identification:Package 'src/Universal_Robots_ROS2_Description' with type 'ros.ament_cmake' and name 'ur_description'
[1.978s] Level 1:colcon.colcon_core.package_identification:_identify(src/Universal_Robots_ROS2_Driver) by extensions ['ignore', 'ignore_ament_install']
[1.978s] Level 1:colcon.colcon_core.package_identification:_identify(src/Universal_Robots_ROS2_Driver) by extension 'ignore'
[1.978s] Level 1:colcon.colcon_core.package_identification:_identify(src/Universal_Robots_ROS2_Driver) by extension 'ignore_ament_install'
[1.979s] Level 1:colcon.colcon_core.package_identification:_identify(src/Universal_Robots_ROS2_Driver) by extensions ['colcon_pkg']
[1.979s] Level 1:colcon.colcon_core.package_identification:_identify(src/Universal_Robots_ROS2_Driver) by extension 'colcon_pkg'
[1.979s] Level 1:colcon.colcon_core.package_identification:_identify(src/Universal_Robots_ROS2_Driver) by extensions ['colcon_meta']
[1.979s] Level 1:colcon.colcon_core.package_identification:_identify(src/Universal_Robots_ROS2_Driver) by extension 'colcon_meta'
[1.979s] Level 1:colcon.colcon_core.package_identification:_identify(src/Universal_Robots_ROS2_Driver) by extensions ['ros']
[1.980s] Level 1:colcon.colcon_core.package_identification:_identify(src/Universal_Robots_ROS2_Driver) by extension 'ros'
[1.981s] Level 1:colcon.colcon_core.package_identification:_identify(src/Universal_Robots_ROS2_Driver) by extensions ['cmake', 'python']
[1.981s] Level 1:colcon.colcon_core.package_identification:_identify(src/Universal_Robots_ROS2_Driver) by extension 'cmake'
[1.981s] Level 1:colcon.colcon_core.package_identification:_identify(src/Universal_Robots_ROS2_Driver) by extension 'python'
[1.981s] Level 1:colcon.colcon_core.package_identification:_identify(src/Universal_Robots_ROS2_Driver) by extensions ['python_setup_py']
[1.982s] Level 1:colcon.colcon_core.package_identification:_identify(src/Universal_Robots_ROS2_Driver) by extension 'python_setup_py'
[1.982s] Level 1:colcon.colcon_core.package_identification:_identify(src/Universal_Robots_ROS2_Driver/ur) by extensions ['ignore', 'ignore_ament_install']
[1.982s] Level 1:colcon.colcon_core.package_identification:_identify(src/Universal_Robots_ROS2_Driver/ur) by extension 'ignore'
[1.983s] Level 1:colcon.colcon_core.package_identification:_identify(src/Universal_Robots_ROS2_Driver/ur) by extension 'ignore_ament_install'
[1.983s] Level 1:colcon.colcon_core.package_identification:_identify(src/Universal_Robots_ROS2_Driver/ur) by extensions ['colcon_pkg']
[1.983s] Level 1:colcon.colcon_core.package_identification:_identify(src/Universal_Robots_ROS2_Driver/ur) by extension 'colcon_pkg'
[1.983s] Level 1:colcon.colcon_core.package_identification:_identify(src/Universal_Robots_ROS2_Driver/ur) by extensions ['colcon_meta']
[1.983s] Level 1:colcon.colcon_core.package_identification:_identify(src/Universal_Robots_ROS2_Driver/ur) by extension 'colcon_meta'
[1.984s] Level 1:colcon.colcon_core.package_identification:_identify(src/Universal_Robots_ROS2_Driver/ur) by extensions ['ros']
[1.984s] Level 1:colcon.colcon_core.package_identification:_identify(src/Universal_Robots_ROS2_Driver/ur) by extension 'ros'
[1.989s] DEBUG:colcon.colcon_core.package_identification:Package 'src/Universal_Robots_ROS2_Driver/ur' with type 'ros.ament_cmake' and name 'ur'
[1.989s] Level 1:colcon.colcon_core.package_identification:_identify(src/Universal_Robots_ROS2_Driver/ur_calibration) by extensions ['ignore', 'ignore_ament_install']
[1.989s] Level 1:colcon.colcon_core.package_identification:_identify(src/Universal_Robots_ROS2_Driver/ur_calibration) by extension 'ignore'
[1.990s] Level 1:colcon.colcon_core.package_identification:_identify(src/Universal_Robots_ROS2_Driver/ur_calibration) by extension 'ignore_ament_install'
[1.990s] Level 1:colcon.colcon_core.package_identification:_identify(src/Universal_Robots_ROS2_Driver/ur_calibration) by extensions ['colcon_pkg']
[1.990s] Level 1:colcon.colcon_core.package_identification:_identify(src/Universal_Robots_ROS2_Driver/ur_calibration) by extension 'colcon_pkg'
[1.990s] Level 1:colcon.colcon_core.package_identification:_identify(src/Universal_Robots_ROS2_Driver/ur_calibration) by extensions ['colcon_meta']
[1.990s] Level 1:colcon.colcon_core.package_identification:_identify(src/Universal_Robots_ROS2_Driver/ur_calibration) by extension 'colcon_meta'
[1.991s] Level 1:colcon.colcon_core.package_identification:_identify(src/Universal_Robots_ROS2_Driver/ur_calibration) by extensions ['ros']
[1.991s] Level 1:colcon.colcon_core.package_identification:_identify(src/Universal_Robots_ROS2_Driver/ur_calibration) by extension 'ros'
[2.014s] DEBUG:colcon.colcon_core.package_identification:Package 'src/Universal_Robots_ROS2_Driver/ur_calibration' with type 'ros.ament_cmake' and name 'ur_calibration'
[2.015s] Level 1:colcon.colcon_core.package_identification:_identify(src/Universal_Robots_ROS2_Driver/ur_controllers) by extensions ['ignore', 'ignore_ament_install']
[2.020s] Level 1:colcon.colcon_core.package_identification:_identify(src/Universal_Robots_ROS2_Driver/ur_controllers) by extension 'ignore'
[2.021s] Level 1:colcon.colcon_core.package_identification:_identify(src/Universal_Robots_ROS2_Driver/ur_controllers) by extension 'ignore_ament_install'
[2.021s] Level 1:colcon.colcon_core.package_identification:_identify(src/Universal_Robots_ROS2_Driver/ur_controllers) by extensions ['colcon_pkg']
[2.021s] Level 1:colcon.colcon_core.package_identification:_identify(src/Universal_Robots_ROS2_Driver/ur_controllers) by extension 'colcon_pkg'
[2.021s] Level 1:colcon.colcon_core.package_identification:_identify(src/Universal_Robots_ROS2_Driver/ur_controllers) by extensions ['colcon_meta']
[2.021s] Level 1:colcon.colcon_core.package_identification:_identify(src/Universal_Robots_ROS2_Driver/ur_controllers) by extension 'colcon_meta'
[2.022s] Level 1:colcon.colcon_core.package_identification:_identify(src/Universal_Robots_ROS2_Driver/ur_controllers) by extensions ['ros']
[2.022s] Level 1:colcon.colcon_core.package_identification:_identify(src/Universal_Robots_ROS2_Driver/ur_controllers) by extension 'ros'
[2.032s] DEBUG:colcon.colcon_core.package_identification:Package 'src/Universal_Robots_ROS2_Driver/ur_controllers' with type 'ros.ament_cmake' and name 'ur_controllers'
[2.033s] Level 1:colcon.colcon_core.package_identification:_identify(src/Universal_Robots_ROS2_Driver/ur_dashboard_msgs) by extensions ['ignore', 'ignore_ament_install']
[2.033s] Level 1:colcon.colcon_core.package_identification:_identify(src/Universal_Robots_ROS2_Driver/ur_dashboard_msgs) by extension 'ignore'
[2.033s] Level 1:colcon.colcon_core.package_identification:_identify(src/Universal_Robots_ROS2_Driver/ur_dashboard_msgs) by extension 'ignore_ament_install'
[2.034s] Level 1:colcon.colcon_core.package_identification:_identify(src/Universal_Robots_ROS2_Driver/ur_dashboard_msgs) by extensions ['colcon_pkg']
[2.034s] Level 1:colcon.colcon_core.package_identification:_identify(src/Universal_Robots_ROS2_Driver/ur_dashboard_msgs) by extension 'colcon_pkg'
[2.034s] Level 1:colcon.colcon_core.package_identification:_identify(src/Universal_Robots_ROS2_Driver/ur_dashboard_msgs) by extensions ['colcon_meta']
[2.034s] Level 1:colcon.colcon_core.package_identification:_identify(src/Universal_Robots_ROS2_Driver/ur_dashboard_msgs) by extension 'colcon_meta'
[2.034s] Level 1:colcon.colcon_core.package_identification:_identify(src/Universal_Robots_ROS2_Driver/ur_dashboard_msgs) by extensions ['ros']
[2.034s] Level 1:colcon.colcon_core.package_identification:_identify(src/Universal_Robots_ROS2_Driver/ur_dashboard_msgs) by extension 'ros'
[2.041s] DEBUG:colcon.colcon_core.package_identification:Package 'src/Universal_Robots_ROS2_Driver/ur_dashboard_msgs' with type 'ros.ament_cmake' and name 'ur_dashboard_msgs'
[2.042s] Level 1:colcon.colcon_core.package_identification:_identify(src/Universal_Robots_ROS2_Driver/ur_moveit_config) by extensions ['ignore', 'ignore_ament_install']
[2.043s] Level 1:colcon.colcon_core.package_identification:_identify(src/Universal_Robots_ROS2_Driver/ur_moveit_config) by extension 'ignore'
[2.043s] Level 1:colcon.colcon_core.package_identification:_identify(src/Universal_Robots_ROS2_Driver/ur_moveit_config) by extension 'ignore_ament_install'
[2.044s] Level 1:colcon.colcon_core.package_identification:_identify(src/Universal_Robots_ROS2_Driver/ur_moveit_config) by extensions ['colcon_pkg']
[2.044s] Level 1:colcon.colcon_core.package_identification:_identify(src/Universal_Robots_ROS2_Driver/ur_moveit_config) by extension 'colcon_pkg'
[2.044s] Level 1:colcon.colcon_core.package_identification:_identify(src/Universal_Robots_ROS2_Driver/ur_moveit_config) by extensions ['colcon_meta']
[2.044s] Level 1:colcon.colcon_core.package_identification:_identify(src/Universal_Robots_ROS2_Driver/ur_moveit_config) by extension 'colcon_meta'
[2.045s] Level 1:colcon.colcon_core.package_identification:_identify(src/Universal_Robots_ROS2_Driver/ur_moveit_config) by extensions ['ros']
[2.045s] Level 1:colcon.colcon_core.package_identification:_identify(src/Universal_Robots_ROS2_Driver/ur_moveit_config) by extension 'ros'
[2.047s] DEBUG:colcon.colcon_core.package_identification:Package 'src/Universal_Robots_ROS2_Driver/ur_moveit_config' with type 'ros.ament_cmake' and name 'ur_moveit_config'
[2.047s] Level 1:colcon.colcon_core.package_identification:_identify(src/Universal_Robots_ROS2_Driver/ur_robot_driver) by extensions ['ignore', 'ignore_ament_install']
[2.047s] Level 1:colcon.colcon_core.package_identification:_identify(src/Universal_Robots_ROS2_Driver/ur_robot_driver) by extension 'ignore'
[2.048s] Level 1:colcon.colcon_core.package_identification:_identify(src/Universal_Robots_ROS2_Driver/ur_robot_driver) by extension 'ignore_ament_install'
[2.048s] Level 1:colcon.colcon_core.package_identification:_identify(src/Universal_Robots_ROS2_Driver/ur_robot_driver) by extensions ['colcon_pkg']
[2.048s] Level 1:colcon.colcon_core.package_identification:_identify(src/Universal_Robots_ROS2_Driver/ur_robot_driver) by extension 'colcon_pkg'
[2.048s] Level 1:colcon.colcon_core.package_identification:_identify(src/Universal_Robots_ROS2_Driver/ur_robot_driver) by extensions ['colcon_meta']
[2.048s] Level 1:colcon.colcon_core.package_identification:_identify(src/Universal_Robots_ROS2_Driver/ur_robot_driver) by extension 'colcon_meta'
[2.049s] Level 1:colcon.colcon_core.package_identification:_identify(src/Universal_Robots_ROS2_Driver/ur_robot_driver) by extensions ['ros']
[2.049s] Level 1:colcon.colcon_core.package_identification:_identify(src/Universal_Robots_ROS2_Driver/ur_robot_driver) by extension 'ros'
[2.057s] DEBUG:colcon.colcon_core.package_identification:Package 'src/Universal_Robots_ROS2_Driver/ur_robot_driver' with type 'ros.ament_cmake' and name 'ur_robot_driver'
[2.057s] Level 1:colcon.colcon_core.package_identification:_identify(src/Universal_Robots_ROS2_GZ_Simulation) by extensions ['ignore', 'ignore_ament_install']
[2.058s] Level 1:colcon.colcon_core.package_identification:_identify(src/Universal_Robots_ROS2_GZ_Simulation) by extension 'ignore'
[2.058s] Level 1:colcon.colcon_core.package_identification:_identify(src/Universal_Robots_ROS2_GZ_Simulation) by extension 'ignore_ament_install'
[2.059s] Level 1:colcon.colcon_core.package_identification:_identify(src/Universal_Robots_ROS2_GZ_Simulation) by extensions ['colcon_pkg']
[2.059s] Level 1:colcon.colcon_core.package_identification:_identify(src/Universal_Robots_ROS2_GZ_Simulation) by extension 'colcon_pkg'
[2.059s] Level 1:colcon.colcon_core.package_identification:_identify(src/Universal_Robots_ROS2_GZ_Simulation) by extensions ['colcon_meta']
[2.059s] Level 1:colcon.colcon_core.package_identification:_identify(src/Universal_Robots_ROS2_GZ_Simulation) by extension 'colcon_meta'
[2.059s] Level 1:colcon.colcon_core.package_identification:_identify(src/Universal_Robots_ROS2_GZ_Simulation) by extensions ['ros']
[2.059s] Level 1:colcon.colcon_core.package_identification:_identify(src/Universal_Robots_ROS2_GZ_Simulation) by extension 'ros'
[2.060s] Level 1:colcon.colcon_core.package_identification:_identify(src/Universal_Robots_ROS2_GZ_Simulation) by extensions ['cmake', 'python']
[2.060s] Level 1:colcon.colcon_core.package_identification:_identify(src/Universal_Robots_ROS2_GZ_Simulation) by extension 'cmake'
[2.060s] Level 1:colcon.colcon_core.package_identification:_identify(src/Universal_Robots_ROS2_GZ_Simulation) by extension 'python'
[2.060s] Level 1:colcon.colcon_core.package_identification:_identify(src/Universal_Robots_ROS2_GZ_Simulation) by extensions ['python_setup_py']
[2.060s] Level 1:colcon.colcon_core.package_identification:_identify(src/Universal_Robots_ROS2_GZ_Simulation) by extension 'python_setup_py'
[2.061s] Level 1:colcon.colcon_core.package_identification:_identify(src/Universal_Robots_ROS2_GZ_Simulation/ur_simulation_gz) by extensions ['ignore', 'ignore_ament_install']
[2.061s] Level 1:colcon.colcon_core.package_identification:_identify(src/Universal_Robots_ROS2_GZ_Simulation/ur_simulation_gz) by extension 'ignore'
[2.061s] Level 1:colcon.colcon_core.package_identification:_identify(src/Universal_Robots_ROS2_GZ_Simulation/ur_simulation_gz) by extension 'ignore_ament_install'
[2.061s] Level 1:colcon.colcon_core.package_identification:_identify(src/Universal_Robots_ROS2_GZ_Simulation/ur_simulation_gz) by extensions ['colcon_pkg']
[2.062s] Level 1:colcon.colcon_core.package_identification:_identify(src/Universal_Robots_ROS2_GZ_Simulation/ur_simulation_gz) by extension 'colcon_pkg'
[2.062s] Level 1:colcon.colcon_core.package_identification:_identify(src/Universal_Robots_ROS2_GZ_Simulation/ur_simulation_gz) by extensions ['colcon_meta']
[2.062s] Level 1:colcon.colcon_core.package_identification:_identify(src/Universal_Robots_ROS2_GZ_Simulation/ur_simulation_gz) by extension 'colcon_meta'
[2.062s] Level 1:colcon.colcon_core.package_identification:_identify(src/Universal_Robots_ROS2_GZ_Simulation/ur_simulation_gz) by extensions ['ros']
[2.062s] Level 1:colcon.colcon_core.package_identification:_identify(src/Universal_Robots_ROS2_GZ_Simulation/ur_simulation_gz) by extension 'ros'
[2.069s] DEBUG:colcon.colcon_core.package_identification:Package 'src/Universal_Robots_ROS2_GZ_Simulation/ur_simulation_gz' with type 'ros.ament_cmake' and name 'ur_simulation_gz'
[2.069s] Level 1:colcon.colcon_core.package_identification:_identify(src/gz_ros2_control) by extensions ['ignore', 'ignore_ament_install']
[2.069s] Level 1:colcon.colcon_core.package_identification:_identify(src/gz_ros2_control) by extension 'ignore'
[2.070s] Level 1:colcon.colcon_core.package_identification:_identify(src/gz_ros2_control) by extension 'ignore_ament_install'
[2.070s] Level 1:colcon.colcon_core.package_identification:_identify(src/gz_ros2_control) by extensions ['colcon_pkg']
[2.070s] Level 1:colcon.colcon_core.package_identification:_identify(src/gz_ros2_control) by extension 'colcon_pkg'
[2.070s] Level 1:colcon.colcon_core.package_identification:_identify(src/gz_ros2_control) by extensions ['colcon_meta']
[2.070s] Level 1:colcon.colcon_core.package_identification:_identify(src/gz_ros2_control) by extension 'colcon_meta'
[2.070s] Level 1:colcon.colcon_core.package_identification:_identify(src/gz_ros2_control) by extensions ['ros']
[2.070s] Level 1:colcon.colcon_core.package_identification:_identify(src/gz_ros2_control) by extension 'ros'
[2.071s] Level 1:colcon.colcon_core.package_identification:_identify(src/gz_ros2_control) by extensions ['cmake', 'python']
[2.071s] Level 1:colcon.colcon_core.package_identification:_identify(src/gz_ros2_control) by extension 'cmake'
[2.071s] Level 1:colcon.colcon_core.package_identification:_identify(src/gz_ros2_control) by extension 'python'
[2.071s] Level 1:colcon.colcon_core.package_identification:_identify(src/gz_ros2_control) by extensions ['python_setup_py']
[2.071s] Level 1:colcon.colcon_core.package_identification:_identify(src/gz_ros2_control) by extension 'python_setup_py'
[2.071s] Level 1:colcon.colcon_core.package_identification:_identify(src/gz_ros2_control/Dockerfile) by extensions ['ignore', 'ignore_ament_install']
[2.071s] Level 1:colcon.colcon_core.package_identification:_identify(src/gz_ros2_control/Dockerfile) by extension 'ignore'
[2.072s] Level 1:colcon.colcon_core.package_identification:_identify(src/gz_ros2_control/Dockerfile) by extension 'ignore_ament_install'
[2.072s] Level 1:colcon.colcon_core.package_identification:_identify(src/gz_ros2_control/Dockerfile) by extensions ['colcon_pkg']
[2.072s] Level 1:colcon.colcon_core.package_identification:_identify(src/gz_ros2_control/Dockerfile) by extension 'colcon_pkg'
[2.072s] Level 1:colcon.colcon_core.package_identification:_identify(src/gz_ros2_control/Dockerfile) by extensions ['colcon_meta']
[2.072s] Level 1:colcon.colcon_core.package_identification:_identify(src/gz_ros2_control/Dockerfile) by extension 'colcon_meta'
[2.072s] Level 1:colcon.colcon_core.package_identification:_identify(src/gz_ros2_control/Dockerfile) by extensions ['ros']
[2.072s] Level 1:colcon.colcon_core.package_identification:_identify(src/gz_ros2_control/Dockerfile) by extension 'ros'
[2.073s] Level 1:colcon.colcon_core.package_identification:_identify(src/gz_ros2_control/Dockerfile) by extensions ['cmake', 'python']
[2.073s] Level 1:colcon.colcon_core.package_identification:_identify(src/gz_ros2_control/Dockerfile) by extension 'cmake'
[2.073s] Level 1:colcon.colcon_core.package_identification:_identify(src/gz_ros2_control/Dockerfile) by extension 'python'
[2.073s] Level 1:colcon.colcon_core.package_identification:_identify(src/gz_ros2_control/Dockerfile) by extensions ['python_setup_py']
[2.073s] Level 1:colcon.colcon_core.package_identification:_identify(src/gz_ros2_control/Dockerfile) by extension 'python_setup_py'
[2.073s] Level 1:colcon.colcon_core.package_identification:_identify(src/gz_ros2_control/doc) by extensions ['ignore', 'ignore_ament_install']
[2.073s] Level 1:colcon.colcon_core.package_identification:_identify(src/gz_ros2_control/doc) by extension 'ignore'
[2.074s] Level 1:colcon.colcon_core.package_identification:_identify(src/gz_ros2_control/doc) by extension 'ignore_ament_install'
[2.074s] Level 1:colcon.colcon_core.package_identification:_identify(src/gz_ros2_control/doc) by extensions ['colcon_pkg']
[2.074s] Level 1:colcon.colcon_core.package_identification:_identify(src/gz_ros2_control/doc) by extension 'colcon_pkg'
[2.074s] Level 1:colcon.colcon_core.package_identification:_identify(src/gz_ros2_control/doc) by extensions ['colcon_meta']
[2.074s] Level 1:colcon.colcon_core.package_identification:_identify(src/gz_ros2_control/doc) by extension 'colcon_meta'
[2.074s] Level 1:colcon.colcon_core.package_identification:_identify(src/gz_ros2_control/doc) by extensions ['ros']
[2.074s] Level 1:colcon.colcon_core.package_identification:_identify(src/gz_ros2_control/doc) by extension 'ros'
[2.074s] Level 1:colcon.colcon_core.package_identification:_identify(src/gz_ros2_control/doc) by extensions ['cmake', 'python']
[2.074s] Level 1:colcon.colcon_core.package_identification:_identify(src/gz_ros2_control/doc) by extension 'cmake'
[2.075s] Level 1:colcon.colcon_core.package_identification:_identify(src/gz_ros2_control/doc) by extension 'python'
[2.075s] Level 1:colcon.colcon_core.package_identification:_identify(src/gz_ros2_control/doc) by extensions ['python_setup_py']
[2.075s] Level 1:colcon.colcon_core.package_identification:_identify(src/gz_ros2_control/doc) by extension 'python_setup_py'
[2.075s] Level 1:colcon.colcon_core.package_identification:_identify(src/gz_ros2_control/doc/img) by extensions ['ignore', 'ignore_ament_install']
[2.075s] Level 1:colcon.colcon_core.package_identification:_identify(src/gz_ros2_control/doc/img) by extension 'ignore'
[2.075s] Level 1:colcon.colcon_core.package_identification:_identify(src/gz_ros2_control/doc/img) by extension 'ignore_ament_install'
[2.075s] Level 1:colcon.colcon_core.package_identification:_identify(src/gz_ros2_control/doc/img) by extensions ['colcon_pkg']
[2.075s] Level 1:colcon.colcon_core.package_identification:_identify(src/gz_ros2_control/doc/img) by extension 'colcon_pkg'
[2.076s] Level 1:colcon.colcon_core.package_identification:_identify(src/gz_ros2_control/doc/img) by extensions ['colcon_meta']
[2.076s] Level 1:colcon.colcon_core.package_identification:_identify(src/gz_ros2_control/doc/img) by extension 'colcon_meta'
[2.076s] Level 1:colcon.colcon_core.package_identification:_identify(src/gz_ros2_control/doc/img) by extensions ['ros']
[2.076s] Level 1:colcon.colcon_core.package_identification:_identify(src/gz_ros2_control/doc/img) by extension 'ros'
[2.076s] Level 1:colcon.colcon_core.package_identification:_identify(src/gz_ros2_control/doc/img) by extensions ['cmake', 'python']
[2.076s] Level 1:colcon.colcon_core.package_identification:_identify(src/gz_ros2_control/doc/img) by extension 'cmake'
[2.076s] Level 1:colcon.colcon_core.package_identification:_identify(src/gz_ros2_control/doc/img) by extension 'python'
[2.076s] Level 1:colcon.colcon_core.package_identification:_identify(src/gz_ros2_control/doc/img) by extensions ['python_setup_py']
[2.076s] Level 1:colcon.colcon_core.package_identification:_identify(src/gz_ros2_control/doc/img) by extension 'python_setup_py'
[2.077s] Level 1:colcon.colcon_core.package_identification:_identify(src/gz_ros2_control/gz_ros2_control) by extensions ['ignore', 'ignore_ament_install']
[2.077s] Level 1:colcon.colcon_core.package_identification:_identify(src/gz_ros2_control/gz_ros2_control) by extension 'ignore'
[2.077s] Level 1:colcon.colcon_core.package_identification:_identify(src/gz_ros2_control/gz_ros2_control) by extension 'ignore_ament_install'
[2.077s] Level 1:colcon.colcon_core.package_identification:_identify(src/gz_ros2_control/gz_ros2_control) by extensions ['colcon_pkg']
[2.077s] Level 1:colcon.colcon_core.package_identification:_identify(src/gz_ros2_control/gz_ros2_control) by extension 'colcon_pkg'
[2.077s] Level 1:colcon.colcon_core.package_identification:_identify(src/gz_ros2_control/gz_ros2_control) by extensions ['colcon_meta']
[2.077s] Level 1:colcon.colcon_core.package_identification:_identify(src/gz_ros2_control/gz_ros2_control) by extension 'colcon_meta'
[2.077s] Level 1:colcon.colcon_core.package_identification:_identify(src/gz_ros2_control/gz_ros2_control) by extensions ['ros']
[2.078s] Level 1:colcon.colcon_core.package_identification:_identify(src/gz_ros2_control/gz_ros2_control) by extension 'ros'
[2.082s] DEBUG:colcon.colcon_core.package_identification:Package 'src/gz_ros2_control/gz_ros2_control' with type 'ros.ament_cmake' and name 'gz_ros2_control'
[2.083s] Level 1:colcon.colcon_core.package_identification:_identify(src/gz_ros2_control/gz_ros2_control_demos) by extensions ['ignore', 'ignore_ament_install']
[2.083s] Level 1:colcon.colcon_core.package_identification:_identify(src/gz_ros2_control/gz_ros2_control_demos) by extension 'ignore'
[2.083s] Level 1:colcon.colcon_core.package_identification:_identify(src/gz_ros2_control/gz_ros2_control_demos) by extension 'ignore_ament_install'
[2.084s] Level 1:colcon.colcon_core.package_identification:_identify(src/gz_ros2_control/gz_ros2_control_demos) by extensions ['colcon_pkg']
[2.084s] Level 1:colcon.colcon_core.package_identification:_identify(src/gz_ros2_control/gz_ros2_control_demos) by extension 'colcon_pkg'
[2.084s] Level 1:colcon.colcon_core.package_identification:_identify(src/gz_ros2_control/gz_ros2_control_demos) by extensions ['colcon_meta']
[2.084s] Level 1:colcon.colcon_core.package_identification:_identify(src/gz_ros2_control/gz_ros2_control_demos) by extension 'colcon_meta'
[2.084s] Level 1:colcon.colcon_core.package_identification:_identify(src/gz_ros2_control/gz_ros2_control_demos) by extensions ['ros']
[2.084s] Level 1:colcon.colcon_core.package_identification:_identify(src/gz_ros2_control/gz_ros2_control_demos) by extension 'ros'
[2.088s] DEBUG:colcon.colcon_core.package_identification:Package 'src/gz_ros2_control/gz_ros2_control_demos' with type 'ros.ament_cmake' and name 'gz_ros2_control_demos'
[2.089s] Level 1:colcon.colcon_core.package_identification:_identify(src/gz_ros2_control/gz_ros2_control_tests) by extensions ['ignore', 'ignore_ament_install']
[2.089s] Level 1:colcon.colcon_core.package_identification:_identify(src/gz_ros2_control/gz_ros2_control_tests) by extension 'ignore'
[2.089s] Level 1:colcon.colcon_core.package_identification:_identify(src/gz_ros2_control/gz_ros2_control_tests) by extension 'ignore_ament_install'
[2.089s] Level 1:colcon.colcon_core.package_identification:_identify(src/gz_ros2_control/gz_ros2_control_tests) by extensions ['colcon_pkg']
[2.090s] Level 1:colcon.colcon_core.package_identification:_identify(src/gz_ros2_control/gz_ros2_control_tests) by extension 'colcon_pkg'
[2.090s] Level 1:colcon.colcon_core.package_identification:_identify(src/gz_ros2_control/gz_ros2_control_tests) by extensions ['colcon_meta']
[2.090s] Level 1:colcon.colcon_core.package_identification:_identify(src/gz_ros2_control/gz_ros2_control_tests) by extension 'colcon_meta'
[2.090s] Level 1:colcon.colcon_core.package_identification:_identify(src/gz_ros2_control/gz_ros2_control_tests) by extensions ['ros']
[2.090s] Level 1:colcon.colcon_core.package_identification:_identify(src/gz_ros2_control/gz_ros2_control_tests) by extension 'ros'
[2.093s] DEBUG:colcon.colcon_core.package_identification:Package 'src/gz_ros2_control/gz_ros2_control_tests' with type 'ros.ament_cmake' and name 'gz_ros2_control_tests'
[2.093s] Level 1:colcon.colcon_core.package_identification:_identify(src/move_program) by extensions ['ignore', 'ignore_ament_install']
[2.094s] Level 1:colcon.colcon_core.package_identification:_identify(src/move_program) by extension 'ignore'
[2.094s] Level 1:colcon.colcon_core.package_identification:_identify(src/move_program) by extension 'ignore_ament_install'
[2.094s] Level 1:colcon.colcon_core.package_identification:_identify(src/move_program) by extensions ['colcon_pkg']
[2.094s] Level 1:colcon.colcon_core.package_identification:_identify(src/move_program) by extension 'colcon_pkg'
[2.095s] Level 1:colcon.colcon_core.package_identification:_identify(src/move_program) by extensions ['colcon_meta']
[2.095s] Level 1:colcon.colcon_core.package_identification:_identify(src/move_program) by extension 'colcon_meta'
[2.095s] Level 1:colcon.colcon_core.package_identification:_identify(src/move_program) by extensions ['ros']
[2.095s] Level 1:colcon.colcon_core.package_identification:_identify(src/move_program) by extension 'ros'
[2.102s] DEBUG:colcon.colcon_core.package_identification:Package 'src/move_program' with type 'ros.ament_cmake' and name 'move_program'
[2.103s] Level 1:colcon.colcon_core.package_identification:_identify(src/moveit2) by extensions ['ignore', 'ignore_ament_install']
[2.103s] Level 1:colcon.colcon_core.package_identification:_identify(src/moveit2) by extension 'ignore'
[2.103s] Level 1:colcon.colcon_core.package_identification:_identify(src/moveit2) by extension 'ignore_ament_install'
[2.104s] Level 1:colcon.colcon_core.package_identification:_identify(src/moveit2) by extensions ['colcon_pkg']
[2.104s] Level 1:colcon.colcon_core.package_identification:_identify(src/moveit2) by extension 'colcon_pkg'
[2.104s] Level 1:colcon.colcon_core.package_identification:_identify(src/moveit2) by extensions ['colcon_meta']
[2.104s] Level 1:colcon.colcon_core.package_identification:_identify(src/moveit2) by extension 'colcon_meta'
[2.104s] Level 1:colcon.colcon_core.package_identification:_identify(src/moveit2) by extensions ['ros']
[2.104s] Level 1:colcon.colcon_core.package_identification:_identify(src/moveit2) by extension 'ros'
[2.104s] Level 1:colcon.colcon_core.package_identification:_identify(src/moveit2) by extensions ['cmake', 'python']
[2.105s] Level 1:colcon.colcon_core.package_identification:_identify(src/moveit2) by extension 'cmake'
[2.105s] Level 1:colcon.colcon_core.package_identification:_identify(src/moveit2) by extension 'python'
[2.105s] Level 1:colcon.colcon_core.package_identification:_identify(src/moveit2) by extensions ['python_setup_py']
[2.105s] Level 1:colcon.colcon_core.package_identification:_identify(src/moveit2) by extension 'python_setup_py'
[2.105s] Level 1:colcon.colcon_core.package_identification:_identify(src/moveit2/doc) by extensions ['ignore', 'ignore_ament_install']
[2.106s] Level 1:colcon.colcon_core.package_identification:_identify(src/moveit2/doc) by extension 'ignore'
[2.106s] Level 1:colcon.colcon_core.package_identification:_identify(src/moveit2/doc) by extension 'ignore_ament_install'
[2.106s] Level 1:colcon.colcon_core.package_identification:_identify(src/moveit2/doc) by extensions ['colcon_pkg']
[2.106s] Level 1:colcon.colcon_core.package_identification:_identify(src/moveit2/doc) by extension 'colcon_pkg'
[2.107s] Level 1:colcon.colcon_core.package_identification:_identify(src/moveit2/doc) by extensions ['colcon_meta']
[2.107s] Level 1:colcon.colcon_core.package_identification:_identify(src/moveit2/doc) by extension 'colcon_meta'
[2.107s] Level 1:colcon.colcon_core.package_identification:_identify(src/moveit2/doc) by extensions ['ros']
[2.107s] Level 1:colcon.colcon_core.package_identification:_identify(src/moveit2/doc) by extension 'ros'
[2.107s] Level 1:colcon.colcon_core.package_identification:_identify(src/moveit2/doc) by extensions ['cmake', 'python']
[2.107s] Level 1:colcon.colcon_core.package_identification:_identify(src/moveit2/doc) by extension 'cmake'
[2.108s] Level 1:colcon.colcon_core.package_identification:_identify(src/moveit2/doc) by extension 'python'
[2.108s] Level 1:colcon.colcon_core.package_identification:_identify(src/moveit2/doc) by extensions ['python_setup_py']
[2.108s] Level 1:colcon.colcon_core.package_identification:_identify(src/moveit2/doc) by extension 'python_setup_py'
[2.108s] Level 1:colcon.colcon_core.package_identification:_identify(src/moveit2/moveit) by extensions ['ignore', 'ignore_ament_install']
[2.108s] Level 1:colcon.colcon_core.package_identification:_identify(src/moveit2/moveit) by extension 'ignore'
[2.109s] Level 1:colcon.colcon_core.package_identification:_identify(src/moveit2/moveit) by extension 'ignore_ament_install'
[2.109s] Level 1:colcon.colcon_core.package_identification:_identify(src/moveit2/moveit) by extensions ['colcon_pkg']
[2.109s] Level 1:colcon.colcon_core.package_identification:_identify(src/moveit2/moveit) by extension 'colcon_pkg'
[2.109s] Level 1:colcon.colcon_core.package_identification:_identify(src/moveit2/moveit) by extensions ['colcon_meta']
[2.109s] Level 1:colcon.colcon_core.package_identification:_identify(src/moveit2/moveit) by extension 'colcon_meta'
[2.110s] Level 1:colcon.colcon_core.package_identification:_identify(src/moveit2/moveit) by extensions ['ros']
[2.110s] Level 1:colcon.colcon_core.package_identification:_identify(src/moveit2/moveit) by extension 'ros'
[2.112s] DEBUG:colcon.colcon_core.package_identification:Package 'src/moveit2/moveit' with type 'ros.ament_cmake' and name 'moveit'
[2.113s] Level 1:colcon.colcon_core.package_identification:_identify(src/moveit2/moveit_common) by extensions ['ignore', 'ignore_ament_install']
[2.113s] Level 1:colcon.colcon_core.package_identification:_identify(src/moveit2/moveit_common) by extension 'ignore'
[2.113s] Level 1:colcon.colcon_core.package_identification:_identify(src/moveit2/moveit_common) by extension 'ignore_ament_install'
[2.114s] Level 1:colcon.colcon_core.package_identification:_identify(src/moveit2/moveit_common) by extensions ['colcon_pkg']
[2.114s] Level 1:colcon.colcon_core.package_identification:_identify(src/moveit2/moveit_common) by extension 'colcon_pkg'
[2.114s] Level 1:colcon.colcon_core.package_identification:_identify(src/moveit2/moveit_common) by extensions ['colcon_meta']
[2.114s] Level 1:colcon.colcon_core.package_identification:_identify(src/moveit2/moveit_common) by extension 'colcon_meta'
[2.114s] Level 1:colcon.colcon_core.package_identification:_identify(src/moveit2/moveit_common) by extensions ['ros']
[2.114s] Level 1:colcon.colcon_core.package_identification:_identify(src/moveit2/moveit_common) by extension 'ros'
[2.117s] DEBUG:colcon.colcon_core.package_identification:Package 'src/moveit2/moveit_common' with type 'ros.ament_cmake' and name 'moveit_common'
[2.118s] Level 1:colcon.colcon_core.package_identification:_identify(src/moveit2/moveit_configs_utils) by extensions ['ignore', 'ignore_ament_install']
[2.118s] Level 1:colcon.colcon_core.package_identification:_identify(src/moveit2/moveit_configs_utils) by extension 'ignore'
[2.119s] Level 1:colcon.colcon_core.package_identification:_identify(src/moveit2/moveit_configs_utils) by extension 'ignore_ament_install'
[2.119s] Level 1:colcon.colcon_core.package_identification:_identify(src/moveit2/moveit_configs_utils) by extensions ['colcon_pkg']
[2.120s] Level 1:colcon.colcon_core.package_identification:_identify(src/moveit2/moveit_configs_utils) by extension 'colcon_pkg'
[2.120s] Level 1:colcon.colcon_core.package_identification:_identify(src/moveit2/moveit_configs_utils) by extensions ['colcon_meta']
[2.120s] Level 1:colcon.colcon_core.package_identification:_identify(src/moveit2/moveit_configs_utils) by extension 'colcon_meta'
[2.121s] Level 1:colcon.colcon_core.package_identification:_identify(src/moveit2/moveit_configs_utils) by extensions ['ros']
[2.121s] Level 1:colcon.colcon_core.package_identification:_identify(src/moveit2/moveit_configs_utils) by extension 'ros'
[2.123s] DEBUG:colcon.colcon_core.package_identification:Package 'src/moveit2/moveit_configs_utils' with type 'ros.ament_python' and name 'moveit_configs_utils'
[2.123s] Level 1:colcon.colcon_core.package_identification:_identify(src/moveit2/moveit_core) by extensions ['ignore', 'ignore_ament_install']
[2.124s] Level 1:colcon.colcon_core.package_identification:_identify(src/moveit2/moveit_core) by extension 'ignore'
[2.124s] Level 1:colcon.colcon_core.package_identification:_identify(src/moveit2/moveit_core) by extension 'ignore_ament_install'
[2.124s] Level 1:colcon.colcon_core.package_identification:_identify(src/moveit2/moveit_core) by extensions ['colcon_pkg']
[2.124s] Level 1:colcon.colcon_core.package_identification:_identify(src/moveit2/moveit_core) by extension 'colcon_pkg'
[2.125s] Level 1:colcon.colcon_core.package_identification:_identify(src/moveit2/moveit_core) by extensions ['colcon_meta']
[2.125s] Level 1:colcon.colcon_core.package_identification:_identify(src/moveit2/moveit_core) by extension 'colcon_meta'
[2.125s] Level 1:colcon.colcon_core.package_identification:_identify(src/moveit2/moveit_core) by extensions ['ros']
[2.125s] Level 1:colcon.colcon_core.package_identification:_identify(src/moveit2/moveit_core) by extension 'ros'
[2.145s] DEBUG:colcon.colcon_core.package_identification:Package 'src/moveit2/moveit_core' with type 'ros.ament_cmake' and name 'moveit_core'
[2.150s] Level 1:colcon.colcon_core.package_identification:_identify(src/moveit2/moveit_kinematics) by extensions ['ignore', 'ignore_ament_install']
[2.151s] Level 1:colcon.colcon_core.package_identification:_identify(src/moveit2/moveit_kinematics) by extension 'ignore'
[2.151s] Level 1:colcon.colcon_core.package_identification:_identify(src/moveit2/moveit_kinematics) by extension 'ignore_ament_install'
[2.151s] Level 1:colcon.colcon_core.package_identification:_identify(src/moveit2/moveit_kinematics) by extensions ['colcon_pkg']
[2.151s] Level 1:colcon.colcon_core.package_identification:_identify(src/moveit2/moveit_kinematics) by extension 'colcon_pkg'
[2.151s] Level 1:colcon.colcon_core.package_identification:_identify(src/moveit2/moveit_kinematics) by extensions ['colcon_meta']
[2.151s] Level 1:colcon.colcon_core.package_identification:_identify(src/moveit2/moveit_kinematics) by extension 'colcon_meta'
[2.152s] Level 1:colcon.colcon_core.package_identification:_identify(src/moveit2/moveit_kinematics) by extensions ['ros']
[2.152s] Level 1:colcon.colcon_core.package_identification:_identify(src/moveit2/moveit_kinematics) by extension 'ros'
[2.158s] DEBUG:colcon.colcon_core.package_identification:Package 'src/moveit2/moveit_kinematics' with type 'ros.ament_cmake' and name 'moveit_kinematics'
[2.159s] Level 1:colcon.colcon_core.package_identification:_identify(src/moveit2/moveit_planners) by extensions ['ignore', 'ignore_ament_install']
[2.159s] Level 1:colcon.colcon_core.package_identification:_identify(src/moveit2/moveit_planners) by extension 'ignore'
[2.159s] Level 1:colcon.colcon_core.package_identification:_identify(src/moveit2/moveit_planners) by extension 'ignore_ament_install'
[2.160s] Level 1:colcon.colcon_core.package_identification:_identify(src/moveit2/moveit_planners) by extensions ['colcon_pkg']
[2.160s] Level 1:colcon.colcon_core.package_identification:_identify(src/moveit2/moveit_planners) by extension 'colcon_pkg'
[2.160s] Level 1:colcon.colcon_core.package_identification:_identify(src/moveit2/moveit_planners) by extensions ['colcon_meta']
[2.160s] Level 1:colcon.colcon_core.package_identification:_identify(src/moveit2/moveit_planners) by extension 'colcon_meta'
[2.160s] Level 1:colcon.colcon_core.package_identification:_identify(src/moveit2/moveit_planners) by extensions ['ros']
[2.160s] Level 1:colcon.colcon_core.package_identification:_identify(src/moveit2/moveit_planners) by extension 'ros'
[2.161s] Level 1:colcon.colcon_core.package_identification:_identify(src/moveit2/moveit_planners) by extensions ['cmake', 'python']
[2.161s] Level 1:colcon.colcon_core.package_identification:_identify(src/moveit2/moveit_planners) by extension 'cmake'
[2.161s] Level 1:colcon.colcon_core.package_identification:_identify(src/moveit2/moveit_planners) by extension 'python'
[2.161s] Level 1:colcon.colcon_core.package_identification:_identify(src/moveit2/moveit_planners) by extensions ['python_setup_py']
[2.161s] Level 1:colcon.colcon_core.package_identification:_identify(src/moveit2/moveit_planners) by extension 'python_setup_py'
[2.162s] Level 1:colcon.colcon_core.package_identification:_identify(src/moveit2/moveit_planners/chomp) by extensions ['ignore', 'ignore_ament_install']
[2.162s] Level 1:colcon.colcon_core.package_identification:_identify(src/moveit2/moveit_planners/chomp) by extension 'ignore'
[2.163s] Level 1:colcon.colcon_core.package_identification:_identify(src/moveit2/moveit_planners/chomp) by extension 'ignore_ament_install'
[2.163s] Level 1:colcon.colcon_core.package_identification:_identify(src/moveit2/moveit_planners/chomp) by extensions ['colcon_pkg']
[2.163s] Level 1:colcon.colcon_core.package_identification:_identify(src/moveit2/moveit_planners/chomp) by extension 'colcon_pkg'
[2.163s] Level 1:colcon.colcon_core.package_identification:_identify(src/moveit2/moveit_planners/chomp) by extensions ['colcon_meta']
[2.163s] Level 1:colcon.colcon_core.package_identification:_identify(src/moveit2/moveit_planners/chomp) by extension 'colcon_meta'
[2.163s] Level 1:colcon.colcon_core.package_identification:_identify(src/moveit2/moveit_planners/chomp) by extensions ['ros']
[2.164s] Level 1:colcon.colcon_core.package_identification:_identify(src/moveit2/moveit_planners/chomp) by extension 'ros'
[2.164s] Level 1:colcon.colcon_core.package_identification:_identify(src/moveit2/moveit_planners/chomp) by extensions ['cmake', 'python']
[2.164s] Level 1:colcon.colcon_core.package_identification:_identify(src/moveit2/moveit_planners/chomp) by extension 'cmake'
[2.164s] Level 1:colcon.colcon_core.package_identification:_identify(src/moveit2/moveit_planners/chomp) by extension 'python'
[2.164s] Level 1:colcon.colcon_core.package_identification:_identify(src/moveit2/moveit_planners/chomp) by extensions ['python_setup_py']
[2.165s] Level 1:colcon.colcon_core.package_identification:_identify(src/moveit2/moveit_planners/chomp) by extension 'python_setup_py'
[2.165s] Level 1:colcon.colcon_core.package_identification:_identify(src/moveit2/moveit_planners/chomp/chomp_interface) by extensions ['ignore', 'ignore_ament_install']
[2.165s] Level 1:colcon.colcon_core.package_identification:_identify(src/moveit2/moveit_planners/chomp/chomp_interface) by extension 'ignore'
[2.166s] Level 1:colcon.colcon_core.package_identification:_identify(src/moveit2/moveit_planners/chomp/chomp_interface) by extension 'ignore_ament_install'
[2.166s] Level 1:colcon.colcon_core.package_identification:_identify(src/moveit2/moveit_planners/chomp/chomp_interface) by extensions ['colcon_pkg']
[2.166s] Level 1:colcon.colcon_core.package_identification:_identify(src/moveit2/moveit_planners/chomp/chomp_interface) by extension 'colcon_pkg'
[2.166s] Level 1:colcon.colcon_core.package_identification:_identify(src/moveit2/moveit_planners/chomp/chomp_interface) by extensions ['colcon_meta']
[2.166s] Level 1:colcon.colcon_core.package_identification:_identify(src/moveit2/moveit_planners/chomp/chomp_interface) by extension 'colcon_meta'
[2.167s] Level 1:colcon.colcon_core.package_identification:_identify(src/moveit2/moveit_planners/chomp/chomp_interface) by extensions ['ros']
[2.167s] Level 1:colcon.colcon_core.package_identification:_identify(src/moveit2/moveit_planners/chomp/chomp_interface) by extension 'ros'
[2.170s] DEBUG:colcon.colcon_core.package_identification:Package 'src/moveit2/moveit_planners/chomp/chomp_interface' with type 'ros.ament_cmake' and name 'moveit_planners_chomp'
[2.171s] Level 1:colcon.colcon_core.package_identification:_identify(src/moveit2/moveit_planners/chomp/chomp_motion_planner) by extensions ['ignore', 'ignore_ament_install']
[2.171s] Level 1:colcon.colcon_core.package_identification:_identify(src/moveit2/moveit_planners/chomp/chomp_motion_planner) by extension 'ignore'
[2.171s] Level 1:colcon.colcon_core.package_identification:_identify(src/moveit2/moveit_planners/chomp/chomp_motion_planner) by extension 'ignore_ament_install'
[2.172s] Level 1:colcon.colcon_core.package_identification:_identify(src/moveit2/moveit_planners/chomp/chomp_motion_planner) by extensions ['colcon_pkg']
[2.172s] Level 1:colcon.colcon_core.package_identification:_identify(src/moveit2/moveit_planners/chomp/chomp_motion_planner) by extension 'colcon_pkg'
[2.172s] Level 1:colcon.colcon_core.package_identification:_identify(src/moveit2/moveit_planners/chomp/chomp_motion_planner) by extensions ['colcon_meta']
[2.172s] Level 1:colcon.colcon_core.package_identification:_identify(src/moveit2/moveit_planners/chomp/chomp_motion_planner) by extension 'colcon_meta'
[2.172s] Level 1:colcon.colcon_core.package_identification:_identify(src/moveit2/moveit_planners/chomp/chomp_motion_planner) by extensions ['ros']
[2.173s] Level 1:colcon.colcon_core.package_identification:_identify(src/moveit2/moveit_planners/chomp/chomp_motion_planner) by extension 'ros'
[2.178s] DEBUG:colcon.colcon_core.package_identification:Package 'src/moveit2/moveit_planners/chomp/chomp_motion_planner' with type 'ros.ament_cmake' and name 'chomp_motion_planner'
[2.178s] Level 1:colcon.colcon_core.package_identification:_identify(src/moveit2/moveit_planners/moveit_planners) by extensions ['ignore', 'ignore_ament_install']
[2.179s] Level 1:colcon.colcon_core.package_identification:_identify(src/moveit2/moveit_planners/moveit_planners) by extension 'ignore'
[2.179s] Level 1:colcon.colcon_core.package_identification:_identify(src/moveit2/moveit_planners/moveit_planners) by extension 'ignore_ament_install'
[2.180s] Level 1:colcon.colcon_core.package_identification:_identify(src/moveit2/moveit_planners/moveit_planners) by extensions ['colcon_pkg']
[2.180s] Level 1:colcon.colcon_core.package_identification:_identify(src/moveit2/moveit_planners/moveit_planners) by extension 'colcon_pkg'
[2.180s] Level 1:colcon.colcon_core.package_identification:_identify(src/moveit2/moveit_planners/moveit_planners) by extensions ['colcon_meta']
[2.180s] Level 1:colcon.colcon_core.package_identification:_identify(src/moveit2/moveit_planners/moveit_planners) by extension 'colcon_meta'
[2.180s] Level 1:colcon.colcon_core.package_identification:_identify(src/moveit2/moveit_planners/moveit_planners) by extensions ['ros']
[2.180s] Level 1:colcon.colcon_core.package_identification:_identify(src/moveit2/moveit_planners/moveit_planners) by extension 'ros'
[2.183s] DEBUG:colcon.colcon_core.package_identification:Package 'src/moveit2/moveit_planners/moveit_planners' with type 'ros.ament_cmake' and name 'moveit_planners'
[2.184s] Level 1:colcon.colcon_core.package_identification:_identify(src/moveit2/moveit_planners/ompl) by extensions ['ignore', 'ignore_ament_install']
[2.185s] Level 1:colcon.colcon_core.package_identification:_identify(src/moveit2/moveit_planners/ompl) by extension 'ignore'
[2.185s] Level 1:colcon.colcon_core.package_identification:_identify(src/moveit2/moveit_planners/ompl) by extension 'ignore_ament_install'
[2.186s] Level 1:colcon.colcon_core.package_identification:_identify(src/moveit2/moveit_planners/ompl) by extensions ['colcon_pkg']
[2.186s] Level 1:colcon.colcon_core.package_identification:_identify(src/moveit2/moveit_planners/ompl) by extension 'colcon_pkg'
[2.186s] Level 1:colcon.colcon_core.package_identification:_identify(src/moveit2/moveit_planners/ompl) by extensions ['colcon_meta']
[2.186s] Level 1:colcon.colcon_core.package_identification:_identify(src/moveit2/moveit_planners/ompl) by extension 'colcon_meta'
[2.187s] Level 1:colcon.colcon_core.package_identification:_identify(src/moveit2/moveit_planners/ompl) by extensions ['ros']
[2.187s] Level 1:colcon.colcon_core.package_identification:_identify(src/moveit2/moveit_planners/ompl) by extension 'ros'
[2.194s] DEBUG:colcon.colcon_core.package_identification:Package 'src/moveit2/moveit_planners/ompl' with type 'ros.ament_cmake' and name 'moveit_planners_ompl'
[2.196s] Level 1:colcon.colcon_core.package_identification:_identify(src/moveit2/moveit_planners/pilz_industrial_motion_planner) by extensions ['ignore', 'ignore_ament_install']
[2.197s] Level 1:colcon.colcon_core.package_identification:_identify(src/moveit2/moveit_planners/pilz_industrial_motion_planner) by extension 'ignore'
[2.197s] Level 1:colcon.colcon_core.package_identification:_identify(src/moveit2/moveit_planners/pilz_industrial_motion_planner) by extension 'ignore_ament_install'
[2.197s] Level 1:colcon.colcon_core.package_identification:_identify(src/moveit2/moveit_planners/pilz_industrial_motion_planner) by extensions ['colcon_pkg']
[2.198s] Level 1:colcon.colcon_core.package_identification:_identify(src/moveit2/moveit_planners/pilz_industrial_motion_planner) by extension 'colcon_pkg'
[2.198s] Level 1:colcon.colcon_core.package_identification:_identify(src/moveit2/moveit_planners/pilz_industrial_motion_planner) by extensions ['colcon_meta']
[2.198s] Level 1:colcon.colcon_core.package_identification:_identify(src/moveit2/moveit_planners/pilz_industrial_motion_planner) by extension 'colcon_meta'
[2.198s] Level 1:colcon.colcon_core.package_identification:_identify(src/moveit2/moveit_planners/pilz_industrial_motion_planner) by extensions ['ros']
[2.198s] Level 1:colcon.colcon_core.package_identification:_identify(src/moveit2/moveit_planners/pilz_industrial_motion_planner) by extension 'ros'
[2.214s] DEBUG:colcon.colcon_core.package_identification:Package 'src/moveit2/moveit_planners/pilz_industrial_motion_planner' with type 'ros.ament_cmake' and name 'pilz_industrial_motion_planner'
[2.215s] Level 1:colcon.colcon_core.package_identification:_identify(src/moveit2/moveit_planners/pilz_industrial_motion_planner_testutils) by extensions ['ignore', 'ignore_ament_install']
[2.215s] Level 1:colcon.colcon_core.package_identification:_identify(src/moveit2/moveit_planners/pilz_industrial_motion_planner_testutils) by extension 'ignore'
[2.216s] Level 1:colcon.colcon_core.package_identification:_identify(src/moveit2/moveit_planners/pilz_industrial_motion_planner_testutils) by extension 'ignore_ament_install'
[2.216s] Level 1:colcon.colcon_core.package_identification:_identify(src/moveit2/moveit_planners/pilz_industrial_motion_planner_testutils) by extensions ['colcon_pkg']
[2.216s] Level 1:colcon.colcon_core.package_identification:_identify(src/moveit2/moveit_planners/pilz_industrial_motion_planner_testutils) by extension 'colcon_pkg'
[2.216s] Level 1:colcon.colcon_core.package_identification:_identify(src/moveit2/moveit_planners/pilz_industrial_motion_planner_testutils) by extensions ['colcon_meta']
[2.216s] Level 1:colcon.colcon_core.package_identification:_identify(src/moveit2/moveit_planners/pilz_industrial_motion_planner_testutils) by extension 'colcon_meta'
[2.217s] Level 1:colcon.colcon_core.package_identification:_identify(src/moveit2/moveit_planners/pilz_industrial_motion_planner_testutils) by extensions ['ros']
[2.217s] Level 1:colcon.colcon_core.package_identification:_identify(src/moveit2/moveit_planners/pilz_industrial_motion_planner_testutils) by extension 'ros'
[2.222s] DEBUG:colcon.colcon_core.package_identification:Package 'src/moveit2/moveit_planners/pilz_industrial_motion_planner_testutils' with type 'ros.ament_cmake' and name 'pilz_industrial_motion_planner_testutils'
[2.223s] Level 1:colcon.colcon_core.package_identification:_identify(src/moveit2/moveit_planners/stomp) by extensions ['ignore', 'ignore_ament_install']
[2.224s] Level 1:colcon.colcon_core.package_identification:_identify(src/moveit2/moveit_planners/stomp) by extension 'ignore'
[2.224s] Level 1:colcon.colcon_core.package_identification:_identify(src/moveit2/moveit_planners/stomp) by extension 'ignore_ament_install'
[2.225s] Level 1:colcon.colcon_core.package_identification:_identify(src/moveit2/moveit_planners/stomp) by extensions ['colcon_pkg']
[2.225s] Level 1:colcon.colcon_core.package_identification:_identify(src/moveit2/moveit_planners/stomp) by extension 'colcon_pkg'
[2.225s] Level 1:colcon.colcon_core.package_identification:_identify(src/moveit2/moveit_planners/stomp) by extensions ['colcon_meta']
[2.225s] Level 1:colcon.colcon_core.package_identification:_identify(src/moveit2/moveit_planners/stomp) by extension 'colcon_meta'
[2.225s] Level 1:colcon.colcon_core.package_identification:_identify(src/moveit2/moveit_planners/stomp) by extensions ['ros']
[2.226s] Level 1:colcon.colcon_core.package_identification:_identify(src/moveit2/moveit_planners/stomp) by extension 'ros'
[2.230s] DEBUG:colcon.colcon_core.package_identification:Package 'src/moveit2/moveit_planners/stomp' with type 'ros.ament_cmake' and name 'moveit_planners_stomp'
[2.230s] Level 1:colcon.colcon_core.package_identification:_identify(src/moveit2/moveit_planners/test_configs) by extensions ['ignore', 'ignore_ament_install']
[2.231s] Level 1:colcon.colcon_core.package_identification:_identify(src/moveit2/moveit_planners/test_configs) by extension 'ignore'
[2.231s] Level 1:colcon.colcon_core.package_identification:_identify(src/moveit2/moveit_planners/test_configs) by extension 'ignore_ament_install'
[2.231s] Level 1:colcon.colcon_core.package_identification:_identify(src/moveit2/moveit_planners/test_configs) by extensions ['colcon_pkg']
[2.231s] Level 1:colcon.colcon_core.package_identification:_identify(src/moveit2/moveit_planners/test_configs) by extension 'colcon_pkg'
[2.232s] Level 1:colcon.colcon_core.package_identification:_identify(src/moveit2/moveit_planners/test_configs) by extensions ['colcon_meta']
[2.232s] Level 1:colcon.colcon_core.package_identification:_identify(src/moveit2/moveit_planners/test_configs) by extension 'colcon_meta'
[2.232s] Level 1:colcon.colcon_core.package_identification:_identify(src/moveit2/moveit_planners/test_configs) by extensions ['ros']
[2.232s] Level 1:colcon.colcon_core.package_identification:_identify(src/moveit2/moveit_planners/test_configs) by extension 'ros'
[2.232s] Level 1:colcon.colcon_core.package_identification:_identify(src/moveit2/moveit_planners/test_configs) by extensions ['cmake', 'python']
[2.232s] Level 1:colcon.colcon_core.package_identification:_identify(src/moveit2/moveit_planners/test_configs) by extension 'cmake'
[2.232s] Level 1:colcon.colcon_core.package_identification:_identify(src/moveit2/moveit_planners/test_configs) by extension 'python'
[2.233s] Level 1:colcon.colcon_core.package_identification:_identify(src/moveit2/moveit_planners/test_configs) by extensions ['python_setup_py']
[2.233s] Level 1:colcon.colcon_core.package_identification:_identify(src/moveit2/moveit_planners/test_configs) by extension 'python_setup_py'
[2.233s] Level 1:colcon.colcon_core.package_identification:_identify(src/moveit2/moveit_planners/test_configs/prbt_ikfast_manipulator_plugin) by extensions ['ignore', 'ignore_ament_install']
[2.233s] Level 1:colcon.colcon_core.package_identification:_identify(src/moveit2/moveit_planners/test_configs/prbt_ikfast_manipulator_plugin) by extension 'ignore'
[2.234s] Level 1:colcon.colcon_core.package_identification:_identify(src/moveit2/moveit_planners/test_configs/prbt_ikfast_manipulator_plugin) by extension 'ignore_ament_install'
[2.234s] Level 1:colcon.colcon_core.package_identification:_identify(src/moveit2/moveit_planners/test_configs/prbt_ikfast_manipulator_plugin) by extensions ['colcon_pkg']
[2.234s] Level 1:colcon.colcon_core.package_identification:_identify(src/moveit2/moveit_planners/test_configs/prbt_ikfast_manipulator_plugin) by extension 'colcon_pkg'
[2.234s] Level 1:colcon.colcon_core.package_identification:_identify(src/moveit2/moveit_planners/test_configs/prbt_ikfast_manipulator_plugin) by extensions ['colcon_meta']
[2.234s] Level 1:colcon.colcon_core.package_identification:_identify(src/moveit2/moveit_planners/test_configs/prbt_ikfast_manipulator_plugin) by extension 'colcon_meta'
[2.234s] Level 1:colcon.colcon_core.package_identification:_identify(src/moveit2/moveit_planners/test_configs/prbt_ikfast_manipulator_plugin) by extensions ['ros']
[2.234s] Level 1:colcon.colcon_core.package_identification:_identify(src/moveit2/moveit_planners/test_configs/prbt_ikfast_manipulator_plugin) by extension 'ros'
[2.238s] DEBUG:colcon.colcon_core.package_identification:Package 'src/moveit2/moveit_planners/test_configs/prbt_ikfast_manipulator_plugin' with type 'ros.ament_cmake' and name 'moveit_resources_prbt_ikfast_manipulator_plugin'
[2.238s] Level 1:colcon.colcon_core.package_identification:_identify(src/moveit2/moveit_planners/test_configs/prbt_moveit_config) by extensions ['ignore', 'ignore_ament_install']
[2.239s] Level 1:colcon.colcon_core.package_identification:_identify(src/moveit2/moveit_planners/test_configs/prbt_moveit_config) by extension 'ignore'
[2.240s] Level 1:colcon.colcon_core.package_identification:_identify(src/moveit2/moveit_planners/test_configs/prbt_moveit_config) by extension 'ignore_ament_install'
[2.240s] Level 1:colcon.colcon_core.package_identification:_identify(src/moveit2/moveit_planners/test_configs/prbt_moveit_config) by extensions ['colcon_pkg']
[2.240s] Level 1:colcon.colcon_core.package_identification:_identify(src/moveit2/moveit_planners/test_configs/prbt_moveit_config) by extension 'colcon_pkg'
[2.240s] Level 1:colcon.colcon_core.package_identification:_identify(src/moveit2/moveit_planners/test_configs/prbt_moveit_config) by extensions ['colcon_meta']
[2.240s] Level 1:colcon.colcon_core.package_identification:_identify(src/moveit2/moveit_planners/test_configs/prbt_moveit_config) by extension 'colcon_meta'
[2.240s] Level 1:colcon.colcon_core.package_identification:_identify(src/moveit2/moveit_planners/test_configs/prbt_moveit_config) by extensions ['ros']
[2.240s] Level 1:colcon.colcon_core.package_identification:_identify(src/moveit2/moveit_planners/test_configs/prbt_moveit_config) by extension 'ros'
[2.243s] DEBUG:colcon.colcon_core.package_identification:Package 'src/moveit2/moveit_planners/test_configs/prbt_moveit_config' with type 'ros.ament_cmake' and name 'moveit_resources_prbt_moveit_config'
[2.243s] Level 1:colcon.colcon_core.package_identification:_identify(src/moveit2/moveit_planners/test_configs/prbt_pg70_support) by extensions ['ignore', 'ignore_ament_install']
[2.244s] Level 1:colcon.colcon_core.package_identification:_identify(src/moveit2/moveit_planners/test_configs/prbt_pg70_support) by extension 'ignore'
[2.244s] Level 1:colcon.colcon_core.package_identification:_identify(src/moveit2/moveit_planners/test_configs/prbt_pg70_support) by extension 'ignore_ament_install'
[2.244s] Level 1:colcon.colcon_core.package_identification:_identify(src/moveit2/moveit_planners/test_configs/prbt_pg70_support) by extensions ['colcon_pkg']
[2.244s] Level 1:colcon.colcon_core.package_identification:_identify(src/moveit2/moveit_planners/test_configs/prbt_pg70_support) by extension 'colcon_pkg'
[2.244s] Level 1:colcon.colcon_core.package_identification:_identify(src/moveit2/moveit_planners/test_configs/prbt_pg70_support) by extensions ['colcon_meta']
[2.245s] Level 1:colcon.colcon_core.package_identification:_identify(src/moveit2/moveit_planners/test_configs/prbt_pg70_support) by extension 'colcon_meta'
[2.245s] Level 1:colcon.colcon_core.package_identification:_identify(src/moveit2/moveit_planners/test_configs/prbt_pg70_support) by extensions ['ros']
[2.245s] Level 1:colcon.colcon_core.package_identification:_identify(src/moveit2/moveit_planners/test_configs/prbt_pg70_support) by extension 'ros'
[2.249s] DEBUG:colcon.colcon_core.package_identification:Package 'src/moveit2/moveit_planners/test_configs/prbt_pg70_support' with type 'ros.ament_cmake' and name 'moveit_resources_prbt_pg70_support'
[2.250s] Level 1:colcon.colcon_core.package_identification:_identify(src/moveit2/moveit_planners/test_configs/prbt_support) by extensions ['ignore', 'ignore_ament_install']
[2.250s] Level 1:colcon.colcon_core.package_identification:_identify(src/moveit2/moveit_planners/test_configs/prbt_support) by extension 'ignore'
[2.250s] Level 1:colcon.colcon_core.package_identification:_identify(src/moveit2/moveit_planners/test_configs/prbt_support) by extension 'ignore_ament_install'
[2.251s] Level 1:colcon.colcon_core.package_identification:_identify(src/moveit2/moveit_planners/test_configs/prbt_support) by extensions ['colcon_pkg']
[2.251s] Level 1:colcon.colcon_core.package_identification:_identify(src/moveit2/moveit_planners/test_configs/prbt_support) by extension 'colcon_pkg'
[2.251s] Level 1:colcon.colcon_core.package_identification:_identify(src/moveit2/moveit_planners/test_configs/prbt_support) by extensions ['colcon_meta']
[2.251s] Level 1:colcon.colcon_core.package_identification:_identify(src/moveit2/moveit_planners/test_configs/prbt_support) by extension 'colcon_meta'
[2.251s] Level 1:colcon.colcon_core.package_identification:_identify(src/moveit2/moveit_planners/test_configs/prbt_support) by extensions ['ros']
[2.251s] Level 1:colcon.colcon_core.package_identification:_identify(src/moveit2/moveit_planners/test_configs/prbt_support) by extension 'ros'
[2.258s] DEBUG:colcon.colcon_core.package_identification:Package 'src/moveit2/moveit_planners/test_configs/prbt_support' with type 'ros.ament_cmake' and name 'moveit_resources_prbt_support'
[2.259s] Level 1:colcon.colcon_core.package_identification:_identify(src/moveit2/moveit_plugins) by extensions ['ignore', 'ignore_ament_install']
[2.259s] Level 1:colcon.colcon_core.package_identification:_identify(src/moveit2/moveit_plugins) by extension 'ignore'
[2.259s] Level 1:colcon.colcon_core.package_identification:_identify(src/moveit2/moveit_plugins) by extension 'ignore_ament_install'
[2.260s] Level 1:colcon.colcon_core.package_identification:_identify(src/moveit2/moveit_plugins) by extensions ['colcon_pkg']
[2.260s] Level 1:colcon.colcon_core.package_identification:_identify(src/moveit2/moveit_plugins) by extension 'colcon_pkg'
[2.260s] Level 1:colcon.colcon_core.package_identification:_identify(src/moveit2/moveit_plugins) by extensions ['colcon_meta']
[2.260s] Level 1:colcon.colcon_core.package_identification:_identify(src/moveit2/moveit_plugins) by extension 'colcon_meta'
[2.260s] Level 1:colcon.colcon_core.package_identification:_identify(src/moveit2/moveit_plugins) by extensions ['ros']
[2.260s] Level 1:colcon.colcon_core.package_identification:_identify(src/moveit2/moveit_plugins) by extension 'ros'
[2.261s] Level 1:colcon.colcon_core.package_identification:_identify(src/moveit2/moveit_plugins) by extensions ['cmake', 'python']
[2.261s] Level 1:colcon.colcon_core.package_identification:_identify(src/moveit2/moveit_plugins) by extension 'cmake'
[2.261s] Level 1:colcon.colcon_core.package_identification:_identify(src/moveit2/moveit_plugins) by extension 'python'
[2.261s] Level 1:colcon.colcon_core.package_identification:_identify(src/moveit2/moveit_plugins) by extensions ['python_setup_py']
[2.261s] Level 1:colcon.colcon_core.package_identification:_identify(src/moveit2/moveit_plugins) by extension 'python_setup_py'
[2.262s] Level 1:colcon.colcon_core.package_identification:_identify(src/moveit2/moveit_plugins/moveit_plugins) by extensions ['ignore', 'ignore_ament_install']
[2.262s] Level 1:colcon.colcon_core.package_identification:_identify(src/moveit2/moveit_plugins/moveit_plugins) by extension 'ignore'
[2.262s] Level 1:colcon.colcon_core.package_identification:_identify(src/moveit2/moveit_plugins/moveit_plugins) by extension 'ignore_ament_install'
[2.263s] Level 1:colcon.colcon_core.package_identification:_identify(src/moveit2/moveit_plugins/moveit_plugins) by extensions ['colcon_pkg']
[2.263s] Level 1:colcon.colcon_core.package_identification:_identify(src/moveit2/moveit_plugins/moveit_plugins) by extension 'colcon_pkg'
[2.263s] Level 1:colcon.colcon_core.package_identification:_identify(src/moveit2/moveit_plugins/moveit_plugins) by extensions ['colcon_meta']
[2.263s] Level 1:colcon.colcon_core.package_identification:_identify(src/moveit2/moveit_plugins/moveit_plugins) by extension 'colcon_meta'
[2.263s] Level 1:colcon.colcon_core.package_identification:_identify(src/moveit2/moveit_plugins/moveit_plugins) by extensions ['ros']
[2.263s] Level 1:colcon.colcon_core.package_identification:_identify(src/moveit2/moveit_plugins/moveit_plugins) by extension 'ros'
[2.266s] DEBUG:colcon.colcon_core.package_identification:Package 'src/moveit2/moveit_plugins/moveit_plugins' with type 'ros.ament_cmake' and name 'moveit_plugins'
[2.266s] Level 1:colcon.colcon_core.package_identification:_identify(src/moveit2/moveit_plugins/moveit_ros_control_interface) by extensions ['ignore', 'ignore_ament_install']
[2.267s] Level 1:colcon.colcon_core.package_identification:_identify(src/moveit2/moveit_plugins/moveit_ros_control_interface) by extension 'ignore'
[2.267s] Level 1:colcon.colcon_core.package_identification:_identify(src/moveit2/moveit_plugins/moveit_ros_control_interface) by extension 'ignore_ament_install'
[2.267s] Level 1:colcon.colcon_core.package_identification:_identify(src/moveit2/moveit_plugins/moveit_ros_control_interface) by extensions ['colcon_pkg']
[2.267s] Level 1:colcon.colcon_core.package_identification:_identify(src/moveit2/moveit_plugins/moveit_ros_control_interface) by extension 'colcon_pkg'
[2.268s] Level 1:colcon.colcon_core.package_identification:_identify(src/moveit2/moveit_plugins/moveit_ros_control_interface) by extensions ['colcon_meta']
[2.268s] Level 1:colcon.colcon_core.package_identification:_identify(src/moveit2/moveit_plugins/moveit_ros_control_interface) by extension 'colcon_meta'
[2.268s] Level 1:colcon.colcon_core.package_identification:_identify(src/moveit2/moveit_plugins/moveit_ros_control_interface) by extensions ['ros']
[2.268s] Level 1:colcon.colcon_core.package_identification:_identify(src/moveit2/moveit_plugins/moveit_ros_control_interface) by extension 'ros'
[2.278s] DEBUG:colcon.colcon_core.package_identification:Package 'src/moveit2/moveit_plugins/moveit_ros_control_interface' with type 'ros.ament_cmake' and name 'moveit_ros_control_interface'
[2.278s] Level 1:colcon.colcon_core.package_identification:_identify(src/moveit2/moveit_plugins/moveit_simple_controller_manager) by extensions ['ignore', 'ignore_ament_install']
[2.279s] Level 1:colcon.colcon_core.package_identification:_identify(src/moveit2/moveit_plugins/moveit_simple_controller_manager) by extension 'ignore'
[2.279s] Level 1:colcon.colcon_core.package_identification:_identify(src/moveit2/moveit_plugins/moveit_simple_controller_manager) by extension 'ignore_ament_install'
[2.279s] Level 1:colcon.colcon_core.package_identification:_identify(src/moveit2/moveit_plugins/moveit_simple_controller_manager) by extensions ['colcon_pkg']
[2.279s] Level 1:colcon.colcon_core.package_identification:_identify(src/moveit2/moveit_plugins/moveit_simple_controller_manager) by extension 'colcon_pkg'
[2.280s] Level 1:colcon.colcon_core.package_identification:_identify(src/moveit2/moveit_plugins/moveit_simple_controller_manager) by extensions ['colcon_meta']
[2.280s] Level 1:colcon.colcon_core.package_identification:_identify(src/moveit2/moveit_plugins/moveit_simple_controller_manager) by extension 'colcon_meta'
[2.280s] Level 1:colcon.colcon_core.package_identification:_identify(src/moveit2/moveit_plugins/moveit_simple_controller_manager) by extensions ['ros']
[2.280s] Level 1:colcon.colcon_core.package_identification:_identify(src/moveit2/moveit_plugins/moveit_simple_controller_manager) by extension 'ros'
[2.285s] DEBUG:colcon.colcon_core.package_identification:Package 'src/moveit2/moveit_plugins/moveit_simple_controller_manager' with type 'ros.ament_cmake' and name 'moveit_simple_controller_manager'
[2.286s] Level 1:colcon.colcon_core.package_identification:_identify(src/moveit2/moveit_py) by extensions ['ignore', 'ignore_ament_install']
[2.286s] Level 1:colcon.colcon_core.package_identification:_identify(src/moveit2/moveit_py) by extension 'ignore'
[2.286s] Level 1:colcon.colcon_core.package_identification:_identify(src/moveit2/moveit_py) by extension 'ignore_ament_install'
[2.287s] Level 1:colcon.colcon_core.package_identification:_identify(src/moveit2/moveit_py) by extensions ['colcon_pkg']
[2.287s] Level 1:colcon.colcon_core.package_identification:_identify(src/moveit2/moveit_py) by extension 'colcon_pkg'
[2.287s] Level 1:colcon.colcon_core.package_identification:_identify(src/moveit2/moveit_py) by extensions ['colcon_meta']
[2.287s] Level 1:colcon.colcon_core.package_identification:_identify(src/moveit2/moveit_py) by extension 'colcon_meta'
[2.287s] Level 1:colcon.colcon_core.package_identification:_identify(src/moveit2/moveit_py) by extensions ['ros']
[2.288s] Level 1:colcon.colcon_core.package_identification:_identify(src/moveit2/moveit_py) by extension 'ros'
[2.303s] DEBUG:colcon.colcon_core.package_identification:Package 'src/moveit2/moveit_py' with type 'ros.ament_cmake' and name 'moveit_py'
[2.303s] Level 1:colcon.colcon_core.package_identification:_identify(src/moveit2/moveit_ros) by extensions ['ignore', 'ignore_ament_install']
[2.304s] Level 1:colcon.colcon_core.package_identification:_identify(src/moveit2/moveit_ros) by extension 'ignore'
[2.304s] Level 1:colcon.colcon_core.package_identification:_identify(src/moveit2/moveit_ros) by extension 'ignore_ament_install'
[2.304s] Level 1:colcon.colcon_core.package_identification:_identify(src/moveit2/moveit_ros) by extensions ['colcon_pkg']
[2.304s] Level 1:colcon.colcon_core.package_identification:_identify(src/moveit2/moveit_ros) by extension 'colcon_pkg'
[2.305s] Level 1:colcon.colcon_core.package_identification:_identify(src/moveit2/moveit_ros) by extensions ['colcon_meta']
[2.305s] Level 1:colcon.colcon_core.package_identification:_identify(src/moveit2/moveit_ros) by extension 'colcon_meta'
[2.305s] Level 1:colcon.colcon_core.package_identification:_identify(src/moveit2/moveit_ros) by extensions ['ros']
[2.305s] Level 1:colcon.colcon_core.package_identification:_identify(src/moveit2/moveit_ros) by extension 'ros'
[2.305s] Level 1:colcon.colcon_core.package_identification:_identify(src/moveit2/moveit_ros) by extensions ['cmake', 'python']
[2.305s] Level 1:colcon.colcon_core.package_identification:_identify(src/moveit2/moveit_ros) by extension 'cmake'
[2.306s] Level 1:colcon.colcon_core.package_identification:_identify(src/moveit2/moveit_ros) by extension 'python'
[2.306s] Level 1:colcon.colcon_core.package_identification:_identify(src/moveit2/moveit_ros) by extensions ['python_setup_py']
[2.306s] Level 1:colcon.colcon_core.package_identification:_identify(src/moveit2/moveit_ros) by extension 'python_setup_py'
[2.306s] Level 1:colcon.colcon_core.package_identification:_identify(src/moveit2/moveit_ros/benchmarks) by extensions ['ignore', 'ignore_ament_install']
[2.307s] Level 1:colcon.colcon_core.package_identification:_identify(src/moveit2/moveit_ros/benchmarks) by extension 'ignore'
[2.307s] Level 1:colcon.colcon_core.package_identification:_identify(src/moveit2/moveit_ros/benchmarks) by extension 'ignore_ament_install'
[2.307s] Level 1:colcon.colcon_core.package_identification:_identify(src/moveit2/moveit_ros/benchmarks) by extensions ['colcon_pkg']
[2.308s] Level 1:colcon.colcon_core.package_identification:_identify(src/moveit2/moveit_ros/benchmarks) by extension 'colcon_pkg'
[2.308s] Level 1:colcon.colcon_core.package_identification:_identify(src/moveit2/moveit_ros/benchmarks) by extensions ['colcon_meta']
[2.308s] Level 1:colcon.colcon_core.package_identification:_identify(src/moveit2/moveit_ros/benchmarks) by extension 'colcon_meta'
[2.308s] Level 1:colcon.colcon_core.package_identification:_identify(src/moveit2/moveit_ros/benchmarks) by extensions ['ros']
[2.308s] Level 1:colcon.colcon_core.package_identification:_identify(src/moveit2/moveit_ros/benchmarks) by extension 'ros'
[2.315s] DEBUG:colcon.colcon_core.package_identification:Package 'src/moveit2/moveit_ros/benchmarks' with type 'ros.ament_cmake' and name 'moveit_ros_benchmarks'
[2.315s] Level 1:colcon.colcon_core.package_identification:_identify(src/moveit2/moveit_ros/hybrid_planning) by extensions ['ignore', 'ignore_ament_install']
[2.316s] Level 1:colcon.colcon_core.package_identification:_identify(src/moveit2/moveit_ros/hybrid_planning) by extension 'ignore'
[2.316s] Level 1:colcon.colcon_core.package_identification:_identify(src/moveit2/moveit_ros/hybrid_planning) by extension 'ignore_ament_install'
[2.316s] Level 1:colcon.colcon_core.package_identification:_identify(src/moveit2/moveit_ros/hybrid_planning) by extensions ['colcon_pkg']
[2.317s] Level 1:colcon.colcon_core.package_identification:_identify(src/moveit2/moveit_ros/hybrid_planning) by extension 'colcon_pkg'
[2.317s] Level 1:colcon.colcon_core.package_identification:_identify(src/moveit2/moveit_ros/hybrid_planning) by extensions ['colcon_meta']
[2.317s] Level 1:colcon.colcon_core.package_identification:_identify(src/moveit2/moveit_ros/hybrid_planning) by extension 'colcon_meta'
[2.317s] Level 1:colcon.colcon_core.package_identification:_identify(src/moveit2/moveit_ros/hybrid_planning) by extensions ['ros']
[2.317s] Level 1:colcon.colcon_core.package_identification:_identify(src/moveit2/moveit_ros/hybrid_planning) by extension 'ros'
[2.325s] DEBUG:colcon.colcon_core.package_identification:Package 'src/moveit2/moveit_ros/hybrid_planning' with type 'ros.ament_cmake' and name 'moveit_hybrid_planning'
[2.325s] Level 1:colcon.colcon_core.package_identification:_identify(src/moveit2/moveit_ros/move_group) by extensions ['ignore', 'ignore_ament_install']
[2.326s] Level 1:colcon.colcon_core.package_identification:_identify(src/moveit2/moveit_ros/move_group) by extension 'ignore'
[2.326s] Level 1:colcon.colcon_core.package_identification:_identify(src/moveit2/moveit_ros/move_group) by extension 'ignore_ament_install'
[2.326s] Level 1:colcon.colcon_core.package_identification:_identify(src/moveit2/moveit_ros/move_group) by extensions ['colcon_pkg']
[2.326s] Level 1:colcon.colcon_core.package_identification:_identify(src/moveit2/moveit_ros/move_group) by extension 'colcon_pkg'
[2.327s] Level 1:colcon.colcon_core.package_identification:_identify(src/moveit2/moveit_ros/move_group) by extensions ['colcon_meta']
[2.327s] Level 1:colcon.colcon_core.package_identification:_identify(src/moveit2/moveit_ros/move_group) by extension 'colcon_meta'
[2.327s] Level 1:colcon.colcon_core.package_identification:_identify(src/moveit2/moveit_ros/move_group) by extensions ['ros']
[2.327s] Level 1:colcon.colcon_core.package_identification:_identify(src/moveit2/moveit_ros/move_group) by extension 'ros'
[2.334s] DEBUG:colcon.colcon_core.package_identification:Package 'src/moveit2/moveit_ros/move_group' with type 'ros.ament_cmake' and name 'moveit_ros_move_group'
[2.334s] Level 1:colcon.colcon_core.package_identification:_identify(src/moveit2/moveit_ros/moveit_ros) by extensions ['ignore', 'ignore_ament_install']
[2.334s] Level 1:colcon.colcon_core.package_identification:_identify(src/moveit2/moveit_ros/moveit_ros) by extension 'ignore'
[2.335s] Level 1:colcon.colcon_core.package_identification:_identify(src/moveit2/moveit_ros/moveit_ros) by extension 'ignore_ament_install'
[2.335s] Level 1:colcon.colcon_core.package_identification:_identify(src/moveit2/moveit_ros/moveit_ros) by extensions ['colcon_pkg']
[2.335s] Level 1:colcon.colcon_core.package_identification:_identify(src/moveit2/moveit_ros/moveit_ros) by extension 'colcon_pkg'
[2.335s] Level 1:colcon.colcon_core.package_identification:_identify(src/moveit2/moveit_ros/moveit_ros) by extensions ['colcon_meta']
[2.336s] Level 1:colcon.colcon_core.package_identification:_identify(src/moveit2/moveit_ros/moveit_ros) by extension 'colcon_meta'
[2.336s] Level 1:colcon.colcon_core.package_identification:_identify(src/moveit2/moveit_ros/moveit_ros) by extensions ['ros']
[2.336s] Level 1:colcon.colcon_core.package_identification:_identify(src/moveit2/moveit_ros/moveit_ros) by extension 'ros'
[2.339s] DEBUG:colcon.colcon_core.package_identification:Package 'src/moveit2/moveit_ros/moveit_ros' with type 'ros.ament_cmake' and name 'moveit_ros'
[2.340s] Level 1:colcon.colcon_core.package_identification:_identify(src/moveit2/moveit_ros/moveit_servo) by extensions ['ignore', 'ignore_ament_install']
[2.340s] Level 1:colcon.colcon_core.package_identification:_identify(src/moveit2/moveit_ros/moveit_servo) by extension 'ignore'
[2.340s] Level 1:colcon.colcon_core.package_identification:_identify(src/moveit2/moveit_ros/moveit_servo) by extension 'ignore_ament_install'
[2.341s] Level 1:colcon.colcon_core.package_identification:_identify(src/moveit2/moveit_ros/moveit_servo) by extensions ['colcon_pkg']
[2.341s] Level 1:colcon.colcon_core.package_identification:_identify(src/moveit2/moveit_ros/moveit_servo) by extension 'colcon_pkg'
[2.341s] Level 1:colcon.colcon_core.package_identification:_identify(src/moveit2/moveit_ros/moveit_servo) by extensions ['colcon_meta']
[2.341s] Level 1:colcon.colcon_core.package_identification:_identify(src/moveit2/moveit_ros/moveit_servo) by extension 'colcon_meta'
[2.341s] Level 1:colcon.colcon_core.package_identification:_identify(src/moveit2/moveit_ros/moveit_servo) by extensions ['ros']
[2.342s] Level 1:colcon.colcon_core.package_identification:_identify(src/moveit2/moveit_ros/moveit_servo) by extension 'ros'
[2.349s] DEBUG:colcon.colcon_core.package_identification:Package 'src/moveit2/moveit_ros/moveit_servo' with type 'ros.ament_cmake' and name 'moveit_servo'
[2.350s] Level 1:colcon.colcon_core.package_identification:_identify(src/moveit2/moveit_ros/occupancy_map_monitor) by extensions ['ignore', 'ignore_ament_install']
[2.350s] Level 1:colcon.colcon_core.package_identification:_identify(src/moveit2/moveit_ros/occupancy_map_monitor) by extension 'ignore'
[2.351s] Level 1:colcon.colcon_core.package_identification:_identify(src/moveit2/moveit_ros/occupancy_map_monitor) by extension 'ignore_ament_install'
[2.351s] Level 1:colcon.colcon_core.package_identification:_identify(src/moveit2/moveit_ros/occupancy_map_monitor) by extensions ['colcon_pkg']
[2.351s] Level 1:colcon.colcon_core.package_identification:_identify(src/moveit2/moveit_ros/occupancy_map_monitor) by extension 'colcon_pkg'
[2.351s] Level 1:colcon.colcon_core.package_identification:_identify(src/moveit2/moveit_ros/occupancy_map_monitor) by extensions ['colcon_meta']
[2.351s] Level 1:colcon.colcon_core.package_identification:_identify(src/moveit2/moveit_ros/occupancy_map_monitor) by extension 'colcon_meta'
[2.352s] Level 1:colcon.colcon_core.package_identification:_identify(src/moveit2/moveit_ros/occupancy_map_monitor) by extensions ['ros']
[2.352s] Level 1:colcon.colcon_core.package_identification:_identify(src/moveit2/moveit_ros/occupancy_map_monitor) by extension 'ros'
[2.357s] DEBUG:colcon.colcon_core.package_identification:Package 'src/moveit2/moveit_ros/occupancy_map_monitor' with type 'ros.ament_cmake' and name 'moveit_ros_occupancy_map_monitor'
[2.357s] Level 1:colcon.colcon_core.package_identification:_identify(src/moveit2/moveit_ros/perception) by extensions ['ignore', 'ignore_ament_install']
[2.358s] Level 1:colcon.colcon_core.package_identification:_identify(src/moveit2/moveit_ros/perception) by extension 'ignore'
[2.358s] Level 1:colcon.colcon_core.package_identification:_identify(src/moveit2/moveit_ros/perception) by extension 'ignore_ament_install'
[2.358s] Level 1:colcon.colcon_core.package_identification:_identify(src/moveit2/moveit_ros/perception) by extensions ['colcon_pkg']
[2.359s] Level 1:colcon.colcon_core.package_identification:_identify(src/moveit2/moveit_ros/perception) by extension 'colcon_pkg'
[2.359s] Level 1:colcon.colcon_core.package_identification:_identify(src/moveit2/moveit_ros/perception) by extensions ['colcon_meta']
[2.359s] Level 1:colcon.colcon_core.package_identification:_identify(src/moveit2/moveit_ros/perception) by extension 'colcon_meta'
[2.359s] Level 1:colcon.colcon_core.package_identification:_identify(src/moveit2/moveit_ros/perception) by extensions ['ros']
[2.359s] Level 1:colcon.colcon_core.package_identification:_identify(src/moveit2/moveit_ros/perception) by extension 'ros'
[2.368s] DEBUG:colcon.colcon_core.package_identification:Package 'src/moveit2/moveit_ros/perception' with type 'ros.ament_cmake' and name 'moveit_ros_perception'
[2.369s] Level 1:colcon.colcon_core.package_identification:_identify(src/moveit2/moveit_ros/planning) by extensions ['ignore', 'ignore_ament_install']
[2.369s] Level 1:colcon.colcon_core.package_identification:_identify(src/moveit2/moveit_ros/planning) by extension 'ignore'
[2.370s] Level 1:colcon.colcon_core.package_identification:_identify(src/moveit2/moveit_ros/planning) by extension 'ignore_ament_install'
[2.370s] Level 1:colcon.colcon_core.package_identification:_identify(src/moveit2/moveit_ros/planning) by extensions ['colcon_pkg']
[2.370s] Level 1:colcon.colcon_core.package_identification:_identify(src/moveit2/moveit_ros/planning) by extension 'colcon_pkg'
[2.370s] Level 1:colcon.colcon_core.package_identification:_identify(src/moveit2/moveit_ros/planning) by extensions ['colcon_meta']
[2.370s] Level 1:colcon.colcon_core.package_identification:_identify(src/moveit2/moveit_ros/planning) by extension 'colcon_meta'
[2.371s] Level 1:colcon.colcon_core.package_identification:_identify(src/moveit2/moveit_ros/planning) by extensions ['ros']
[2.371s] Level 1:colcon.colcon_core.package_identification:_identify(src/moveit2/moveit_ros/planning) by extension 'ros'
[2.389s] DEBUG:colcon.colcon_core.package_identification:Package 'src/moveit2/moveit_ros/planning' with type 'ros.ament_cmake' and name 'moveit_ros_planning'
[2.390s] Level 1:colcon.colcon_core.package_identification:_identify(src/moveit2/moveit_ros/planning_interface) by extensions ['ignore', 'ignore_ament_install']
[2.390s] Level 1:colcon.colcon_core.package_identification:_identify(src/moveit2/moveit_ros/planning_interface) by extension 'ignore'
[2.390s] Level 1:colcon.colcon_core.package_identification:_identify(src/moveit2/moveit_ros/planning_interface) by extension 'ignore_ament_install'
[2.390s] Level 1:colcon.colcon_core.package_identification:_identify(src/moveit2/moveit_ros/planning_interface) by extensions ['colcon_pkg']
[2.391s] Level 1:colcon.colcon_core.package_identification:_identify(src/moveit2/moveit_ros/planning_interface) by extension 'colcon_pkg'
[2.391s] Level 1:colcon.colcon_core.package_identification:_identify(src/moveit2/moveit_ros/planning_interface) by extensions ['colcon_meta']
[2.391s] Level 1:colcon.colcon_core.package_identification:_identify(src/moveit2/moveit_ros/planning_interface) by extension 'colcon_meta'
[2.391s] Level 1:colcon.colcon_core.package_identification:_identify(src/moveit2/moveit_ros/planning_interface) by extensions ['ros']
[2.391s] Level 1:colcon.colcon_core.package_identification:_identify(src/moveit2/moveit_ros/planning_interface) by extension 'ros'
[2.398s] DEBUG:colcon.colcon_core.package_identification:Package 'src/moveit2/moveit_ros/planning_interface' with type 'ros.ament_cmake' and name 'moveit_ros_planning_interface'
[2.399s] Level 1:colcon.colcon_core.package_identification:_identify(src/moveit2/moveit_ros/robot_interaction) by extensions ['ignore', 'ignore_ament_install']
[2.399s] Level 1:colcon.colcon_core.package_identification:_identify(src/moveit2/moveit_ros/robot_interaction) by extension 'ignore'
[2.400s] Level 1:colcon.colcon_core.package_identification:_identify(src/moveit2/moveit_ros/robot_interaction) by extension 'ignore_ament_install'
[2.400s] Level 1:colcon.colcon_core.package_identification:_identify(src/moveit2/moveit_ros/robot_interaction) by extensions ['colcon_pkg']
[2.400s] Level 1:colcon.colcon_core.package_identification:_identify(src/moveit2/moveit_ros/robot_interaction) by extension 'colcon_pkg'
[2.400s] Level 1:colcon.colcon_core.package_identification:_identify(src/moveit2/moveit_ros/robot_interaction) by extensions ['colcon_meta']
[2.400s] Level 1:colcon.colcon_core.package_identification:_identify(src/moveit2/moveit_ros/robot_interaction) by extension 'colcon_meta'
[2.400s] Level 1:colcon.colcon_core.package_identification:_identify(src/moveit2/moveit_ros/robot_interaction) by extensions ['ros']
[2.400s] Level 1:colcon.colcon_core.package_identification:_identify(src/moveit2/moveit_ros/robot_interaction) by extension 'ros'
[2.406s] DEBUG:colcon.colcon_core.package_identification:Package 'src/moveit2/moveit_ros/robot_interaction' with type 'ros.ament_cmake' and name 'moveit_ros_robot_interaction'
[2.407s] Level 1:colcon.colcon_core.package_identification:_identify(src/moveit2/moveit_ros/tests) by extensions ['ignore', 'ignore_ament_install']
[2.407s] Level 1:colcon.colcon_core.package_identification:_identify(src/moveit2/moveit_ros/tests) by extension 'ignore'
[2.407s] Level 1:colcon.colcon_core.package_identification:_identify(src/moveit2/moveit_ros/tests) by extension 'ignore_ament_install'
[2.408s] Level 1:colcon.colcon_core.package_identification:_identify(src/moveit2/moveit_ros/tests) by extensions ['colcon_pkg']
[2.408s] Level 1:colcon.colcon_core.package_identification:_identify(src/moveit2/moveit_ros/tests) by extension 'colcon_pkg'
[2.408s] Level 1:colcon.colcon_core.package_identification:_identify(src/moveit2/moveit_ros/tests) by extensions ['colcon_meta']
[2.408s] Level 1:colcon.colcon_core.package_identification:_identify(src/moveit2/moveit_ros/tests) by extension 'colcon_meta'
[2.408s] Level 1:colcon.colcon_core.package_identification:_identify(src/moveit2/moveit_ros/tests) by extensions ['ros']
[2.409s] Level 1:colcon.colcon_core.package_identification:_identify(src/moveit2/moveit_ros/tests) by extension 'ros'
[2.412s] DEBUG:colcon.colcon_core.package_identification:Package 'src/moveit2/moveit_ros/tests' with type 'ros.ament_cmake' and name 'moveit_ros_tests'
[2.413s] Level 1:colcon.colcon_core.package_identification:_identify(src/moveit2/moveit_ros/trajectory_cache) by extensions ['ignore', 'ignore_ament_install']
[2.414s] Level 1:colcon.colcon_core.package_identification:_identify(src/moveit2/moveit_ros/trajectory_cache) by extension 'ignore'
[2.414s] Level 1:colcon.colcon_core.package_identification:_identify(src/moveit2/moveit_ros/trajectory_cache) by extension 'ignore_ament_install'
[2.415s] Level 1:colcon.colcon_core.package_identification:_identify(src/moveit2/moveit_ros/trajectory_cache) by extensions ['colcon_pkg']
[2.415s] Level 1:colcon.colcon_core.package_identification:_identify(src/moveit2/moveit_ros/trajectory_cache) by extension 'colcon_pkg'
[2.415s] Level 1:colcon.colcon_core.package_identification:_identify(src/moveit2/moveit_ros/trajectory_cache) by extensions ['colcon_meta']
[2.415s] Level 1:colcon.colcon_core.package_identification:_identify(src/moveit2/moveit_ros/trajectory_cache) by extension 'colcon_meta'
[2.416s] Level 1:colcon.colcon_core.package_identification:_identify(src/moveit2/moveit_ros/trajectory_cache) by extensions ['ros']
[2.416s] Level 1:colcon.colcon_core.package_identification:_identify(src/moveit2/moveit_ros/trajectory_cache) by extension 'ros'
[2.420s] DEBUG:colcon.colcon_core.package_identification:Package 'src/moveit2/moveit_ros/trajectory_cache' with type 'ros.ament_cmake' and name 'moveit_ros_trajectory_cache'
[2.421s] Level 1:colcon.colcon_core.package_identification:_identify(src/moveit2/moveit_ros/visualization) by extensions ['ignore', 'ignore_ament_install']
[2.421s] Level 1:colcon.colcon_core.package_identification:_identify(src/moveit2/moveit_ros/visualization) by extension 'ignore'
[2.422s] Level 1:colcon.colcon_core.package_identification:_identify(src/moveit2/moveit_ros/visualization) by extension 'ignore_ament_install'
[2.422s] Level 1:colcon.colcon_core.package_identification:_identify(src/moveit2/moveit_ros/visualization) by extensions ['colcon_pkg']
[2.422s] Level 1:colcon.colcon_core.package_identification:_identify(src/moveit2/moveit_ros/visualization) by extension 'colcon_pkg'
[2.423s] Level 1:colcon.colcon_core.package_identification:_identify(src/moveit2/moveit_ros/visualization) by extensions ['colcon_meta']
[2.423s] Level 1:colcon.colcon_core.package_identification:_identify(src/moveit2/moveit_ros/visualization) by extension 'colcon_meta'
[2.423s] Level 1:colcon.colcon_core.package_identification:_identify(src/moveit2/moveit_ros/visualization) by extensions ['ros']
[2.423s] Level 1:colcon.colcon_core.package_identification:_identify(src/moveit2/moveit_ros/visualization) by extension 'ros'
[2.433s] DEBUG:colcon.colcon_core.package_identification:Package 'src/moveit2/moveit_ros/visualization' with type 'ros.ament_cmake' and name 'moveit_ros_visualization'
[2.434s] Level 1:colcon.colcon_core.package_identification:_identify(src/moveit2/moveit_ros/warehouse) by extensions ['ignore', 'ignore_ament_install']
[2.434s] Level 1:colcon.colcon_core.package_identification:_identify(src/moveit2/moveit_ros/warehouse) by extension 'ignore'
[2.435s] Level 1:colcon.colcon_core.package_identification:_identify(src/moveit2/moveit_ros/warehouse) by extension 'ignore_ament_install'
[2.435s] Level 1:colcon.colcon_core.package_identification:_identify(src/moveit2/moveit_ros/warehouse) by extensions ['colcon_pkg']
[2.435s] Level 1:colcon.colcon_core.package_identification:_identify(src/moveit2/moveit_ros/warehouse) by extension 'colcon_pkg'
[2.436s] Level 1:colcon.colcon_core.package_identification:_identify(src/moveit2/moveit_ros/warehouse) by extensions ['colcon_meta']
[2.436s] Level 1:colcon.colcon_core.package_identification:_identify(src/moveit2/moveit_ros/warehouse) by extension 'colcon_meta'
[2.436s] Level 1:colcon.colcon_core.package_identification:_identify(src/moveit2/moveit_ros/warehouse) by extensions ['ros']
[2.436s] Level 1:colcon.colcon_core.package_identification:_identify(src/moveit2/moveit_ros/warehouse) by extension 'ros'
[2.442s] DEBUG:colcon.colcon_core.package_identification:Package 'src/moveit2/moveit_ros/warehouse' with type 'ros.ament_cmake' and name 'moveit_ros_warehouse'
[2.443s] Level 1:colcon.colcon_core.package_identification:_identify(src/moveit2/moveit_runtime) by extensions ['ignore', 'ignore_ament_install']
[2.444s] Level 1:colcon.colcon_core.package_identification:_identify(src/moveit2/moveit_runtime) by extension 'ignore'
[2.444s] Level 1:colcon.colcon_core.package_identification:_identify(src/moveit2/moveit_runtime) by extension 'ignore_ament_install'
[2.445s] Level 1:colcon.colcon_core.package_identification:_identify(src/moveit2/moveit_runtime) by extensions ['colcon_pkg']
[2.445s] Level 1:colcon.colcon_core.package_identification:_identify(src/moveit2/moveit_runtime) by extension 'colcon_pkg'
[2.445s] Level 1:colcon.colcon_core.package_identification:_identify(src/moveit2/moveit_runtime) by extensions ['colcon_meta']
[2.445s] Level 1:colcon.colcon_core.package_identification:_identify(src/moveit2/moveit_runtime) by extension 'colcon_meta'
[2.445s] Level 1:colcon.colcon_core.package_identification:_identify(src/moveit2/moveit_runtime) by extensions ['ros']
[2.445s] Level 1:colcon.colcon_core.package_identification:_identify(src/moveit2/moveit_runtime) by extension 'ros'
[2.448s] DEBUG:colcon.colcon_core.package_identification:Package 'src/moveit2/moveit_runtime' with type 'ros.ament_cmake' and name 'moveit_runtime'
[2.448s] Level 1:colcon.colcon_core.package_identification:_identify(src/moveit2/moveit_setup_assistant) by extensions ['ignore', 'ignore_ament_install']
[2.449s] Level 1:colcon.colcon_core.package_identification:_identify(src/moveit2/moveit_setup_assistant) by extension 'ignore'
[2.449s] Level 1:colcon.colcon_core.package_identification:_identify(src/moveit2/moveit_setup_assistant) by extension 'ignore_ament_install'
[2.449s] Level 1:colcon.colcon_core.package_identification:_identify(src/moveit2/moveit_setup_assistant) by extensions ['colcon_pkg']
[2.450s] Level 1:colcon.colcon_core.package_identification:_identify(src/moveit2/moveit_setup_assistant) by extension 'colcon_pkg'
[2.450s] Level 1:colcon.colcon_core.package_identification:_identify(src/moveit2/moveit_setup_assistant) by extensions ['colcon_meta']
[2.450s] Level 1:colcon.colcon_core.package_identification:_identify(src/moveit2/moveit_setup_assistant) by extension 'colcon_meta'
[2.450s] Level 1:colcon.colcon_core.package_identification:_identify(src/moveit2/moveit_setup_assistant) by extensions ['ros']
[2.450s] Level 1:colcon.colcon_core.package_identification:_identify(src/moveit2/moveit_setup_assistant) by extension 'ros'
[2.450s] Level 1:colcon.colcon_core.package_identification:_identify(src/moveit2/moveit_setup_assistant) by extensions ['cmake', 'python']
[2.450s] Level 1:colcon.colcon_core.package_identification:_identify(src/moveit2/moveit_setup_assistant) by extension 'cmake'
[2.451s] Level 1:colcon.colcon_core.package_identification:_identify(src/moveit2/moveit_setup_assistant) by extension 'python'
[2.451s] Level 1:colcon.colcon_core.package_identification:_identify(src/moveit2/moveit_setup_assistant) by extensions ['python_setup_py']
[2.451s] Level 1:colcon.colcon_core.package_identification:_identify(src/moveit2/moveit_setup_assistant) by extension 'python_setup_py'
[2.451s] Level 1:colcon.colcon_core.package_identification:_identify(src/moveit2/moveit_setup_assistant/graphics) by extensions ['ignore', 'ignore_ament_install']
[2.452s] Level 1:colcon.colcon_core.package_identification:_identify(src/moveit2/moveit_setup_assistant/graphics) by extension 'ignore'
[2.452s] Level 1:colcon.colcon_core.package_identification:_identify(src/moveit2/moveit_setup_assistant/graphics) by extension 'ignore_ament_install'
[2.452s] Level 1:colcon.colcon_core.package_identification:_identify(src/moveit2/moveit_setup_assistant/graphics) by extensions ['colcon_pkg']
[2.452s] Level 1:colcon.colcon_core.package_identification:_identify(src/moveit2/moveit_setup_assistant/graphics) by extension 'colcon_pkg'
[2.452s] Level 1:colcon.colcon_core.package_identification:_identify(src/moveit2/moveit_setup_assistant/graphics) by extensions ['colcon_meta']
[2.453s] Level 1:colcon.colcon_core.package_identification:_identify(src/moveit2/moveit_setup_assistant/graphics) by extension 'colcon_meta'
[2.453s] Level 1:colcon.colcon_core.package_identification:_identify(src/moveit2/moveit_setup_assistant/graphics) by extensions ['ros']
[2.453s] Level 1:colcon.colcon_core.package_identification:_identify(src/moveit2/moveit_setup_assistant/graphics) by extension 'ros'
[2.453s] Level 1:colcon.colcon_core.package_identification:_identify(src/moveit2/moveit_setup_assistant/graphics) by extensions ['cmake', 'python']
[2.453s] Level 1:colcon.colcon_core.package_identification:_identify(src/moveit2/moveit_setup_assistant/graphics) by extension 'cmake'
[2.453s] Level 1:colcon.colcon_core.package_identification:_identify(src/moveit2/moveit_setup_assistant/graphics) by extension 'python'
[2.453s] Level 1:colcon.colcon_core.package_identification:_identify(src/moveit2/moveit_setup_assistant/graphics) by extensions ['python_setup_py']
[2.454s] Level 1:colcon.colcon_core.package_identification:_identify(src/moveit2/moveit_setup_assistant/graphics) by extension 'python_setup_py'
[2.454s] Level 1:colcon.colcon_core.package_identification:_identify(src/moveit2/moveit_setup_assistant/graphics/source) by extensions ['ignore', 'ignore_ament_install']
[2.454s] Level 1:colcon.colcon_core.package_identification:_identify(src/moveit2/moveit_setup_assistant/graphics/source) by extension 'ignore'
[2.455s] Level 1:colcon.colcon_core.package_identification:_identify(src/moveit2/moveit_setup_assistant/graphics/source) by extension 'ignore_ament_install'
[2.455s] Level 1:colcon.colcon_core.package_identification:_identify(src/moveit2/moveit_setup_assistant/graphics/source) by extensions ['colcon_pkg']
[2.455s] Level 1:colcon.colcon_core.package_identification:_identify(src/moveit2/moveit_setup_assistant/graphics/source) by extension 'colcon_pkg'
[2.455s] Level 1:colcon.colcon_core.package_identification:_identify(src/moveit2/moveit_setup_assistant/graphics/source) by extensions ['colcon_meta']
[2.455s] Level 1:colcon.colcon_core.package_identification:_identify(src/moveit2/moveit_setup_assistant/graphics/source) by extension 'colcon_meta'
[2.455s] Level 1:colcon.colcon_core.package_identification:_identify(src/moveit2/moveit_setup_assistant/graphics/source) by extensions ['ros']
[2.456s] Level 1:colcon.colcon_core.package_identification:_identify(src/moveit2/moveit_setup_assistant/graphics/source) by extension 'ros'
[2.456s] Level 1:colcon.colcon_core.package_identification:_identify(src/moveit2/moveit_setup_assistant/graphics/source) by extensions ['cmake', 'python']
[2.456s] Level 1:colcon.colcon_core.package_identification:_identify(src/moveit2/moveit_setup_assistant/graphics/source) by extension 'cmake'
[2.457s] Level 1:colcon.colcon_core.package_identification:_identify(src/moveit2/moveit_setup_assistant/graphics/source) by extension 'python'
[2.457s] Level 1:colcon.colcon_core.package_identification:_identify(src/moveit2/moveit_setup_assistant/graphics/source) by extensions ['python_setup_py']
[2.457s] Level 1:colcon.colcon_core.package_identification:_identify(src/moveit2/moveit_setup_assistant/graphics/source) by extension 'python_setup_py'
[2.457s] Level 1:colcon.colcon_core.package_identification:_identify(src/moveit2/moveit_setup_assistant/moveit_setup_app_plugins) by extensions ['ignore', 'ignore_ament_install']
[2.458s] Level 1:colcon.colcon_core.package_identification:_identify(src/moveit2/moveit_setup_assistant/moveit_setup_app_plugins) by extension 'ignore'
[2.459s] Level 1:colcon.colcon_core.package_identification:_identify(src/moveit2/moveit_setup_assistant/moveit_setup_app_plugins) by extension 'ignore_ament_install'
[2.459s] Level 1:colcon.colcon_core.package_identification:_identify(src/moveit2/moveit_setup_assistant/moveit_setup_app_plugins) by extensions ['colcon_pkg']
[2.459s] Level 1:colcon.colcon_core.package_identification:_identify(src/moveit2/moveit_setup_assistant/moveit_setup_app_plugins) by extension 'colcon_pkg'
[2.460s] Level 1:colcon.colcon_core.package_identification:_identify(src/moveit2/moveit_setup_assistant/moveit_setup_app_plugins) by extensions ['colcon_meta']
[2.460s] Level 1:colcon.colcon_core.package_identification:_identify(src/moveit2/moveit_setup_assistant/moveit_setup_app_plugins) by extension 'colcon_meta'
[2.460s] Level 1:colcon.colcon_core.package_identification:_identify(src/moveit2/moveit_setup_assistant/moveit_setup_app_plugins) by extensions ['ros']
[2.460s] Level 1:colcon.colcon_core.package_identification:_identify(src/moveit2/moveit_setup_assistant/moveit_setup_app_plugins) by extension 'ros'
[2.464s] DEBUG:colcon.colcon_core.package_identification:Package 'src/moveit2/moveit_setup_assistant/moveit_setup_app_plugins' with type 'ros.ament_cmake' and name 'moveit_setup_app_plugins'
[2.464s] Level 1:colcon.colcon_core.package_identification:_identify(src/moveit2/moveit_setup_assistant/moveit_setup_assistant) by extensions ['ignore', 'ignore_ament_install']
[2.465s] Level 1:colcon.colcon_core.package_identification:_identify(src/moveit2/moveit_setup_assistant/moveit_setup_assistant) by extension 'ignore'
[2.465s] Level 1:colcon.colcon_core.package_identification:_identify(src/moveit2/moveit_setup_assistant/moveit_setup_assistant) by extension 'ignore_ament_install'
[2.465s] Level 1:colcon.colcon_core.package_identification:_identify(src/moveit2/moveit_setup_assistant/moveit_setup_assistant) by extensions ['colcon_pkg']
[2.465s] Level 1:colcon.colcon_core.package_identification:_identify(src/moveit2/moveit_setup_assistant/moveit_setup_assistant) by extension 'colcon_pkg'
[2.465s] Level 1:colcon.colcon_core.package_identification:_identify(src/moveit2/moveit_setup_assistant/moveit_setup_assistant) by extensions ['colcon_meta']
[2.465s] Level 1:colcon.colcon_core.package_identification:_identify(src/moveit2/moveit_setup_assistant/moveit_setup_assistant) by extension 'colcon_meta'
[2.466s] Level 1:colcon.colcon_core.package_identification:_identify(src/moveit2/moveit_setup_assistant/moveit_setup_assistant) by extensions ['ros']
[2.466s] Level 1:colcon.colcon_core.package_identification:_identify(src/moveit2/moveit_setup_assistant/moveit_setup_assistant) by extension 'ros'
[2.470s] DEBUG:colcon.colcon_core.package_identification:Package 'src/moveit2/moveit_setup_assistant/moveit_setup_assistant' with type 'ros.ament_cmake' and name 'moveit_setup_assistant'
[2.470s] Level 1:colcon.colcon_core.package_identification:_identify(src/moveit2/moveit_setup_assistant/moveit_setup_controllers) by extensions ['ignore', 'ignore_ament_install']
[2.471s] Level 1:colcon.colcon_core.package_identification:_identify(src/moveit2/moveit_setup_assistant/moveit_setup_controllers) by extension 'ignore'
[2.471s] Level 1:colcon.colcon_core.package_identification:_identify(src/moveit2/moveit_setup_assistant/moveit_setup_controllers) by extension 'ignore_ament_install'
[2.471s] Level 1:colcon.colcon_core.package_identification:_identify(src/moveit2/moveit_setup_assistant/moveit_setup_controllers) by extensions ['colcon_pkg']
[2.472s] Level 1:colcon.colcon_core.package_identification:_identify(src/moveit2/moveit_setup_assistant/moveit_setup_controllers) by extension 'colcon_pkg'
[2.472s] Level 1:colcon.colcon_core.package_identification:_identify(src/moveit2/moveit_setup_assistant/moveit_setup_controllers) by extensions ['colcon_meta']
[2.472s] Level 1:colcon.colcon_core.package_identification:_identify(src/moveit2/moveit_setup_assistant/moveit_setup_controllers) by extension 'colcon_meta'
[2.472s] Level 1:colcon.colcon_core.package_identification:_identify(src/moveit2/moveit_setup_assistant/moveit_setup_controllers) by extensions ['ros']
[2.472s] Level 1:colcon.colcon_core.package_identification:_identify(src/moveit2/moveit_setup_assistant/moveit_setup_controllers) by extension 'ros'
[2.475s] DEBUG:colcon.colcon_core.package_identification:Package 'src/moveit2/moveit_setup_assistant/moveit_setup_controllers' with type 'ros.ament_cmake' and name 'moveit_setup_controllers'
[2.475s] Level 1:colcon.colcon_core.package_identification:_identify(src/moveit2/moveit_setup_assistant/moveit_setup_core_plugins) by extensions ['ignore', 'ignore_ament_install']
[2.476s] Level 1:colcon.colcon_core.package_identification:_identify(src/moveit2/moveit_setup_assistant/moveit_setup_core_plugins) by extension 'ignore'
[2.476s] Level 1:colcon.colcon_core.package_identification:_identify(src/moveit2/moveit_setup_assistant/moveit_setup_core_plugins) by extension 'ignore_ament_install'
[2.476s] Level 1:colcon.colcon_core.package_identification:_identify(src/moveit2/moveit_setup_assistant/moveit_setup_core_plugins) by extensions ['colcon_pkg']
[2.476s] Level 1:colcon.colcon_core.package_identification:_identify(src/moveit2/moveit_setup_assistant/moveit_setup_core_plugins) by extension 'colcon_pkg'
[2.477s] Level 1:colcon.colcon_core.package_identification:_identify(src/moveit2/moveit_setup_assistant/moveit_setup_core_plugins) by extensions ['colcon_meta']
[2.477s] Level 1:colcon.colcon_core.package_identification:_identify(src/moveit2/moveit_setup_assistant/moveit_setup_core_plugins) by extension 'colcon_meta'
[2.477s] Level 1:colcon.colcon_core.package_identification:_identify(src/moveit2/moveit_setup_assistant/moveit_setup_core_plugins) by extensions ['ros']
[2.477s] Level 1:colcon.colcon_core.package_identification:_identify(src/moveit2/moveit_setup_assistant/moveit_setup_core_plugins) by extension 'ros'
[2.481s] DEBUG:colcon.colcon_core.package_identification:Package 'src/moveit2/moveit_setup_assistant/moveit_setup_core_plugins' with type 'ros.ament_cmake' and name 'moveit_setup_core_plugins'
[2.482s] Level 1:colcon.colcon_core.package_identification:_identify(src/moveit2/moveit_setup_assistant/moveit_setup_framework) by extensions ['ignore', 'ignore_ament_install']
[2.482s] Level 1:colcon.colcon_core.package_identification:_identify(src/moveit2/moveit_setup_assistant/moveit_setup_framework) by extension 'ignore'
[2.483s] Level 1:colcon.colcon_core.package_identification:_identify(src/moveit2/moveit_setup_assistant/moveit_setup_framework) by extension 'ignore_ament_install'
[2.483s] Level 1:colcon.colcon_core.package_identification:_identify(src/moveit2/moveit_setup_assistant/moveit_setup_framework) by extensions ['colcon_pkg']
[2.484s] Level 1:colcon.colcon_core.package_identification:_identify(src/moveit2/moveit_setup_assistant/moveit_setup_framework) by extension 'colcon_pkg'
[2.484s] Level 1:colcon.colcon_core.package_identification:_identify(src/moveit2/moveit_setup_assistant/moveit_setup_framework) by extensions ['colcon_meta']
[2.484s] Level 1:colcon.colcon_core.package_identification:_identify(src/moveit2/moveit_setup_assistant/moveit_setup_framework) by extension 'colcon_meta'
[2.485s] Level 1:colcon.colcon_core.package_identification:_identify(src/moveit2/moveit_setup_assistant/moveit_setup_framework) by extensions ['ros']
[2.485s] Level 1:colcon.colcon_core.package_identification:_identify(src/moveit2/moveit_setup_assistant/moveit_setup_framework) by extension 'ros'
[2.491s] DEBUG:colcon.colcon_core.package_identification:Package 'src/moveit2/moveit_setup_assistant/moveit_setup_framework' with type 'ros.ament_cmake' and name 'moveit_setup_framework'
[2.492s] Level 1:colcon.colcon_core.package_identification:_identify(src/moveit2/moveit_setup_assistant/moveit_setup_simulation) by extensions ['ignore', 'ignore_ament_install']
[2.492s] Level 1:colcon.colcon_core.package_identification:_identify(src/moveit2/moveit_setup_assistant/moveit_setup_simulation) by extension 'ignore'
[2.492s] Level 1:colcon.colcon_core.package_identification:_identify(src/moveit2/moveit_setup_assistant/moveit_setup_simulation) ignored
[2.493s] Level 1:colcon.colcon_core.package_identification:_identify(src/moveit2/moveit_setup_assistant/moveit_setup_srdf_plugins) by extensions ['ignore', 'ignore_ament_install']
[2.493s] Level 1:colcon.colcon_core.package_identification:_identify(src/moveit2/moveit_setup_assistant/moveit_setup_srdf_plugins) by extension 'ignore'
[2.494s] Level 1:colcon.colcon_core.package_identification:_identify(src/moveit2/moveit_setup_assistant/moveit_setup_srdf_plugins) by extension 'ignore_ament_install'
[2.495s] Level 1:colcon.colcon_core.package_identification:_identify(src/moveit2/moveit_setup_assistant/moveit_setup_srdf_plugins) by extensions ['colcon_pkg']
[2.495s] Level 1:colcon.colcon_core.package_identification:_identify(src/moveit2/moveit_setup_assistant/moveit_setup_srdf_plugins) by extension 'colcon_pkg'
[2.495s] Level 1:colcon.colcon_core.package_identification:_identify(src/moveit2/moveit_setup_assistant/moveit_setup_srdf_plugins) by extensions ['colcon_meta']
[2.496s] Level 1:colcon.colcon_core.package_identification:_identify(src/moveit2/moveit_setup_assistant/moveit_setup_srdf_plugins) by extension 'colcon_meta'
[2.496s] Level 1:colcon.colcon_core.package_identification:_identify(src/moveit2/moveit_setup_assistant/moveit_setup_srdf_plugins) by extensions ['ros']
[2.496s] Level 1:colcon.colcon_core.package_identification:_identify(src/moveit2/moveit_setup_assistant/moveit_setup_srdf_plugins) by extension 'ros'
[2.498s] DEBUG:colcon.colcon_core.package_identification:Package 'src/moveit2/moveit_setup_assistant/moveit_setup_srdf_plugins' with type 'ros.ament_cmake' and name 'moveit_setup_srdf_plugins'
[2.499s] Level 1:colcon.colcon_core.package_identification:_identify(src/moveit2/moveit_setup_assistant/unported_templates) by extensions ['ignore', 'ignore_ament_install']
[2.499s] Level 1:colcon.colcon_core.package_identification:_identify(src/moveit2/moveit_setup_assistant/unported_templates) by extension 'ignore'
[2.499s] Level 1:colcon.colcon_core.package_identification:_identify(src/moveit2/moveit_setup_assistant/unported_templates) by extension 'ignore_ament_install'
[2.500s] Level 1:colcon.colcon_core.package_identification:_identify(src/moveit2/moveit_setup_assistant/unported_templates) by extensions ['colcon_pkg']
[2.500s] Level 1:colcon.colcon_core.package_identification:_identify(src/moveit2/moveit_setup_assistant/unported_templates) by extension 'colcon_pkg'
[2.500s] Level 1:colcon.colcon_core.package_identification:_identify(src/moveit2/moveit_setup_assistant/unported_templates) by extensions ['colcon_meta']
[2.500s] Level 1:colcon.colcon_core.package_identification:_identify(src/moveit2/moveit_setup_assistant/unported_templates) by extension 'colcon_meta'
[2.500s] Level 1:colcon.colcon_core.package_identification:_identify(src/moveit2/moveit_setup_assistant/unported_templates) by extensions ['ros']
[2.500s] Level 1:colcon.colcon_core.package_identification:_identify(src/moveit2/moveit_setup_assistant/unported_templates) by extension 'ros'
[2.501s] Level 1:colcon.colcon_core.package_identification:_identify(src/moveit2/moveit_setup_assistant/unported_templates) by extensions ['cmake', 'python']
[2.501s] Level 1:colcon.colcon_core.package_identification:_identify(src/moveit2/moveit_setup_assistant/unported_templates) by extension 'cmake'
[2.501s] Level 1:colcon.colcon_core.package_identification:_identify(src/moveit2/moveit_setup_assistant/unported_templates) by extension 'python'
[2.501s] Level 1:colcon.colcon_core.package_identification:_identify(src/moveit2/moveit_setup_assistant/unported_templates) by extensions ['python_setup_py']
[2.501s] Level 1:colcon.colcon_core.package_identification:_identify(src/moveit2/moveit_setup_assistant/unported_templates) by extension 'python_setup_py'
[2.502s] Level 1:colcon.colcon_core.package_identification:_identify(src/moveit2_tutorials) by extensions ['ignore', 'ignore_ament_install']
[2.502s] Level 1:colcon.colcon_core.package_identification:_identify(src/moveit2_tutorials) by extension 'ignore'
[2.502s] Level 1:colcon.colcon_core.package_identification:_identify(src/moveit2_tutorials) by extension 'ignore_ament_install'
[2.502s] Level 1:colcon.colcon_core.package_identification:_identify(src/moveit2_tutorials) by extensions ['colcon_pkg']
[2.503s] Level 1:colcon.colcon_core.package_identification:_identify(src/moveit2_tutorials) by extension 'colcon_pkg'
[2.503s] Level 1:colcon.colcon_core.package_identification:_identify(src/moveit2_tutorials) by extensions ['colcon_meta']
[2.503s] Level 1:colcon.colcon_core.package_identification:_identify(src/moveit2_tutorials) by extension 'colcon_meta'
[2.503s] Level 1:colcon.colcon_core.package_identification:_identify(src/moveit2_tutorials) by extensions ['ros']
[2.503s] Level 1:colcon.colcon_core.package_identification:_identify(src/moveit2_tutorials) by extension 'ros'
[2.516s] DEBUG:colcon.colcon_core.package_identification:Package 'src/moveit2_tutorials' with type 'ros.ament_cmake' and name 'moveit2_tutorials'
[2.517s] Level 1:colcon.colcon_core.package_identification:_identify(src/moveit_msgs) by extensions ['ignore', 'ignore_ament_install']
[2.518s] Level 1:colcon.colcon_core.package_identification:_identify(src/moveit_msgs) by extension 'ignore'
[2.518s] Level 1:colcon.colcon_core.package_identification:_identify(src/moveit_msgs) by extension 'ignore_ament_install'
[2.518s] Level 1:colcon.colcon_core.package_identification:_identify(src/moveit_msgs) by extensions ['colcon_pkg']
[2.519s] Level 1:colcon.colcon_core.package_identification:_identify(src/moveit_msgs) by extension 'colcon_pkg'
[2.519s] Level 1:colcon.colcon_core.package_identification:_identify(src/moveit_msgs) by extensions ['colcon_meta']
[2.519s] Level 1:colcon.colcon_core.package_identification:_identify(src/moveit_msgs) by extension 'colcon_meta'
[2.519s] Level 1:colcon.colcon_core.package_identification:_identify(src/moveit_msgs) by extensions ['ros']
[2.519s] Level 1:colcon.colcon_core.package_identification:_identify(src/moveit_msgs) by extension 'ros'
[2.524s] DEBUG:colcon.colcon_core.package_identification:Package 'src/moveit_msgs' with type 'ros.ament_cmake' and name 'moveit_msgs'
[2.525s] Level 1:colcon.colcon_core.package_identification:_identify(src/moveit_resources) by extensions ['ignore', 'ignore_ament_install']
[2.525s] Level 1:colcon.colcon_core.package_identification:_identify(src/moveit_resources) by extension 'ignore'
[2.525s] Level 1:colcon.colcon_core.package_identification:_identify(src/moveit_resources) by extension 'ignore_ament_install'
[2.526s] Level 1:colcon.colcon_core.package_identification:_identify(src/moveit_resources) by extensions ['colcon_pkg']
[2.526s] Level 1:colcon.colcon_core.package_identification:_identify(src/moveit_resources) by extension 'colcon_pkg'
[2.526s] Level 1:colcon.colcon_core.package_identification:_identify(src/moveit_resources) by extensions ['colcon_meta']
[2.526s] Level 1:colcon.colcon_core.package_identification:_identify(src/moveit_resources) by extension 'colcon_meta'
[2.526s] Level 1:colcon.colcon_core.package_identification:_identify(src/moveit_resources) by extensions ['ros']
[2.526s] Level 1:colcon.colcon_core.package_identification:_identify(src/moveit_resources) by extension 'ros'
[2.527s] Level 1:colcon.colcon_core.package_identification:_identify(src/moveit_resources) by extensions ['cmake', 'python']
[2.527s] Level 1:colcon.colcon_core.package_identification:_identify(src/moveit_resources) by extension 'cmake'
[2.527s] Level 1:colcon.colcon_core.package_identification:_identify(src/moveit_resources) by extension 'python'
[2.527s] Level 1:colcon.colcon_core.package_identification:_identify(src/moveit_resources) by extensions ['python_setup_py']
[2.527s] Level 1:colcon.colcon_core.package_identification:_identify(src/moveit_resources) by extension 'python_setup_py'
[2.528s] Level 1:colcon.colcon_core.package_identification:_identify(src/moveit_resources/dual_arm_panda_moveit_config) by extensions ['ignore', 'ignore_ament_install']
[2.528s] Level 1:colcon.colcon_core.package_identification:_identify(src/moveit_resources/dual_arm_panda_moveit_config) by extension 'ignore'
[2.528s] Level 1:colcon.colcon_core.package_identification:_identify(src/moveit_resources/dual_arm_panda_moveit_config) by extension 'ignore_ament_install'
[2.529s] Level 1:colcon.colcon_core.package_identification:_identify(src/moveit_resources/dual_arm_panda_moveit_config) by extensions ['colcon_pkg']
[2.529s] Level 1:colcon.colcon_core.package_identification:_identify(src/moveit_resources/dual_arm_panda_moveit_config) by extension 'colcon_pkg'
[2.529s] Level 1:colcon.colcon_core.package_identification:_identify(src/moveit_resources/dual_arm_panda_moveit_config) by extensions ['colcon_meta']
[2.529s] Level 1:colcon.colcon_core.package_identification:_identify(src/moveit_resources/dual_arm_panda_moveit_config) by extension 'colcon_meta'
[2.529s] Level 1:colcon.colcon_core.package_identification:_identify(src/moveit_resources/dual_arm_panda_moveit_config) by extensions ['ros']
[2.529s] Level 1:colcon.colcon_core.package_identification:_identify(src/moveit_resources/dual_arm_panda_moveit_config) by extension 'ros'
[2.532s] DEBUG:colcon.colcon_core.package_identification:Package 'src/moveit_resources/dual_arm_panda_moveit_config' with type 'ros.ament_cmake' and name 'dual_arm_panda_moveit_config'
[2.532s] Level 1:colcon.colcon_core.package_identification:_identify(src/moveit_resources/fanuc_description) by extensions ['ignore', 'ignore_ament_install']
[2.532s] Level 1:colcon.colcon_core.package_identification:_identify(src/moveit_resources/fanuc_description) by extension 'ignore'
[2.533s] Level 1:colcon.colcon_core.package_identification:_identify(src/moveit_resources/fanuc_description) by extension 'ignore_ament_install'
[2.533s] Level 1:colcon.colcon_core.package_identification:_identify(src/moveit_resources/fanuc_description) by extensions ['colcon_pkg']
[2.533s] Level 1:colcon.colcon_core.package_identification:_identify(src/moveit_resources/fanuc_description) by extension 'colcon_pkg'
[2.533s] Level 1:colcon.colcon_core.package_identification:_identify(src/moveit_resources/fanuc_description) by extensions ['colcon_meta']
[2.533s] Level 1:colcon.colcon_core.package_identification:_identify(src/moveit_resources/fanuc_description) by extension 'colcon_meta'
[2.533s] Level 1:colcon.colcon_core.package_identification:_identify(src/moveit_resources/fanuc_description) by extensions ['ros']
[2.534s] Level 1:colcon.colcon_core.package_identification:_identify(src/moveit_resources/fanuc_description) by extension 'ros'
[2.535s] DEBUG:colcon.colcon_core.package_identification:Package 'src/moveit_resources/fanuc_description' with type 'ros.ament_cmake' and name 'moveit_resources_fanuc_description'
[2.536s] Level 1:colcon.colcon_core.package_identification:_identify(src/moveit_resources/fanuc_moveit_config) by extensions ['ignore', 'ignore_ament_install']
[2.536s] Level 1:colcon.colcon_core.package_identification:_identify(src/moveit_resources/fanuc_moveit_config) by extension 'ignore'
[2.536s] Level 1:colcon.colcon_core.package_identification:_identify(src/moveit_resources/fanuc_moveit_config) by extension 'ignore_ament_install'
[2.537s] Level 1:colcon.colcon_core.package_identification:_identify(src/moveit_resources/fanuc_moveit_config) by extensions ['colcon_pkg']
[2.537s] Level 1:colcon.colcon_core.package_identification:_identify(src/moveit_resources/fanuc_moveit_config) by extension 'colcon_pkg'
[2.537s] Level 1:colcon.colcon_core.package_identification:_identify(src/moveit_resources/fanuc_moveit_config) by extensions ['colcon_meta']
[2.537s] Level 1:colcon.colcon_core.package_identification:_identify(src/moveit_resources/fanuc_moveit_config) by extension 'colcon_meta'
[2.537s] Level 1:colcon.colcon_core.package_identification:_identify(src/moveit_resources/fanuc_moveit_config) by extensions ['ros']
[2.538s] Level 1:colcon.colcon_core.package_identification:_identify(src/moveit_resources/fanuc_moveit_config) by extension 'ros'
[2.542s] DEBUG:colcon.colcon_core.package_identification:Package 'src/moveit_resources/fanuc_moveit_config' with type 'ros.ament_cmake' and name 'moveit_resources_fanuc_moveit_config'
[2.542s] Level 1:colcon.colcon_core.package_identification:_identify(src/moveit_resources/moveit_resources) by extensions ['ignore', 'ignore_ament_install']
[2.543s] Level 1:colcon.colcon_core.package_identification:_identify(src/moveit_resources/moveit_resources) by extension 'ignore'
[2.543s] Level 1:colcon.colcon_core.package_identification:_identify(src/moveit_resources/moveit_resources) by extension 'ignore_ament_install'
[2.543s] Level 1:colcon.colcon_core.package_identification:_identify(src/moveit_resources/moveit_resources) by extensions ['colcon_pkg']
[2.543s] Level 1:colcon.colcon_core.package_identification:_identify(src/moveit_resources/moveit_resources) by extension 'colcon_pkg'
[2.544s] Level 1:colcon.colcon_core.package_identification:_identify(src/moveit_resources/moveit_resources) by extensions ['colcon_meta']
[2.544s] Level 1:colcon.colcon_core.package_identification:_identify(src/moveit_resources/moveit_resources) by extension 'colcon_meta'
[2.544s] Level 1:colcon.colcon_core.package_identification:_identify(src/moveit_resources/moveit_resources) by extensions ['ros']
[2.544s] Level 1:colcon.colcon_core.package_identification:_identify(src/moveit_resources/moveit_resources) by extension 'ros'
[2.546s] DEBUG:colcon.colcon_core.package_identification:Package 'src/moveit_resources/moveit_resources' with type 'ros.ament_cmake' and name 'moveit_resources'
[2.547s] Level 1:colcon.colcon_core.package_identification:_identify(src/moveit_resources/panda_description) by extensions ['ignore', 'ignore_ament_install']
[2.547s] Level 1:colcon.colcon_core.package_identification:_identify(src/moveit_resources/panda_description) by extension 'ignore'
[2.547s] Level 1:colcon.colcon_core.package_identification:_identify(src/moveit_resources/panda_description) by extension 'ignore_ament_install'
[2.547s] Level 1:colcon.colcon_core.package_identification:_identify(src/moveit_resources/panda_description) by extensions ['colcon_pkg']
[2.548s] Level 1:colcon.colcon_core.package_identification:_identify(src/moveit_resources/panda_description) by extension 'colcon_pkg'
[2.548s] Level 1:colcon.colcon_core.package_identification:_identify(src/moveit_resources/panda_description) by extensions ['colcon_meta']
[2.548s] Level 1:colcon.colcon_core.package_identification:_identify(src/moveit_resources/panda_description) by extension 'colcon_meta'
[2.548s] Level 1:colcon.colcon_core.package_identification:_identify(src/moveit_resources/panda_description) by extensions ['ros']
[2.548s] Level 1:colcon.colcon_core.package_identification:_identify(src/moveit_resources/panda_description) by extension 'ros'
[2.550s] DEBUG:colcon.colcon_core.package_identification:Package 'src/moveit_resources/panda_description' with type 'ros.ament_cmake' and name 'moveit_resources_panda_description'
[2.550s] Level 1:colcon.colcon_core.package_identification:_identify(src/moveit_resources/panda_moveit_config) by extensions ['ignore', 'ignore_ament_install']
[2.551s] Level 1:colcon.colcon_core.package_identification:_identify(src/moveit_resources/panda_moveit_config) by extension 'ignore'
[2.551s] Level 1:colcon.colcon_core.package_identification:_identify(src/moveit_resources/panda_moveit_config) by extension 'ignore_ament_install'
[2.551s] Level 1:colcon.colcon_core.package_identification:_identify(src/moveit_resources/panda_moveit_config) by extensions ['colcon_pkg']
[2.551s] Level 1:colcon.colcon_core.package_identification:_identify(src/moveit_resources/panda_moveit_config) by extension 'colcon_pkg'
[2.551s] Level 1:colcon.colcon_core.package_identification:_identify(src/moveit_resources/panda_moveit_config) by extensions ['colcon_meta']
[2.552s] Level 1:colcon.colcon_core.package_identification:_identify(src/moveit_resources/panda_moveit_config) by extension 'colcon_meta'
[2.552s] Level 1:colcon.colcon_core.package_identification:_identify(src/moveit_resources/panda_moveit_config) by extensions ['ros']
[2.552s] Level 1:colcon.colcon_core.package_identification:_identify(src/moveit_resources/panda_moveit_config) by extension 'ros'
[2.554s] DEBUG:colcon.colcon_core.package_identification:Package 'src/moveit_resources/panda_moveit_config' with type 'ros.ament_cmake' and name 'moveit_resources_panda_moveit_config'
[2.555s] Level 1:colcon.colcon_core.package_identification:_identify(src/moveit_resources/pr2_description) by extensions ['ignore', 'ignore_ament_install']
[2.555s] Level 1:colcon.colcon_core.package_identification:_identify(src/moveit_resources/pr2_description) by extension 'ignore'
[2.555s] Level 1:colcon.colcon_core.package_identification:_identify(src/moveit_resources/pr2_description) by extension 'ignore_ament_install'
[2.556s] Level 1:colcon.colcon_core.package_identification:_identify(src/moveit_resources/pr2_description) by extensions ['colcon_pkg']
[2.556s] Level 1:colcon.colcon_core.package_identification:_identify(src/moveit_resources/pr2_description) by extension 'colcon_pkg'
[2.556s] Level 1:colcon.colcon_core.package_identification:_identify(src/moveit_resources/pr2_description) by extensions ['colcon_meta']
[2.556s] Level 1:colcon.colcon_core.package_identification:_identify(src/moveit_resources/pr2_description) by extension 'colcon_meta'
[2.556s] Level 1:colcon.colcon_core.package_identification:_identify(src/moveit_resources/pr2_description) by extensions ['ros']
[2.556s] Level 1:colcon.colcon_core.package_identification:_identify(src/moveit_resources/pr2_description) by extension 'ros'
[2.558s] DEBUG:colcon.colcon_core.package_identification:Package 'src/moveit_resources/pr2_description' with type 'ros.ament_cmake' and name 'moveit_resources_pr2_description'
[2.558s] Level 1:colcon.colcon_core.package_identification:_identify(src/moveit_task_constructor) by extensions ['ignore', 'ignore_ament_install']
[2.559s] Level 1:colcon.colcon_core.package_identification:_identify(src/moveit_task_constructor) by extension 'ignore'
[2.559s] Level 1:colcon.colcon_core.package_identification:_identify(src/moveit_task_constructor) by extension 'ignore_ament_install'
[2.559s] Level 1:colcon.colcon_core.package_identification:_identify(src/moveit_task_constructor) by extensions ['colcon_pkg']
[2.559s] Level 1:colcon.colcon_core.package_identification:_identify(src/moveit_task_constructor) by extension 'colcon_pkg'
[2.560s] Level 1:colcon.colcon_core.package_identification:_identify(src/moveit_task_constructor) by extensions ['colcon_meta']
[2.560s] Level 1:colcon.colcon_core.package_identification:_identify(src/moveit_task_constructor) by extension 'colcon_meta'
[2.560s] Level 1:colcon.colcon_core.package_identification:_identify(src/moveit_task_constructor) by extensions ['ros']
[2.560s] Level 1:colcon.colcon_core.package_identification:_identify(src/moveit_task_constructor) by extension 'ros'
[2.560s] Level 1:colcon.colcon_core.package_identification:_identify(src/moveit_task_constructor) by extensions ['cmake', 'python']
[2.560s] Level 1:colcon.colcon_core.package_identification:_identify(src/moveit_task_constructor) by extension 'cmake'
[2.560s] Level 1:colcon.colcon_core.package_identification:_identify(src/moveit_task_constructor) by extension 'python'
[2.561s] Level 1:colcon.colcon_core.package_identification:_identify(src/moveit_task_constructor) by extensions ['python_setup_py']
[2.561s] Level 1:colcon.colcon_core.package_identification:_identify(src/moveit_task_constructor) by extension 'python_setup_py'
[2.561s] Level 1:colcon.colcon_core.package_identification:_identify(src/moveit_task_constructor/capabilities) by extensions ['ignore', 'ignore_ament_install']
[2.561s] Level 1:colcon.colcon_core.package_identification:_identify(src/moveit_task_constructor/capabilities) by extension 'ignore'
[2.562s] Level 1:colcon.colcon_core.package_identification:_identify(src/moveit_task_constructor/capabilities) by extension 'ignore_ament_install'
[2.562s] Level 1:colcon.colcon_core.package_identification:_identify(src/moveit_task_constructor/capabilities) by extensions ['colcon_pkg']
[2.562s] Level 1:colcon.colcon_core.package_identification:_identify(src/moveit_task_constructor/capabilities) by extension 'colcon_pkg'
[2.562s] Level 1:colcon.colcon_core.package_identification:_identify(src/moveit_task_constructor/capabilities) by extensions ['colcon_meta']
[2.562s] Level 1:colcon.colcon_core.package_identification:_identify(src/moveit_task_constructor/capabilities) by extension 'colcon_meta'
[2.563s] Level 1:colcon.colcon_core.package_identification:_identify(src/moveit_task_constructor/capabilities) by extensions ['ros']
[2.563s] Level 1:colcon.colcon_core.package_identification:_identify(src/moveit_task_constructor/capabilities) by extension 'ros'
[2.567s] DEBUG:colcon.colcon_core.package_identification:Package 'src/moveit_task_constructor/capabilities' with type 'ros.ament_cmake' and name 'moveit_task_constructor_capabilities'
[2.568s] Level 1:colcon.colcon_core.package_identification:_identify(src/moveit_task_constructor/core) by extensions ['ignore', 'ignore_ament_install']
[2.568s] Level 1:colcon.colcon_core.package_identification:_identify(src/moveit_task_constructor/core) by extension 'ignore'
[2.568s] Level 1:colcon.colcon_core.package_identification:_identify(src/moveit_task_constructor/core) by extension 'ignore_ament_install'
[2.569s] Level 1:colcon.colcon_core.package_identification:_identify(src/moveit_task_constructor/core) by extensions ['colcon_pkg']
[2.569s] Level 1:colcon.colcon_core.package_identification:_identify(src/moveit_task_constructor/core) by extension 'colcon_pkg'
[2.569s] Level 1:colcon.colcon_core.package_identification:_identify(src/moveit_task_constructor/core) by extensions ['colcon_meta']
[2.569s] Level 1:colcon.colcon_core.package_identification:_identify(src/moveit_task_constructor/core) by extension 'colcon_meta'
[2.569s] Level 1:colcon.colcon_core.package_identification:_identify(src/moveit_task_constructor/core) by extensions ['ros']
[2.569s] Level 1:colcon.colcon_core.package_identification:_identify(src/moveit_task_constructor/core) by extension 'ros'
[2.575s] DEBUG:colcon.colcon_core.package_identification:Package 'src/moveit_task_constructor/core' with type 'ros.ament_cmake' and name 'moveit_task_constructor_core'
[2.576s] Level 1:colcon.colcon_core.package_identification:_identify(src/moveit_task_constructor/demo) by extensions ['ignore', 'ignore_ament_install']
[2.576s] Level 1:colcon.colcon_core.package_identification:_identify(src/moveit_task_constructor/demo) by extension 'ignore'
[2.577s] Level 1:colcon.colcon_core.package_identification:_identify(src/moveit_task_constructor/demo) by extension 'ignore_ament_install'
[2.577s] Level 1:colcon.colcon_core.package_identification:_identify(src/moveit_task_constructor/demo) by extensions ['colcon_pkg']
[2.577s] Level 1:colcon.colcon_core.package_identification:_identify(src/moveit_task_constructor/demo) by extension 'colcon_pkg'
[2.577s] Level 1:colcon.colcon_core.package_identification:_identify(src/moveit_task_constructor/demo) by extensions ['colcon_meta']
[2.577s] Level 1:colcon.colcon_core.package_identification:_identify(src/moveit_task_constructor/demo) by extension 'colcon_meta'
[2.578s] Level 1:colcon.colcon_core.package_identification:_identify(src/moveit_task_constructor/demo) by extensions ['ros']
[2.578s] Level 1:colcon.colcon_core.package_identification:_identify(src/moveit_task_constructor/demo) by extension 'ros'
[2.581s] DEBUG:colcon.colcon_core.package_identification:Package 'src/moveit_task_constructor/demo' with type 'ros.ament_cmake' and name 'moveit_task_constructor_demo'
[2.581s] Level 1:colcon.colcon_core.package_identification:_identify(src/moveit_task_constructor/msgs) by extensions ['ignore', 'ignore_ament_install']
[2.582s] Level 1:colcon.colcon_core.package_identification:_identify(src/moveit_task_constructor/msgs) by extension 'ignore'
[2.582s] Level 1:colcon.colcon_core.package_identification:_identify(src/moveit_task_constructor/msgs) by extension 'ignore_ament_install'
[2.582s] Level 1:colcon.colcon_core.package_identification:_identify(src/moveit_task_constructor/msgs) by extensions ['colcon_pkg']
[2.582s] Level 1:colcon.colcon_core.package_identification:_identify(src/moveit_task_constructor/msgs) by extension 'colcon_pkg'
[2.582s] Level 1:colcon.colcon_core.package_identification:_identify(src/moveit_task_constructor/msgs) by extensions ['colcon_meta']
[2.583s] Level 1:colcon.colcon_core.package_identification:_identify(src/moveit_task_constructor/msgs) by extension 'colcon_meta'
[2.583s] Level 1:colcon.colcon_core.package_identification:_identify(src/moveit_task_constructor/msgs) by extensions ['ros']
[2.583s] Level 1:colcon.colcon_core.package_identification:_identify(src/moveit_task_constructor/msgs) by extension 'ros'
[2.585s] DEBUG:colcon.colcon_core.package_identification:Package 'src/moveit_task_constructor/msgs' with type 'ros.ament_cmake' and name 'moveit_task_constructor_msgs'
[2.586s] Level 1:colcon.colcon_core.package_identification:_identify(src/moveit_task_constructor/rviz_marker_tools) by extensions ['ignore', 'ignore_ament_install']
[2.586s] Level 1:colcon.colcon_core.package_identification:_identify(src/moveit_task_constructor/rviz_marker_tools) by extension 'ignore'
[2.586s] Level 1:colcon.colcon_core.package_identification:_identify(src/moveit_task_constructor/rviz_marker_tools) by extension 'ignore_ament_install'
[2.587s] Level 1:colcon.colcon_core.package_identification:_identify(src/moveit_task_constructor/rviz_marker_tools) by extensions ['colcon_pkg']
[2.587s] Level 1:colcon.colcon_core.package_identification:_identify(src/moveit_task_constructor/rviz_marker_tools) by extension 'colcon_pkg'
[2.587s] Level 1:colcon.colcon_core.package_identification:_identify(src/moveit_task_constructor/rviz_marker_tools) by extensions ['colcon_meta']
[2.587s] Level 1:colcon.colcon_core.package_identification:_identify(src/moveit_task_constructor/rviz_marker_tools) by extension 'colcon_meta'
[2.587s] Level 1:colcon.colcon_core.package_identification:_identify(src/moveit_task_constructor/rviz_marker_tools) by extensions ['ros']
[2.587s] Level 1:colcon.colcon_core.package_identification:_identify(src/moveit_task_constructor/rviz_marker_tools) by extension 'ros'
[2.591s] DEBUG:colcon.colcon_core.package_identification:Package 'src/moveit_task_constructor/rviz_marker_tools' with type 'ros.ament_cmake' and name 'rviz_marker_tools'
[2.592s] Level 1:colcon.colcon_core.package_identification:_identify(src/moveit_task_constructor/visualization) by extensions ['ignore', 'ignore_ament_install']
[2.592s] Level 1:colcon.colcon_core.package_identification:_identify(src/moveit_task_constructor/visualization) by extension 'ignore'
[2.592s] Level 1:colcon.colcon_core.package_identification:_identify(src/moveit_task_constructor/visualization) by extension 'ignore_ament_install'
[2.592s] Level 1:colcon.colcon_core.package_identification:_identify(src/moveit_task_constructor/visualization) by extensions ['colcon_pkg']
[2.593s] Level 1:colcon.colcon_core.package_identification:_identify(src/moveit_task_constructor/visualization) by extension 'colcon_pkg'
[2.593s] Level 1:colcon.colcon_core.package_identification:_identify(src/moveit_task_constructor/visualization) by extensions ['colcon_meta']
[2.593s] Level 1:colcon.colcon_core.package_identification:_identify(src/moveit_task_constructor/visualization) by extension 'colcon_meta'
[2.593s] Level 1:colcon.colcon_core.package_identification:_identify(src/moveit_task_constructor/visualization) by extensions ['ros']
[2.593s] Level 1:colcon.colcon_core.package_identification:_identify(src/moveit_task_constructor/visualization) by extension 'ros'
[2.597s] DEBUG:colcon.colcon_core.package_identification:Package 'src/moveit_task_constructor/visualization' with type 'ros.ament_cmake' and name 'moveit_task_constructor_visualization'
[2.597s] Level 1:colcon.colcon_core.package_identification:_identify(src/moveit_visual_tools) by extensions ['ignore', 'ignore_ament_install']
[2.597s] Level 1:colcon.colcon_core.package_identification:_identify(src/moveit_visual_tools) by extension 'ignore'
[2.599s] Level 1:colcon.colcon_core.package_identification:_identify(src/moveit_visual_tools) by extension 'ignore_ament_install'
[2.599s] Level 1:colcon.colcon_core.package_identification:_identify(src/moveit_visual_tools) by extensions ['colcon_pkg']
[2.599s] Level 1:colcon.colcon_core.package_identification:_identify(src/moveit_visual_tools) by extension 'colcon_pkg'
[2.600s] Level 1:colcon.colcon_core.package_identification:_identify(src/moveit_visual_tools) by extensions ['colcon_meta']
[2.600s] Level 1:colcon.colcon_core.package_identification:_identify(src/moveit_visual_tools) by extension 'colcon_meta'
[2.600s] Level 1:colcon.colcon_core.package_identification:_identify(src/moveit_visual_tools) by extensions ['ros']
[2.600s] Level 1:colcon.colcon_core.package_identification:_identify(src/moveit_visual_tools) by extension 'ros'
[2.605s] DEBUG:colcon.colcon_core.package_identification:Package 'src/moveit_visual_tools' with type 'ros.ament_cmake' and name 'moveit_visual_tools'
[2.607s] Level 1:colcon.colcon_core.package_identification:_identify(src/picknik_controllers) by extensions ['ignore', 'ignore_ament_install']
[2.608s] Level 1:colcon.colcon_core.package_identification:_identify(src/picknik_controllers) by extension 'ignore'
[2.608s] Level 1:colcon.colcon_core.package_identification:_identify(src/picknik_controllers) by extension 'ignore_ament_install'
[2.609s] Level 1:colcon.colcon_core.package_identification:_identify(src/picknik_controllers) by extensions ['colcon_pkg']
[2.609s] Level 1:colcon.colcon_core.package_identification:_identify(src/picknik_controllers) by extension 'colcon_pkg'
[2.609s] Level 1:colcon.colcon_core.package_identification:_identify(src/picknik_controllers) by extensions ['colcon_meta']
[2.610s] Level 1:colcon.colcon_core.package_identification:_identify(src/picknik_controllers) by extension 'colcon_meta'
[2.610s] Level 1:colcon.colcon_core.package_identification:_identify(src/picknik_controllers) by extensions ['ros']
[2.610s] Level 1:colcon.colcon_core.package_identification:_identify(src/picknik_controllers) by extension 'ros'
[2.611s] Level 1:colcon.colcon_core.package_identification:_identify(src/picknik_controllers) by extensions ['cmake', 'python']
[2.612s] Level 1:colcon.colcon_core.package_identification:_identify(src/picknik_controllers) by extension 'cmake'
[2.612s] Level 1:colcon.colcon_core.package_identification:_identify(src/picknik_controllers) by extension 'python'
[2.612s] Level 1:colcon.colcon_core.package_identification:_identify(src/picknik_controllers) by extensions ['python_setup_py']
[2.612s] Level 1:colcon.colcon_core.package_identification:_identify(src/picknik_controllers) by extension 'python_setup_py'
[2.614s] Level 1:colcon.colcon_core.package_identification:_identify(src/picknik_controllers/picknik_reset_fault_controller) by extensions ['ignore', 'ignore_ament_install']
[2.614s] Level 1:colcon.colcon_core.package_identification:_identify(src/picknik_controllers/picknik_reset_fault_controller) by extension 'ignore'
[2.614s] Level 1:colcon.colcon_core.package_identification:_identify(src/picknik_controllers/picknik_reset_fault_controller) by extension 'ignore_ament_install'
[2.616s] Level 1:colcon.colcon_core.package_identification:_identify(src/picknik_controllers/picknik_reset_fault_controller) by extensions ['colcon_pkg']
[2.616s] Level 1:colcon.colcon_core.package_identification:_identify(src/picknik_controllers/picknik_reset_fault_controller) by extension 'colcon_pkg'
[2.616s] Level 1:colcon.colcon_core.package_identification:_identify(src/picknik_controllers/picknik_reset_fault_controller) by extensions ['colcon_meta']
[2.616s] Level 1:colcon.colcon_core.package_identification:_identify(src/picknik_controllers/picknik_reset_fault_controller) by extension 'colcon_meta'
[2.617s] Level 1:colcon.colcon_core.package_identification:_identify(src/picknik_controllers/picknik_reset_fault_controller) by extensions ['ros']
[2.617s] Level 1:colcon.colcon_core.package_identification:_identify(src/picknik_controllers/picknik_reset_fault_controller) by extension 'ros'
[2.621s] DEBUG:colcon.colcon_core.package_identification:Package 'src/picknik_controllers/picknik_reset_fault_controller' with type 'ros.ament_cmake' and name 'picknik_reset_fault_controller'
[2.621s] Level 1:colcon.colcon_core.package_identification:_identify(src/picknik_controllers/picknik_twist_controller) by extensions ['ignore', 'ignore_ament_install']
[2.621s] Level 1:colcon.colcon_core.package_identification:_identify(src/picknik_controllers/picknik_twist_controller) by extension 'ignore'
[2.622s] Level 1:colcon.colcon_core.package_identification:_identify(src/picknik_controllers/picknik_twist_controller) by extension 'ignore_ament_install'
[2.622s] Level 1:colcon.colcon_core.package_identification:_identify(src/picknik_controllers/picknik_twist_controller) by extensions ['colcon_pkg']
[2.622s] Level 1:colcon.colcon_core.package_identification:_identify(src/picknik_controllers/picknik_twist_controller) by extension 'colcon_pkg'
[2.622s] Level 1:colcon.colcon_core.package_identification:_identify(src/picknik_controllers/picknik_twist_controller) by extensions ['colcon_meta']
[2.623s] Level 1:colcon.colcon_core.package_identification:_identify(src/picknik_controllers/picknik_twist_controller) by extension 'colcon_meta'
[2.623s] Level 1:colcon.colcon_core.package_identification:_identify(src/picknik_controllers/picknik_twist_controller) by extensions ['ros']
[2.623s] Level 1:colcon.colcon_core.package_identification:_identify(src/picknik_controllers/picknik_twist_controller) by extension 'ros'
[2.629s] DEBUG:colcon.colcon_core.package_identification:Package 'src/picknik_controllers/picknik_twist_controller' with type 'ros.ament_cmake' and name 'picknik_twist_controller'
[2.630s] Level 1:colcon.colcon_core.package_identification:_identify(src/ros2_kortex) by extensions ['ignore', 'ignore_ament_install']
[2.630s] Level 1:colcon.colcon_core.package_identification:_identify(src/ros2_kortex) by extension 'ignore'
[2.631s] Level 1:colcon.colcon_core.package_identification:_identify(src/ros2_kortex) by extension 'ignore_ament_install'
[2.632s] Level 1:colcon.colcon_core.package_identification:_identify(src/ros2_kortex) by extensions ['colcon_pkg']
[2.632s] Level 1:colcon.colcon_core.package_identification:_identify(src/ros2_kortex) by extension 'colcon_pkg'
[2.633s] Level 1:colcon.colcon_core.package_identification:_identify(src/ros2_kortex) by extensions ['colcon_meta']
[2.633s] Level 1:colcon.colcon_core.package_identification:_identify(src/ros2_kortex) by extension 'colcon_meta'
[2.633s] Level 1:colcon.colcon_core.package_identification:_identify(src/ros2_kortex) by extensions ['ros']
[2.633s] Level 1:colcon.colcon_core.package_identification:_identify(src/ros2_kortex) by extension 'ros'
[2.633s] Level 1:colcon.colcon_core.package_identification:_identify(src/ros2_kortex) by extensions ['cmake', 'python']
[2.633s] Level 1:colcon.colcon_core.package_identification:_identify(src/ros2_kortex) by extension 'cmake'
[2.634s] Level 1:colcon.colcon_core.package_identification:_identify(src/ros2_kortex) by extension 'python'
[2.634s] Level 1:colcon.colcon_core.package_identification:_identify(src/ros2_kortex) by extensions ['python_setup_py']
[2.634s] Level 1:colcon.colcon_core.package_identification:_identify(src/ros2_kortex) by extension 'python_setup_py'
[2.634s] Level 1:colcon.colcon_core.package_identification:_identify(src/ros2_kortex/3rdParty) by extensions ['ignore', 'ignore_ament_install']
[2.635s] Level 1:colcon.colcon_core.package_identification:_identify(src/ros2_kortex/3rdParty) by extension 'ignore'
[2.635s] Level 1:colcon.colcon_core.package_identification:_identify(src/ros2_kortex/3rdParty) by extension 'ignore_ament_install'
[2.635s] Level 1:colcon.colcon_core.package_identification:_identify(src/ros2_kortex/3rdParty) by extensions ['colcon_pkg']
[2.635s] Level 1:colcon.colcon_core.package_identification:_identify(src/ros2_kortex/3rdParty) by extension 'colcon_pkg'
[2.635s] Level 1:colcon.colcon_core.package_identification:_identify(src/ros2_kortex/3rdParty) by extensions ['colcon_meta']
[2.636s] Level 1:colcon.colcon_core.package_identification:_identify(src/ros2_kortex/3rdParty) by extension 'colcon_meta'
[2.636s] Level 1:colcon.colcon_core.package_identification:_identify(src/ros2_kortex/3rdParty) by extensions ['ros']
[2.636s] Level 1:colcon.colcon_core.package_identification:_identify(src/ros2_kortex/3rdParty) by extension 'ros'
[2.636s] Level 1:colcon.colcon_core.package_identification:_identify(src/ros2_kortex/3rdParty) by extensions ['cmake', 'python']
[2.637s] Level 1:colcon.colcon_core.package_identification:_identify(src/ros2_kortex/3rdParty) by extension 'cmake'
[2.637s] Level 1:colcon.colcon_core.package_identification:_identify(src/ros2_kortex/3rdParty) by extension 'python'
[2.637s] Level 1:colcon.colcon_core.package_identification:_identify(src/ros2_kortex/3rdParty) by extensions ['python_setup_py']
[2.637s] Level 1:colcon.colcon_core.package_identification:_identify(src/ros2_kortex/3rdParty) by extension 'python_setup_py'
[2.637s] Level 1:colcon.colcon_core.package_identification:_identify(src/ros2_kortex/3rdParty/Mobile_platform_integration) by extensions ['ignore', 'ignore_ament_install']
[2.638s] Level 1:colcon.colcon_core.package_identification:_identify(src/ros2_kortex/3rdParty/Mobile_platform_integration) by extension 'ignore'
[2.638s] Level 1:colcon.colcon_core.package_identification:_identify(src/ros2_kortex/3rdParty/Mobile_platform_integration) by extension 'ignore_ament_install'
[2.638s] Level 1:colcon.colcon_core.package_identification:_identify(src/ros2_kortex/3rdParty/Mobile_platform_integration) by extensions ['colcon_pkg']
[2.638s] Level 1:colcon.colcon_core.package_identification:_identify(src/ros2_kortex/3rdParty/Mobile_platform_integration) by extension 'colcon_pkg'
[2.639s] Level 1:colcon.colcon_core.package_identification:_identify(src/ros2_kortex/3rdParty/Mobile_platform_integration) by extensions ['colcon_meta']
[2.639s] Level 1:colcon.colcon_core.package_identification:_identify(src/ros2_kortex/3rdParty/Mobile_platform_integration) by extension 'colcon_meta'
[2.639s] Level 1:colcon.colcon_core.package_identification:_identify(src/ros2_kortex/3rdParty/Mobile_platform_integration) by extensions ['ros']
[2.639s] Level 1:colcon.colcon_core.package_identification:_identify(src/ros2_kortex/3rdParty/Mobile_platform_integration) by extension 'ros'
[2.639s] Level 1:colcon.colcon_core.package_identification:_identify(src/ros2_kortex/3rdParty/Mobile_platform_integration) by extensions ['cmake', 'python']
[2.639s] Level 1:colcon.colcon_core.package_identification:_identify(src/ros2_kortex/3rdParty/Mobile_platform_integration) by extension 'cmake'
[2.639s] Level 1:colcon.colcon_core.package_identification:_identify(src/ros2_kortex/3rdParty/Mobile_platform_integration) by extension 'python'
[2.640s] Level 1:colcon.colcon_core.package_identification:_identify(src/ros2_kortex/3rdParty/Mobile_platform_integration) by extensions ['python_setup_py']
[2.640s] Level 1:colcon.colcon_core.package_identification:_identify(src/ros2_kortex/3rdParty/Mobile_platform_integration) by extension 'python_setup_py'
[2.640s] Level 1:colcon.colcon_core.package_identification:_identify(src/ros2_kortex/3rdParty/Mobile_platform_integration/clearpath) by extensions ['ignore', 'ignore_ament_install']
[2.641s] Level 1:colcon.colcon_core.package_identification:_identify(src/ros2_kortex/3rdParty/Mobile_platform_integration/clearpath) by extension 'ignore'
[2.641s] Level 1:colcon.colcon_core.package_identification:_identify(src/ros2_kortex/3rdParty/Mobile_platform_integration/clearpath) by extension 'ignore_ament_install'
[2.641s] Level 1:colcon.colcon_core.package_identification:_identify(src/ros2_kortex/3rdParty/Mobile_platform_integration/clearpath) by extensions ['colcon_pkg']
[2.641s] Level 1:colcon.colcon_core.package_identification:_identify(src/ros2_kortex/3rdParty/Mobile_platform_integration/clearpath) by extension 'colcon_pkg'
[2.641s] Level 1:colcon.colcon_core.package_identification:_identify(src/ros2_kortex/3rdParty/Mobile_platform_integration/clearpath) by extensions ['colcon_meta']
[2.641s] Level 1:colcon.colcon_core.package_identification:_identify(src/ros2_kortex/3rdParty/Mobile_platform_integration/clearpath) by extension 'colcon_meta'
[2.642s] Level 1:colcon.colcon_core.package_identification:_identify(src/ros2_kortex/3rdParty/Mobile_platform_integration/clearpath) by extensions ['ros']
[2.642s] Level 1:colcon.colcon_core.package_identification:_identify(src/ros2_kortex/3rdParty/Mobile_platform_integration/clearpath) by extension 'ros'
[2.642s] Level 1:colcon.colcon_core.package_identification:_identify(src/ros2_kortex/3rdParty/Mobile_platform_integration/clearpath) by extensions ['cmake', 'python']
[2.642s] Level 1:colcon.colcon_core.package_identification:_identify(src/ros2_kortex/3rdParty/Mobile_platform_integration/clearpath) by extension 'cmake'
[2.643s] Level 1:colcon.colcon_core.package_identification:_identify(src/ros2_kortex/3rdParty/Mobile_platform_integration/clearpath) by extension 'python'
[2.643s] Level 1:colcon.colcon_core.package_identification:_identify(src/ros2_kortex/3rdParty/Mobile_platform_integration/clearpath) by extensions ['python_setup_py']
[2.643s] Level 1:colcon.colcon_core.package_identification:_identify(src/ros2_kortex/3rdParty/Mobile_platform_integration/clearpath) by extension 'python_setup_py'
[2.643s] Level 1:colcon.colcon_core.package_identification:_identify(src/ros2_kortex/doc) by extensions ['ignore', 'ignore_ament_install']
[2.644s] Level 1:colcon.colcon_core.package_identification:_identify(src/ros2_kortex/doc) by extension 'ignore'
[2.644s] Level 1:colcon.colcon_core.package_identification:_identify(src/ros2_kortex/doc) by extension 'ignore_ament_install'
[2.644s] Level 1:colcon.colcon_core.package_identification:_identify(src/ros2_kortex/doc) by extensions ['colcon_pkg']
[2.644s] Level 1:colcon.colcon_core.package_identification:_identify(src/ros2_kortex/doc) by extension 'colcon_pkg'
[2.644s] Level 1:colcon.colcon_core.package_identification:_identify(src/ros2_kortex/doc) by extensions ['colcon_meta']
[2.644s] Level 1:colcon.colcon_core.package_identification:_identify(src/ros2_kortex/doc) by extension 'colcon_meta'
[2.645s] Level 1:colcon.colcon_core.package_identification:_identify(src/ros2_kortex/doc) by extensions ['ros']
[2.645s] Level 1:colcon.colcon_core.package_identification:_identify(src/ros2_kortex/doc) by extension 'ros'
[2.645s] Level 1:colcon.colcon_core.package_identification:_identify(src/ros2_kortex/doc) by extensions ['cmake', 'python']
[2.645s] Level 1:colcon.colcon_core.package_identification:_identify(src/ros2_kortex/doc) by extension 'cmake'
[2.645s] Level 1:colcon.colcon_core.package_identification:_identify(src/ros2_kortex/doc) by extension 'python'
[2.646s] Level 1:colcon.colcon_core.package_identification:_identify(src/ros2_kortex/doc) by extensions ['python_setup_py']
[2.646s] Level 1:colcon.colcon_core.package_identification:_identify(src/ros2_kortex/doc) by extension 'python_setup_py'
[2.646s] Level 1:colcon.colcon_core.package_identification:_identify(src/ros2_kortex/doc/resources) by extensions ['ignore', 'ignore_ament_install']
[2.647s] Level 1:colcon.colcon_core.package_identification:_identify(src/ros2_kortex/doc/resources) by extension 'ignore'
[2.647s] Level 1:colcon.colcon_core.package_identification:_identify(src/ros2_kortex/doc/resources) by extension 'ignore_ament_install'
[2.647s] Level 1:colcon.colcon_core.package_identification:_identify(src/ros2_kortex/doc/resources) by extensions ['colcon_pkg']
[2.647s] Level 1:colcon.colcon_core.package_identification:_identify(src/ros2_kortex/doc/resources) by extension 'colcon_pkg'
[2.647s] Level 1:colcon.colcon_core.package_identification:_identify(src/ros2_kortex/doc/resources) by extensions ['colcon_meta']
[2.647s] Level 1:colcon.colcon_core.package_identification:_identify(src/ros2_kortex/doc/resources) by extension 'colcon_meta'
[2.648s] Level 1:colcon.colcon_core.package_identification:_identify(src/ros2_kortex/doc/resources) by extensions ['ros']
[2.648s] Level 1:colcon.colcon_core.package_identification:_identify(src/ros2_kortex/doc/resources) by extension 'ros'
[2.648s] Level 1:colcon.colcon_core.package_identification:_identify(src/ros2_kortex/doc/resources) by extensions ['cmake', 'python']
[2.648s] Level 1:colcon.colcon_core.package_identification:_identify(src/ros2_kortex/doc/resources) by extension 'cmake'
[2.649s] Level 1:colcon.colcon_core.package_identification:_identify(src/ros2_kortex/doc/resources) by extension 'python'
[2.649s] Level 1:colcon.colcon_core.package_identification:_identify(src/ros2_kortex/doc/resources) by extensions ['python_setup_py']
[2.649s] Level 1:colcon.colcon_core.package_identification:_identify(src/ros2_kortex/doc/resources) by extension 'python_setup_py'
[2.649s] Level 1:colcon.colcon_core.package_identification:_identify(src/ros2_kortex/kortex_api) by extensions ['ignore', 'ignore_ament_install']
[2.649s] Level 1:colcon.colcon_core.package_identification:_identify(src/ros2_kortex/kortex_api) by extension 'ignore'
[2.650s] Level 1:colcon.colcon_core.package_identification:_identify(src/ros2_kortex/kortex_api) by extension 'ignore_ament_install'
[2.650s] Level 1:colcon.colcon_core.package_identification:_identify(src/ros2_kortex/kortex_api) by extensions ['colcon_pkg']
[2.650s] Level 1:colcon.colcon_core.package_identification:_identify(src/ros2_kortex/kortex_api) by extension 'colcon_pkg'
[2.650s] Level 1:colcon.colcon_core.package_identification:_identify(src/ros2_kortex/kortex_api) by extensions ['colcon_meta']
[2.650s] Level 1:colcon.colcon_core.package_identification:_identify(src/ros2_kortex/kortex_api) by extension 'colcon_meta'
[2.651s] Level 1:colcon.colcon_core.package_identification:_identify(src/ros2_kortex/kortex_api) by extensions ['ros']
[2.651s] Level 1:colcon.colcon_core.package_identification:_identify(src/ros2_kortex/kortex_api) by extension 'ros'
[2.652s] DEBUG:colcon.colcon_core.package_identification:Package 'src/ros2_kortex/kortex_api' with type 'ros.ament_cmake' and name 'kortex_api'
[2.653s] Level 1:colcon.colcon_core.package_identification:_identify(src/ros2_kortex/kortex_bringup) by extensions ['ignore', 'ignore_ament_install']
[2.653s] Level 1:colcon.colcon_core.package_identification:_identify(src/ros2_kortex/kortex_bringup) by extension 'ignore'
[2.653s] Level 1:colcon.colcon_core.package_identification:_identify(src/ros2_kortex/kortex_bringup) by extension 'ignore_ament_install'
[2.653s] Level 1:colcon.colcon_core.package_identification:_identify(src/ros2_kortex/kortex_bringup) by extensions ['colcon_pkg']
[2.653s] Level 1:colcon.colcon_core.package_identification:_identify(src/ros2_kortex/kortex_bringup) by extension 'colcon_pkg'
[2.653s] Level 1:colcon.colcon_core.package_identification:_identify(src/ros2_kortex/kortex_bringup) by extensions ['colcon_meta']
[2.654s] Level 1:colcon.colcon_core.package_identification:_identify(src/ros2_kortex/kortex_bringup) by extension 'colcon_meta'
[2.654s] Level 1:colcon.colcon_core.package_identification:_identify(src/ros2_kortex/kortex_bringup) by extensions ['ros']
[2.654s] Level 1:colcon.colcon_core.package_identification:_identify(src/ros2_kortex/kortex_bringup) by extension 'ros'
[2.656s] DEBUG:colcon.colcon_core.package_identification:Package 'src/ros2_kortex/kortex_bringup' with type 'ros.ament_cmake' and name 'kortex_bringup'
[2.657s] Level 1:colcon.colcon_core.package_identification:_identify(src/ros2_kortex/kortex_description) by extensions ['ignore', 'ignore_ament_install']
[2.657s] Level 1:colcon.colcon_core.package_identification:_identify(src/ros2_kortex/kortex_description) by extension 'ignore'
[2.657s] Level 1:colcon.colcon_core.package_identification:_identify(src/ros2_kortex/kortex_description) by extension 'ignore_ament_install'
[2.657s] Level 1:colcon.colcon_core.package_identification:_identify(src/ros2_kortex/kortex_description) by extensions ['colcon_pkg']
[2.657s] Level 1:colcon.colcon_core.package_identification:_identify(src/ros2_kortex/kortex_description) by extension 'colcon_pkg'
[2.658s] Level 1:colcon.colcon_core.package_identification:_identify(src/ros2_kortex/kortex_description) by extensions ['colcon_meta']
[2.658s] Level 1:colcon.colcon_core.package_identification:_identify(src/ros2_kortex/kortex_description) by extension 'colcon_meta'
[2.658s] Level 1:colcon.colcon_core.package_identification:_identify(src/ros2_kortex/kortex_description) by extensions ['ros']
[2.658s] Level 1:colcon.colcon_core.package_identification:_identify(src/ros2_kortex/kortex_description) by extension 'ros'
[2.661s] DEBUG:colcon.colcon_core.package_identification:Package 'src/ros2_kortex/kortex_description' with type 'ros.ament_cmake' and name 'kortex_description'
[2.661s] Level 1:colcon.colcon_core.package_identification:_identify(src/ros2_kortex/kortex_driver) by extensions ['ignore', 'ignore_ament_install']
[2.661s] Level 1:colcon.colcon_core.package_identification:_identify(src/ros2_kortex/kortex_driver) by extension 'ignore'
[2.661s] Level 1:colcon.colcon_core.package_identification:_identify(src/ros2_kortex/kortex_driver) by extension 'ignore_ament_install'
[2.662s] Level 1:colcon.colcon_core.package_identification:_identify(src/ros2_kortex/kortex_driver) by extensions ['colcon_pkg']
[2.662s] Level 1:colcon.colcon_core.package_identification:_identify(src/ros2_kortex/kortex_driver) by extension 'colcon_pkg'
[2.662s] Level 1:colcon.colcon_core.package_identification:_identify(src/ros2_kortex/kortex_driver) by extensions ['colcon_meta']
[2.663s] Level 1:colcon.colcon_core.package_identification:_identify(src/ros2_kortex/kortex_driver) by extension 'colcon_meta'
[2.663s] Level 1:colcon.colcon_core.package_identification:_identify(src/ros2_kortex/kortex_driver) by extensions ['ros']
[2.663s] Level 1:colcon.colcon_core.package_identification:_identify(src/ros2_kortex/kortex_driver) by extension 'ros'
[2.666s] DEBUG:colcon.colcon_core.package_identification:Package 'src/ros2_kortex/kortex_driver' with type 'ros.ament_cmake' and name 'kortex_driver'
[2.666s] Level 1:colcon.colcon_core.package_identification:_identify(src/ros2_kortex/kortex_moveit_config) by extensions ['ignore', 'ignore_ament_install']
[2.667s] Level 1:colcon.colcon_core.package_identification:_identify(src/ros2_kortex/kortex_moveit_config) by extension 'ignore'
[2.667s] Level 1:colcon.colcon_core.package_identification:_identify(src/ros2_kortex/kortex_moveit_config) by extension 'ignore_ament_install'
[2.667s] Level 1:colcon.colcon_core.package_identification:_identify(src/ros2_kortex/kortex_moveit_config) by extensions ['colcon_pkg']
[2.667s] Level 1:colcon.colcon_core.package_identification:_identify(src/ros2_kortex/kortex_moveit_config) by extension 'colcon_pkg'
[2.667s] Level 1:colcon.colcon_core.package_identification:_identify(src/ros2_kortex/kortex_moveit_config) by extensions ['colcon_meta']
[2.668s] Level 1:colcon.colcon_core.package_identification:_identify(src/ros2_kortex/kortex_moveit_config) by extension 'colcon_meta'
[2.668s] Level 1:colcon.colcon_core.package_identification:_identify(src/ros2_kortex/kortex_moveit_config) by extensions ['ros']
[2.668s] Level 1:colcon.colcon_core.package_identification:_identify(src/ros2_kortex/kortex_moveit_config) by extension 'ros'
[2.668s] Level 1:colcon.colcon_core.package_identification:_identify(src/ros2_kortex/kortex_moveit_config) by extensions ['cmake', 'python']
[2.668s] Level 1:colcon.colcon_core.package_identification:_identify(src/ros2_kortex/kortex_moveit_config) by extension 'cmake'
[2.668s] Level 1:colcon.colcon_core.package_identification:_identify(src/ros2_kortex/kortex_moveit_config) by extension 'python'
[2.669s] Level 1:colcon.colcon_core.package_identification:_identify(src/ros2_kortex/kortex_moveit_config) by extensions ['python_setup_py']
[2.669s] Level 1:colcon.colcon_core.package_identification:_identify(src/ros2_kortex/kortex_moveit_config) by extension 'python_setup_py'
[2.669s] Level 1:colcon.colcon_core.package_identification:_identify(src/ros2_kortex/kortex_moveit_config/kinova_gen3_6dof_robotiq_2f_85_moveit_config) by extensions ['ignore', 'ignore_ament_install']
[2.669s] Level 1:colcon.colcon_core.package_identification:_identify(src/ros2_kortex/kortex_moveit_config/kinova_gen3_6dof_robotiq_2f_85_moveit_config) by extension 'ignore'
[2.669s] Level 1:colcon.colcon_core.package_identification:_identify(src/ros2_kortex/kortex_moveit_config/kinova_gen3_6dof_robotiq_2f_85_moveit_config) by extension 'ignore_ament_install'
[2.670s] Level 1:colcon.colcon_core.package_identification:_identify(src/ros2_kortex/kortex_moveit_config/kinova_gen3_6dof_robotiq_2f_85_moveit_config) by extensions ['colcon_pkg']
[2.670s] Level 1:colcon.colcon_core.package_identification:_identify(src/ros2_kortex/kortex_moveit_config/kinova_gen3_6dof_robotiq_2f_85_moveit_config) by extension 'colcon_pkg'
[2.670s] Level 1:colcon.colcon_core.package_identification:_identify(src/ros2_kortex/kortex_moveit_config/kinova_gen3_6dof_robotiq_2f_85_moveit_config) by extensions ['colcon_meta']
[2.670s] Level 1:colcon.colcon_core.package_identification:_identify(src/ros2_kortex/kortex_moveit_config/kinova_gen3_6dof_robotiq_2f_85_moveit_config) by extension 'colcon_meta'
[2.670s] Level 1:colcon.colcon_core.package_identification:_identify(src/ros2_kortex/kortex_moveit_config/kinova_gen3_6dof_robotiq_2f_85_moveit_config) by extensions ['ros']
[2.670s] Level 1:colcon.colcon_core.package_identification:_identify(src/ros2_kortex/kortex_moveit_config/kinova_gen3_6dof_robotiq_2f_85_moveit_config) by extension 'ros'
[2.674s] DEBUG:colcon.colcon_core.package_identification:Package 'src/ros2_kortex/kortex_moveit_config/kinova_gen3_6dof_robotiq_2f_85_moveit_config' with type 'ros.ament_cmake' and name 'kinova_gen3_6dof_robotiq_2f_85_moveit_config'
[2.674s] Level 1:colcon.colcon_core.package_identification:_identify(src/ros2_kortex/kortex_moveit_config/kinova_gen3_7dof_robotiq_2f_85_moveit_config) by extensions ['ignore', 'ignore_ament_install']
[2.675s] Level 1:colcon.colcon_core.package_identification:_identify(src/ros2_kortex/kortex_moveit_config/kinova_gen3_7dof_robotiq_2f_85_moveit_config) by extension 'ignore'
[2.675s] Level 1:colcon.colcon_core.package_identification:_identify(src/ros2_kortex/kortex_moveit_config/kinova_gen3_7dof_robotiq_2f_85_moveit_config) by extension 'ignore_ament_install'
[2.675s] Level 1:colcon.colcon_core.package_identification:_identify(src/ros2_kortex/kortex_moveit_config/kinova_gen3_7dof_robotiq_2f_85_moveit_config) by extensions ['colcon_pkg']
[2.675s] Level 1:colcon.colcon_core.package_identification:_identify(src/ros2_kortex/kortex_moveit_config/kinova_gen3_7dof_robotiq_2f_85_moveit_config) by extension 'colcon_pkg'
[2.675s] Level 1:colcon.colcon_core.package_identification:_identify(src/ros2_kortex/kortex_moveit_config/kinova_gen3_7dof_robotiq_2f_85_moveit_config) by extensions ['colcon_meta']
[2.676s] Level 1:colcon.colcon_core.package_identification:_identify(src/ros2_kortex/kortex_moveit_config/kinova_gen3_7dof_robotiq_2f_85_moveit_config) by extension 'colcon_meta'
[2.676s] Level 1:colcon.colcon_core.package_identification:_identify(src/ros2_kortex/kortex_moveit_config/kinova_gen3_7dof_robotiq_2f_85_moveit_config) by extensions ['ros']
[2.676s] Level 1:colcon.colcon_core.package_identification:_identify(src/ros2_kortex/kortex_moveit_config/kinova_gen3_7dof_robotiq_2f_85_moveit_config) by extension 'ros'
[2.679s] DEBUG:colcon.colcon_core.package_identification:Package 'src/ros2_kortex/kortex_moveit_config/kinova_gen3_7dof_robotiq_2f_85_moveit_config' with type 'ros.ament_cmake' and name 'kinova_gen3_7dof_robotiq_2f_85_moveit_config'
[2.679s] Level 1:colcon.colcon_core.package_identification:_identify(src/ros2_kortex/kortex_moveit_config/kinova_gen3_lite_moveit_config) by extensions ['ignore', 'ignore_ament_install']
[2.680s] Level 1:colcon.colcon_core.package_identification:_identify(src/ros2_kortex/kortex_moveit_config/kinova_gen3_lite_moveit_config) by extension 'ignore'
[2.680s] Level 1:colcon.colcon_core.package_identification:_identify(src/ros2_kortex/kortex_moveit_config/kinova_gen3_lite_moveit_config) by extension 'ignore_ament_install'
[2.680s] Level 1:colcon.colcon_core.package_identification:_identify(src/ros2_kortex/kortex_moveit_config/kinova_gen3_lite_moveit_config) by extensions ['colcon_pkg']
[2.680s] Level 1:colcon.colcon_core.package_identification:_identify(src/ros2_kortex/kortex_moveit_config/kinova_gen3_lite_moveit_config) by extension 'colcon_pkg'
[2.681s] Level 1:colcon.colcon_core.package_identification:_identify(src/ros2_kortex/kortex_moveit_config/kinova_gen3_lite_moveit_config) by extensions ['colcon_meta']
[2.681s] Level 1:colcon.colcon_core.package_identification:_identify(src/ros2_kortex/kortex_moveit_config/kinova_gen3_lite_moveit_config) by extension 'colcon_meta'
[2.681s] Level 1:colcon.colcon_core.package_identification:_identify(src/ros2_kortex/kortex_moveit_config/kinova_gen3_lite_moveit_config) by extensions ['ros']
[2.681s] Level 1:colcon.colcon_core.package_identification:_identify(src/ros2_kortex/kortex_moveit_config/kinova_gen3_lite_moveit_config) by extension 'ros'
[2.684s] DEBUG:colcon.colcon_core.package_identification:Package 'src/ros2_kortex/kortex_moveit_config/kinova_gen3_lite_moveit_config' with type 'ros.ament_cmake' and name 'kinova_gen3_lite_moveit_config'
[2.684s] Level 1:colcon.colcon_core.package_identification:_identify(src/ros2_kortex/kortex_moveit_config/launch) by extensions ['ignore', 'ignore_ament_install']
[2.685s] Level 1:colcon.colcon_core.package_identification:_identify(src/ros2_kortex/kortex_moveit_config/launch) by extension 'ignore'
[2.685s] Level 1:colcon.colcon_core.package_identification:_identify(src/ros2_kortex/kortex_moveit_config/launch) by extension 'ignore_ament_install'
[2.685s] Level 1:colcon.colcon_core.package_identification:_identify(src/ros2_kortex/kortex_moveit_config/launch) by extensions ['colcon_pkg']
[2.685s] Level 1:colcon.colcon_core.package_identification:_identify(src/ros2_kortex/kortex_moveit_config/launch) by extension 'colcon_pkg'
[2.686s] Level 1:colcon.colcon_core.package_identification:_identify(src/ros2_kortex/kortex_moveit_config/launch) by extensions ['colcon_meta']
[2.686s] Level 1:colcon.colcon_core.package_identification:_identify(src/ros2_kortex/kortex_moveit_config/launch) by extension 'colcon_meta'
[2.686s] Level 1:colcon.colcon_core.package_identification:_identify(src/ros2_kortex/kortex_moveit_config/launch) by extensions ['ros']
[2.686s] Level 1:colcon.colcon_core.package_identification:_identify(src/ros2_kortex/kortex_moveit_config/launch) by extension 'ros'
[2.686s] Level 1:colcon.colcon_core.package_identification:_identify(src/ros2_kortex/kortex_moveit_config/launch) by extensions ['cmake', 'python']
[2.686s] Level 1:colcon.colcon_core.package_identification:_identify(src/ros2_kortex/kortex_moveit_config/launch) by extension 'cmake'
[2.687s] Level 1:colcon.colcon_core.package_identification:_identify(src/ros2_kortex/kortex_moveit_config/launch) by extension 'python'
[2.687s] Level 1:colcon.colcon_core.package_identification:_identify(src/ros2_kortex/kortex_moveit_config/launch) by extensions ['python_setup_py']
[2.687s] Level 1:colcon.colcon_core.package_identification:_identify(src/ros2_kortex/kortex_moveit_config/launch) by extension 'python_setup_py'
[2.687s] Level 1:colcon.colcon_core.package_identification:_identify(src/ros2_robotiq_gripper) by extensions ['ignore', 'ignore_ament_install']
[2.688s] Level 1:colcon.colcon_core.package_identification:_identify(src/ros2_robotiq_gripper) by extension 'ignore'
[2.688s] Level 1:colcon.colcon_core.package_identification:_identify(src/ros2_robotiq_gripper) by extension 'ignore_ament_install'
[2.688s] Level 1:colcon.colcon_core.package_identification:_identify(src/ros2_robotiq_gripper) by extensions ['colcon_pkg']
[2.688s] Level 1:colcon.colcon_core.package_identification:_identify(src/ros2_robotiq_gripper) by extension 'colcon_pkg'
[2.688s] Level 1:colcon.colcon_core.package_identification:_identify(src/ros2_robotiq_gripper) by extensions ['colcon_meta']
[2.688s] Level 1:colcon.colcon_core.package_identification:_identify(src/ros2_robotiq_gripper) by extension 'colcon_meta'
[2.689s] Level 1:colcon.colcon_core.package_identification:_identify(src/ros2_robotiq_gripper) by extensions ['ros']
[2.689s] Level 1:colcon.colcon_core.package_identification:_identify(src/ros2_robotiq_gripper) by extension 'ros'
[2.689s] Level 1:colcon.colcon_core.package_identification:_identify(src/ros2_robotiq_gripper) by extensions ['cmake', 'python']
[2.689s] Level 1:colcon.colcon_core.package_identification:_identify(src/ros2_robotiq_gripper) by extension 'cmake'
[2.689s] Level 1:colcon.colcon_core.package_identification:_identify(src/ros2_robotiq_gripper) by extension 'python'
[2.690s] Level 1:colcon.colcon_core.package_identification:_identify(src/ros2_robotiq_gripper) by extensions ['python_setup_py']
[2.690s] Level 1:colcon.colcon_core.package_identification:_identify(src/ros2_robotiq_gripper) by extension 'python_setup_py'
[2.690s] Level 1:colcon.colcon_core.package_identification:_identify(src/ros2_robotiq_gripper/robotiq_controllers) by extensions ['ignore', 'ignore_ament_install']
[2.690s] Level 1:colcon.colcon_core.package_identification:_identify(src/ros2_robotiq_gripper/robotiq_controllers) by extension 'ignore'
[2.690s] Level 1:colcon.colcon_core.package_identification:_identify(src/ros2_robotiq_gripper/robotiq_controllers) by extension 'ignore_ament_install'
[2.691s] Level 1:colcon.colcon_core.package_identification:_identify(src/ros2_robotiq_gripper/robotiq_controllers) by extensions ['colcon_pkg']
[2.691s] Level 1:colcon.colcon_core.package_identification:_identify(src/ros2_robotiq_gripper/robotiq_controllers) by extension 'colcon_pkg'
[2.691s] Level 1:colcon.colcon_core.package_identification:_identify(src/ros2_robotiq_gripper/robotiq_controllers) by extensions ['colcon_meta']
[2.691s] Level 1:colcon.colcon_core.package_identification:_identify(src/ros2_robotiq_gripper/robotiq_controllers) by extension 'colcon_meta'
[2.691s] Level 1:colcon.colcon_core.package_identification:_identify(src/ros2_robotiq_gripper/robotiq_controllers) by extensions ['ros']
[2.691s] Level 1:colcon.colcon_core.package_identification:_identify(src/ros2_robotiq_gripper/robotiq_controllers) by extension 'ros'
[2.694s] DEBUG:colcon.colcon_core.package_identification:Package 'src/ros2_robotiq_gripper/robotiq_controllers' with type 'ros.ament_cmake' and name 'robotiq_controllers'
[2.695s] Level 1:colcon.colcon_core.package_identification:_identify(src/ros2_robotiq_gripper/robotiq_description) by extensions ['ignore', 'ignore_ament_install']
[2.695s] Level 1:colcon.colcon_core.package_identification:_identify(src/ros2_robotiq_gripper/robotiq_description) by extension 'ignore'
[2.696s] Level 1:colcon.colcon_core.package_identification:_identify(src/ros2_robotiq_gripper/robotiq_description) by extension 'ignore_ament_install'
[2.696s] Level 1:colcon.colcon_core.package_identification:_identify(src/ros2_robotiq_gripper/robotiq_description) by extensions ['colcon_pkg']
[2.696s] Level 1:colcon.colcon_core.package_identification:_identify(src/ros2_robotiq_gripper/robotiq_description) by extension 'colcon_pkg'
[2.696s] Level 1:colcon.colcon_core.package_identification:_identify(src/ros2_robotiq_gripper/robotiq_description) by extensions ['colcon_meta']
[2.696s] Level 1:colcon.colcon_core.package_identification:_identify(src/ros2_robotiq_gripper/robotiq_description) by extension 'colcon_meta'
[2.696s] Level 1:colcon.colcon_core.package_identification:_identify(src/ros2_robotiq_gripper/robotiq_description) by extensions ['ros']
[2.696s] Level 1:colcon.colcon_core.package_identification:_identify(src/ros2_robotiq_gripper/robotiq_description) by extension 'ros'
[2.699s] DEBUG:colcon.colcon_core.package_identification:Package 'src/ros2_robotiq_gripper/robotiq_description' with type 'ros.ament_cmake' and name 'robotiq_description'
[2.699s] Level 1:colcon.colcon_core.package_identification:_identify(src/ros2_robotiq_gripper/robotiq_driver) by extensions ['ignore', 'ignore_ament_install']
[2.700s] Level 1:colcon.colcon_core.package_identification:_identify(src/ros2_robotiq_gripper/robotiq_driver) by extension 'ignore'
[2.700s] Level 1:colcon.colcon_core.package_identification:_identify(src/ros2_robotiq_gripper/robotiq_driver) by extension 'ignore_ament_install'
[2.700s] Level 1:colcon.colcon_core.package_identification:_identify(src/ros2_robotiq_gripper/robotiq_driver) by extensions ['colcon_pkg']
[2.700s] Level 1:colcon.colcon_core.package_identification:_identify(src/ros2_robotiq_gripper/robotiq_driver) by extension 'colcon_pkg'
[2.700s] Level 1:colcon.colcon_core.package_identification:_identify(src/ros2_robotiq_gripper/robotiq_driver) by extensions ['colcon_meta']
[2.700s] Level 1:colcon.colcon_core.package_identification:_identify(src/ros2_robotiq_gripper/robotiq_driver) by extension 'colcon_meta'
[2.701s] Level 1:colcon.colcon_core.package_identification:_identify(src/ros2_robotiq_gripper/robotiq_driver) by extensions ['ros']
[2.701s] Level 1:colcon.colcon_core.package_identification:_identify(src/ros2_robotiq_gripper/robotiq_driver) by extension 'ros'
[2.704s] DEBUG:colcon.colcon_core.package_identification:Package 'src/ros2_robotiq_gripper/robotiq_driver' with type 'ros.ament_cmake' and name 'robotiq_driver'
[2.705s] Level 1:colcon.colcon_core.package_identification:_identify(src/ros2_robotiq_gripper/robotiq_hardware_tests) by extensions ['ignore', 'ignore_ament_install']
[2.705s] Level 1:colcon.colcon_core.package_identification:_identify(src/ros2_robotiq_gripper/robotiq_hardware_tests) by extension 'ignore'
[2.705s] Level 1:colcon.colcon_core.package_identification:_identify(src/ros2_robotiq_gripper/robotiq_hardware_tests) by extension 'ignore_ament_install'
[2.706s] Level 1:colcon.colcon_core.package_identification:_identify(src/ros2_robotiq_gripper/robotiq_hardware_tests) by extensions ['colcon_pkg']
[2.706s] Level 1:colcon.colcon_core.package_identification:_identify(src/ros2_robotiq_gripper/robotiq_hardware_tests) by extension 'colcon_pkg'
[2.706s] Level 1:colcon.colcon_core.package_identification:_identify(src/ros2_robotiq_gripper/robotiq_hardware_tests) by extensions ['colcon_meta']
[2.706s] Level 1:colcon.colcon_core.package_identification:_identify(src/ros2_robotiq_gripper/robotiq_hardware_tests) by extension 'colcon_meta'
[2.706s] Level 1:colcon.colcon_core.package_identification:_identify(src/ros2_robotiq_gripper/robotiq_hardware_tests) by extensions ['ros']
[2.706s] Level 1:colcon.colcon_core.package_identification:_identify(src/ros2_robotiq_gripper/robotiq_hardware_tests) by extension 'ros'
[2.709s] DEBUG:colcon.colcon_core.package_identification:Package 'src/ros2_robotiq_gripper/robotiq_hardware_tests' with type 'ros.ament_cmake' and name 'robotiq_hardware_tests'
[2.709s] Level 1:colcon.colcon_core.package_identification:_identify(src/rviz_visual_tools) by extensions ['ignore', 'ignore_ament_install']
[2.710s] Level 1:colcon.colcon_core.package_identification:_identify(src/rviz_visual_tools) by extension 'ignore'
[2.710s] Level 1:colcon.colcon_core.package_identification:_identify(src/rviz_visual_tools) by extension 'ignore_ament_install'
[2.711s] Level 1:colcon.colcon_core.package_identification:_identify(src/rviz_visual_tools) by extensions ['colcon_pkg']
[2.711s] Level 1:colcon.colcon_core.package_identification:_identify(src/rviz_visual_tools) by extension 'colcon_pkg'
[2.711s] Level 1:colcon.colcon_core.package_identification:_identify(src/rviz_visual_tools) by extensions ['colcon_meta']
[2.711s] Level 1:colcon.colcon_core.package_identification:_identify(src/rviz_visual_tools) by extension 'colcon_meta'
[2.711s] Level 1:colcon.colcon_core.package_identification:_identify(src/rviz_visual_tools) by extensions ['ros']
[2.711s] Level 1:colcon.colcon_core.package_identification:_identify(src/rviz_visual_tools) by extension 'ros'
[2.720s] DEBUG:colcon.colcon_core.package_identification:Package 'src/rviz_visual_tools' with type 'ros.ament_cmake' and name 'rviz_visual_tools'
[2.721s] Level 1:colcon.colcon_core.package_identification:_identify(src/serial) by extensions ['ignore', 'ignore_ament_install']
[2.721s] Level 1:colcon.colcon_core.package_identification:_identify(src/serial) by extension 'ignore'
[2.722s] Level 1:colcon.colcon_core.package_identification:_identify(src/serial) by extension 'ignore_ament_install'
[2.722s] Level 1:colcon.colcon_core.package_identification:_identify(src/serial) by extensions ['colcon_pkg']
[2.722s] Level 1:colcon.colcon_core.package_identification:_identify(src/serial) by extension 'colcon_pkg'
[2.723s] Level 1:colcon.colcon_core.package_identification:_identify(src/serial) by extensions ['colcon_meta']
[2.727s] Level 1:colcon.colcon_core.package_identification:_identify(src/serial) by extension 'colcon_meta'
[2.727s] Level 1:colcon.colcon_core.package_identification:_identify(src/serial) by extensions ['ros']
[2.727s] Level 1:colcon.colcon_core.package_identification:_identify(src/serial) by extension 'ros'
[2.733s] DEBUG:colcon.colcon_core.package_identification:Package 'src/serial' with type 'ros.ament_cmake' and name 'serial'
[2.734s] Level 1:colcon.colcon_core.package_discovery:discover_packages(recursive) using defaults
[2.734s] Level 1:colcon.colcon_core.package_discovery:discover_packages(ignore) discover
[2.734s] Level 1:colcon.colcon_core.package_discovery:discover_packages(ignore) using defaults
[2.734s] Level 1:colcon.colcon_core.package_discovery:discover_packages(path) discover
[2.735s] Level 1:colcon.colcon_core.package_discovery:discover_packages(path) using defaults
[3.535s] INFO:colcon.colcon_core.package_selection:Skipping not selected package 'gz_ros2_control' in 'src/gz_ros2_control/gz_ros2_control'
[3.535s] INFO:colcon.colcon_core.package_selection:Skipping not selected package 'kortex_api' in 'src/ros2_kortex/kortex_api'
[3.536s] INFO:colcon.colcon_core.package_selection:Skipping not selected package 'moveit_common' in 'src/moveit2/moveit_common'
[3.536s] INFO:colcon.colcon_core.package_selection:Skipping not selected package 'moveit_configs_utils' in 'src/moveit2/moveit_configs_utils'
[3.536s] INFO:colcon.colcon_core.package_selection:Skipping not selected package 'moveit_msgs' in 'src/moveit_msgs'
[3.536s] INFO:colcon.colcon_core.package_selection:Skipping not selected package 'moveit_resources_fanuc_description' in 'src/moveit_resources/fanuc_description'
[3.536s] INFO:colcon.colcon_core.package_selection:Skipping not selected package 'moveit_resources_panda_description' in 'src/moveit_resources/panda_description'
[3.536s] INFO:colcon.colcon_core.package_selection:Skipping not selected package 'moveit_resources_pr2_description' in 'src/moveit_resources/pr2_description'
[3.536s] INFO:colcon.colcon_core.package_selection:Skipping not selected package 'moveit_resources_prbt_support' in 'src/moveit2/moveit_planners/test_configs/prbt_support'
[3.536s] INFO:colcon.colcon_core.package_selection:Skipping not selected package 'picknik_reset_fault_controller' in 'src/picknik_controllers/picknik_reset_fault_controller'
[3.537s] INFO:colcon.colcon_core.package_selection:Skipping not selected package 'picknik_twist_controller' in 'src/picknik_controllers/picknik_twist_controller'
[3.537s] INFO:colcon.colcon_core.package_selection:Skipping not selected package 'robotiq_controllers' in 'src/ros2_robotiq_gripper/robotiq_controllers'
[3.537s] INFO:colcon.colcon_core.package_selection:Skipping not selected package 'robotiq_description' in 'src/ros2_robotiq_gripper/robotiq_description'
[3.537s] INFO:colcon.colcon_core.package_selection:Skipping not selected package 'rviz_visual_tools' in 'src/rviz_visual_tools'
[3.538s] INFO:colcon.colcon_core.package_selection:Skipping not selected package 'serial' in 'src/serial'
[3.538s] INFO:colcon.colcon_core.package_selection:Skipping not selected package 'ur_dashboard_msgs' in 'src/Universal_Robots_ROS2_Driver/ur_dashboard_msgs'
[3.538s] INFO:colcon.colcon_core.package_selection:Skipping not selected package 'ur_description' in 'src/Universal_Robots_ROS2_Description'
[3.538s] INFO:colcon.colcon_core.package_selection:Skipping not selected package 'dual_arm_panda_moveit_config' in 'src/moveit_resources/dual_arm_panda_moveit_config'
[3.538s] INFO:colcon.colcon_core.package_selection:Skipping not selected package 'gz_ros2_control_demos' in 'src/gz_ros2_control/gz_ros2_control_demos'
[3.538s] INFO:colcon.colcon_core.package_selection:Skipping not selected package 'kortex_description' in 'src/ros2_kortex/kortex_description'
[3.538s] INFO:colcon.colcon_core.package_selection:Skipping not selected package 'kortex_driver' in 'src/ros2_kortex/kortex_driver'
[3.538s] INFO:colcon.colcon_core.package_selection:Skipping not selected package 'moveit_resources_fanuc_moveit_config' in 'src/moveit_resources/fanuc_moveit_config'
[3.538s] INFO:colcon.colcon_core.package_selection:Skipping not selected package 'moveit_resources_panda_moveit_config' in 'src/moveit_resources/panda_moveit_config'
[3.538s] INFO:colcon.colcon_core.package_selection:Skipping not selected package 'moveit_task_constructor_msgs' in 'src/moveit_task_constructor/msgs'
[3.539s] INFO:colcon.colcon_core.package_selection:Skipping not selected package 'robotiq_driver' in 'src/ros2_robotiq_gripper/robotiq_driver'
[3.539s] INFO:colcon.colcon_core.package_selection:Skipping not selected package 'rviz_marker_tools' in 'src/moveit_task_constructor/rviz_marker_tools'
[3.539s] INFO:colcon.colcon_core.package_selection:Skipping not selected package 'ur_controllers' in 'src/Universal_Robots_ROS2_Driver/ur_controllers'
[3.539s] INFO:colcon.colcon_core.package_selection:Skipping not selected package 'gz_ros2_control_tests' in 'src/gz_ros2_control/gz_ros2_control_tests'
[3.539s] INFO:colcon.colcon_core.package_selection:Skipping not selected package 'kortex_bringup' in 'src/ros2_kortex/kortex_bringup'
[3.539s] INFO:colcon.colcon_core.package_selection:Skipping not selected package 'moveit_core' in 'src/moveit2/moveit_core'
[3.539s] INFO:colcon.colcon_core.package_selection:Skipping not selected package 'moveit_resources' in 'src/moveit_resources/moveit_resources'
[3.539s] INFO:colcon.colcon_core.package_selection:Skipping not selected package 'robotiq_hardware_tests' in 'src/ros2_robotiq_gripper/robotiq_hardware_tests'
[3.539s] INFO:colcon.colcon_core.package_selection:Skipping not selected package 'ur_robot_driver' in 'src/Universal_Robots_ROS2_Driver/ur_robot_driver'
[3.539s] INFO:colcon.colcon_core.package_selection:Skipping not selected package 'chomp_motion_planner' in 'src/moveit2/moveit_planners/chomp/chomp_motion_planner'
[3.539s] INFO:colcon.colcon_core.package_selection:Skipping not selected package 'moveit_planners_stomp' in 'src/moveit2/moveit_planners/stomp'
[3.540s] INFO:colcon.colcon_core.package_selection:Skipping not selected package 'moveit_resources_prbt_ikfast_manipulator_plugin' in 'src/moveit2/moveit_planners/test_configs/prbt_ikfast_manipulator_plugin'
[3.540s] INFO:colcon.colcon_core.package_selection:Skipping not selected package 'moveit_ros_occupancy_map_monitor' in 'src/moveit2/moveit_ros/occupancy_map_monitor'
[3.540s] INFO:colcon.colcon_core.package_selection:Skipping not selected package 'moveit_simple_controller_manager' in 'src/moveit2/moveit_plugins/moveit_simple_controller_manager'
[3.540s] INFO:colcon.colcon_core.package_selection:Skipping not selected package 'pilz_industrial_motion_planner_testutils' in 'src/moveit2/moveit_planners/pilz_industrial_motion_planner_testutils'
[3.540s] INFO:colcon.colcon_core.package_selection:Skipping not selected package 'ur_calibration' in 'src/Universal_Robots_ROS2_Driver/ur_calibration'
[3.540s] INFO:colcon.colcon_core.package_selection:Skipping not selected package 'moveit_planners_chomp' in 'src/moveit2/moveit_planners/chomp/chomp_interface'
[3.540s] INFO:colcon.colcon_core.package_selection:Skipping not selected package 'moveit_plugins' in 'src/moveit2/moveit_plugins/moveit_plugins'
[3.540s] INFO:colcon.colcon_core.package_selection:Skipping not selected package 'moveit_ros_control_interface' in 'src/moveit2/moveit_plugins/moveit_ros_control_interface'
[3.540s] INFO:colcon.colcon_core.package_selection:Skipping not selected package 'moveit_ros_planning' in 'src/moveit2/moveit_ros/planning'
[3.540s] INFO:colcon.colcon_core.package_selection:Skipping not selected package 'moveit_kinematics' in 'src/moveit2/moveit_kinematics'
[3.540s] INFO:colcon.colcon_core.package_selection:Skipping not selected package 'moveit_planners_ompl' in 'src/moveit2/moveit_planners/ompl'
[3.541s] INFO:colcon.colcon_core.package_selection:Skipping not selected package 'moveit_ros_perception' in 'src/moveit2/moveit_ros/perception'
[3.541s] INFO:colcon.colcon_core.package_selection:Skipping not selected package 'moveit_ros_robot_interaction' in 'src/moveit2/moveit_ros/robot_interaction'
[3.541s] INFO:colcon.colcon_core.package_selection:Skipping not selected package 'moveit_ros_warehouse' in 'src/moveit2/moveit_ros/warehouse'
[3.541s] INFO:colcon.colcon_core.package_selection:Skipping not selected package 'moveit_visual_tools' in 'src/moveit_visual_tools'
[3.541s] INFO:colcon.colcon_core.package_selection:Skipping not selected package 'moveit_ros_benchmarks' in 'src/moveit2/moveit_ros/benchmarks'
[3.541s] INFO:colcon.colcon_core.package_selection:Skipping not selected package 'moveit_ros_move_group' in 'src/moveit2/moveit_ros/move_group'
[3.541s] INFO:colcon.colcon_core.package_selection:Skipping not selected package 'moveit_resources_prbt_moveit_config' in 'src/moveit2/moveit_planners/test_configs/prbt_moveit_config'
[3.541s] INFO:colcon.colcon_core.package_selection:Skipping not selected package 'moveit_ros_planning_interface' in 'src/moveit2/moveit_ros/planning_interface'
[3.541s] INFO:colcon.colcon_core.package_selection:Skipping not selected package 'moveit_hybrid_planning' in 'src/moveit2/moveit_ros/hybrid_planning'
[3.541s] INFO:colcon.colcon_core.package_selection:Skipping not selected package 'moveit_py' in 'src/moveit2/moveit_py'
[3.541s] INFO:colcon.colcon_core.package_selection:Skipping not selected package 'moveit_resources_prbt_pg70_support' in 'src/moveit2/moveit_planners/test_configs/prbt_pg70_support'
[3.541s] INFO:colcon.colcon_core.package_selection:Skipping not selected package 'moveit_ros_visualization' in 'src/moveit2/moveit_ros/visualization'
[3.542s] INFO:colcon.colcon_core.package_selection:Skipping not selected package 'moveit_ros' in 'src/moveit2/moveit_ros/moveit_ros'
[3.542s] INFO:colcon.colcon_core.package_selection:Skipping not selected package 'moveit_servo' in 'src/moveit2/moveit_ros/moveit_servo'
[3.542s] INFO:colcon.colcon_core.package_selection:Skipping not selected package 'moveit_setup_framework' in 'src/moveit2/moveit_setup_assistant/moveit_setup_framework'
[3.542s] INFO:colcon.colcon_core.package_selection:Skipping not selected package 'pilz_industrial_motion_planner' in 'src/moveit2/moveit_planners/pilz_industrial_motion_planner'
[3.542s] INFO:colcon.colcon_core.package_selection:Skipping not selected package 'moveit_planners' in 'src/moveit2/moveit_planners/moveit_planners'
[3.542s] INFO:colcon.colcon_core.package_selection:Skipping not selected package 'moveit_ros_tests' in 'src/moveit2/moveit_ros/tests'
[3.542s] INFO:colcon.colcon_core.package_selection:Skipping not selected package 'moveit_ros_trajectory_cache' in 'src/moveit2/moveit_ros/trajectory_cache'
[3.542s] INFO:colcon.colcon_core.package_selection:Skipping not selected package 'moveit_setup_app_plugins' in 'src/moveit2/moveit_setup_assistant/moveit_setup_app_plugins'
[3.542s] INFO:colcon.colcon_core.package_selection:Skipping not selected package 'moveit_setup_controllers' in 'src/moveit2/moveit_setup_assistant/moveit_setup_controllers'
[3.542s] INFO:colcon.colcon_core.package_selection:Skipping not selected package 'moveit_setup_core_plugins' in 'src/moveit2/moveit_setup_assistant/moveit_setup_core_plugins'
[3.542s] INFO:colcon.colcon_core.package_selection:Skipping not selected package 'moveit_setup_srdf_plugins' in 'src/moveit2/moveit_setup_assistant/moveit_setup_srdf_plugins'
[3.543s] INFO:colcon.colcon_core.package_selection:Skipping not selected package 'moveit_runtime' in 'src/moveit2/moveit_runtime'
[3.543s] INFO:colcon.colcon_core.package_selection:Skipping not selected package 'moveit_setup_assistant' in 'src/moveit2/moveit_setup_assistant/moveit_setup_assistant'
[3.543s] INFO:colcon.colcon_core.package_selection:Skipping not selected package 'moveit_task_constructor_core' in 'src/moveit_task_constructor/core'
[3.543s] INFO:colcon.colcon_core.package_selection:Skipping not selected package 'ur_moveit_config' in 'src/Universal_Robots_ROS2_Driver/ur_moveit_config'
[3.543s] INFO:colcon.colcon_core.package_selection:Skipping not selected package 'kinova_gen3_6dof_robotiq_2f_85_moveit_config' in 'src/ros2_kortex/kortex_moveit_config/kinova_gen3_6dof_robotiq_2f_85_moveit_config'
[3.543s] INFO:colcon.colcon_core.package_selection:Skipping not selected package 'kinova_gen3_7dof_robotiq_2f_85_moveit_config' in 'src/ros2_kortex/kortex_moveit_config/kinova_gen3_7dof_robotiq_2f_85_moveit_config'
[3.543s] INFO:colcon.colcon_core.package_selection:Skipping not selected package 'kinova_gen3_lite_moveit_config' in 'src/ros2_kortex/kortex_moveit_config/kinova_gen3_lite_moveit_config'
[3.543s] INFO:colcon.colcon_core.package_selection:Skipping not selected package 'moveit' in 'src/moveit2/moveit'
[3.543s] INFO:colcon.colcon_core.package_selection:Skipping not selected package 'moveit_task_constructor_capabilities' in 'src/moveit_task_constructor/capabilities'
[3.543s] INFO:colcon.colcon_core.package_selection:Skipping not selected package 'moveit_task_constructor_visualization' in 'src/moveit_task_constructor/visualization'
[3.543s] INFO:colcon.colcon_core.package_selection:Skipping not selected package 'ur' in 'src/Universal_Robots_ROS2_Driver/ur'
[3.543s] INFO:colcon.colcon_core.package_selection:Skipping not selected package 'ur_simulation_gz' in 'src/Universal_Robots_ROS2_GZ_Simulation/ur_simulation_gz'
[3.544s] INFO:colcon.colcon_core.package_selection:Skipping not selected package 'moveit2_tutorials' in 'src/moveit2_tutorials'
[3.544s] INFO:colcon.colcon_core.package_selection:Skipping not selected package 'moveit_task_constructor_demo' in 'src/moveit_task_constructor/demo'
[3.546s] Level 1:colcon.colcon_core.package_discovery:discover_packages(prefix_path) check parameters
[3.546s] Level 1:colcon.colcon_core.package_discovery:discover_packages(prefix_path) discover
[3.587s] DEBUG:colcon.colcon_installed_package_information.package_discovery:Found 84 installed packages in /home/habibahassan/project/install
[3.608s] DEBUG:colcon.colcon_installed_package_information.package_discovery:Found 428 installed packages in /opt/ros/jazzy
[3.630s] Level 1:colcon.colcon_core.package_discovery:discover_packages(prefix_path) using defaults
[4.074s] Level 5:colcon.colcon_core.verb:set package 'move_program' build argument 'cmake_args' from command line to 'None'
[4.074s] Level 5:colcon.colcon_core.verb:set package 'move_program' build argument 'cmake_target' from command line to 'None'
[4.074s] Level 5:colcon.colcon_core.verb:set package 'move_program' build argument 'cmake_target_skip_unavailable' from command line to 'False'
[4.074s] Level 5:colcon.colcon_core.verb:set package 'move_program' build argument 'cmake_clean_cache' from command line to 'False'
[4.074s] Level 5:colcon.colcon_core.verb:set package 'move_program' build argument 'cmake_clean_first' from command line to 'False'
[4.074s] Level 5:colcon.colcon_core.verb:set package 'move_program' build argument 'cmake_force_configure' from command line to 'False'
[4.074s] Level 5:colcon.colcon_core.verb:set package 'move_program' build argument 'ament_cmake_args' from command line to 'None'
[4.074s] Level 5:colcon.colcon_core.verb:set package 'move_program' build argument 'catkin_cmake_args' from command line to 'None'
[4.074s] Level 5:colcon.colcon_core.verb:set package 'move_program' build argument 'catkin_skip_building_tests' from command line to 'False'
[4.075s] DEBUG:colcon.colcon_core.verb:Building package 'move_program' with the following arguments: {'ament_cmake_args': None, 'build_base': '/home/habibahassan/project/build/move_program', 'catkin_cmake_args': None, 'catkin_skip_building_tests': False, 'cmake_args': None, 'cmake_clean_cache': False, 'cmake_clean_first': False, 'cmake_force_configure': False, 'cmake_target': None, 'cmake_target_skip_unavailable': False, 'install_base': '/home/habibahassan/project/install/move_program', 'merge_install': False, 'path': '/home/habibahassan/project/src/move_program', 'symlink_install': True, 'test_result_base': None}
[4.081s] INFO:colcon.colcon_core.executor:Executing jobs using 'parallel' executor
[4.107s] DEBUG:colcon.colcon_parallel_executor.executor.parallel:run_until_complete
[4.129s] INFO:colcon.colcon_ros.task.ament_cmake.build:Building ROS package in '/home/habibahassan/project/src/move_program' with build type 'ament_cmake'
[4.130s] INFO:colcon.colcon_cmake.task.cmake.build:Building CMake package in '/home/habibahassan/project/src/move_program'
[4.152s] INFO:colcon.colcon_core.plugin_system:Skipping extension 'colcon_core.shell.bat': Not used on non-Windows systems
[4.153s] INFO:colcon.colcon_core.shell:Skip shell extension 'powershell' for command environment: Not usable outside of PowerShell
[4.154s] DEBUG:colcon.colcon_core.shell:Skip shell extension 'dsv' for command environment
[12.323s] DEBUG:colcon.colcon_core.event_handler.log_command:Invoking command in '/home/habibahassan/project/build/move_program': AMENT_PREFIX_PATH=/home/habibahassan/project/install/moveit_configs_utils:/home/habibahassan/project/install/ur_simulation_gz:/home/habibahassan/project/install/ur:/home/habibahassan/project/install/ur_calibration:/home/habibahassan/project/install/ur_robot_driver:/home/habibahassan/project/install/ur_moveit_config:/home/habibahassan/project/install/ur_description:/home/habibahassan/project/install/ur_controllers:/home/habibahassan/project/install/ur_dashboard_msgs:/home/habibahassan/project/install/robotiq_hardware_tests:/home/habibahassan/project/install/robotiq_driver:/home/habibahassan/project/install/serial:/home/habibahassan/project/install/moveit2_tutorials:/home/habibahassan/project/install/moveit_visual_tools:/home/habibahassan/project/install/rviz_visual_tools:/home/habibahassan/project/install/moveit_task_constructor_visualization:/home/habibahassan/project/install/moveit_task_constructor_demo:/home/habibahassan/project/install/moveit_task_constructor_capabilities:/home/habibahassan/project/install/moveit_task_constructor_core:/home/habibahassan/project/install/rviz_marker_tools:/home/habibahassan/project/install/kortex_bringup:/home/habibahassan/project/install/kinova_gen3_lite_moveit_config:/home/habibahassan/project/install/kinova_gen3_7dof_robotiq_2f_85_moveit_config:/home/habibahassan/project/install/kinova_gen3_6dof_robotiq_2f_85_moveit_config:/home/habibahassan/project/install/kortex_description:/home/habibahassan/project/install/robotiq_description:/home/habibahassan/project/install/robotiq_controllers:/home/habibahassan/project/install/pilz_industrial_motion_planner_testutils:/home/habibahassan/project/install/moveit_runtime:/home/habibahassan/project/install/moveit:/home/habibahassan/project/install/moveit_planners:/home/habibahassan/project/install/pilz_industrial_motion_planner:/home/habibahassan/project/install/picknik_twist_controller:/home/habibahassan/project/install/picknik_reset_fault_controller:/home/habibahassan/project/install/moveit_task_constructor_msgs:/home/habibahassan/project/install/moveit_ros_control_interface:/home/habibahassan/project/install/moveit_plugins:/home/habibahassan/project/install/move_program:/home/habibahassan/project/install/moveit_simple_controller_manager:/home/habibahassan/project/install/moveit_setup_assistant:/home/habibahassan/project/install/moveit_setup_srdf_plugins:/home/habibahassan/project/install/moveit_setup_core_plugins:/home/habibahassan/project/install/moveit_setup_controllers:/home/habibahassan/project/install/moveit_setup_app_plugins:/home/habibahassan/project/install/moveit_setup_framework:/home/habibahassan/project/install/moveit_servo:/home/habibahassan/project/install/moveit_ros_trajectory_cache:/home/habibahassan/project/install/moveit_ros:/home/habibahassan/project/install/moveit_ros_visualization:/home/habibahassan/project/install/moveit_py:/home/habibahassan/project/install/moveit_hybrid_planning:/home/habibahassan/project/install/moveit_ros_planning_interface:/home/habibahassan/project/install/moveit_ros_benchmarks:/home/habibahassan/project/install/moveit_ros_warehouse:/home/habibahassan/project/install/moveit_ros_robot_interaction:/home/habibahassan/project/install/moveit_ros_perception:/home/habibahassan/project/install/moveit_resources_prbt_pg70_support:/home/habibahassan/project/install/moveit_resources_prbt_moveit_config:/home/habibahassan/project/install/moveit_ros_move_group:/home/habibahassan/project/install/moveit_planners_ompl:/home/habibahassan/project/install/moveit_kinematics:/home/habibahassan/project/install/moveit_ros_planning:/home/habibahassan/project/install/moveit_ros_occupancy_map_monitor:/home/habibahassan/project/install/moveit_resources_prbt_support:/home/habibahassan/project/install/moveit_resources_prbt_ikfast_manipulator_plugin:/home/habibahassan/project/install/moveit_resources:/home/habibahassan/project/install/moveit_resources_pr2_description:/home/habibahassan/project/install/moveit_resources_panda_moveit_config:/home/habibahassan/project/install/dual_arm_panda_moveit_config:/home/habibahassan/project/install/moveit_resources_panda_description:/home/habibahassan/project/install/moveit_resources_fanuc_moveit_config:/home/habibahassan/project/install/moveit_resources_fanuc_description:/home/habibahassan/project/install/moveit_planners_stomp:/home/habibahassan/project/install/moveit_planners_chomp:/home/habibahassan/project/install/chomp_motion_planner:/home/habibahassan/project/install/moveit_core:/home/habibahassan/project/install/moveit_msgs:/home/habibahassan/project/install/moveit_common:/home/habibahassan/project/install/kortex_driver:/home/habibahassan/project/install/kortex_api:/home/habibahassan/project/install/gz_ros2_control_tests:/home/habibahassan/project/install/gz_ros2_control_demos:/home/habibahassan/project/install/gz_ros2_control:/opt/ros/jazzy CMAKE_PREFIX_PATH=/home/habibahassan/project/install/moveit_servo:/home/habibahassan/project/install/moveit_ros_visualization:/home/habibahassan/project/install/moveit_ros_planning_interface:/home/habibahassan/project/install/moveit_ros_move_group:/home/habibahassan/project/install/moveit_ros_warehouse:/home/habibahassan/project/install/moveit_ros_robot_interaction:/home/habibahassan/project/install/moveit_kinematics:/home/habibahassan/project/install/moveit_ros_planning:/home/habibahassan/project/install/moveit_simple_controller_manager:/home/habibahassan/project/install/moveit_ros_occupancy_map_monitor:/home/habibahassan/project/install/moveit_core:/home/habibahassan/project/install/moveit_resources_panda_moveit_config:/home/habibahassan/project/install/moveit_resources_fanuc_moveit_config:/home/habibahassan/project/install/moveit_resources_pr2_description:/home/habibahassan/project/install/moveit_resources_panda_description:/home/habibahassan/project/install/moveit_resources_fanuc_description:/home/habibahassan/project/install/moveit_msgs:/home/habibahassan/project/install/moveit_common:/home/habibahassan/project/install/ur_simulation_gz:/home/habibahassan/project/install/ur:/home/habibahassan/project/install/ur_calibration:/home/habibahassan/project/install/ur_robot_driver:/home/habibahassan/project/install/ur_moveit_config:/home/habibahassan/project/install/ur_description:/home/habibahassan/project/install/ur_controllers:/home/habibahassan/project/install/ur_dashboard_msgs:/home/habibahassan/project/install/robotiq_hardware_tests:/home/habibahassan/project/install/robotiq_driver:/home/habibahassan/project/install/serial:/home/habibahassan/project/install/moveit2_tutorials:/home/habibahassan/project/install/moveit_visual_tools:/home/habibahassan/project/install/rviz_visual_tools:/home/habibahassan/project/install/moveit_task_constructor_visualization:/home/habibahassan/project/install/moveit_task_constructor_demo:/home/habibahassan/project/install/moveit_task_constructor_capabilities:/home/habibahassan/project/install/moveit_task_constructor_core:/home/habibahassan/project/install/rviz_marker_tools:/home/habibahassan/project/install/kortex_bringup:/home/habibahassan/project/install/kinova_gen3_lite_moveit_config:/home/habibahassan/project/install/kinova_gen3_7dof_robotiq_2f_85_moveit_config:/home/habibahassan/project/install/kinova_gen3_6dof_robotiq_2f_85_moveit_config:/home/habibahassan/project/install/kortex_description:/home/habibahassan/project/install/robotiq_description:/home/habibahassan/project/install/robotiq_controllers:/home/habibahassan/project/install/pilz_industrial_motion_planner_testutils:/home/habibahassan/project/install/moveit_runtime:/home/habibahassan/project/install/moveit:/home/habibahassan/project/install/moveit_planners:/home/habibahassan/project/install/pilz_industrial_motion_planner:/home/habibahassan/project/install/picknik_twist_controller:/home/habibahassan/project/install/picknik_reset_fault_controller:/home/habibahassan/project/install/moveit_task_constructor_msgs:/home/habibahassan/project/install/moveit_ros_control_interface:/home/habibahassan/project/install/moveit_plugins:/home/habibahassan/project/install/move_program:/home/habibahassan/project/install/moveit_setup_assistant:/home/habibahassan/project/install/moveit_setup_srdf_plugins:/home/habibahassan/project/install/moveit_setup_core_plugins:/home/habibahassan/project/install/moveit_setup_controllers:/home/habibahassan/project/install/moveit_setup_app_plugins:/home/habibahassan/project/install/moveit_setup_framework:/home/habibahassan/project/install/moveit_ros_trajectory_cache:/home/habibahassan/project/install/moveit_ros:/home/habibahassan/project/install/moveit_py:/home/habibahassan/project/install/moveit_hybrid_planning:/home/habibahassan/project/install/moveit_ros_benchmarks:/home/habibahassan/project/install/moveit_ros_perception:/home/habibahassan/project/install/moveit_resources_prbt_pg70_support:/home/habibahassan/project/install/moveit_resources_prbt_moveit_config:/home/habibahassan/project/install/moveit_planners_ompl:/home/habibahassan/project/install/moveit_resources_prbt_support:/home/habibahassan/project/install/moveit_resources_prbt_ikfast_manipulator_plugin:/home/habibahassan/project/install/moveit_resources:/home/habibahassan/project/install/dual_arm_panda_moveit_config:/home/habibahassan/project/install/moveit_planners_stomp:/home/habibahassan/project/install/moveit_planners_chomp:/home/habibahassan/project/install/chomp_motion_planner:/home/habibahassan/project/install/kortex_driver:/home/habibahassan/project/install/kortex_api:/home/habibahassan/project/install/gz_ros2_control_tests:/home/habibahassan/project/install/gz_ros2_control_demos:/home/habibahassan/project/install/gz_ros2_control:/opt/ros/jazzy/opt/gz_sim_vendor:/opt/ros/jazzy/opt/gz_sensors_vendor:/opt/ros/jazzy/opt/gz_physics_vendor:/opt/ros/jazzy/opt/sdformat_vendor:/opt/ros/jazzy/opt/gz_gui_vendor:/opt/ros/jazzy/opt/gz_transport_vendor:/opt/ros/jazzy/opt/gz_rendering_vendor:/opt/ros/jazzy/opt/gz_plugin_vendor:/opt/ros/jazzy/opt/gz_fuel_tools_vendor:/opt/ros/jazzy/opt/gz_msgs_vendor:/opt/ros/jazzy/opt/gz_common_vendor:/opt/ros/jazzy/opt/gz_math_vendor:/opt/ros/jazzy/opt/gz_utils_vendor:/opt/ros/jazzy/opt/gz_tools_vendor:/opt/ros/jazzy/opt/gz_ogre_next_vendor:/opt/ros/jazzy/opt/gz_dartsim_vendor:/opt/ros/jazzy/opt/gz_cmake_vendor:/home/habibahassan/project/install/moveit_configs_utils:/opt/ros/jazzy DEBUGINFOD_URLS=https://debuginfod.ubuntu.com LD_LIBRARY_PATH=/home/habibahassan/project/install/moveit_servo/lib:/home/habibahassan/project/install/moveit_ros_visualization/lib:/home/habibahassan/project/install/moveit_ros_planning_interface/lib:/home/habibahassan/project/install/moveit_ros_move_group/lib:/home/habibahassan/project/install/moveit_ros_warehouse/lib:/home/habibahassan/project/install/moveit_ros_robot_interaction/lib:/home/habibahassan/project/install/moveit_kinematics/lib:/home/habibahassan/project/install/moveit_ros_planning/lib:/home/habibahassan/project/install/moveit_simple_controller_manager/lib:/home/habibahassan/project/install/moveit_ros_occupancy_map_monitor/lib:/home/habibahassan/project/install/moveit_core/lib:/home/habibahassan/project/install/moveit_msgs/lib:/home/habibahassan/project/install/ur_robot_driver/lib:/home/habibahassan/project/install/ur_controllers/lib:/home/habibahassan/project/install/ur_dashboard_msgs/lib:/home/habibahassan/project/install/robotiq_driver/lib:/home/habibahassan/project/install/serial/lib:/home/habibahassan/project/install/moveit_visual_tools/lib:/home/habibahassan/project/install/rviz_visual_tools/lib:/home/habibahassan/project/install/moveit_task_constructor_visualization/lib:/home/habibahassan/project/install/moveit_task_constructor_demo/lib:/home/habibahassan/project/install/moveit_task_constructor_capabilities/lib:/home/habibahassan/project/install/moveit_task_constructor_core/lib:/home/habibahassan/project/install/rviz_marker_tools/lib:/home/habibahassan/project/install/robotiq_controllers/lib:/home/habibahassan/project/install/pilz_industrial_motion_planner_testutils/lib:/home/habibahassan/project/install/pilz_industrial_motion_planner/lib:/home/habibahassan/project/install/picknik_twist_controller/lib:/home/habibahassan/project/install/picknik_reset_fault_controller/lib:/home/habibahassan/project/install/moveit_task_constructor_msgs/lib:/home/habibahassan/project/install/moveit_ros_control_interface/lib:/home/habibahassan/project/install/moveit_setup_assistant/lib:/home/habibahassan/project/install/moveit_setup_srdf_plugins/lib:/home/habibahassan/project/install/moveit_setup_core_plugins/lib:/home/habibahassan/project/install/moveit_setup_controllers/lib:/home/habibahassan/project/install/moveit_setup_app_plugins/lib:/home/habibahassan/project/install/moveit_setup_framework/lib:/home/habibahassan/project/install/moveit_ros_trajectory_cache/lib:/home/habibahassan/project/install/moveit_py/lib:/home/habibahassan/project/install/moveit_hybrid_planning/lib:/home/habibahassan/project/install/moveit_ros_benchmarks/lib:/home/habibahassan/project/install/moveit_ros_perception/lib:/home/habibahassan/project/install/moveit_planners_ompl/lib:/home/habibahassan/project/install/moveit_resources_prbt_ikfast_manipulator_plugin/lib:/home/habibahassan/project/install/moveit_planners_stomp/lib:/home/habibahassan/project/install/moveit_planners_chomp/lib:/home/habibahassan/project/install/chomp_motion_planner/lib:/home/habibahassan/project/install/kortex_driver/lib:/home/habibahassan/project/install/gz_ros2_control/lib:/opt/ros/jazzy/opt/gz_sim_vendor/lib:/opt/ros/jazzy/opt/gz_sensors_vendor/lib:/opt/ros/jazzy/opt/gz_physics_vendor/lib:/opt/ros/jazzy/opt/sdformat_vendor/lib:/opt/ros/jazzy/opt/rviz_ogre_vendor/lib:/opt/ros/jazzy/lib/x86_64-linux-gnu:/opt/ros/jazzy/opt/gz_gui_vendor/lib:/opt/ros/jazzy/opt/gz_transport_vendor/lib:/opt/ros/jazzy/opt/gz_rendering_vendor/lib:/opt/ros/jazzy/opt/gz_plugin_vendor/lib:/opt/ros/jazzy/opt/gz_fuel_tools_vendor/lib:/opt/ros/jazzy/opt/gz_msgs_vendor/lib:/opt/ros/jazzy/opt/gz_common_vendor/lib:/opt/ros/jazzy/opt/gz_math_vendor/lib:/opt/ros/jazzy/opt/gz_utils_vendor/lib:/opt/ros/jazzy/opt/gz_tools_vendor/lib:/opt/ros/jazzy/opt/gz_ogre_next_vendor/lib:/opt/ros/jazzy/opt/gz_dartsim_vendor/lib:/opt/ros/jazzy/opt/gz_cmake_vendor/lib:/opt/ros/jazzy/lib PATH=/home/habibahassan/project/install/moveit_core/bin:/home/habibahassan/openai_env/bin:/home/habibahassan/project/install/ur_robot_driver/bin:/opt/ros/jazzy/opt/gz_msgs_vendor/bin:/opt/ros/jazzy/opt/gz_tools_vendor/bin:/opt/ros/jazzy/opt/gz_ogre_next_vendor/bin:/opt/ros/jazzy/bin:/usr/local/sbin:/usr/local/bin:/usr/sbin:/usr/bin:/sbin:/bin:/usr/games:/usr/local/games:/usr/lib/wsl/lib:/mnt/c/Program Files (x86)/Common Files/Oracle/Java/javapath:/mnt/c/Windows/system32:/mnt/c/Windows:/mnt/c/Windows/System32/Wbem:/mnt/c/Windows/System32/WindowsPowerShell/v1.0/:/mnt/c/Windows/System32/OpenSSH/:/mnt/c/Program Files (x86)/NVIDIA Corporation/PhysX/Common:/mnt/c/WINDOWS/system32:/mnt/c/WINDOWS:/mnt/c/WINDOWS/System32/Wbem:/mnt/c/WINDOWS/System32/WindowsPowerShell/v1.0/:/mnt/c/WINDOWS/System32/OpenSSH/:/mnt/c/Program Files/MATLAB/R2023a/runtime/win64:/mnt/c/Program Files/MATLAB/R2023a/bin:/mnt/c/Program Files (x86)/Microsoft SQL Server/100/Tools/Binn/:/mnt/c/Program Files/Microsoft SQL Server/100/Tools/Binn/:/mnt/c/Program Files/Microsoft SQL Server/100/DTS/Binn/:/mnt/c/Program Files (x86)/Microsoft SQL Server/100/Tools/Binn/VSShell/Common7/IDE/:/mnt/c/Program Files (x86)/Microsoft SQL Server/100/DTS/Binn/:/mnt/c/Program Files (x86)/Johnson Controls/lib:/mnt/c/Program Files/NVIDIA Corporation/NVIDIA NvDLISR:/mnt/c/Users/haboo/anaconda3/condabin:/mnt/c/Users/haboo/AppData/Local/Programs/Python/Python310/Scripts/:/mnt/c/Users/haboo/AppData/Local/Programs/Python/Python310/:/mnt/c/Users/haboo/AppData/Local/Microsoft/WindowsApps:/mnt/c/Users/haboo/AppData/Local/Microsoft VS Code/bin:/snap/bin PS1=(openai_env) \[\e]0;\u@\h: \w\a\]${debian_chroot:+($debian_chroot)}\[\033[01;32m\]\u@\h\[\033[00m\]:\[\033[01;34m\]\w\[\033[00m\]\$ PYTHONPATH=/home/habibahassan/project/install/moveit_msgs/lib/python3.12/site-packages:/home/habibahassan/project/install/moveit_configs_utils/lib/python3.12/site-packages:/home/habibahassan/project/install/ur_robot_driver/lib/python3.12/site-packages:/home/habibahassan/project/install/ur_dashboard_msgs/lib/python3.12/site-packages:/home/habibahassan/project/install/moveit_task_constructor_core/lib/python3.12/site-packages:/home/habibahassan/project/install/moveit_task_constructor_msgs/lib/python3.12/site-packages:/home/habibahassan/project/install/moveit_py/lib/python3.12/site-packages:/opt/ros/jazzy/lib/python3.12/site-packages VIRTUAL_ENV_PROMPT=(openai_env) /usr/bin/cmake --build /home/habibahassan/project/build/move_program -- -j8 -l8
[12.670s] DEBUG:colcon.colcon_core.event_handler.log_command:Invoked command in '/home/habibahassan/project/build/move_program' returned '0': AMENT_PREFIX_PATH=/home/habibahassan/project/install/moveit_configs_utils:/home/habibahassan/project/install/ur_simulation_gz:/home/habibahassan/project/install/ur:/home/habibahassan/project/install/ur_calibration:/home/habibahassan/project/install/ur_robot_driver:/home/habibahassan/project/install/ur_moveit_config:/home/habibahassan/project/install/ur_description:/home/habibahassan/project/install/ur_controllers:/home/habibahassan/project/install/ur_dashboard_msgs:/home/habibahassan/project/install/robotiq_hardware_tests:/home/habibahassan/project/install/robotiq_driver:/home/habibahassan/project/install/serial:/home/habibahassan/project/install/moveit2_tutorials:/home/habibahassan/project/install/moveit_visual_tools:/home/habibahassan/project/install/rviz_visual_tools:/home/habibahassan/project/install/moveit_task_constructor_visualization:/home/habibahassan/project/install/moveit_task_constructor_demo:/home/habibahassan/project/install/moveit_task_constructor_capabilities:/home/habibahassan/project/install/moveit_task_constructor_core:/home/habibahassan/project/install/rviz_marker_tools:/home/habibahassan/project/install/kortex_bringup:/home/habibahassan/project/install/kinova_gen3_lite_moveit_config:/home/habibahassan/project/install/kinova_gen3_7dof_robotiq_2f_85_moveit_config:/home/habibahassan/project/install/kinova_gen3_6dof_robotiq_2f_85_moveit_config:/home/habibahassan/project/install/kortex_description:/home/habibahassan/project/install/robotiq_description:/home/habibahassan/project/install/robotiq_controllers:/home/habibahassan/project/install/pilz_industrial_motion_planner_testutils:/home/habibahassan/project/install/moveit_runtime:/home/habibahassan/project/install/moveit:/home/habibahassan/project/install/moveit_planners:/home/habibahassan/project/install/pilz_industrial_motion_planner:/home/habibahassan/project/install/picknik_twist_controller:/home/habibahassan/project/install/picknik_reset_fault_controller:/home/habibahassan/project/install/moveit_task_constructor_msgs:/home/habibahassan/project/install/moveit_ros_control_interface:/home/habibahassan/project/install/moveit_plugins:/home/habibahassan/project/install/move_program:/home/habibahassan/project/install/moveit_simple_controller_manager:/home/habibahassan/project/install/moveit_setup_assistant:/home/habibahassan/project/install/moveit_setup_srdf_plugins:/home/habibahassan/project/install/moveit_setup_core_plugins:/home/habibahassan/project/install/moveit_setup_controllers:/home/habibahassan/project/install/moveit_setup_app_plugins:/home/habibahassan/project/install/moveit_setup_framework:/home/habibahassan/project/install/moveit_servo:/home/habibahassan/project/install/moveit_ros_trajectory_cache:/home/habibahassan/project/install/moveit_ros:/home/habibahassan/project/install/moveit_ros_visualization:/home/habibahassan/project/install/moveit_py:/home/habibahassan/project/install/moveit_hybrid_planning:/home/habibahassan/project/install/moveit_ros_planning_interface:/home/habibahassan/project/install/moveit_ros_benchmarks:/home/habibahassan/project/install/moveit_ros_warehouse:/home/habibahassan/project/install/moveit_ros_robot_interaction:/home/habibahassan/project/install/moveit_ros_perception:/home/habibahassan/project/install/moveit_resources_prbt_pg70_support:/home/habibahassan/project/install/moveit_resources_prbt_moveit_config:/home/habibahassan/project/install/moveit_ros_move_group:/home/habibahassan/project/install/moveit_planners_ompl:/home/habibahassan/project/install/moveit_kinematics:/home/habibahassan/project/install/moveit_ros_planning:/home/habibahassan/project/install/moveit_ros_occupancy_map_monitor:/home/habibahassan/project/install/moveit_resources_prbt_support:/home/habibahassan/project/install/moveit_resources_prbt_ikfast_manipulator_plugin:/home/habibahassan/project/install/moveit_resources:/home/habibahassan/project/install/moveit_resources_pr2_description:/home/habibahassan/project/install/moveit_resources_panda_moveit_config:/home/habibahassan/project/install/dual_arm_panda_moveit_config:/home/habibahassan/project/install/moveit_resources_panda_description:/home/habibahassan/project/install/moveit_resources_fanuc_moveit_config:/home/habibahassan/project/install/moveit_resources_fanuc_description:/home/habibahassan/project/install/moveit_planners_stomp:/home/habibahassan/project/install/moveit_planners_chomp:/home/habibahassan/project/install/chomp_motion_planner:/home/habibahassan/project/install/moveit_core:/home/habibahassan/project/install/moveit_msgs:/home/habibahassan/project/install/moveit_common:/home/habibahassan/project/install/kortex_driver:/home/habibahassan/project/install/kortex_api:/home/habibahassan/project/install/gz_ros2_control_tests:/home/habibahassan/project/install/gz_ros2_control_demos:/home/habibahassan/project/install/gz_ros2_control:/opt/ros/jazzy CMAKE_PREFIX_PATH=/home/habibahassan/project/install/moveit_servo:/home/habibahassan/project/install/moveit_ros_visualization:/home/habibahassan/project/install/moveit_ros_planning_interface:/home/habibahassan/project/install/moveit_ros_move_group:/home/habibahassan/project/install/moveit_ros_warehouse:/home/habibahassan/project/install/moveit_ros_robot_interaction:/home/habibahassan/project/install/moveit_kinematics:/home/habibahassan/project/install/moveit_ros_planning:/home/habibahassan/project/install/moveit_simple_controller_manager:/home/habibahassan/project/install/moveit_ros_occupancy_map_monitor:/home/habibahassan/project/install/moveit_core:/home/habibahassan/project/install/moveit_resources_panda_moveit_config:/home/habibahassan/project/install/moveit_resources_fanuc_moveit_config:/home/habibahassan/project/install/moveit_resources_pr2_description:/home/habibahassan/project/install/moveit_resources_panda_description:/home/habibahassan/project/install/moveit_resources_fanuc_description:/home/habibahassan/project/install/moveit_msgs:/home/habibahassan/project/install/moveit_common:/home/habibahassan/project/install/ur_simulation_gz:/home/habibahassan/project/install/ur:/home/habibahassan/project/install/ur_calibration:/home/habibahassan/project/install/ur_robot_driver:/home/habibahassan/project/install/ur_moveit_config:/home/habibahassan/project/install/ur_description:/home/habibahassan/project/install/ur_controllers:/home/habibahassan/project/install/ur_dashboard_msgs:/home/habibahassan/project/install/robotiq_hardware_tests:/home/habibahassan/project/install/robotiq_driver:/home/habibahassan/project/install/serial:/home/habibahassan/project/install/moveit2_tutorials:/home/habibahassan/project/install/moveit_visual_tools:/home/habibahassan/project/install/rviz_visual_tools:/home/habibahassan/project/install/moveit_task_constructor_visualization:/home/habibahassan/project/install/moveit_task_constructor_demo:/home/habibahassan/project/install/moveit_task_constructor_capabilities:/home/habibahassan/project/install/moveit_task_constructor_core:/home/habibahassan/project/install/rviz_marker_tools:/home/habibahassan/project/install/kortex_bringup:/home/habibahassan/project/install/kinova_gen3_lite_moveit_config:/home/habibahassan/project/install/kinova_gen3_7dof_robotiq_2f_85_moveit_config:/home/habibahassan/project/install/kinova_gen3_6dof_robotiq_2f_85_moveit_config:/home/habibahassan/project/install/kortex_description:/home/habibahassan/project/install/robotiq_description:/home/habibahassan/project/install/robotiq_controllers:/home/habibahassan/project/install/pilz_industrial_motion_planner_testutils:/home/habibahassan/project/install/moveit_runtime:/home/habibahassan/project/install/moveit:/home/habibahassan/project/install/moveit_planners:/home/habibahassan/project/install/pilz_industrial_motion_planner:/home/habibahassan/project/install/picknik_twist_controller:/home/habibahassan/project/install/picknik_reset_fault_controller:/home/habibahassan/project/install/moveit_task_constructor_msgs:/home/habibahassan/project/install/moveit_ros_control_interface:/home/habibahassan/project/install/moveit_plugins:/home/habibahassan/project/install/move_program:/home/habibahassan/project/install/moveit_setup_assistant:/home/habibahassan/project/install/moveit_setup_srdf_plugins:/home/habibahassan/project/install/moveit_setup_core_plugins:/home/habibahassan/project/install/moveit_setup_controllers:/home/habibahassan/project/install/moveit_setup_app_plugins:/home/habibahassan/project/install/moveit_setup_framework:/home/habibahassan/project/install/moveit_ros_trajectory_cache:/home/habibahassan/project/install/moveit_ros:/home/habibahassan/project/install/moveit_py:/home/habibahassan/project/install/moveit_hybrid_planning:/home/habibahassan/project/install/moveit_ros_benchmarks:/home/habibahassan/project/install/moveit_ros_perception:/home/habibahassan/project/install/moveit_resources_prbt_pg70_support:/home/habibahassan/project/install/moveit_resources_prbt_moveit_config:/home/habibahassan/project/install/moveit_planners_ompl:/home/habibahassan/project/install/moveit_resources_prbt_support:/home/habibahassan/project/install/moveit_resources_prbt_ikfast_manipulator_plugin:/home/habibahassan/project/install/moveit_resources:/home/habibahassan/project/install/dual_arm_panda_moveit_config:/home/habibahassan/project/install/moveit_planners_stomp:/home/habibahassan/project/install/moveit_planners_chomp:/home/habibahassan/project/install/chomp_motion_planner:/home/habibahassan/project/install/kortex_driver:/home/habibahassan/project/install/kortex_api:/home/habibahassan/project/install/gz_ros2_control_tests:/home/habibahassan/project/install/gz_ros2_control_demos:/home/habibahassan/project/install/gz_ros2_control:/opt/ros/jazzy/opt/gz_sim_vendor:/opt/ros/jazzy/opt/gz_sensors_vendor:/opt/ros/jazzy/opt/gz_physics_vendor:/opt/ros/jazzy/opt/sdformat_vendor:/opt/ros/jazzy/opt/gz_gui_vendor:/opt/ros/jazzy/opt/gz_transport_vendor:/opt/ros/jazzy/opt/gz_rendering_vendor:/opt/ros/jazzy/opt/gz_plugin_vendor:/opt/ros/jazzy/opt/gz_fuel_tools_vendor:/opt/ros/jazzy/opt/gz_msgs_vendor:/opt/ros/jazzy/opt/gz_common_vendor:/opt/ros/jazzy/opt/gz_math_vendor:/opt/ros/jazzy/opt/gz_utils_vendor:/opt/ros/jazzy/opt/gz_tools_vendor:/opt/ros/jazzy/opt/gz_ogre_next_vendor:/opt/ros/jazzy/opt/gz_dartsim_vendor:/opt/ros/jazzy/opt/gz_cmake_vendor:/home/habibahassan/project/install/moveit_configs_utils:/opt/ros/jazzy DEBUGINFOD_URLS=https://debuginfod.ubuntu.com LD_LIBRARY_PATH=/home/habibahassan/project/install/moveit_servo/lib:/home/habibahassan/project/install/moveit_ros_visualization/lib:/home/habibahassan/project/install/moveit_ros_planning_interface/lib:/home/habibahassan/project/install/moveit_ros_move_group/lib:/home/habibahassan/project/install/moveit_ros_warehouse/lib:/home/habibahassan/project/install/moveit_ros_robot_interaction/lib:/home/habibahassan/project/install/moveit_kinematics/lib:/home/habibahassan/project/install/moveit_ros_planning/lib:/home/habibahassan/project/install/moveit_simple_controller_manager/lib:/home/habibahassan/project/install/moveit_ros_occupancy_map_monitor/lib:/home/habibahassan/project/install/moveit_core/lib:/home/habibahassan/project/install/moveit_msgs/lib:/home/habibahassan/project/install/ur_robot_driver/lib:/home/habibahassan/project/install/ur_controllers/lib:/home/habibahassan/project/install/ur_dashboard_msgs/lib:/home/habibahassan/project/install/robotiq_driver/lib:/home/habibahassan/project/install/serial/lib:/home/habibahassan/project/install/moveit_visual_tools/lib:/home/habibahassan/project/install/rviz_visual_tools/lib:/home/habibahassan/project/install/moveit_task_constructor_visualization/lib:/home/habibahassan/project/install/moveit_task_constructor_demo/lib:/home/habibahassan/project/install/moveit_task_constructor_capabilities/lib:/home/habibahassan/project/install/moveit_task_constructor_core/lib:/home/habibahassan/project/install/rviz_marker_tools/lib:/home/habibahassan/project/install/robotiq_controllers/lib:/home/habibahassan/project/install/pilz_industrial_motion_planner_testutils/lib:/home/habibahassan/project/install/pilz_industrial_motion_planner/lib:/home/habibahassan/project/install/picknik_twist_controller/lib:/home/habibahassan/project/install/picknik_reset_fault_controller/lib:/home/habibahassan/project/install/moveit_task_constructor_msgs/lib:/home/habibahassan/project/install/moveit_ros_control_interface/lib:/home/habibahassan/project/install/moveit_setup_assistant/lib:/home/habibahassan/project/install/moveit_setup_srdf_plugins/lib:/home/habibahassan/project/install/moveit_setup_core_plugins/lib:/home/habibahassan/project/install/moveit_setup_controllers/lib:/home/habibahassan/project/install/moveit_setup_app_plugins/lib:/home/habibahassan/project/install/moveit_setup_framework/lib:/home/habibahassan/project/install/moveit_ros_trajectory_cache/lib:/home/habibahassan/project/install/moveit_py/lib:/home/habibahassan/project/install/moveit_hybrid_planning/lib:/home/habibahassan/project/install/moveit_ros_benchmarks/lib:/home/habibahassan/project/install/moveit_ros_perception/lib:/home/habibahassan/project/install/moveit_planners_ompl/lib:/home/habibahassan/project/install/moveit_resources_prbt_ikfast_manipulator_plugin/lib:/home/habibahassan/project/install/moveit_planners_stomp/lib:/home/habibahassan/project/install/moveit_planners_chomp/lib:/home/habibahassan/project/install/chomp_motion_planner/lib:/home/habibahassan/project/install/kortex_driver/lib:/home/habibahassan/project/install/gz_ros2_control/lib:/opt/ros/jazzy/opt/gz_sim_vendor/lib:/opt/ros/jazzy/opt/gz_sensors_vendor/lib:/opt/ros/jazzy/opt/gz_physics_vendor/lib:/opt/ros/jazzy/opt/sdformat_vendor/lib:/opt/ros/jazzy/opt/rviz_ogre_vendor/lib:/opt/ros/jazzy/lib/x86_64-linux-gnu:/opt/ros/jazzy/opt/gz_gui_vendor/lib:/opt/ros/jazzy/opt/gz_transport_vendor/lib:/opt/ros/jazzy/opt/gz_rendering_vendor/lib:/opt/ros/jazzy/opt/gz_plugin_vendor/lib:/opt/ros/jazzy/opt/gz_fuel_tools_vendor/lib:/opt/ros/jazzy/opt/gz_msgs_vendor/lib:/opt/ros/jazzy/opt/gz_common_vendor/lib:/opt/ros/jazzy/opt/gz_math_vendor/lib:/opt/ros/jazzy/opt/gz_utils_vendor/lib:/opt/ros/jazzy/opt/gz_tools_vendor/lib:/opt/ros/jazzy/opt/gz_ogre_next_vendor/lib:/opt/ros/jazzy/opt/gz_dartsim_vendor/lib:/opt/ros/jazzy/opt/gz_cmake_vendor/lib:/opt/ros/jazzy/lib PATH=/home/habibahassan/project/install/moveit_core/bin:/home/habibahassan/openai_env/bin:/home/habibahassan/project/install/ur_robot_driver/bin:/opt/ros/jazzy/opt/gz_msgs_vendor/bin:/opt/ros/jazzy/opt/gz_tools_vendor/bin:/opt/ros/jazzy/opt/gz_ogre_next_vendor/bin:/opt/ros/jazzy/bin:/usr/local/sbin:/usr/local/bin:/usr/sbin:/usr/bin:/sbin:/bin:/usr/games:/usr/local/games:/usr/lib/wsl/lib:/mnt/c/Program Files (x86)/Common Files/Oracle/Java/javapath:/mnt/c/Windows/system32:/mnt/c/Windows:/mnt/c/Windows/System32/Wbem:/mnt/c/Windows/System32/WindowsPowerShell/v1.0/:/mnt/c/Windows/System32/OpenSSH/:/mnt/c/Program Files (x86)/NVIDIA Corporation/PhysX/Common:/mnt/c/WINDOWS/system32:/mnt/c/WINDOWS:/mnt/c/WINDOWS/System32/Wbem:/mnt/c/WINDOWS/System32/WindowsPowerShell/v1.0/:/mnt/c/WINDOWS/System32/OpenSSH/:/mnt/c/Program Files/MATLAB/R2023a/runtime/win64:/mnt/c/Program Files/MATLAB/R2023a/bin:/mnt/c/Program Files (x86)/Microsoft SQL Server/100/Tools/Binn/:/mnt/c/Program Files/Microsoft SQL Server/100/Tools/Binn/:/mnt/c/Program Files/Microsoft SQL Server/100/DTS/Binn/:/mnt/c/Program Files (x86)/Microsoft SQL Server/100/Tools/Binn/VSShell/Common7/IDE/:/mnt/c/Program Files (x86)/Microsoft SQL Server/100/DTS/Binn/:/mnt/c/Program Files (x86)/Johnson Controls/lib:/mnt/c/Program Files/NVIDIA Corporation/NVIDIA NvDLISR:/mnt/c/Users/haboo/anaconda3/condabin:/mnt/c/Users/haboo/AppData/Local/Programs/Python/Python310/Scripts/:/mnt/c/Users/haboo/AppData/Local/Programs/Python/Python310/:/mnt/c/Users/haboo/AppData/Local/Microsoft/WindowsApps:/mnt/c/Users/haboo/AppData/Local/Microsoft VS Code/bin:/snap/bin PS1=(openai_env) \[\e]0;\u@\h: \w\a\]${debian_chroot:+($debian_chroot)}\[\033[01;32m\]\u@\h\[\033[00m\]:\[\033[01;34m\]\w\[\033[00m\]\$ PYTHONPATH=/home/habibahassan/project/install/moveit_msgs/lib/python3.12/site-packages:/home/habibahassan/project/install/moveit_configs_utils/lib/python3.12/site-packages:/home/habibahassan/project/install/ur_robot_driver/lib/python3.12/site-packages:/home/habibahassan/project/install/ur_dashboard_msgs/lib/python3.12/site-packages:/home/habibahassan/project/install/moveit_task_constructor_core/lib/python3.12/site-packages:/home/habibahassan/project/install/moveit_task_constructor_msgs/lib/python3.12/site-packages:/home/habibahassan/project/install/moveit_py/lib/python3.12/site-packages:/opt/ros/jazzy/lib/python3.12/site-packages VIRTUAL_ENV_PROMPT=(openai_env) /usr/bin/cmake --build /home/habibahassan/project/build/move_program -- -j8 -l8
[12.716s] DEBUG:colcon.colcon_core.event_handler.log_command:Invoking command in '/home/habibahassan/project/build/move_program': AMENT_PREFIX_PATH=/home/habibahassan/project/install/moveit_configs_utils:/home/habibahassan/project/install/ur_simulation_gz:/home/habibahassan/project/install/ur:/home/habibahassan/project/install/ur_calibration:/home/habibahassan/project/install/ur_robot_driver:/home/habibahassan/project/install/ur_moveit_config:/home/habibahassan/project/install/ur_description:/home/habibahassan/project/install/ur_controllers:/home/habibahassan/project/install/ur_dashboard_msgs:/home/habibahassan/project/install/robotiq_hardware_tests:/home/habibahassan/project/install/robotiq_driver:/home/habibahassan/project/install/serial:/home/habibahassan/project/install/moveit2_tutorials:/home/habibahassan/project/install/moveit_visual_tools:/home/habibahassan/project/install/rviz_visual_tools:/home/habibahassan/project/install/moveit_task_constructor_visualization:/home/habibahassan/project/install/moveit_task_constructor_demo:/home/habibahassan/project/install/moveit_task_constructor_capabilities:/home/habibahassan/project/install/moveit_task_constructor_core:/home/habibahassan/project/install/rviz_marker_tools:/home/habibahassan/project/install/kortex_bringup:/home/habibahassan/project/install/kinova_gen3_lite_moveit_config:/home/habibahassan/project/install/kinova_gen3_7dof_robotiq_2f_85_moveit_config:/home/habibahassan/project/install/kinova_gen3_6dof_robotiq_2f_85_moveit_config:/home/habibahassan/project/install/kortex_description:/home/habibahassan/project/install/robotiq_description:/home/habibahassan/project/install/robotiq_controllers:/home/habibahassan/project/install/pilz_industrial_motion_planner_testutils:/home/habibahassan/project/install/moveit_runtime:/home/habibahassan/project/install/moveit:/home/habibahassan/project/install/moveit_planners:/home/habibahassan/project/install/pilz_industrial_motion_planner:/home/habibahassan/project/install/picknik_twist_controller:/home/habibahassan/project/install/picknik_reset_fault_controller:/home/habibahassan/project/install/moveit_task_constructor_msgs:/home/habibahassan/project/install/moveit_ros_control_interface:/home/habibahassan/project/install/moveit_plugins:/home/habibahassan/project/install/move_program:/home/habibahassan/project/install/moveit_simple_controller_manager:/home/habibahassan/project/install/moveit_setup_assistant:/home/habibahassan/project/install/moveit_setup_srdf_plugins:/home/habibahassan/project/install/moveit_setup_core_plugins:/home/habibahassan/project/install/moveit_setup_controllers:/home/habibahassan/project/install/moveit_setup_app_plugins:/home/habibahassan/project/install/moveit_setup_framework:/home/habibahassan/project/install/moveit_servo:/home/habibahassan/project/install/moveit_ros_trajectory_cache:/home/habibahassan/project/install/moveit_ros:/home/habibahassan/project/install/moveit_ros_visualization:/home/habibahassan/project/install/moveit_py:/home/habibahassan/project/install/moveit_hybrid_planning:/home/habibahassan/project/install/moveit_ros_planning_interface:/home/habibahassan/project/install/moveit_ros_benchmarks:/home/habibahassan/project/install/moveit_ros_warehouse:/home/habibahassan/project/install/moveit_ros_robot_interaction:/home/habibahassan/project/install/moveit_ros_perception:/home/habibahassan/project/install/moveit_resources_prbt_pg70_support:/home/habibahassan/project/install/moveit_resources_prbt_moveit_config:/home/habibahassan/project/install/moveit_ros_move_group:/home/habibahassan/project/install/moveit_planners_ompl:/home/habibahassan/project/install/moveit_kinematics:/home/habibahassan/project/install/moveit_ros_planning:/home/habibahassan/project/install/moveit_ros_occupancy_map_monitor:/home/habibahassan/project/install/moveit_resources_prbt_support:/home/habibahassan/project/install/moveit_resources_prbt_ikfast_manipulator_plugin:/home/habibahassan/project/install/moveit_resources:/home/habibahassan/project/install/moveit_resources_pr2_description:/home/habibahassan/project/install/moveit_resources_panda_moveit_config:/home/habibahassan/project/install/dual_arm_panda_moveit_config:/home/habibahassan/project/install/moveit_resources_panda_description:/home/habibahassan/project/install/moveit_resources_fanuc_moveit_config:/home/habibahassan/project/install/moveit_resources_fanuc_description:/home/habibahassan/project/install/moveit_planners_stomp:/home/habibahassan/project/install/moveit_planners_chomp:/home/habibahassan/project/install/chomp_motion_planner:/home/habibahassan/project/install/moveit_core:/home/habibahassan/project/install/moveit_msgs:/home/habibahassan/project/install/moveit_common:/home/habibahassan/project/install/kortex_driver:/home/habibahassan/project/install/kortex_api:/home/habibahassan/project/install/gz_ros2_control_tests:/home/habibahassan/project/install/gz_ros2_control_demos:/home/habibahassan/project/install/gz_ros2_control:/opt/ros/jazzy CMAKE_PREFIX_PATH=/home/habibahassan/project/install/moveit_servo:/home/habibahassan/project/install/moveit_ros_visualization:/home/habibahassan/project/install/moveit_ros_planning_interface:/home/habibahassan/project/install/moveit_ros_move_group:/home/habibahassan/project/install/moveit_ros_warehouse:/home/habibahassan/project/install/moveit_ros_robot_interaction:/home/habibahassan/project/install/moveit_kinematics:/home/habibahassan/project/install/moveit_ros_planning:/home/habibahassan/project/install/moveit_simple_controller_manager:/home/habibahassan/project/install/moveit_ros_occupancy_map_monitor:/home/habibahassan/project/install/moveit_core:/home/habibahassan/project/install/moveit_resources_panda_moveit_config:/home/habibahassan/project/install/moveit_resources_fanuc_moveit_config:/home/habibahassan/project/install/moveit_resources_pr2_description:/home/habibahassan/project/install/moveit_resources_panda_description:/home/habibahassan/project/install/moveit_resources_fanuc_description:/home/habibahassan/project/install/moveit_msgs:/home/habibahassan/project/install/moveit_common:/home/habibahassan/project/install/ur_simulation_gz:/home/habibahassan/project/install/ur:/home/habibahassan/project/install/ur_calibration:/home/habibahassan/project/install/ur_robot_driver:/home/habibahassan/project/install/ur_moveit_config:/home/habibahassan/project/install/ur_description:/home/habibahassan/project/install/ur_controllers:/home/habibahassan/project/install/ur_dashboard_msgs:/home/habibahassan/project/install/robotiq_hardware_tests:/home/habibahassan/project/install/robotiq_driver:/home/habibahassan/project/install/serial:/home/habibahassan/project/install/moveit2_tutorials:/home/habibahassan/project/install/moveit_visual_tools:/home/habibahassan/project/install/rviz_visual_tools:/home/habibahassan/project/install/moveit_task_constructor_visualization:/home/habibahassan/project/install/moveit_task_constructor_demo:/home/habibahassan/project/install/moveit_task_constructor_capabilities:/home/habibahassan/project/install/moveit_task_constructor_core:/home/habibahassan/project/install/rviz_marker_tools:/home/habibahassan/project/install/kortex_bringup:/home/habibahassan/project/install/kinova_gen3_lite_moveit_config:/home/habibahassan/project/install/kinova_gen3_7dof_robotiq_2f_85_moveit_config:/home/habibahassan/project/install/kinova_gen3_6dof_robotiq_2f_85_moveit_config:/home/habibahassan/project/install/kortex_description:/home/habibahassan/project/install/robotiq_description:/home/habibahassan/project/install/robotiq_controllers:/home/habibahassan/project/install/pilz_industrial_motion_planner_testutils:/home/habibahassan/project/install/moveit_runtime:/home/habibahassan/project/install/moveit:/home/habibahassan/project/install/moveit_planners:/home/habibahassan/project/install/pilz_industrial_motion_planner:/home/habibahassan/project/install/picknik_twist_controller:/home/habibahassan/project/install/picknik_reset_fault_controller:/home/habibahassan/project/install/moveit_task_constructor_msgs:/home/habibahassan/project/install/moveit_ros_control_interface:/home/habibahassan/project/install/moveit_plugins:/home/habibahassan/project/install/move_program:/home/habibahassan/project/install/moveit_setup_assistant:/home/habibahassan/project/install/moveit_setup_srdf_plugins:/home/habibahassan/project/install/moveit_setup_core_plugins:/home/habibahassan/project/install/moveit_setup_controllers:/home/habibahassan/project/install/moveit_setup_app_plugins:/home/habibahassan/project/install/moveit_setup_framework:/home/habibahassan/project/install/moveit_ros_trajectory_cache:/home/habibahassan/project/install/moveit_ros:/home/habibahassan/project/install/moveit_py:/home/habibahassan/project/install/moveit_hybrid_planning:/home/habibahassan/project/install/moveit_ros_benchmarks:/home/habibahassan/project/install/moveit_ros_perception:/home/habibahassan/project/install/moveit_resources_prbt_pg70_support:/home/habibahassan/project/install/moveit_resources_prbt_moveit_config:/home/habibahassan/project/install/moveit_planners_ompl:/home/habibahassan/project/install/moveit_resources_prbt_support:/home/habibahassan/project/install/moveit_resources_prbt_ikfast_manipulator_plugin:/home/habibahassan/project/install/moveit_resources:/home/habibahassan/project/install/dual_arm_panda_moveit_config:/home/habibahassan/project/install/moveit_planners_stomp:/home/habibahassan/project/install/moveit_planners_chomp:/home/habibahassan/project/install/chomp_motion_planner:/home/habibahassan/project/install/kortex_driver:/home/habibahassan/project/install/kortex_api:/home/habibahassan/project/install/gz_ros2_control_tests:/home/habibahassan/project/install/gz_ros2_control_demos:/home/habibahassan/project/install/gz_ros2_control:/opt/ros/jazzy/opt/gz_sim_vendor:/opt/ros/jazzy/opt/gz_sensors_vendor:/opt/ros/jazzy/opt/gz_physics_vendor:/opt/ros/jazzy/opt/sdformat_vendor:/opt/ros/jazzy/opt/gz_gui_vendor:/opt/ros/jazzy/opt/gz_transport_vendor:/opt/ros/jazzy/opt/gz_rendering_vendor:/opt/ros/jazzy/opt/gz_plugin_vendor:/opt/ros/jazzy/opt/gz_fuel_tools_vendor:/opt/ros/jazzy/opt/gz_msgs_vendor:/opt/ros/jazzy/opt/gz_common_vendor:/opt/ros/jazzy/opt/gz_math_vendor:/opt/ros/jazzy/opt/gz_utils_vendor:/opt/ros/jazzy/opt/gz_tools_vendor:/opt/ros/jazzy/opt/gz_ogre_next_vendor:/opt/ros/jazzy/opt/gz_dartsim_vendor:/opt/ros/jazzy/opt/gz_cmake_vendor:/home/habibahassan/project/install/moveit_configs_utils:/opt/ros/jazzy DEBUGINFOD_URLS=https://debuginfod.ubuntu.com LD_LIBRARY_PATH=/home/habibahassan/project/install/moveit_servo/lib:/home/habibahassan/project/install/moveit_ros_visualization/lib:/home/habibahassan/project/install/moveit_ros_planning_interface/lib:/home/habibahassan/project/install/moveit_ros_move_group/lib:/home/habibahassan/project/install/moveit_ros_warehouse/lib:/home/habibahassan/project/install/moveit_ros_robot_interaction/lib:/home/habibahassan/project/install/moveit_kinematics/lib:/home/habibahassan/project/install/moveit_ros_planning/lib:/home/habibahassan/project/install/moveit_simple_controller_manager/lib:/home/habibahassan/project/install/moveit_ros_occupancy_map_monitor/lib:/home/habibahassan/project/install/moveit_core/lib:/home/habibahassan/project/install/moveit_msgs/lib:/home/habibahassan/project/install/ur_robot_driver/lib:/home/habibahassan/project/install/ur_controllers/lib:/home/habibahassan/project/install/ur_dashboard_msgs/lib:/home/habibahassan/project/install/robotiq_driver/lib:/home/habibahassan/project/install/serial/lib:/home/habibahassan/project/install/moveit_visual_tools/lib:/home/habibahassan/project/install/rviz_visual_tools/lib:/home/habibahassan/project/install/moveit_task_constructor_visualization/lib:/home/habibahassan/project/install/moveit_task_constructor_demo/lib:/home/habibahassan/project/install/moveit_task_constructor_capabilities/lib:/home/habibahassan/project/install/moveit_task_constructor_core/lib:/home/habibahassan/project/install/rviz_marker_tools/lib:/home/habibahassan/project/install/robotiq_controllers/lib:/home/habibahassan/project/install/pilz_industrial_motion_planner_testutils/lib:/home/habibahassan/project/install/pilz_industrial_motion_planner/lib:/home/habibahassan/project/install/picknik_twist_controller/lib:/home/habibahassan/project/install/picknik_reset_fault_controller/lib:/home/habibahassan/project/install/moveit_task_constructor_msgs/lib:/home/habibahassan/project/install/moveit_ros_control_interface/lib:/home/habibahassan/project/install/moveit_setup_assistant/lib:/home/habibahassan/project/install/moveit_setup_srdf_plugins/lib:/home/habibahassan/project/install/moveit_setup_core_plugins/lib:/home/habibahassan/project/install/moveit_setup_controllers/lib:/home/habibahassan/project/install/moveit_setup_app_plugins/lib:/home/habibahassan/project/install/moveit_setup_framework/lib:/home/habibahassan/project/install/moveit_ros_trajectory_cache/lib:/home/habibahassan/project/install/moveit_py/lib:/home/habibahassan/project/install/moveit_hybrid_planning/lib:/home/habibahassan/project/install/moveit_ros_benchmarks/lib:/home/habibahassan/project/install/moveit_ros_perception/lib:/home/habibahassan/project/install/moveit_planners_ompl/lib:/home/habibahassan/project/install/moveit_resources_prbt_ikfast_manipulator_plugin/lib:/home/habibahassan/project/install/moveit_planners_stomp/lib:/home/habibahassan/project/install/moveit_planners_chomp/lib:/home/habibahassan/project/install/chomp_motion_planner/lib:/home/habibahassan/project/install/kortex_driver/lib:/home/habibahassan/project/install/gz_ros2_control/lib:/opt/ros/jazzy/opt/gz_sim_vendor/lib:/opt/ros/jazzy/opt/gz_sensors_vendor/lib:/opt/ros/jazzy/opt/gz_physics_vendor/lib:/opt/ros/jazzy/opt/sdformat_vendor/lib:/opt/ros/jazzy/opt/rviz_ogre_vendor/lib:/opt/ros/jazzy/lib/x86_64-linux-gnu:/opt/ros/jazzy/opt/gz_gui_vendor/lib:/opt/ros/jazzy/opt/gz_transport_vendor/lib:/opt/ros/jazzy/opt/gz_rendering_vendor/lib:/opt/ros/jazzy/opt/gz_plugin_vendor/lib:/opt/ros/jazzy/opt/gz_fuel_tools_vendor/lib:/opt/ros/jazzy/opt/gz_msgs_vendor/lib:/opt/ros/jazzy/opt/gz_common_vendor/lib:/opt/ros/jazzy/opt/gz_math_vendor/lib:/opt/ros/jazzy/opt/gz_utils_vendor/lib:/opt/ros/jazzy/opt/gz_tools_vendor/lib:/opt/ros/jazzy/opt/gz_ogre_next_vendor/lib:/opt/ros/jazzy/opt/gz_dartsim_vendor/lib:/opt/ros/jazzy/opt/gz_cmake_vendor/lib:/opt/ros/jazzy/lib PATH=/home/habibahassan/project/install/moveit_core/bin:/home/habibahassan/openai_env/bin:/home/habibahassan/project/install/ur_robot_driver/bin:/opt/ros/jazzy/opt/gz_msgs_vendor/bin:/opt/ros/jazzy/opt/gz_tools_vendor/bin:/opt/ros/jazzy/opt/gz_ogre_next_vendor/bin:/opt/ros/jazzy/bin:/usr/local/sbin:/usr/local/bin:/usr/sbin:/usr/bin:/sbin:/bin:/usr/games:/usr/local/games:/usr/lib/wsl/lib:/mnt/c/Program Files (x86)/Common Files/Oracle/Java/javapath:/mnt/c/Windows/system32:/mnt/c/Windows:/mnt/c/Windows/System32/Wbem:/mnt/c/Windows/System32/WindowsPowerShell/v1.0/:/mnt/c/Windows/System32/OpenSSH/:/mnt/c/Program Files (x86)/NVIDIA Corporation/PhysX/Common:/mnt/c/WINDOWS/system32:/mnt/c/WINDOWS:/mnt/c/WINDOWS/System32/Wbem:/mnt/c/WINDOWS/System32/WindowsPowerShell/v1.0/:/mnt/c/WINDOWS/System32/OpenSSH/:/mnt/c/Program Files/MATLAB/R2023a/runtime/win64:/mnt/c/Program Files/MATLAB/R2023a/bin:/mnt/c/Program Files (x86)/Microsoft SQL Server/100/Tools/Binn/:/mnt/c/Program Files/Microsoft SQL Server/100/Tools/Binn/:/mnt/c/Program Files/Microsoft SQL Server/100/DTS/Binn/:/mnt/c/Program Files (x86)/Microsoft SQL Server/100/Tools/Binn/VSShell/Common7/IDE/:/mnt/c/Program Files (x86)/Microsoft SQL Server/100/DTS/Binn/:/mnt/c/Program Files (x86)/Johnson Controls/lib:/mnt/c/Program Files/NVIDIA Corporation/NVIDIA NvDLISR:/mnt/c/Users/haboo/anaconda3/condabin:/mnt/c/Users/haboo/AppData/Local/Programs/Python/Python310/Scripts/:/mnt/c/Users/haboo/AppData/Local/Programs/Python/Python310/:/mnt/c/Users/haboo/AppData/Local/Microsoft/WindowsApps:/mnt/c/Users/haboo/AppData/Local/Microsoft VS Code/bin:/snap/bin PS1=(openai_env) \[\e]0;\u@\h: \w\a\]${debian_chroot:+($debian_chroot)}\[\033[01;32m\]\u@\h\[\033[00m\]:\[\033[01;34m\]\w\[\033[00m\]\$ PYTHONPATH=/home/habibahassan/project/install/moveit_msgs/lib/python3.12/site-packages:/home/habibahassan/project/install/moveit_configs_utils/lib/python3.12/site-packages:/home/habibahassan/project/install/ur_robot_driver/lib/python3.12/site-packages:/home/habibahassan/project/install/ur_dashboard_msgs/lib/python3.12/site-packages:/home/habibahassan/project/install/moveit_task_constructor_core/lib/python3.12/site-packages:/home/habibahassan/project/install/moveit_task_constructor_msgs/lib/python3.12/site-packages:/home/habibahassan/project/install/moveit_py/lib/python3.12/site-packages:/opt/ros/jazzy/lib/python3.12/site-packages VIRTUAL_ENV_PROMPT=(openai_env) /usr/bin/cmake --install /home/habibahassan/project/build/move_program
[12.837s] Level 1:colcon.colcon_core.environment:create_environment_scripts_only(move_program)
[12.838s] DEBUG:colcon.colcon_core.event_handler.log_command:Invoked command in '/home/habibahassan/project/build/move_program' returned '0': AMENT_PREFIX_PATH=/home/habibahassan/project/install/moveit_configs_utils:/home/habibahassan/project/install/ur_simulation_gz:/home/habibahassan/project/install/ur:/home/habibahassan/project/install/ur_calibration:/home/habibahassan/project/install/ur_robot_driver:/home/habibahassan/project/install/ur_moveit_config:/home/habibahassan/project/install/ur_description:/home/habibahassan/project/install/ur_controllers:/home/habibahassan/project/install/ur_dashboard_msgs:/home/habibahassan/project/install/robotiq_hardware_tests:/home/habibahassan/project/install/robotiq_driver:/home/habibahassan/project/install/serial:/home/habibahassan/project/install/moveit2_tutorials:/home/habibahassan/project/install/moveit_visual_tools:/home/habibahassan/project/install/rviz_visual_tools:/home/habibahassan/project/install/moveit_task_constructor_visualization:/home/habibahassan/project/install/moveit_task_constructor_demo:/home/habibahassan/project/install/moveit_task_constructor_capabilities:/home/habibahassan/project/install/moveit_task_constructor_core:/home/habibahassan/project/install/rviz_marker_tools:/home/habibahassan/project/install/kortex_bringup:/home/habibahassan/project/install/kinova_gen3_lite_moveit_config:/home/habibahassan/project/install/kinova_gen3_7dof_robotiq_2f_85_moveit_config:/home/habibahassan/project/install/kinova_gen3_6dof_robotiq_2f_85_moveit_config:/home/habibahassan/project/install/kortex_description:/home/habibahassan/project/install/robotiq_description:/home/habibahassan/project/install/robotiq_controllers:/home/habibahassan/project/install/pilz_industrial_motion_planner_testutils:/home/habibahassan/project/install/moveit_runtime:/home/habibahassan/project/install/moveit:/home/habibahassan/project/install/moveit_planners:/home/habibahassan/project/install/pilz_industrial_motion_planner:/home/habibahassan/project/install/picknik_twist_controller:/home/habibahassan/project/install/picknik_reset_fault_controller:/home/habibahassan/project/install/moveit_task_constructor_msgs:/home/habibahassan/project/install/moveit_ros_control_interface:/home/habibahassan/project/install/moveit_plugins:/home/habibahassan/project/install/move_program:/home/habibahassan/project/install/moveit_simple_controller_manager:/home/habibahassan/project/install/moveit_setup_assistant:/home/habibahassan/project/install/moveit_setup_srdf_plugins:/home/habibahassan/project/install/moveit_setup_core_plugins:/home/habibahassan/project/install/moveit_setup_controllers:/home/habibahassan/project/install/moveit_setup_app_plugins:/home/habibahassan/project/install/moveit_setup_framework:/home/habibahassan/project/install/moveit_servo:/home/habibahassan/project/install/moveit_ros_trajectory_cache:/home/habibahassan/project/install/moveit_ros:/home/habibahassan/project/install/moveit_ros_visualization:/home/habibahassan/project/install/moveit_py:/home/habibahassan/project/install/moveit_hybrid_planning:/home/habibahassan/project/install/moveit_ros_planning_interface:/home/habibahassan/project/install/moveit_ros_benchmarks:/home/habibahassan/project/install/moveit_ros_warehouse:/home/habibahassan/project/install/moveit_ros_robot_interaction:/home/habibahassan/project/install/moveit_ros_perception:/home/habibahassan/project/install/moveit_resources_prbt_pg70_support:/home/habibahassan/project/install/moveit_resources_prbt_moveit_config:/home/habibahassan/project/install/moveit_ros_move_group:/home/habibahassan/project/install/moveit_planners_ompl:/home/habibahassan/project/install/moveit_kinematics:/home/habibahassan/project/install/moveit_ros_planning:/home/habibahassan/project/install/moveit_ros_occupancy_map_monitor:/home/habibahassan/project/install/moveit_resources_prbt_support:/home/habibahassan/project/install/moveit_resources_prbt_ikfast_manipulator_plugin:/home/habibahassan/project/install/moveit_resources:/home/habibahassan/project/install/moveit_resources_pr2_description:/home/habibahassan/project/install/moveit_resources_panda_moveit_config:/home/habibahassan/project/install/dual_arm_panda_moveit_config:/home/habibahassan/project/install/moveit_resources_panda_description:/home/habibahassan/project/install/moveit_resources_fanuc_moveit_config:/home/habibahassan/project/install/moveit_resources_fanuc_description:/home/habibahassan/project/install/moveit_planners_stomp:/home/habibahassan/project/install/moveit_planners_chomp:/home/habibahassan/project/install/chomp_motion_planner:/home/habibahassan/project/install/moveit_core:/home/habibahassan/project/install/moveit_msgs:/home/habibahassan/project/install/moveit_common:/home/habibahassan/project/install/kortex_driver:/home/habibahassan/project/install/kortex_api:/home/habibahassan/project/install/gz_ros2_control_tests:/home/habibahassan/project/install/gz_ros2_control_demos:/home/habibahassan/project/install/gz_ros2_control:/opt/ros/jazzy CMAKE_PREFIX_PATH=/home/habibahassan/project/install/moveit_servo:/home/habibahassan/project/install/moveit_ros_visualization:/home/habibahassan/project/install/moveit_ros_planning_interface:/home/habibahassan/project/install/moveit_ros_move_group:/home/habibahassan/project/install/moveit_ros_warehouse:/home/habibahassan/project/install/moveit_ros_robot_interaction:/home/habibahassan/project/install/moveit_kinematics:/home/habibahassan/project/install/moveit_ros_planning:/home/habibahassan/project/install/moveit_simple_controller_manager:/home/habibahassan/project/install/moveit_ros_occupancy_map_monitor:/home/habibahassan/project/install/moveit_core:/home/habibahassan/project/install/moveit_resources_panda_moveit_config:/home/habibahassan/project/install/moveit_resources_fanuc_moveit_config:/home/habibahassan/project/install/moveit_resources_pr2_description:/home/habibahassan/project/install/moveit_resources_panda_description:/home/habibahassan/project/install/moveit_resources_fanuc_description:/home/habibahassan/project/install/moveit_msgs:/home/habibahassan/project/install/moveit_common:/home/habibahassan/project/install/ur_simulation_gz:/home/habibahassan/project/install/ur:/home/habibahassan/project/install/ur_calibration:/home/habibahassan/project/install/ur_robot_driver:/home/habibahassan/project/install/ur_moveit_config:/home/habibahassan/project/install/ur_description:/home/habibahassan/project/install/ur_controllers:/home/habibahassan/project/install/ur_dashboard_msgs:/home/habibahassan/project/install/robotiq_hardware_tests:/home/habibahassan/project/install/robotiq_driver:/home/habibahassan/project/install/serial:/home/habibahassan/project/install/moveit2_tutorials:/home/habibahassan/project/install/moveit_visual_tools:/home/habibahassan/project/install/rviz_visual_tools:/home/habibahassan/project/install/moveit_task_constructor_visualization:/home/habibahassan/project/install/moveit_task_constructor_demo:/home/habibahassan/project/install/moveit_task_constructor_capabilities:/home/habibahassan/project/install/moveit_task_constructor_core:/home/habibahassan/project/install/rviz_marker_tools:/home/habibahassan/project/install/kortex_bringup:/home/habibahassan/project/install/kinova_gen3_lite_moveit_config:/home/habibahassan/project/install/kinova_gen3_7dof_robotiq_2f_85_moveit_config:/home/habibahassan/project/install/kinova_gen3_6dof_robotiq_2f_85_moveit_config:/home/habibahassan/project/install/kortex_description:/home/habibahassan/project/install/robotiq_description:/home/habibahassan/project/install/robotiq_controllers:/home/habibahassan/project/install/pilz_industrial_motion_planner_testutils:/home/habibahassan/project/install/moveit_runtime:/home/habibahassan/project/install/moveit:/home/habibahassan/project/install/moveit_planners:/home/habibahassan/project/install/pilz_industrial_motion_planner:/home/habibahassan/project/install/picknik_twist_controller:/home/habibahassan/project/install/picknik_reset_fault_controller:/home/habibahassan/project/install/moveit_task_constructor_msgs:/home/habibahassan/project/install/moveit_ros_control_interface:/home/habibahassan/project/install/moveit_plugins:/home/habibahassan/project/install/move_program:/home/habibahassan/project/install/moveit_setup_assistant:/home/habibahassan/project/install/moveit_setup_srdf_plugins:/home/habibahassan/project/install/moveit_setup_core_plugins:/home/habibahassan/project/install/moveit_setup_controllers:/home/habibahassan/project/install/moveit_setup_app_plugins:/home/habibahassan/project/install/moveit_setup_framework:/home/habibahassan/project/install/moveit_ros_trajectory_cache:/home/habibahassan/project/install/moveit_ros:/home/habibahassan/project/install/moveit_py:/home/habibahassan/project/install/moveit_hybrid_planning:/home/habibahassan/project/install/moveit_ros_benchmarks:/home/habibahassan/project/install/moveit_ros_perception:/home/habibahassan/project/install/moveit_resources_prbt_pg70_support:/home/habibahassan/project/install/moveit_resources_prbt_moveit_config:/home/habibahassan/project/install/moveit_planners_ompl:/home/habibahassan/project/install/moveit_resources_prbt_support:/home/habibahassan/project/install/moveit_resources_prbt_ikfast_manipulator_plugin:/home/habibahassan/project/install/moveit_resources:/home/habibahassan/project/install/dual_arm_panda_moveit_config:/home/habibahassan/project/install/moveit_planners_stomp:/home/habibahassan/project/install/moveit_planners_chomp:/home/habibahassan/project/install/chomp_motion_planner:/home/habibahassan/project/install/kortex_driver:/home/habibahassan/project/install/kortex_api:/home/habibahassan/project/install/gz_ros2_control_tests:/home/habibahassan/project/install/gz_ros2_control_demos:/home/habibahassan/project/install/gz_ros2_control:/opt/ros/jazzy/opt/gz_sim_vendor:/opt/ros/jazzy/opt/gz_sensors_vendor:/opt/ros/jazzy/opt/gz_physics_vendor:/opt/ros/jazzy/opt/sdformat_vendor:/opt/ros/jazzy/opt/gz_gui_vendor:/opt/ros/jazzy/opt/gz_transport_vendor:/opt/ros/jazzy/opt/gz_rendering_vendor:/opt/ros/jazzy/opt/gz_plugin_vendor:/opt/ros/jazzy/opt/gz_fuel_tools_vendor:/opt/ros/jazzy/opt/gz_msgs_vendor:/opt/ros/jazzy/opt/gz_common_vendor:/opt/ros/jazzy/opt/gz_math_vendor:/opt/ros/jazzy/opt/gz_utils_vendor:/opt/ros/jazzy/opt/gz_tools_vendor:/opt/ros/jazzy/opt/gz_ogre_next_vendor:/opt/ros/jazzy/opt/gz_dartsim_vendor:/opt/ros/jazzy/opt/gz_cmake_vendor:/home/habibahassan/project/install/moveit_configs_utils:/opt/ros/jazzy DEBUGINFOD_URLS=https://debuginfod.ubuntu.com LD_LIBRARY_PATH=/home/habibahassan/project/install/moveit_servo/lib:/home/habibahassan/project/install/moveit_ros_visualization/lib:/home/habibahassan/project/install/moveit_ros_planning_interface/lib:/home/habibahassan/project/install/moveit_ros_move_group/lib:/home/habibahassan/project/install/moveit_ros_warehouse/lib:/home/habibahassan/project/install/moveit_ros_robot_interaction/lib:/home/habibahassan/project/install/moveit_kinematics/lib:/home/habibahassan/project/install/moveit_ros_planning/lib:/home/habibahassan/project/install/moveit_simple_controller_manager/lib:/home/habibahassan/project/install/moveit_ros_occupancy_map_monitor/lib:/home/habibahassan/project/install/moveit_core/lib:/home/habibahassan/project/install/moveit_msgs/lib:/home/habibahassan/project/install/ur_robot_driver/lib:/home/habibahassan/project/install/ur_controllers/lib:/home/habibahassan/project/install/ur_dashboard_msgs/lib:/home/habibahassan/project/install/robotiq_driver/lib:/home/habibahassan/project/install/serial/lib:/home/habibahassan/project/install/moveit_visual_tools/lib:/home/habibahassan/project/install/rviz_visual_tools/lib:/home/habibahassan/project/install/moveit_task_constructor_visualization/lib:/home/habibahassan/project/install/moveit_task_constructor_demo/lib:/home/habibahassan/project/install/moveit_task_constructor_capabilities/lib:/home/habibahassan/project/install/moveit_task_constructor_core/lib:/home/habibahassan/project/install/rviz_marker_tools/lib:/home/habibahassan/project/install/robotiq_controllers/lib:/home/habibahassan/project/install/pilz_industrial_motion_planner_testutils/lib:/home/habibahassan/project/install/pilz_industrial_motion_planner/lib:/home/habibahassan/project/install/picknik_twist_controller/lib:/home/habibahassan/project/install/picknik_reset_fault_controller/lib:/home/habibahassan/project/install/moveit_task_constructor_msgs/lib:/home/habibahassan/project/install/moveit_ros_control_interface/lib:/home/habibahassan/project/install/moveit_setup_assistant/lib:/home/habibahassan/project/install/moveit_setup_srdf_plugins/lib:/home/habibahassan/project/install/moveit_setup_core_plugins/lib:/home/habibahassan/project/install/moveit_setup_controllers/lib:/home/habibahassan/project/install/moveit_setup_app_plugins/lib:/home/habibahassan/project/install/moveit_setup_framework/lib:/home/habibahassan/project/install/moveit_ros_trajectory_cache/lib:/home/habibahassan/project/install/moveit_py/lib:/home/habibahassan/project/install/moveit_hybrid_planning/lib:/home/habibahassan/project/install/moveit_ros_benchmarks/lib:/home/habibahassan/project/install/moveit_ros_perception/lib:/home/habibahassan/project/install/moveit_planners_ompl/lib:/home/habibahassan/project/install/moveit_resources_prbt_ikfast_manipulator_plugin/lib:/home/habibahassan/project/install/moveit_planners_stomp/lib:/home/habibahassan/project/install/moveit_planners_chomp/lib:/home/habibahassan/project/install/chomp_motion_planner/lib:/home/habibahassan/project/install/kortex_driver/lib:/home/habibahassan/project/install/gz_ros2_control/lib:/opt/ros/jazzy/opt/gz_sim_vendor/lib:/opt/ros/jazzy/opt/gz_sensors_vendor/lib:/opt/ros/jazzy/opt/gz_physics_vendor/lib:/opt/ros/jazzy/opt/sdformat_vendor/lib:/opt/ros/jazzy/opt/rviz_ogre_vendor/lib:/opt/ros/jazzy/lib/x86_64-linux-gnu:/opt/ros/jazzy/opt/gz_gui_vendor/lib:/opt/ros/jazzy/opt/gz_transport_vendor/lib:/opt/ros/jazzy/opt/gz_rendering_vendor/lib:/opt/ros/jazzy/opt/gz_plugin_vendor/lib:/opt/ros/jazzy/opt/gz_fuel_tools_vendor/lib:/opt/ros/jazzy/opt/gz_msgs_vendor/lib:/opt/ros/jazzy/opt/gz_common_vendor/lib:/opt/ros/jazzy/opt/gz_math_vendor/lib:/opt/ros/jazzy/opt/gz_utils_vendor/lib:/opt/ros/jazzy/opt/gz_tools_vendor/lib:/opt/ros/jazzy/opt/gz_ogre_next_vendor/lib:/opt/ros/jazzy/opt/gz_dartsim_vendor/lib:/opt/ros/jazzy/opt/gz_cmake_vendor/lib:/opt/ros/jazzy/lib PATH=/home/habibahassan/project/install/moveit_core/bin:/home/habibahassan/openai_env/bin:/home/habibahassan/project/install/ur_robot_driver/bin:/opt/ros/jazzy/opt/gz_msgs_vendor/bin:/opt/ros/jazzy/opt/gz_tools_vendor/bin:/opt/ros/jazzy/opt/gz_ogre_next_vendor/bin:/opt/ros/jazzy/bin:/usr/local/sbin:/usr/local/bin:/usr/sbin:/usr/bin:/sbin:/bin:/usr/games:/usr/local/games:/usr/lib/wsl/lib:/mnt/c/Program Files (x86)/Common Files/Oracle/Java/javapath:/mnt/c/Windows/system32:/mnt/c/Windows:/mnt/c/Windows/System32/Wbem:/mnt/c/Windows/System32/WindowsPowerShell/v1.0/:/mnt/c/Windows/System32/OpenSSH/:/mnt/c/Program Files (x86)/NVIDIA Corporation/PhysX/Common:/mnt/c/WINDOWS/system32:/mnt/c/WINDOWS:/mnt/c/WINDOWS/System32/Wbem:/mnt/c/WINDOWS/System32/WindowsPowerShell/v1.0/:/mnt/c/WINDOWS/System32/OpenSSH/:/mnt/c/Program Files/MATLAB/R2023a/runtime/win64:/mnt/c/Program Files/MATLAB/R2023a/bin:/mnt/c/Program Files (x86)/Microsoft SQL Server/100/Tools/Binn/:/mnt/c/Program Files/Microsoft SQL Server/100/Tools/Binn/:/mnt/c/Program Files/Microsoft SQL Server/100/DTS/Binn/:/mnt/c/Program Files (x86)/Microsoft SQL Server/100/Tools/Binn/VSShell/Common7/IDE/:/mnt/c/Program Files (x86)/Microsoft SQL Server/100/DTS/Binn/:/mnt/c/Program Files (x86)/Johnson Controls/lib:/mnt/c/Program Files/NVIDIA Corporation/NVIDIA NvDLISR:/mnt/c/Users/haboo/anaconda3/condabin:/mnt/c/Users/haboo/AppData/Local/Programs/Python/Python310/Scripts/:/mnt/c/Users/haboo/AppData/Local/Programs/Python/Python310/:/mnt/c/Users/haboo/AppData/Local/Microsoft/WindowsApps:/mnt/c/Users/haboo/AppData/Local/Microsoft VS Code/bin:/snap/bin PS1=(openai_env) \[\e]0;\u@\h: \w\a\]${debian_chroot:+($debian_chroot)}\[\033[01;32m\]\u@\h\[\033[00m\]:\[\033[01;34m\]\w\[\033[00m\]\$ PYTHONPATH=/home/habibahassan/project/install/moveit_msgs/lib/python3.12/site-packages:/home/habibahassan/project/install/moveit_configs_utils/lib/python3.12/site-packages:/home/habibahassan/project/install/ur_robot_driver/lib/python3.12/site-packages:/home/habibahassan/project/install/ur_dashboard_msgs/lib/python3.12/site-packages:/home/habibahassan/project/install/moveit_task_constructor_core/lib/python3.12/site-packages:/home/habibahassan/project/install/moveit_task_constructor_msgs/lib/python3.12/site-packages:/home/habibahassan/project/install/moveit_py/lib/python3.12/site-packages:/opt/ros/jazzy/lib/python3.12/site-packages VIRTUAL_ENV_PROMPT=(openai_env) /usr/bin/cmake --install /home/habibahassan/project/build/move_program
[12.853s] Level 1:colcon.colcon_core.environment:checking '/home/habibahassan/project/install/move_program' for CMake module files
[12.861s] Level 1:colcon.colcon_core.environment:checking '/home/habibahassan/project/install/move_program' for CMake config files
[12.863s] Level 1:colcon.colcon_core.shell:create_environment_hook('move_program', 'cmake_prefix_path')
[12.868s] INFO:colcon.colcon_core.shell:Creating environment hook '/home/habibahassan/project/install/move_program/share/move_program/hook/cmake_prefix_path.ps1'
[12.870s] INFO:colcon.colcon_core.shell:Creating environment descriptor '/home/habibahassan/project/install/move_program/share/move_program/hook/cmake_prefix_path.dsv'
[12.872s] INFO:colcon.colcon_core.shell:Creating environment hook '/home/habibahassan/project/install/move_program/share/move_program/hook/cmake_prefix_path.sh'
[12.874s] Level 1:colcon.colcon_core.environment:checking '/home/habibahassan/project/install/move_program/lib'
[12.874s] Level 1:colcon.colcon_core.environment:checking '/home/habibahassan/project/install/move_program/bin'
[12.874s] Level 1:colcon.colcon_core.environment:checking '/home/habibahassan/project/install/move_program/lib/pkgconfig/move_program.pc'
[12.875s] Level 1:colcon.colcon_core.environment:checking '/home/habibahassan/project/install/move_program/lib/python3.12/site-packages'
[12.875s] Level 1:colcon.colcon_core.environment:checking '/home/habibahassan/project/install/move_program/bin'
[12.875s] INFO:colcon.colcon_core.shell:Creating package script '/home/habibahassan/project/install/move_program/share/move_program/package.ps1'
[12.877s] INFO:colcon.colcon_core.shell:Creating package descriptor '/home/habibahassan/project/install/move_program/share/move_program/package.dsv'
[12.879s] INFO:colcon.colcon_core.shell:Creating package script '/home/habibahassan/project/install/move_program/share/move_program/package.sh'
[12.884s] INFO:colcon.colcon_core.shell:Creating package script '/home/habibahassan/project/install/move_program/share/move_program/package.bash'
[12.889s] INFO:colcon.colcon_core.shell:Creating package script '/home/habibahassan/project/install/move_program/share/move_program/package.zsh'
[12.891s] Level 1:colcon.colcon_core.environment:create_file_with_runtime_dependencies(/home/habibahassan/project/install/move_program/share/colcon-core/packages/move_program)
[12.893s] Level 1:colcon.colcon_core.environment:create_environment_scripts_only(move_program)
[12.893s] Level 1:colcon.colcon_core.environment:checking '/home/habibahassan/project/install/move_program' for CMake module files
[12.895s] Level 1:colcon.colcon_core.environment:checking '/home/habibahassan/project/install/move_program' for CMake config files
[12.895s] Level 1:colcon.colcon_core.shell:create_environment_hook('move_program', 'cmake_prefix_path')
[12.896s] INFO:colcon.colcon_core.shell:Creating environment hook '/home/habibahassan/project/install/move_program/share/move_program/hook/cmake_prefix_path.ps1'
[12.897s] INFO:colcon.colcon_core.shell:Creating environment descriptor '/home/habibahassan/project/install/move_program/share/move_program/hook/cmake_prefix_path.dsv'
[12.901s] INFO:colcon.colcon_core.shell:Creating environment hook '/home/habibahassan/project/install/move_program/share/move_program/hook/cmake_prefix_path.sh'
[12.903s] Level 1:colcon.colcon_core.environment:checking '/home/habibahassan/project/install/move_program/lib'
[12.903s] Level 1:colcon.colcon_core.environment:checking '/home/habibahassan/project/install/move_program/bin'
[12.903s] Level 1:colcon.colcon_core.environment:checking '/home/habibahassan/project/install/move_program/lib/pkgconfig/move_program.pc'
[12.904s] Level 1:colcon.colcon_core.environment:checking '/home/habibahassan/project/install/move_program/lib/python3.12/site-packages'
[12.904s] Level 1:colcon.colcon_core.environment:checking '/home/habibahassan/project/install/move_program/bin'
[12.905s] INFO:colcon.colcon_core.shell:Creating package script '/home/habibahassan/project/install/move_program/share/move_program/package.ps1'
[12.941s] INFO:colcon.colcon_core.shell:Creating package descriptor '/home/habibahassan/project/install/move_program/share/move_program/package.dsv'
[12.943s] INFO:colcon.colcon_core.shell:Creating package script '/home/habibahassan/project/install/move_program/share/move_program/package.sh'
[12.944s] INFO:colcon.colcon_core.shell:Creating package script '/home/habibahassan/project/install/move_program/share/move_program/package.bash'
[12.945s] INFO:colcon.colcon_core.shell:Creating package script '/home/habibahassan/project/install/move_program/share/move_program/package.zsh'
[12.946s] Level 1:colcon.colcon_core.environment:create_file_with_runtime_dependencies(/home/habibahassan/project/install/move_program/share/colcon-core/packages/move_program)
[12.947s] DEBUG:colcon.colcon_parallel_executor.executor.parallel:closing loop
[12.968s] DEBUG:colcon.colcon_parallel_executor.executor.parallel:loop closed
[12.968s] DEBUG:colcon.colcon_parallel_executor.executor.parallel:run_until_complete finished with '0'
[12.969s] DEBUG:colcon.colcon_core.event_reactor:joining thread
[13.141s] INFO:colcon.colcon_core.plugin_system:Skipping extension 'colcon_notification.desktop_notification.notify_send': Could not find 'notify-send'
[13.142s] INFO:colcon.colcon_core.plugin_system:Skipping extension 'colcon_notification.desktop_notification.terminal_notifier': Not used on non-Darwin systems
[13.142s] INFO:colcon.colcon_core.plugin_system:Skipping extension 'colcon_notification.desktop_notification.win32': Not used on non-Windows systems
[13.142s] INFO:colcon.colcon_notification.desktop_notification:Sending desktop notification using 'notify2'
[13.145s] DEBUG:colcon.colcon_notification.desktop_notification.notify2:Failed to initialize notify2: org.freedesktop.DBus.Error.ServiceUnknown: The name org.freedesktop.Notifications was not provided by any .service files
[13.148s] DEBUG:colcon.colcon_core.event_reactor:joined thread
[13.149s] INFO:colcon.colcon_core.shell:Creating prefix script '/home/habibahassan/project/install/local_setup.ps1'
[13.151s] INFO:colcon.colcon_core.shell:Creating prefix util module '/home/habibahassan/project/install/_local_setup_util_ps1.py'
[13.155s] INFO:colcon.colcon_core.shell:Creating prefix chain script '/home/habibahassan/project/install/setup.ps1'
[13.179s] INFO:colcon.colcon_core.shell:Creating prefix script '/home/habibahassan/project/install/local_setup.sh'
[13.181s] INFO:colcon.colcon_core.shell:Creating prefix util module '/home/habibahassan/project/install/_local_setup_util_sh.py'
[13.183s] INFO:colcon.colcon_core.shell:Creating prefix chain script '/home/habibahassan/project/install/setup.sh'
[13.192s] INFO:colcon.colcon_core.shell:Creating prefix script '/home/habibahassan/project/install/local_setup.bash'
[13.203s] INFO:colcon.colcon_core.shell:Creating prefix chain script '/home/habibahassan/project/install/setup.bash'
[13.231s] INFO:colcon.colcon_core.shell:Creating prefix script '/home/habibahassan/project/install/local_setup.zsh'
[13.233s] INFO:colcon.colcon_core.shell:Creating prefix chain script '/home/habibahassan/project/install/setup.zsh'
