[0.077s] Invoking command in '/home/habibahassan/project/build/moveit_msgs': CMAKE_PREFIX_PATH=${CMAKE_PREFIX_PATH}:/home/habibahassan/project/install/moveit_configs_utils:/opt/ros/jazzy DEBUGINFOD_URLS=https://debuginfod.ubuntu.com /usr/bin/cmake --build /home/habibahassan/project/build/moveit_msgs -- -j8 -l8
[0.446s] [  0%] Built target moveit_msgs__rosidl_generator_type_description
[0.487s] [  0%] Built target ament_cmake_python_copy_moveit_msgs
[0.718s] [ 29%] Built target moveit_msgs__rosidl_generator_c
[2.024s] running egg_info
[2.309s] writing moveit_msgs.egg-info/PKG-INFO
[2.310s] writing dependency_links to moveit_msgs.egg-info/dependency_links.txt
[2.310s] writing top-level names to moveit_msgs.egg-info/top_level.txt
[2.943s] reading manifest file 'moveit_msgs.egg-info/SOURCES.txt'
[2.944s] writing manifest file 'moveit_msgs.egg-info/SOURCES.txt'
[3.197s] [ 29%] Built target ament_cmake_python_build_moveit_msgs_egg
[3.659s] [ 39%] Built target moveit_msgs__rosidl_typesupport_c
[4.217s] [ 49%] Built target moveit_msgs__rosidl_typesupport_introspection_c
[4.774s] [ 59%] Built target moveit_msgs__rosidl_typesupport_fastrtps_c
[5.271s] [ 59%] Built target moveit_msgs__cpp
[5.662s] [ 69%] Built target moveit_msgs__rosidl_typesupport_cpp
[6.154s] [ 79%] Built target moveit_msgs__rosidl_typesupport_introspection_cpp
[6.946s] [ 89%] Built target moveit_msgs__rosidl_typesupport_fastrtps_cpp
[7.180s] [ 89%] Built target moveit_msgs
[7.377s] [ 89%] Built target moveit_msgs__py
[7.835s] [ 99%] Built target moveit_msgs__rosidl_generator_py
[8.000s] [ 99%] Built target moveit_msgs_s__rosidl_typesupport_fastrtps_c
[8.412s] [ 99%] Built target moveit_msgs_s__rosidl_typesupport_c
[8.766s] [100%] Built target moveit_msgs_s__rosidl_typesupport_introspection_c
[8.779s] Invoked command in '/home/habibahassan/project/build/moveit_msgs' returned '0': CMAKE_PREFIX_PATH=${CMAKE_PREFIX_PATH}:/home/habibahassan/project/install/moveit_configs_utils:/opt/ros/jazzy DEBUGINFOD_URLS=https://debuginfod.ubuntu.com /usr/bin/cmake --build /home/habibahassan/project/build/moveit_msgs -- -j8 -l8
[8.781s] Invoking command in '/home/habibahassan/project/build/moveit_msgs': CMAKE_PREFIX_PATH=${CMAKE_PREFIX_PATH}:/home/habibahassan/project/install/moveit_configs_utils:/opt/ros/jazzy DEBUGINFOD_URLS=https://debuginfod.ubuntu.com /usr/bin/cmake --install /home/habibahassan/project/build/moveit_msgs
[8.963s] -- Install configuration: ""
[8.968s] -- Up-to-date: /home/habibahassan/project/install/moveit_msgs/share/ament_index/resource_index/rosidl_interfaces/moveit_msgs
[8.970s] -- Up-to-date: /home/habibahassan/project/install/moveit_msgs/share/moveit_msgs/msg/AllowedCollisionEntry.json
[8.971s] -- Up-to-date: /home/habibahassan/project/install/moveit_msgs/share/moveit_msgs/msg/AllowedCollisionMatrix.json
[8.972s] -- Up-to-date: /home/habibahassan/project/install/moveit_msgs/share/moveit_msgs/msg/AttachedCollisionObject.json
[8.977s] -- Up-to-date: /home/habibahassan/project/install/moveit_msgs/share/moveit_msgs/msg/BoundingVolume.json
[8.978s] -- Up-to-date: /home/habibahassan/project/install/moveit_msgs/share/moveit_msgs/msg/CartesianPoint.json
[8.980s] -- Up-to-date: /home/habibahassan/project/install/moveit_msgs/share/moveit_msgs/msg/CartesianTrajectory.json
[8.982s] -- Up-to-date: /home/habibahassan/project/install/moveit_msgs/share/moveit_msgs/msg/CartesianTrajectoryPoint.json
[8.983s] -- Up-to-date: /home/habibahassan/project/install/moveit_msgs/share/moveit_msgs/msg/CollisionObject.json
[8.987s] -- Up-to-date: /home/habibahassan/project/install/moveit_msgs/share/moveit_msgs/msg/ConstraintEvalResult.json
[8.989s] -- Up-to-date: /home/habibahassan/project/install/moveit_msgs/share/moveit_msgs/msg/Constraints.json
[8.991s] -- Up-to-date: /home/habibahassan/project/install/moveit_msgs/share/moveit_msgs/msg/CostSource.json
[8.992s] -- Up-to-date: /home/habibahassan/project/install/moveit_msgs/share/moveit_msgs/msg/ContactInformation.json
[8.993s] -- Up-to-date: /home/habibahassan/project/install/moveit_msgs/share/moveit_msgs/msg/DisplayTrajectory.json
[8.994s] -- Up-to-date: /home/habibahassan/project/install/moveit_msgs/share/moveit_msgs/msg/DisplayRobotState.json
[8.997s] -- Up-to-date: /home/habibahassan/project/install/moveit_msgs/share/moveit_msgs/msg/GenericTrajectory.json
[8.998s] -- Up-to-date: /home/habibahassan/project/install/moveit_msgs/share/moveit_msgs/msg/Grasp.json
[8.999s] -- Up-to-date: /home/habibahassan/project/install/moveit_msgs/share/moveit_msgs/msg/GripperTranslation.json
[9.000s] -- Up-to-date: /home/habibahassan/project/install/moveit_msgs/share/moveit_msgs/msg/JointConstraint.json
[9.000s] -- Up-to-date: /home/habibahassan/project/install/moveit_msgs/share/moveit_msgs/msg/JointLimits.json
[9.001s] -- Up-to-date: /home/habibahassan/project/install/moveit_msgs/share/moveit_msgs/msg/LinkPadding.json
[9.002s] -- Up-to-date: /home/habibahassan/project/install/moveit_msgs/share/moveit_msgs/msg/LinkScale.json
[9.003s] -- Up-to-date: /home/habibahassan/project/install/moveit_msgs/share/moveit_msgs/msg/MotionPlanRequest.json
[9.003s] -- Up-to-date: /home/habibahassan/project/install/moveit_msgs/share/moveit_msgs/msg/MotionPlanResponse.json
[9.004s] -- Up-to-date: /home/habibahassan/project/install/moveit_msgs/share/moveit_msgs/msg/MotionPlanDetailedResponse.json
[9.013s] -- Up-to-date: /home/habibahassan/project/install/moveit_msgs/share/moveit_msgs/msg/MotionSequenceItem.json
[9.016s] -- Up-to-date: /home/habibahassan/project/install/moveit_msgs/share/moveit_msgs/msg/MotionSequenceRequest.json
[9.017s] -- Up-to-date: /home/habibahassan/project/install/moveit_msgs/share/moveit_msgs/msg/MotionSequenceResponse.json
[9.018s] -- Up-to-date: /home/habibahassan/project/install/moveit_msgs/share/moveit_msgs/msg/MoveItErrorCodes.json
[9.020s] -- Up-to-date: /home/habibahassan/project/install/moveit_msgs/share/moveit_msgs/msg/TrajectoryConstraints.json
[9.021s] -- Up-to-date: /home/habibahassan/project/install/moveit_msgs/share/moveit_msgs/msg/ObjectColor.json
[9.023s] -- Up-to-date: /home/habibahassan/project/install/moveit_msgs/share/moveit_msgs/msg/OrientationConstraint.json
[9.024s] -- Up-to-date: /home/habibahassan/project/install/moveit_msgs/share/moveit_msgs/msg/OrientedBoundingBox.json
[9.025s] -- Up-to-date: /home/habibahassan/project/install/moveit_msgs/share/moveit_msgs/msg/PlaceLocation.json
[9.026s] -- Up-to-date: /home/habibahassan/project/install/moveit_msgs/share/moveit_msgs/msg/PlannerInterfaceDescription.json
[9.028s] -- Up-to-date: /home/habibahassan/project/install/moveit_msgs/share/moveit_msgs/msg/PlannerParams.json
[9.029s] -- Up-to-date: /home/habibahassan/project/install/moveit_msgs/share/moveit_msgs/msg/PlanningScene.json
[9.034s] -- Up-to-date: /home/habibahassan/project/install/moveit_msgs/share/moveit_msgs/msg/PlanningSceneComponents.json
[9.035s] -- Up-to-date: /home/habibahassan/project/install/moveit_msgs/share/moveit_msgs/msg/PlanningSceneWorld.json
[9.039s] -- Up-to-date: /home/habibahassan/project/install/moveit_msgs/share/moveit_msgs/msg/PlanningOptions.json
[9.040s] -- Up-to-date: /home/habibahassan/project/install/moveit_msgs/share/moveit_msgs/msg/PositionConstraint.json
[9.046s] -- Up-to-date: /home/habibahassan/project/install/moveit_msgs/share/moveit_msgs/msg/RobotState.json
[9.047s] -- Up-to-date: /home/habibahassan/project/install/moveit_msgs/share/moveit_msgs/msg/RobotTrajectory.json
[9.048s] -- Up-to-date: /home/habibahassan/project/install/moveit_msgs/share/moveit_msgs/msg/VisibilityConstraint.json
[9.049s] -- Up-to-date: /home/habibahassan/project/install/moveit_msgs/share/moveit_msgs/msg/WorkspaceParameters.json
[9.049s] -- Up-to-date: /home/habibahassan/project/install/moveit_msgs/share/moveit_msgs/msg/KinematicSolverInfo.json
[9.051s] -- Up-to-date: /home/habibahassan/project/install/moveit_msgs/share/moveit_msgs/msg/PositionIKRequest.json
[9.053s] -- Up-to-date: /home/habibahassan/project/install/moveit_msgs/share/moveit_msgs/msg/PipelineState.json
[9.055s] -- Up-to-date: /home/habibahassan/project/install/moveit_msgs/share/moveit_msgs/msg/ServoStatus.json
[9.058s] -- Up-to-date: /home/habibahassan/project/install/moveit_msgs/share/moveit_msgs/srv/GetMotionPlan.json
[9.059s] -- Up-to-date: /home/habibahassan/project/install/moveit_msgs/share/moveit_msgs/srv/GetStateValidity.json
[9.060s] -- Up-to-date: /home/habibahassan/project/install/moveit_msgs/share/moveit_msgs/srv/GetCartesianPath.json
[9.062s] -- Up-to-date: /home/habibahassan/project/install/moveit_msgs/share/moveit_msgs/srv/GetPlanningScene.json
[9.063s] -- Up-to-date: /home/habibahassan/project/install/moveit_msgs/share/moveit_msgs/srv/GraspPlanning.json
[9.069s] -- Up-to-date: /home/habibahassan/project/install/moveit_msgs/share/moveit_msgs/srv/ApplyPlanningScene.json
[9.070s] -- Up-to-date: /home/habibahassan/project/install/moveit_msgs/share/moveit_msgs/srv/QueryPlannerInterfaces.json
[9.072s] -- Up-to-date: /home/habibahassan/project/install/moveit_msgs/share/moveit_msgs/srv/GetMotionSequence.json
[9.075s] -- Up-to-date: /home/habibahassan/project/install/moveit_msgs/share/moveit_msgs/srv/GetPositionFK.json
[9.077s] -- Up-to-date: /home/habibahassan/project/install/moveit_msgs/share/moveit_msgs/srv/GetPositionIK.json
[9.078s] -- Up-to-date: /home/habibahassan/project/install/moveit_msgs/share/moveit_msgs/srv/GetPlannerParams.json
[9.078s] -- Up-to-date: /home/habibahassan/project/install/moveit_msgs/share/moveit_msgs/srv/SetPlannerParams.json
[9.079s] -- Up-to-date: /home/habibahassan/project/install/moveit_msgs/share/moveit_msgs/srv/UpdatePointcloudOctomap.json
[9.082s] -- Up-to-date: /home/habibahassan/project/install/moveit_msgs/share/moveit_msgs/srv/SaveGeometryToFile.json
[9.084s] -- Up-to-date: /home/habibahassan/project/install/moveit_msgs/share/moveit_msgs/srv/SaveMap.json
[9.086s] -- Up-to-date: /home/habibahassan/project/install/moveit_msgs/share/moveit_msgs/srv/LoadGeometryFromFile.json
[9.087s] -- Up-to-date: /home/habibahassan/project/install/moveit_msgs/share/moveit_msgs/srv/LoadMap.json
[9.088s] -- Up-to-date: /home/habibahassan/project/install/moveit_msgs/share/moveit_msgs/srv/SaveRobotStateToWarehouse.json
[9.088s] -- Up-to-date: /home/habibahassan/project/install/moveit_msgs/share/moveit_msgs/srv/ListRobotStatesInWarehouse.json
[9.090s] -- Up-to-date: /home/habibahassan/project/install/moveit_msgs/share/moveit_msgs/srv/GetRobotStateFromWarehouse.json
[9.091s] -- Up-to-date: /home/habibahassan/project/install/moveit_msgs/share/moveit_msgs/srv/CheckIfRobotStateExistsInWarehouse.json
[9.103s] -- Up-to-date: /home/habibahassan/project/install/moveit_msgs/share/moveit_msgs/srv/RenameRobotStateInWarehouse.json
[9.104s] -- Up-to-date: /home/habibahassan/project/install/moveit_msgs/share/moveit_msgs/srv/DeleteRobotStateFromWarehouse.json
[9.104s] -- Up-to-date: /home/habibahassan/project/install/moveit_msgs/share/moveit_msgs/srv/ServoCommandType.json
[9.119s] -- Up-to-date: /home/habibahassan/project/install/moveit_msgs/share/moveit_msgs/srv/GetGroupUrdf.json
[9.120s] -- Up-to-date: /home/habibahassan/project/install/moveit_msgs/share/moveit_msgs/action/ExecuteTrajectory.json
[9.121s] -- Up-to-date: /home/habibahassan/project/install/moveit_msgs/share/moveit_msgs/action/MoveGroup.json
[9.121s] -- Up-to-date: /home/habibahassan/project/install/moveit_msgs/share/moveit_msgs/action/MoveGroupSequence.json
[9.122s] -- Up-to-date: /home/habibahassan/project/install/moveit_msgs/share/moveit_msgs/action/Pickup.json
[9.123s] -- Up-to-date: /home/habibahassan/project/install/moveit_msgs/share/moveit_msgs/action/Place.json
[9.124s] -- Up-to-date: /home/habibahassan/project/install/moveit_msgs/share/moveit_msgs/action/LocalPlanner.json
[9.125s] -- Up-to-date: /home/habibahassan/project/install/moveit_msgs/share/moveit_msgs/action/GlobalPlanner.json
[9.130s] -- Up-to-date: /home/habibahassan/project/install/moveit_msgs/share/moveit_msgs/action/HybridPlanner.json
[9.132s] -- Up-to-date: /home/habibahassan/project/install/moveit_msgs/include/moveit_msgs/moveit_msgs
[9.133s] -- Up-to-date: /home/habibahassan/project/install/moveit_msgs/include/moveit_msgs/moveit_msgs/srv
[9.134s] -- Up-to-date: /home/habibahassan/project/install/moveit_msgs/include/moveit_msgs/moveit_msgs/srv/get_planning_scene.h
[9.136s] -- Up-to-date: /home/habibahassan/project/install/moveit_msgs/include/moveit_msgs/moveit_msgs/srv/get_position_ik.h
[9.137s] -- Up-to-date: /home/habibahassan/project/install/moveit_msgs/include/moveit_msgs/moveit_msgs/srv/save_robot_state_to_warehouse.h
[9.138s] -- Up-to-date: /home/habibahassan/project/install/moveit_msgs/include/moveit_msgs/moveit_msgs/srv/update_pointcloud_octomap.h
[9.139s] -- Up-to-date: /home/habibahassan/project/install/moveit_msgs/include/moveit_msgs/moveit_msgs/srv/list_robot_states_in_warehouse.h
[9.140s] -- Up-to-date: /home/habibahassan/project/install/moveit_msgs/include/moveit_msgs/moveit_msgs/srv/save_geometry_to_file.h
[9.143s] -- Up-to-date: /home/habibahassan/project/install/moveit_msgs/include/moveit_msgs/moveit_msgs/srv/delete_robot_state_from_warehouse.h
[9.148s] -- Up-to-date: /home/habibahassan/project/install/moveit_msgs/include/moveit_msgs/moveit_msgs/srv/get_robot_state_from_warehouse.h
[9.149s] -- Up-to-date: /home/habibahassan/project/install/moveit_msgs/include/moveit_msgs/moveit_msgs/srv/get_cartesian_path.h
[9.149s] -- Up-to-date: /home/habibahassan/project/install/moveit_msgs/include/moveit_msgs/moveit_msgs/srv/save_map.h
[9.150s] -- Up-to-date: /home/habibahassan/project/install/moveit_msgs/include/moveit_msgs/moveit_msgs/srv/load_map.h
[9.150s] -- Up-to-date: /home/habibahassan/project/install/moveit_msgs/include/moveit_msgs/moveit_msgs/srv/get_position_fk.h
[9.151s] -- Up-to-date: /home/habibahassan/project/install/moveit_msgs/include/moveit_msgs/moveit_msgs/srv/detail
[9.152s] -- Installing: /home/habibahassan/project/install/moveit_msgs/include/moveit_msgs/moveit_msgs/srv/detail/get_cartesian_path__type_support.c
[9.152s] -- Up-to-date: /home/habibahassan/project/install/moveit_msgs/include/moveit_msgs/moveit_msgs/srv/detail/servo_command_type__type_support.h
[9.153s] -- Installing: /home/habibahassan/project/install/moveit_msgs/include/moveit_msgs/moveit_msgs/srv/detail/save_geometry_to_file__type_support.c
[9.162s] -- Up-to-date: /home/habibahassan/project/install/moveit_msgs/include/moveit_msgs/moveit_msgs/srv/detail/get_position_ik__functions.h
[9.163s] -- Installing: /home/habibahassan/project/install/moveit_msgs/include/moveit_msgs/moveit_msgs/srv/detail/load_geometry_from_file__type_support.c
[9.164s] -- Up-to-date: /home/habibahassan/project/install/moveit_msgs/include/moveit_msgs/moveit_msgs/srv/detail/grasp_planning__type_support.h
[9.166s] -- Up-to-date: /home/habibahassan/project/install/moveit_msgs/include/moveit_msgs/moveit_msgs/srv/detail/get_motion_plan__type_support.h
[9.171s] -- Up-to-date: /home/habibahassan/project/install/moveit_msgs/include/moveit_msgs/moveit_msgs/srv/detail/save_robot_state_to_warehouse__description.c
[9.171s] -- Up-to-date: /home/habibahassan/project/install/moveit_msgs/include/moveit_msgs/moveit_msgs/srv/detail/get_cartesian_path__description.c
[9.172s] -- Up-to-date: /home/habibahassan/project/install/moveit_msgs/include/moveit_msgs/moveit_msgs/srv/detail/get_state_validity__functions.c
[9.172s] -- Installing: /home/habibahassan/project/install/moveit_msgs/include/moveit_msgs/moveit_msgs/srv/detail/get_motion_plan__type_support.c
[9.173s] -- Up-to-date: /home/habibahassan/project/install/moveit_msgs/include/moveit_msgs/moveit_msgs/srv/detail/get_cartesian_path__type_support.h
[9.173s] -- Up-to-date: /home/habibahassan/project/install/moveit_msgs/include/moveit_msgs/moveit_msgs/srv/detail/get_planner_params__functions.h
[9.174s] -- Up-to-date: /home/habibahassan/project/install/moveit_msgs/include/moveit_msgs/moveit_msgs/srv/detail/delete_robot_state_from_warehouse__description.c
[9.174s] -- Installing: /home/habibahassan/project/install/moveit_msgs/include/moveit_msgs/moveit_msgs/srv/detail/get_position_fk__type_support.c
[9.175s] -- Up-to-date: /home/habibahassan/project/install/moveit_msgs/include/moveit_msgs/moveit_msgs/srv/detail/grasp_planning__functions.h
[9.176s] -- Up-to-date: /home/habibahassan/project/install/moveit_msgs/include/moveit_msgs/moveit_msgs/srv/detail/get_position_ik__type_support.h
[9.176s] -- Up-to-date: /home/habibahassan/project/install/moveit_msgs/include/moveit_msgs/moveit_msgs/srv/detail/update_pointcloud_octomap__description.c
[9.177s] -- Installing: /home/habibahassan/project/install/moveit_msgs/include/moveit_msgs/moveit_msgs/srv/detail/servo_command_type__type_support.c
[9.177s] -- Installing: /home/habibahassan/project/install/moveit_msgs/include/moveit_msgs/moveit_msgs/srv/detail/grasp_planning__type_support.c
[9.178s] -- Up-to-date: /home/habibahassan/project/install/moveit_msgs/include/moveit_msgs/moveit_msgs/srv/detail/get_position_fk__functions.c
[9.178s] -- Up-to-date: /home/habibahassan/project/install/moveit_msgs/include/moveit_msgs/moveit_msgs/srv/detail/load_geometry_from_file__struct.h
[9.179s] -- Up-to-date: /home/habibahassan/project/install/moveit_msgs/include/moveit_msgs/moveit_msgs/srv/detail/get_motion_plan__struct.h
[9.180s] -- Up-to-date: /home/habibahassan/project/install/moveit_msgs/include/moveit_msgs/moveit_msgs/srv/detail/get_motion_sequence__functions.c
[9.181s] -- Up-to-date: /home/habibahassan/project/install/moveit_msgs/include/moveit_msgs/moveit_msgs/srv/detail/get_planning_scene__functions.c
[9.182s] -- Up-to-date: /home/habibahassan/project/install/moveit_msgs/include/moveit_msgs/moveit_msgs/srv/detail/servo_command_type__struct.h
[9.190s] -- Installing: /home/habibahassan/project/install/moveit_msgs/include/moveit_msgs/moveit_msgs/srv/detail/get_planner_params__type_support.c
[9.191s] -- Up-to-date: /home/habibahassan/project/install/moveit_msgs/include/moveit_msgs/moveit_msgs/srv/detail/get_group_urdf__functions.h
[9.191s] -- Up-to-date: /home/habibahassan/project/install/moveit_msgs/include/moveit_msgs/moveit_msgs/srv/detail/load_map__type_support.h
[9.192s] -- Up-to-date: /home/habibahassan/project/install/moveit_msgs/include/moveit_msgs/moveit_msgs/srv/detail/get_state_validity__description.c
[9.193s] -- Up-to-date: /home/habibahassan/project/install/moveit_msgs/include/moveit_msgs/moveit_msgs/srv/detail/check_if_robot_state_exists_in_warehouse__type_support.h
[9.194s] -- Up-to-date: /home/habibahassan/project/install/moveit_msgs/include/moveit_msgs/moveit_msgs/srv/detail/get_planner_params__description.c
[9.200s] -- Up-to-date: /home/habibahassan/project/install/moveit_msgs/include/moveit_msgs/moveit_msgs/srv/detail/update_pointcloud_octomap__functions.h
[9.205s] -- Up-to-date: /home/habibahassan/project/install/moveit_msgs/include/moveit_msgs/moveit_msgs/srv/detail/list_robot_states_in_warehouse__struct.h
[9.207s] -- Up-to-date: /home/habibahassan/project/install/moveit_msgs/include/moveit_msgs/moveit_msgs/srv/detail/save_map__struct.h
[9.208s] -- Up-to-date: /home/habibahassan/project/install/moveit_msgs/include/moveit_msgs/moveit_msgs/srv/detail/get_cartesian_path__struct.h
[9.209s] -- Up-to-date: /home/habibahassan/project/install/moveit_msgs/include/moveit_msgs/moveit_msgs/srv/detail/get_motion_sequence__type_support.h
[9.209s] -- Up-to-date: /home/habibahassan/project/install/moveit_msgs/include/moveit_msgs/moveit_msgs/srv/detail/query_planner_interfaces__functions.h
[9.210s] -- Installing: /home/habibahassan/project/install/moveit_msgs/include/moveit_msgs/moveit_msgs/srv/detail/set_planner_params__type_support.c
[9.210s] -- Installing: /home/habibahassan/project/install/moveit_msgs/include/moveit_msgs/moveit_msgs/srv/detail/query_planner_interfaces__type_support.c
[9.211s] -- Up-to-date: /home/habibahassan/project/install/moveit_msgs/include/moveit_msgs/moveit_msgs/srv/detail/update_pointcloud_octomap__struct.h
[9.211s] -- Up-to-date: /home/habibahassan/project/install/moveit_msgs/include/moveit_msgs/moveit_msgs/srv/detail/servo_command_type__functions.c
[9.213s] -- Up-to-date: /home/habibahassan/project/install/moveit_msgs/include/moveit_msgs/moveit_msgs/srv/detail/get_planner_params__functions.c
[9.214s] -- Up-to-date: /home/habibahassan/project/install/moveit_msgs/include/moveit_msgs/moveit_msgs/srv/detail/check_if_robot_state_exists_in_warehouse__functions.h
[9.217s] -- Up-to-date: /home/habibahassan/project/install/moveit_msgs/include/moveit_msgs/moveit_msgs/srv/detail/apply_planning_scene__description.c
[9.220s] -- Up-to-date: /home/habibahassan/project/install/moveit_msgs/include/moveit_msgs/moveit_msgs/srv/detail/get_planner_params__type_support.h
[9.221s] -- Installing: /home/habibahassan/project/install/moveit_msgs/include/moveit_msgs/moveit_msgs/srv/detail/rename_robot_state_in_warehouse__type_support.c
[9.222s] -- Up-to-date: /home/habibahassan/project/install/moveit_msgs/include/moveit_msgs/moveit_msgs/srv/detail/save_robot_state_to_warehouse__functions.h
[9.223s] -- Up-to-date: /home/habibahassan/project/install/moveit_msgs/include/moveit_msgs/moveit_msgs/srv/detail/update_pointcloud_octomap__functions.c
[9.224s] -- Up-to-date: /home/habibahassan/project/install/moveit_msgs/include/moveit_msgs/moveit_msgs/srv/detail/list_robot_states_in_warehouse__description.c
[9.224s] -- Up-to-date: /home/habibahassan/project/install/moveit_msgs/include/moveit_msgs/moveit_msgs/srv/detail/get_planning_scene__functions.h
[9.225s] -- Up-to-date: /home/habibahassan/project/install/moveit_msgs/include/moveit_msgs/moveit_msgs/srv/detail/get_group_urdf__struct.h
[9.229s] -- Up-to-date: /home/habibahassan/project/install/moveit_msgs/include/moveit_msgs/moveit_msgs/srv/detail/rename_robot_state_in_warehouse__type_support.h
[9.230s] -- Up-to-date: /home/habibahassan/project/install/moveit_msgs/include/moveit_msgs/moveit_msgs/srv/detail/get_planning_scene__struct.h
[9.231s] -- Up-to-date: /home/habibahassan/project/install/moveit_msgs/include/moveit_msgs/moveit_msgs/srv/detail/get_position_fk__type_support.h
[9.235s] -- Up-to-date: /home/habibahassan/project/install/moveit_msgs/include/moveit_msgs/moveit_msgs/srv/detail/load_geometry_from_file__functions.c
[9.237s] -- Up-to-date: /home/habibahassan/project/install/moveit_msgs/include/moveit_msgs/moveit_msgs/srv/detail/get_state_validity__type_support.h
[9.239s] -- Up-to-date: /home/habibahassan/project/install/moveit_msgs/include/moveit_msgs/moveit_msgs/srv/detail/save_geometry_to_file__functions.c
[9.243s] -- Up-to-date: /home/habibahassan/project/install/moveit_msgs/include/moveit_msgs/moveit_msgs/srv/detail/load_map__struct.h
[9.244s] -- Up-to-date: /home/habibahassan/project/install/moveit_msgs/include/moveit_msgs/moveit_msgs/srv/detail/set_planner_params__functions.c
[9.245s] -- Up-to-date: /home/habibahassan/project/install/moveit_msgs/include/moveit_msgs/moveit_msgs/srv/detail/rename_robot_state_in_warehouse__struct.h
[9.246s] -- Up-to-date: /home/habibahassan/project/install/moveit_msgs/include/moveit_msgs/moveit_msgs/srv/detail/check_if_robot_state_exists_in_warehouse__description.c
[9.247s] -- Up-to-date: /home/habibahassan/project/install/moveit_msgs/include/moveit_msgs/moveit_msgs/srv/detail/list_robot_states_in_warehouse__functions.c
[9.248s] -- Up-to-date: /home/habibahassan/project/install/moveit_msgs/include/moveit_msgs/moveit_msgs/srv/detail/get_position_fk__description.c
[9.249s] -- Up-to-date: /home/habibahassan/project/install/moveit_msgs/include/moveit_msgs/moveit_msgs/srv/detail/get_state_validity__struct.h
[9.250s] -- Up-to-date: /home/habibahassan/project/install/moveit_msgs/include/moveit_msgs/moveit_msgs/srv/detail/apply_planning_scene__struct.h
[9.251s] -- Installing: /home/habibahassan/project/install/moveit_msgs/include/moveit_msgs/moveit_msgs/srv/detail/save_robot_state_to_warehouse__type_support.c
[9.256s] -- Up-to-date: /home/habibahassan/project/install/moveit_msgs/include/moveit_msgs/moveit_msgs/srv/detail/list_robot_states_in_warehouse__type_support.h
[9.262s] -- Up-to-date: /home/habibahassan/project/install/moveit_msgs/include/moveit_msgs/moveit_msgs/srv/detail/set_planner_params__functions.h
[9.262s] -- Up-to-date: /home/habibahassan/project/install/moveit_msgs/include/moveit_msgs/moveit_msgs/srv/detail/get_planning_scene__type_support.h
[9.264s] -- Up-to-date: /home/habibahassan/project/install/moveit_msgs/include/moveit_msgs/moveit_msgs/srv/detail/get_motion_sequence__struct.h
[9.265s] -- Up-to-date: /home/habibahassan/project/install/moveit_msgs/include/moveit_msgs/moveit_msgs/srv/detail/delete_robot_state_from_warehouse__struct.h
[9.266s] -- Up-to-date: /home/habibahassan/project/install/moveit_msgs/include/moveit_msgs/moveit_msgs/srv/detail/query_planner_interfaces__struct.h
[9.267s] -- Up-to-date: /home/habibahassan/project/install/moveit_msgs/include/moveit_msgs/moveit_msgs/srv/detail/check_if_robot_state_exists_in_warehouse__functions.c
[9.268s] -- Up-to-date: /home/habibahassan/project/install/moveit_msgs/include/moveit_msgs/moveit_msgs/srv/detail/apply_planning_scene__type_support.h
[9.268s] -- Up-to-date: /home/habibahassan/project/install/moveit_msgs/include/moveit_msgs/moveit_msgs/srv/detail/get_motion_sequence__description.c
[9.269s] -- Up-to-date: /home/habibahassan/project/install/moveit_msgs/include/moveit_msgs/moveit_msgs/srv/detail/get_robot_state_from_warehouse__description.c
[9.271s] -- Up-to-date: /home/habibahassan/project/install/moveit_msgs/include/moveit_msgs/moveit_msgs/srv/detail/get_planner_params__struct.h
[9.272s] -- Up-to-date: /home/habibahassan/project/install/moveit_msgs/include/moveit_msgs/moveit_msgs/srv/detail/save_geometry_to_file__struct.h
[9.273s] -- Installing: /home/habibahassan/project/install/moveit_msgs/include/moveit_msgs/moveit_msgs/srv/detail/get_state_validity__type_support.c
[9.274s] -- Up-to-date: /home/habibahassan/project/install/moveit_msgs/include/moveit_msgs/moveit_msgs/srv/detail/save_map__description.c
[9.275s] -- Installing: /home/habibahassan/project/install/moveit_msgs/include/moveit_msgs/moveit_msgs/srv/detail/get_motion_sequence__type_support.c
[9.277s] -- Up-to-date: /home/habibahassan/project/install/moveit_msgs/include/moveit_msgs/moveit_msgs/srv/detail/get_motion_plan__functions.c
[9.282s] -- Installing: /home/habibahassan/project/install/moveit_msgs/include/moveit_msgs/moveit_msgs/srv/detail/check_if_robot_state_exists_in_warehouse__type_support.c
[9.282s] -- Up-to-date: /home/habibahassan/project/install/moveit_msgs/include/moveit_msgs/moveit_msgs/srv/detail/save_geometry_to_file__functions.h
[9.283s] -- Up-to-date: /home/habibahassan/project/install/moveit_msgs/include/moveit_msgs/moveit_msgs/srv/detail/get_robot_state_from_warehouse__functions.h
[9.284s] -- Up-to-date: /home/habibahassan/project/install/moveit_msgs/include/moveit_msgs/moveit_msgs/srv/detail/servo_command_type__description.c
[9.285s] -- Up-to-date: /home/habibahassan/project/install/moveit_msgs/include/moveit_msgs/moveit_msgs/srv/detail/set_planner_params__struct.h
[9.287s] -- Installing: /home/habibahassan/project/install/moveit_msgs/include/moveit_msgs/moveit_msgs/srv/detail/list_robot_states_in_warehouse__type_support.c
[9.287s] -- Installing: /home/habibahassan/project/install/moveit_msgs/include/moveit_msgs/moveit_msgs/srv/detail/save_map__type_support.c
[9.289s] -- Up-to-date: /home/habibahassan/project/install/moveit_msgs/include/moveit_msgs/moveit_msgs/srv/detail/get_position_fk__functions.h
[9.290s] -- Up-to-date: /home/habibahassan/project/install/moveit_msgs/include/moveit_msgs/moveit_msgs/srv/detail/get_motion_sequence__functions.h
[9.291s] -- Up-to-date: /home/habibahassan/project/install/moveit_msgs/include/moveit_msgs/moveit_msgs/srv/detail/get_state_validity__functions.h
[9.296s] -- Installing: /home/habibahassan/project/install/moveit_msgs/include/moveit_msgs/moveit_msgs/srv/detail/update_pointcloud_octomap__type_support.c
[9.301s] -- Up-to-date: /home/habibahassan/project/install/moveit_msgs/include/moveit_msgs/moveit_msgs/srv/detail/load_geometry_from_file__functions.h
[9.306s] -- Installing: /home/habibahassan/project/install/moveit_msgs/include/moveit_msgs/moveit_msgs/srv/detail/get_planning_scene__type_support.c
[9.318s] -- Up-to-date: /home/habibahassan/project/install/moveit_msgs/include/moveit_msgs/moveit_msgs/srv/detail/rename_robot_state_in_warehouse__description.c
[9.320s] -- Up-to-date: /home/habibahassan/project/install/moveit_msgs/include/moveit_msgs/moveit_msgs/srv/detail/get_motion_plan__functions.h
[9.324s] -- Up-to-date: /home/habibahassan/project/install/moveit_msgs/include/moveit_msgs/moveit_msgs/srv/detail/get_group_urdf__description.c
[9.328s] -- Up-to-date: /home/habibahassan/project/install/moveit_msgs/include/moveit_msgs/moveit_msgs/srv/detail/get_robot_state_from_warehouse__struct.h
[9.329s] -- Up-to-date: /home/habibahassan/project/install/moveit_msgs/include/moveit_msgs/moveit_msgs/srv/detail/load_geometry_from_file__description.c
[9.330s] -- Up-to-date: /home/habibahassan/project/install/moveit_msgs/include/moveit_msgs/moveit_msgs/srv/detail/save_map__functions.h
[9.332s] -- Up-to-date: /home/habibahassan/project/install/moveit_msgs/include/moveit_msgs/moveit_msgs/srv/detail/get_robot_state_from_warehouse__type_support.h
[9.333s] -- Up-to-date: /home/habibahassan/project/install/moveit_msgs/include/moveit_msgs/moveit_msgs/srv/detail/save_geometry_to_file__description.c
[9.333s] -- Up-to-date: /home/habibahassan/project/install/moveit_msgs/include/moveit_msgs/moveit_msgs/srv/detail/apply_planning_scene__functions.h
[9.333s] -- Up-to-date: /home/habibahassan/project/install/moveit_msgs/include/moveit_msgs/moveit_msgs/srv/detail/query_planner_interfaces__type_support.h
[9.337s] -- Up-to-date: /home/habibahassan/project/install/moveit_msgs/include/moveit_msgs/moveit_msgs/srv/detail/get_position_fk__struct.h
[9.339s] -- Installing: /home/habibahassan/project/install/moveit_msgs/include/moveit_msgs/moveit_msgs/srv/detail/delete_robot_state_from_warehouse__type_support.c
[9.341s] -- Up-to-date: /home/habibahassan/project/install/moveit_msgs/include/moveit_msgs/moveit_msgs/srv/detail/rename_robot_state_in_warehouse__functions.c
[9.342s] -- Up-to-date: /home/habibahassan/project/install/moveit_msgs/include/moveit_msgs/moveit_msgs/srv/detail/load_map__functions.h
[9.343s] -- Installing: /home/habibahassan/project/install/moveit_msgs/include/moveit_msgs/moveit_msgs/srv/detail/get_group_urdf__type_support.c
[9.343s] -- Up-to-date: /home/habibahassan/project/install/moveit_msgs/include/moveit_msgs/moveit_msgs/srv/detail/check_if_robot_state_exists_in_warehouse__struct.h
[9.344s] -- Up-to-date: /home/habibahassan/project/install/moveit_msgs/include/moveit_msgs/moveit_msgs/srv/detail/load_geometry_from_file__type_support.h
[9.345s] -- Up-to-date: /home/habibahassan/project/install/moveit_msgs/include/moveit_msgs/moveit_msgs/srv/detail/query_planner_interfaces__description.c
[9.346s] -- Installing: /home/habibahassan/project/install/moveit_msgs/include/moveit_msgs/moveit_msgs/srv/detail/load_map__type_support.c
[9.347s] -- Up-to-date: /home/habibahassan/project/install/moveit_msgs/include/moveit_msgs/moveit_msgs/srv/detail/set_planner_params__type_support.h
[9.348s] -- Up-to-date: /home/habibahassan/project/install/moveit_msgs/include/moveit_msgs/moveit_msgs/srv/detail/update_pointcloud_octomap__type_support.h
[9.349s] -- Up-to-date: /home/habibahassan/project/install/moveit_msgs/include/moveit_msgs/moveit_msgs/srv/detail/delete_robot_state_from_warehouse__functions.c
[9.349s] -- Up-to-date: /home/habibahassan/project/install/moveit_msgs/include/moveit_msgs/moveit_msgs/srv/detail/rename_robot_state_in_warehouse__functions.h
[9.353s] -- Installing: /home/habibahassan/project/install/moveit_msgs/include/moveit_msgs/moveit_msgs/srv/detail/get_robot_state_from_warehouse__type_support.c
[9.354s] -- Up-to-date: /home/habibahassan/project/install/moveit_msgs/include/moveit_msgs/moveit_msgs/srv/detail/delete_robot_state_from_warehouse__functions.h
[9.356s] -- Up-to-date: /home/habibahassan/project/install/moveit_msgs/include/moveit_msgs/moveit_msgs/srv/detail/load_map__functions.c
[9.356s] -- Up-to-date: /home/habibahassan/project/install/moveit_msgs/include/moveit_msgs/moveit_msgs/srv/detail/grasp_planning__struct.h
[9.357s] -- Up-to-date: /home/habibahassan/project/install/moveit_msgs/include/moveit_msgs/moveit_msgs/srv/detail/get_cartesian_path__functions.h
[9.358s] -- Up-to-date: /home/habibahassan/project/install/moveit_msgs/include/moveit_msgs/moveit_msgs/srv/detail/save_map__functions.c
[9.358s] -- Up-to-date: /home/habibahassan/project/install/moveit_msgs/include/moveit_msgs/moveit_msgs/srv/detail/save_robot_state_to_warehouse__functions.c
[9.359s] -- Up-to-date: /home/habibahassan/project/install/moveit_msgs/include/moveit_msgs/moveit_msgs/srv/detail/save_map__type_support.h
[9.360s] -- Up-to-date: /home/habibahassan/project/install/moveit_msgs/include/moveit_msgs/moveit_msgs/srv/detail/get_robot_state_from_warehouse__functions.c
[9.361s] -- Up-to-date: /home/habibahassan/project/install/moveit_msgs/include/moveit_msgs/moveit_msgs/srv/detail/save_robot_state_to_warehouse__type_support.h
[9.362s] -- Up-to-date: /home/habibahassan/project/install/moveit_msgs/include/moveit_msgs/moveit_msgs/srv/detail/get_motion_plan__description.c
[9.362s] -- Installing: /home/habibahassan/project/install/moveit_msgs/include/moveit_msgs/moveit_msgs/srv/detail/get_position_ik__type_support.c
[9.364s] -- Up-to-date: /home/habibahassan/project/install/moveit_msgs/include/moveit_msgs/moveit_msgs/srv/detail/get_position_ik__description.c
[9.364s] -- Up-to-date: /home/habibahassan/project/install/moveit_msgs/include/moveit_msgs/moveit_msgs/srv/detail/grasp_planning__functions.c
[9.370s] -- Up-to-date: /home/habibahassan/project/install/moveit_msgs/include/moveit_msgs/moveit_msgs/srv/detail/get_group_urdf__type_support.h
[9.371s] -- Up-to-date: /home/habibahassan/project/install/moveit_msgs/include/moveit_msgs/moveit_msgs/srv/detail/save_geometry_to_file__type_support.h
[9.371s] -- Up-to-date: /home/habibahassan/project/install/moveit_msgs/include/moveit_msgs/moveit_msgs/srv/detail/list_robot_states_in_warehouse__functions.h
[9.373s] -- Up-to-date: /home/habibahassan/project/install/moveit_msgs/include/moveit_msgs/moveit_msgs/srv/detail/apply_planning_scene__functions.c
[9.374s] -- Up-to-date: /home/habibahassan/project/install/moveit_msgs/include/moveit_msgs/moveit_msgs/srv/detail/get_position_ik__functions.c
[9.375s] -- Up-to-date: /home/habibahassan/project/install/moveit_msgs/include/moveit_msgs/moveit_msgs/srv/detail/grasp_planning__description.c
[9.375s] -- Up-to-date: /home/habibahassan/project/install/moveit_msgs/include/moveit_msgs/moveit_msgs/srv/detail/set_planner_params__description.c
[9.376s] -- Up-to-date: /home/habibahassan/project/install/moveit_msgs/include/moveit_msgs/moveit_msgs/srv/detail/get_group_urdf__functions.c
[9.376s] -- Up-to-date: /home/habibahassan/project/install/moveit_msgs/include/moveit_msgs/moveit_msgs/srv/detail/get_cartesian_path__functions.c
[9.377s] -- Up-to-date: /home/habibahassan/project/install/moveit_msgs/include/moveit_msgs/moveit_msgs/srv/detail/get_planning_scene__description.c
[9.378s] -- Up-to-date: /home/habibahassan/project/install/moveit_msgs/include/moveit_msgs/moveit_msgs/srv/detail/load_map__description.c
[9.387s] -- Up-to-date: /home/habibahassan/project/install/moveit_msgs/include/moveit_msgs/moveit_msgs/srv/detail/get_position_ik__struct.h
[9.388s] -- Up-to-date: /home/habibahassan/project/install/moveit_msgs/include/moveit_msgs/moveit_msgs/srv/detail/query_planner_interfaces__functions.c
[9.389s] -- Up-to-date: /home/habibahassan/project/install/moveit_msgs/include/moveit_msgs/moveit_msgs/srv/detail/servo_command_type__functions.h
[9.390s] -- Up-to-date: /home/habibahassan/project/install/moveit_msgs/include/moveit_msgs/moveit_msgs/srv/detail/save_robot_state_to_warehouse__struct.h
[9.391s] -- Up-to-date: /home/habibahassan/project/install/moveit_msgs/include/moveit_msgs/moveit_msgs/srv/detail/delete_robot_state_from_warehouse__type_support.h
[9.392s] -- Installing: /home/habibahassan/project/install/moveit_msgs/include/moveit_msgs/moveit_msgs/srv/detail/apply_planning_scene__type_support.c
[9.393s] -- Up-to-date: /home/habibahassan/project/install/moveit_msgs/include/moveit_msgs/moveit_msgs/srv/apply_planning_scene.h
[9.393s] -- Up-to-date: /home/habibahassan/project/install/moveit_msgs/include/moveit_msgs/moveit_msgs/srv/query_planner_interfaces.h
[9.394s] -- Up-to-date: /home/habibahassan/project/install/moveit_msgs/include/moveit_msgs/moveit_msgs/srv/get_planner_params.h
[9.395s] -- Up-to-date: /home/habibahassan/project/install/moveit_msgs/include/moveit_msgs/moveit_msgs/srv/servo_command_type.h
[9.396s] -- Up-to-date: /home/habibahassan/project/install/moveit_msgs/include/moveit_msgs/moveit_msgs/srv/grasp_planning.h
[9.397s] -- Up-to-date: /home/habibahassan/project/install/moveit_msgs/include/moveit_msgs/moveit_msgs/srv/rename_robot_state_in_warehouse.h
[9.397s] -- Up-to-date: /home/habibahassan/project/install/moveit_msgs/include/moveit_msgs/moveit_msgs/srv/check_if_robot_state_exists_in_warehouse.h
[9.401s] -- Up-to-date: /home/habibahassan/project/install/moveit_msgs/include/moveit_msgs/moveit_msgs/srv/get_motion_plan.h
[9.404s] -- Up-to-date: /home/habibahassan/project/install/moveit_msgs/include/moveit_msgs/moveit_msgs/srv/set_planner_params.h
[9.409s] -- Up-to-date: /home/habibahassan/project/install/moveit_msgs/include/moveit_msgs/moveit_msgs/srv/get_motion_sequence.h
[9.409s] -- Up-to-date: /home/habibahassan/project/install/moveit_msgs/include/moveit_msgs/moveit_msgs/srv/get_group_urdf.h
[9.410s] -- Up-to-date: /home/habibahassan/project/install/moveit_msgs/include/moveit_msgs/moveit_msgs/srv/get_state_validity.h
[9.410s] -- Up-to-date: /home/habibahassan/project/install/moveit_msgs/include/moveit_msgs/moveit_msgs/srv/load_geometry_from_file.h
[9.410s] -- Up-to-date: /home/habibahassan/project/install/moveit_msgs/include/moveit_msgs/moveit_msgs/action
[9.411s] -- Up-to-date: /home/habibahassan/project/install/moveit_msgs/include/moveit_msgs/moveit_msgs/action/pickup.h
[9.412s] -- Up-to-date: /home/habibahassan/project/install/moveit_msgs/include/moveit_msgs/moveit_msgs/action/local_planner.h
[9.412s] -- Up-to-date: /home/habibahassan/project/install/moveit_msgs/include/moveit_msgs/moveit_msgs/action/execute_trajectory.h
[9.412s] -- Up-to-date: /home/habibahassan/project/install/moveit_msgs/include/moveit_msgs/moveit_msgs/action/hybrid_planner.h
[9.413s] -- Up-to-date: /home/habibahassan/project/install/moveit_msgs/include/moveit_msgs/moveit_msgs/action/move_group_sequence.h
[9.413s] -- Up-to-date: /home/habibahassan/project/install/moveit_msgs/include/moveit_msgs/moveit_msgs/action/detail
[9.414s] -- Up-to-date: /home/habibahassan/project/install/moveit_msgs/include/moveit_msgs/moveit_msgs/action/detail/pickup__functions.h
[9.414s] -- Up-to-date: /home/habibahassan/project/install/moveit_msgs/include/moveit_msgs/moveit_msgs/action/detail/move_group__type_support.h
[9.415s] -- Up-to-date: /home/habibahassan/project/install/moveit_msgs/include/moveit_msgs/moveit_msgs/action/detail/place__functions.c
[9.417s] -- Up-to-date: /home/habibahassan/project/install/moveit_msgs/include/moveit_msgs/moveit_msgs/action/detail/pickup__type_support.h
[9.417s] -- Up-to-date: /home/habibahassan/project/install/moveit_msgs/include/moveit_msgs/moveit_msgs/action/detail/local_planner__functions.c
[9.418s] -- Up-to-date: /home/habibahassan/project/install/moveit_msgs/include/moveit_msgs/moveit_msgs/action/detail/move_group__functions.h
[9.418s] -- Installing: /home/habibahassan/project/install/moveit_msgs/include/moveit_msgs/moveit_msgs/action/detail/place__type_support.c
[9.419s] -- Up-to-date: /home/habibahassan/project/install/moveit_msgs/include/moveit_msgs/moveit_msgs/action/detail/local_planner__description.c
[9.420s] -- Up-to-date: /home/habibahassan/project/install/moveit_msgs/include/moveit_msgs/moveit_msgs/action/detail/execute_trajectory__description.c
[9.420s] -- Up-to-date: /home/habibahassan/project/install/moveit_msgs/include/moveit_msgs/moveit_msgs/action/detail/place__description.c
[9.421s] -- Up-to-date: /home/habibahassan/project/install/moveit_msgs/include/moveit_msgs/moveit_msgs/action/detail/hybrid_planner__description.c
[9.422s] -- Installing: /home/habibahassan/project/install/moveit_msgs/include/moveit_msgs/moveit_msgs/action/detail/hybrid_planner__type_support.c
[9.424s] -- Up-to-date: /home/habibahassan/project/install/moveit_msgs/include/moveit_msgs/moveit_msgs/action/detail/global_planner__functions.c
[9.426s] -- Installing: /home/habibahassan/project/install/moveit_msgs/include/moveit_msgs/moveit_msgs/action/detail/execute_trajectory__type_support.c
[9.427s] -- Installing: /home/habibahassan/project/install/moveit_msgs/include/moveit_msgs/moveit_msgs/action/detail/local_planner__type_support.c
[9.428s] -- Up-to-date: /home/habibahassan/project/install/moveit_msgs/include/moveit_msgs/moveit_msgs/action/detail/pickup__description.c
[9.429s] -- Up-to-date: /home/habibahassan/project/install/moveit_msgs/include/moveit_msgs/moveit_msgs/action/detail/execute_trajectory__type_support.h
[9.429s] -- Up-to-date: /home/habibahassan/project/install/moveit_msgs/include/moveit_msgs/moveit_msgs/action/detail/move_group__description.c
[9.430s] -- Up-to-date: /home/habibahassan/project/install/moveit_msgs/include/moveit_msgs/moveit_msgs/action/detail/move_group_sequence__functions.h
[9.431s] -- Up-to-date: /home/habibahassan/project/install/moveit_msgs/include/moveit_msgs/moveit_msgs/action/detail/place__functions.h
[9.432s] -- Up-to-date: /home/habibahassan/project/install/moveit_msgs/include/moveit_msgs/moveit_msgs/action/detail/execute_trajectory__functions.c
[9.432s] -- Up-to-date: /home/habibahassan/project/install/moveit_msgs/include/moveit_msgs/moveit_msgs/action/detail/execute_trajectory__struct.h
[9.433s] -- Up-to-date: /home/habibahassan/project/install/moveit_msgs/include/moveit_msgs/moveit_msgs/action/detail/execute_trajectory__functions.h
[9.434s] -- Installing: /home/habibahassan/project/install/moveit_msgs/include/moveit_msgs/moveit_msgs/action/detail/pickup__type_support.c
[9.434s] -- Up-to-date: /home/habibahassan/project/install/moveit_msgs/include/moveit_msgs/moveit_msgs/action/detail/global_planner__functions.h
[9.435s] -- Up-to-date: /home/habibahassan/project/install/moveit_msgs/include/moveit_msgs/moveit_msgs/action/detail/move_group_sequence__type_support.h
[9.436s] -- Up-to-date: /home/habibahassan/project/install/moveit_msgs/include/moveit_msgs/moveit_msgs/action/detail/global_planner__description.c
[9.437s] -- Up-to-date: /home/habibahassan/project/install/moveit_msgs/include/moveit_msgs/moveit_msgs/action/detail/local_planner__type_support.h
[9.438s] -- Up-to-date: /home/habibahassan/project/install/moveit_msgs/include/moveit_msgs/moveit_msgs/action/detail/hybrid_planner__functions.c
[9.439s] -- Up-to-date: /home/habibahassan/project/install/moveit_msgs/include/moveit_msgs/moveit_msgs/action/detail/local_planner__struct.h
[9.439s] -- Installing: /home/habibahassan/project/install/moveit_msgs/include/moveit_msgs/moveit_msgs/action/detail/move_group__type_support.c
[9.440s] -- Up-to-date: /home/habibahassan/project/install/moveit_msgs/include/moveit_msgs/moveit_msgs/action/detail/pickup__functions.c
[9.442s] -- Up-to-date: /home/habibahassan/project/install/moveit_msgs/include/moveit_msgs/moveit_msgs/action/detail/move_group__functions.c
[9.442s] -- Up-to-date: /home/habibahassan/project/install/moveit_msgs/include/moveit_msgs/moveit_msgs/action/detail/place__struct.h
[9.442s] -- Up-to-date: /home/habibahassan/project/install/moveit_msgs/include/moveit_msgs/moveit_msgs/action/detail/global_planner__type_support.h
[9.443s] -- Up-to-date: /home/habibahassan/project/install/moveit_msgs/include/moveit_msgs/moveit_msgs/action/detail/pickup__struct.h
[9.445s] -- Up-to-date: /home/habibahassan/project/install/moveit_msgs/include/moveit_msgs/moveit_msgs/action/detail/move_group__struct.h
[9.446s] -- Installing: /home/habibahassan/project/install/moveit_msgs/include/moveit_msgs/moveit_msgs/action/detail/global_planner__type_support.c
[9.447s] -- Up-to-date: /home/habibahassan/project/install/moveit_msgs/include/moveit_msgs/moveit_msgs/action/detail/place__type_support.h
[9.448s] -- Up-to-date: /home/habibahassan/project/install/moveit_msgs/include/moveit_msgs/moveit_msgs/action/detail/local_planner__functions.h
[9.449s] -- Up-to-date: /home/habibahassan/project/install/moveit_msgs/include/moveit_msgs/moveit_msgs/action/detail/move_group_sequence__struct.h
[9.450s] -- Up-to-date: /home/habibahassan/project/install/moveit_msgs/include/moveit_msgs/moveit_msgs/action/detail/hybrid_planner__type_support.h
[9.451s] -- Up-to-date: /home/habibahassan/project/install/moveit_msgs/include/moveit_msgs/moveit_msgs/action/detail/hybrid_planner__functions.h
[9.451s] -- Up-to-date: /home/habibahassan/project/install/moveit_msgs/include/moveit_msgs/moveit_msgs/action/detail/global_planner__struct.h
[9.451s] -- Installing: /home/habibahassan/project/install/moveit_msgs/include/moveit_msgs/moveit_msgs/action/detail/move_group_sequence__type_support.c
[9.452s] -- Up-to-date: /home/habibahassan/project/install/moveit_msgs/include/moveit_msgs/moveit_msgs/action/detail/hybrid_planner__struct.h
[9.452s] -- Up-to-date: /home/habibahassan/project/install/moveit_msgs/include/moveit_msgs/moveit_msgs/action/detail/move_group_sequence__description.c
[9.452s] -- Up-to-date: /home/habibahassan/project/install/moveit_msgs/include/moveit_msgs/moveit_msgs/action/detail/move_group_sequence__functions.c
[9.453s] -- Up-to-date: /home/habibahassan/project/install/moveit_msgs/include/moveit_msgs/moveit_msgs/action/global_planner.h
[9.453s] -- Up-to-date: /home/habibahassan/project/install/moveit_msgs/include/moveit_msgs/moveit_msgs/action/place.h
[9.453s] -- Up-to-date: /home/habibahassan/project/install/moveit_msgs/include/moveit_msgs/moveit_msgs/action/move_group.h
[9.453s] -- Up-to-date: /home/habibahassan/project/install/moveit_msgs/include/moveit_msgs/moveit_msgs/msg
[9.454s] -- Up-to-date: /home/habibahassan/project/install/moveit_msgs/include/moveit_msgs/moveit_msgs/msg/cartesian_trajectory_point.h
[9.454s] -- Up-to-date: /home/habibahassan/project/install/moveit_msgs/include/moveit_msgs/moveit_msgs/msg/joint_constraint.h
[9.454s] -- Up-to-date: /home/habibahassan/project/install/moveit_msgs/include/moveit_msgs/moveit_msgs/msg/constraints.h
[9.455s] -- Up-to-date: /home/habibahassan/project/install/moveit_msgs/include/moveit_msgs/moveit_msgs/msg/motion_plan_detailed_response.h
[9.455s] -- Up-to-date: /home/habibahassan/project/install/moveit_msgs/include/moveit_msgs/moveit_msgs/msg/grasp.h
[9.456s] -- Up-to-date: /home/habibahassan/project/install/moveit_msgs/include/moveit_msgs/moveit_msgs/msg/allowed_collision_entry.h
[9.456s] -- Up-to-date: /home/habibahassan/project/install/moveit_msgs/include/moveit_msgs/moveit_msgs/msg/cartesian_point.h
[9.457s] -- Up-to-date: /home/habibahassan/project/install/moveit_msgs/include/moveit_msgs/moveit_msgs/msg/cartesian_trajectory.h
[9.457s] -- Up-to-date: /home/habibahassan/project/install/moveit_msgs/include/moveit_msgs/moveit_msgs/msg/robot_state.h
[9.457s] -- Up-to-date: /home/habibahassan/project/install/moveit_msgs/include/moveit_msgs/moveit_msgs/msg/planner_interface_description.h
[9.459s] -- Up-to-date: /home/habibahassan/project/install/moveit_msgs/include/moveit_msgs/moveit_msgs/msg/orientation_constraint.h
[9.461s] -- Up-to-date: /home/habibahassan/project/install/moveit_msgs/include/moveit_msgs/moveit_msgs/msg/contact_information.h
[9.462s] -- Up-to-date: /home/habibahassan/project/install/moveit_msgs/include/moveit_msgs/moveit_msgs/msg/display_robot_state.h
[9.463s] -- Up-to-date: /home/habibahassan/project/install/moveit_msgs/include/moveit_msgs/moveit_msgs/msg/oriented_bounding_box.h
[9.464s] -- Up-to-date: /home/habibahassan/project/install/moveit_msgs/include/moveit_msgs/moveit_msgs/msg/servo_status.h
[9.465s] -- Up-to-date: /home/habibahassan/project/install/moveit_msgs/include/moveit_msgs/moveit_msgs/msg/pipeline_state.h
[9.466s] -- Up-to-date: /home/habibahassan/project/install/moveit_msgs/include/moveit_msgs/moveit_msgs/msg/motion_sequence_response.h
[9.467s] -- Up-to-date: /home/habibahassan/project/install/moveit_msgs/include/moveit_msgs/moveit_msgs/msg/attached_collision_object.h
[9.468s] -- Up-to-date: /home/habibahassan/project/install/moveit_msgs/include/moveit_msgs/moveit_msgs/msg/visibility_constraint.h
[9.468s] -- Up-to-date: /home/habibahassan/project/install/moveit_msgs/include/moveit_msgs/moveit_msgs/msg/bounding_volume.h
[9.469s] -- Up-to-date: /home/habibahassan/project/install/moveit_msgs/include/moveit_msgs/moveit_msgs/msg/object_color.h
[9.470s] -- Up-to-date: /home/habibahassan/project/install/moveit_msgs/include/moveit_msgs/moveit_msgs/msg/planning_scene_world.h
[9.471s] -- Up-to-date: /home/habibahassan/project/install/moveit_msgs/include/moveit_msgs/moveit_msgs/msg/link_scale.h
[9.472s] -- Up-to-date: /home/habibahassan/project/install/moveit_msgs/include/moveit_msgs/moveit_msgs/msg/link_padding.h
[9.472s] -- Up-to-date: /home/habibahassan/project/install/moveit_msgs/include/moveit_msgs/moveit_msgs/msg/gripper_translation.h
[9.473s] -- Up-to-date: /home/habibahassan/project/install/moveit_msgs/include/moveit_msgs/moveit_msgs/msg/allowed_collision_matrix.h
[9.474s] -- Up-to-date: /home/habibahassan/project/install/moveit_msgs/include/moveit_msgs/moveit_msgs/msg/position_constraint.h
[9.475s] -- Up-to-date: /home/habibahassan/project/install/moveit_msgs/include/moveit_msgs/moveit_msgs/msg/motion_plan_response.h
[9.475s] -- Up-to-date: /home/habibahassan/project/install/moveit_msgs/include/moveit_msgs/moveit_msgs/msg/trajectory_constraints.h
[9.476s] -- Up-to-date: /home/habibahassan/project/install/moveit_msgs/include/moveit_msgs/moveit_msgs/msg/motion_plan_request.h
[9.477s] -- Up-to-date: /home/habibahassan/project/install/moveit_msgs/include/moveit_msgs/moveit_msgs/msg/cost_source.h
[9.478s] -- Up-to-date: /home/habibahassan/project/install/moveit_msgs/include/moveit_msgs/moveit_msgs/msg/planning_scene.h
[9.478s] -- Up-to-date: /home/habibahassan/project/install/moveit_msgs/include/moveit_msgs/moveit_msgs/msg/planner_params.h
[9.479s] -- Up-to-date: /home/habibahassan/project/install/moveit_msgs/include/moveit_msgs/moveit_msgs/msg/workspace_parameters.h
[9.487s] -- Up-to-date: /home/habibahassan/project/install/moveit_msgs/include/moveit_msgs/moveit_msgs/msg/generic_trajectory.h
[9.489s] -- Up-to-date: /home/habibahassan/project/install/moveit_msgs/include/moveit_msgs/moveit_msgs/msg/joint_limits.h
[9.490s] -- Up-to-date: /home/habibahassan/project/install/moveit_msgs/include/moveit_msgs/moveit_msgs/msg/robot_trajectory.h
[9.491s] -- Up-to-date: /home/habibahassan/project/install/moveit_msgs/include/moveit_msgs/moveit_msgs/msg/detail
[9.491s] -- Up-to-date: /home/habibahassan/project/install/moveit_msgs/include/moveit_msgs/moveit_msgs/msg/detail/planner_params__functions.c
[9.492s] -- Installing: /home/habibahassan/project/install/moveit_msgs/include/moveit_msgs/moveit_msgs/msg/detail/link_scale__type_support.c
[9.493s] -- Up-to-date: /home/habibahassan/project/install/moveit_msgs/include/moveit_msgs/moveit_msgs/msg/detail/link_padding__functions.c
[9.493s] -- Up-to-date: /home/habibahassan/project/install/moveit_msgs/include/moveit_msgs/moveit_msgs/msg/detail/cost_source__type_support.h
[9.494s] -- Up-to-date: /home/habibahassan/project/install/moveit_msgs/include/moveit_msgs/moveit_msgs/msg/detail/place_location__type_support.h
[9.495s] -- Installing: /home/habibahassan/project/install/moveit_msgs/include/moveit_msgs/moveit_msgs/msg/detail/link_padding__type_support.c
[9.496s] -- Up-to-date: /home/habibahassan/project/install/moveit_msgs/include/moveit_msgs/moveit_msgs/msg/detail/servo_status__type_support.h
[9.497s] -- Up-to-date: /home/habibahassan/project/install/moveit_msgs/include/moveit_msgs/moveit_msgs/msg/detail/motion_plan_response__struct.h
[9.498s] -- Installing: /home/habibahassan/project/install/moveit_msgs/include/moveit_msgs/moveit_msgs/msg/detail/workspace_parameters__type_support.c
[9.499s] -- Up-to-date: /home/habibahassan/project/install/moveit_msgs/include/moveit_msgs/moveit_msgs/msg/detail/contact_information__functions.h
[9.508s] -- Up-to-date: /home/habibahassan/project/install/moveit_msgs/include/moveit_msgs/moveit_msgs/msg/detail/cartesian_trajectory__functions.h
[9.509s] -- Installing: /home/habibahassan/project/install/moveit_msgs/include/moveit_msgs/moveit_msgs/msg/detail/attached_collision_object__type_support.c
[9.510s] -- Up-to-date: /home/habibahassan/project/install/moveit_msgs/include/moveit_msgs/moveit_msgs/msg/detail/kinematic_solver_info__type_support.h
[9.510s] -- Up-to-date: /home/habibahassan/project/install/moveit_msgs/include/moveit_msgs/moveit_msgs/msg/detail/link_scale__type_support.h
[9.511s] -- Up-to-date: /home/habibahassan/project/install/moveit_msgs/include/moveit_msgs/moveit_msgs/msg/detail/object_color__functions.h
[9.513s] -- Installing: /home/habibahassan/project/install/moveit_msgs/include/moveit_msgs/moveit_msgs/msg/detail/cost_source__type_support.c
[9.514s] -- Installing: /home/habibahassan/project/install/moveit_msgs/include/moveit_msgs/moveit_msgs/msg/detail/planning_scene__type_support.c
[9.516s] -- Installing: /home/habibahassan/project/install/moveit_msgs/include/moveit_msgs/moveit_msgs/msg/detail/cartesian_trajectory_point__type_support.c
[9.516s] -- Up-to-date: /home/habibahassan/project/install/moveit_msgs/include/moveit_msgs/moveit_msgs/msg/detail/position_constraint__struct.h
[9.518s] -- Up-to-date: /home/habibahassan/project/install/moveit_msgs/include/moveit_msgs/moveit_msgs/msg/detail/motion_sequence_request__functions.h
[9.530s] -- Up-to-date: /home/habibahassan/project/install/moveit_msgs/include/moveit_msgs/moveit_msgs/msg/detail/gripper_translation__struct.h
[9.532s] -- Up-to-date: /home/habibahassan/project/install/moveit_msgs/include/moveit_msgs/moveit_msgs/msg/detail/allowed_collision_entry__functions.c
[9.533s] -- Up-to-date: /home/habibahassan/project/install/moveit_msgs/include/moveit_msgs/moveit_msgs/msg/detail/allowed_collision_entry__functions.h
[9.533s] -- Up-to-date: /home/habibahassan/project/install/moveit_msgs/include/moveit_msgs/moveit_msgs/msg/detail/robot_state__functions.c
[9.534s] -- Up-to-date: /home/habibahassan/project/install/moveit_msgs/include/moveit_msgs/moveit_msgs/msg/detail/planning_scene_world__description.c
[9.535s] -- Up-to-date: /home/habibahassan/project/install/moveit_msgs/include/moveit_msgs/moveit_msgs/msg/detail/motion_plan_detailed_response__functions.c
[9.536s] -- Up-to-date: /home/habibahassan/project/install/moveit_msgs/include/moveit_msgs/moveit_msgs/msg/detail/oriented_bounding_box__functions.h
[9.536s] -- Up-to-date: /home/habibahassan/project/install/moveit_msgs/include/moveit_msgs/moveit_msgs/msg/detail/allowed_collision_entry__struct.h
[9.537s] -- Up-to-date: /home/habibahassan/project/install/moveit_msgs/include/moveit_msgs/moveit_msgs/msg/detail/joint_constraint__struct.h
[9.538s] -- Up-to-date: /home/habibahassan/project/install/moveit_msgs/include/moveit_msgs/moveit_msgs/msg/detail/generic_trajectory__struct.h
[9.539s] -- Up-to-date: /home/habibahassan/project/install/moveit_msgs/include/moveit_msgs/moveit_msgs/msg/detail/collision_object__description.c
[9.540s] -- Up-to-date: /home/habibahassan/project/install/moveit_msgs/include/moveit_msgs/moveit_msgs/msg/detail/grasp__description.c
[9.540s] -- Up-to-date: /home/habibahassan/project/install/moveit_msgs/include/moveit_msgs/moveit_msgs/msg/detail/cartesian_trajectory_point__type_support.h
[9.559s] -- Up-to-date: /home/habibahassan/project/install/moveit_msgs/include/moveit_msgs/moveit_msgs/msg/detail/display_robot_state__functions.h
[9.559s] -- Up-to-date: /home/habibahassan/project/install/moveit_msgs/include/moveit_msgs/moveit_msgs/msg/detail/orientation_constraint__struct.h
[9.560s] -- Installing: /home/habibahassan/project/install/moveit_msgs/include/moveit_msgs/moveit_msgs/msg/detail/generic_trajectory__type_support.c
[9.561s] -- Up-to-date: /home/habibahassan/project/install/moveit_msgs/include/moveit_msgs/moveit_msgs/msg/detail/gripper_translation__description.c
[9.562s] -- Up-to-date: /home/habibahassan/project/install/moveit_msgs/include/moveit_msgs/moveit_msgs/msg/detail/collision_object__struct.h
[9.563s] -- Up-to-date: /home/habibahassan/project/install/moveit_msgs/include/moveit_msgs/moveit_msgs/msg/detail/pipeline_state__functions.c
[9.563s] -- Up-to-date: /home/habibahassan/project/install/moveit_msgs/include/moveit_msgs/moveit_msgs/msg/detail/link_scale__description.c
[9.566s] -- Up-to-date: /home/habibahassan/project/install/moveit_msgs/include/moveit_msgs/moveit_msgs/msg/detail/allowed_collision_matrix__type_support.h
[9.567s] -- Installing: /home/habibahassan/project/install/moveit_msgs/include/moveit_msgs/moveit_msgs/msg/detail/gripper_translation__type_support.c
[9.569s] -- Up-to-date: /home/habibahassan/project/install/moveit_msgs/include/moveit_msgs/moveit_msgs/msg/detail/planning_scene__type_support.h
[9.570s] -- Up-to-date: /home/habibahassan/project/install/moveit_msgs/include/moveit_msgs/moveit_msgs/msg/detail/orientation_constraint__functions.c
[9.571s] -- Up-to-date: /home/habibahassan/project/install/moveit_msgs/include/moveit_msgs/moveit_msgs/msg/detail/orientation_constraint__description.c
[9.572s] -- Up-to-date: /home/habibahassan/project/install/moveit_msgs/include/moveit_msgs/moveit_msgs/msg/detail/motion_sequence_request__description.c
[9.574s] -- Up-to-date: /home/habibahassan/project/install/moveit_msgs/include/moveit_msgs/moveit_msgs/msg/detail/motion_plan_request__type_support.h
[9.578s] -- Up-to-date: /home/habibahassan/project/install/moveit_msgs/include/moveit_msgs/moveit_msgs/msg/detail/position_constraint__functions.c
[9.579s] -- Up-to-date: /home/habibahassan/project/install/moveit_msgs/include/moveit_msgs/moveit_msgs/msg/detail/visibility_constraint__description.c
[9.584s] -- Up-to-date: /home/habibahassan/project/install/moveit_msgs/include/moveit_msgs/moveit_msgs/msg/detail/generic_trajectory__type_support.h
[9.585s] -- Up-to-date: /home/habibahassan/project/install/moveit_msgs/include/moveit_msgs/moveit_msgs/msg/detail/attached_collision_object__type_support.h
[9.586s] -- Up-to-date: /home/habibahassan/project/install/moveit_msgs/include/moveit_msgs/moveit_msgs/msg/detail/cartesian_trajectory__functions.c
[9.587s] -- Up-to-date: /home/habibahassan/project/install/moveit_msgs/include/moveit_msgs/moveit_msgs/msg/detail/kinematic_solver_info__struct.h
[9.588s] -- Up-to-date: /home/habibahassan/project/install/moveit_msgs/include/moveit_msgs/moveit_msgs/msg/detail/cartesian_point__type_support.h
[9.589s] -- Up-to-date: /home/habibahassan/project/install/moveit_msgs/include/moveit_msgs/moveit_msgs/msg/detail/joint_limits__struct.h
[9.589s] -- Up-to-date: /home/habibahassan/project/install/moveit_msgs/include/moveit_msgs/moveit_msgs/msg/detail/position_ik_request__struct.h
[9.590s] -- Up-to-date: /home/habibahassan/project/install/moveit_msgs/include/moveit_msgs/moveit_msgs/msg/detail/constraint_eval_result__functions.c
[9.590s] -- Up-to-date: /home/habibahassan/project/install/moveit_msgs/include/moveit_msgs/moveit_msgs/msg/detail/cost_source__struct.h
[9.591s] -- Installing: /home/habibahassan/project/install/moveit_msgs/include/moveit_msgs/moveit_msgs/msg/detail/visibility_constraint__type_support.c
[9.591s] -- Up-to-date: /home/habibahassan/project/install/moveit_msgs/include/moveit_msgs/moveit_msgs/msg/detail/robot_state__functions.h
[9.592s] -- Up-to-date: /home/habibahassan/project/install/moveit_msgs/include/moveit_msgs/moveit_msgs/msg/detail/generic_trajectory__functions.h
[9.592s] -- Installing: /home/habibahassan/project/install/moveit_msgs/include/moveit_msgs/moveit_msgs/msg/detail/pipeline_state__type_support.c
[9.593s] -- Up-to-date: /home/habibahassan/project/install/moveit_msgs/include/moveit_msgs/moveit_msgs/msg/detail/motion_plan_request__functions.c
[9.594s] -- Installing: /home/habibahassan/project/install/moveit_msgs/include/moveit_msgs/moveit_msgs/msg/detail/display_robot_state__type_support.c
[9.603s] -- Installing: /home/habibahassan/project/install/moveit_msgs/include/moveit_msgs/moveit_msgs/msg/detail/motion_plan_response__type_support.c
[9.604s] -- Installing: /home/habibahassan/project/install/moveit_msgs/include/moveit_msgs/moveit_msgs/msg/detail/allowed_collision_matrix__type_support.c
[9.607s] -- Up-to-date: /home/habibahassan/project/install/moveit_msgs/include/moveit_msgs/moveit_msgs/msg/detail/motion_plan_detailed_response__functions.h
[9.608s] -- Up-to-date: /home/habibahassan/project/install/moveit_msgs/include/moveit_msgs/moveit_msgs/msg/detail/constraints__description.c
[9.612s] -- Up-to-date: /home/habibahassan/project/install/moveit_msgs/include/moveit_msgs/moveit_msgs/msg/detail/constraint_eval_result__functions.h
[9.613s] -- Up-to-date: /home/habibahassan/project/install/moveit_msgs/include/moveit_msgs/moveit_msgs/msg/detail/bounding_volume__functions.c
[9.614s] -- Up-to-date: /home/habibahassan/project/install/moveit_msgs/include/moveit_msgs/moveit_msgs/msg/detail/planning_scene_world__struct.h
[9.615s] -- Up-to-date: /home/habibahassan/project/install/moveit_msgs/include/moveit_msgs/moveit_msgs/msg/detail/workspace_parameters__type_support.h
[9.615s] -- Up-to-date: /home/habibahassan/project/install/moveit_msgs/include/moveit_msgs/moveit_msgs/msg/detail/cartesian_trajectory_point__functions.h
[9.616s] -- Up-to-date: /home/habibahassan/project/install/moveit_msgs/include/moveit_msgs/moveit_msgs/msg/detail/bounding_volume__struct.h
[9.616s] -- Up-to-date: /home/habibahassan/project/install/moveit_msgs/include/moveit_msgs/moveit_msgs/msg/detail/planner_interface_description__description.c
[9.617s] -- Up-to-date: /home/habibahassan/project/install/moveit_msgs/include/moveit_msgs/moveit_msgs/msg/detail/planning_scene_components__functions.c
[9.617s] -- Up-to-date: /home/habibahassan/project/install/moveit_msgs/include/moveit_msgs/moveit_msgs/msg/detail/visibility_constraint__functions.h
[9.618s] -- Up-to-date: /home/habibahassan/project/install/moveit_msgs/include/moveit_msgs/moveit_msgs/msg/detail/trajectory_constraints__struct.h
[9.618s] -- Up-to-date: /home/habibahassan/project/install/moveit_msgs/include/moveit_msgs/moveit_msgs/msg/detail/cartesian_point__struct.h
[9.619s] -- Up-to-date: /home/habibahassan/project/install/moveit_msgs/include/moveit_msgs/moveit_msgs/msg/detail/object_color__functions.c
[9.619s] -- Up-to-date: /home/habibahassan/project/install/moveit_msgs/include/moveit_msgs/moveit_msgs/msg/detail/object_color__struct.h
[9.621s] -- Up-to-date: /home/habibahassan/project/install/moveit_msgs/include/moveit_msgs/moveit_msgs/msg/detail/visibility_constraint__functions.c
[9.622s] -- Installing: /home/habibahassan/project/install/moveit_msgs/include/moveit_msgs/moveit_msgs/msg/detail/place_location__type_support.c
[9.630s] -- Up-to-date: /home/habibahassan/project/install/moveit_msgs/include/moveit_msgs/moveit_msgs/msg/detail/joint_constraint__functions.h
[9.631s] -- Up-to-date: /home/habibahassan/project/install/moveit_msgs/include/moveit_msgs/moveit_msgs/msg/detail/planning_scene__struct.h
[9.633s] -- Up-to-date: /home/habibahassan/project/install/moveit_msgs/include/moveit_msgs/moveit_msgs/msg/detail/display_robot_state__struct.h
[9.634s] -- Installing: /home/habibahassan/project/install/moveit_msgs/include/moveit_msgs/moveit_msgs/msg/detail/motion_sequence_request__type_support.c
[9.635s] -- Up-to-date: /home/habibahassan/project/install/moveit_msgs/include/moveit_msgs/moveit_msgs/msg/detail/contact_information__type_support.h
[9.635s] -- Up-to-date: /home/habibahassan/project/install/moveit_msgs/include/moveit_msgs/moveit_msgs/msg/detail/motion_sequence_item__type_support.h
[9.637s] -- Up-to-date: /home/habibahassan/project/install/moveit_msgs/include/moveit_msgs/moveit_msgs/msg/detail/workspace_parameters__description.c
[9.638s] -- Up-to-date: /home/habibahassan/project/install/moveit_msgs/include/moveit_msgs/moveit_msgs/msg/detail/motion_sequence_item__functions.h
[9.640s] -- Installing: /home/habibahassan/project/install/moveit_msgs/include/moveit_msgs/moveit_msgs/msg/detail/object_color__type_support.c
[9.642s] -- Up-to-date: /home/habibahassan/project/install/moveit_msgs/include/moveit_msgs/moveit_msgs/msg/detail/motion_plan_detailed_response__struct.h
[9.644s] -- Up-to-date: /home/habibahassan/project/install/moveit_msgs/include/moveit_msgs/moveit_msgs/msg/detail/motion_sequence_request__type_support.h
[9.646s] -- Up-to-date: /home/habibahassan/project/install/moveit_msgs/include/moveit_msgs/moveit_msgs/msg/detail/display_trajectory__struct.h
[9.649s] -- Up-to-date: /home/habibahassan/project/install/moveit_msgs/include/moveit_msgs/moveit_msgs/msg/detail/planning_scene_components__type_support.h
[9.649s] -- Up-to-date: /home/habibahassan/project/install/moveit_msgs/include/moveit_msgs/moveit_msgs/msg/detail/motion_sequence_request__struct.h
[9.650s] -- Up-to-date: /home/habibahassan/project/install/moveit_msgs/include/moveit_msgs/moveit_msgs/msg/detail/motion_plan_response__functions.h
[9.652s] -- Up-to-date: /home/habibahassan/project/install/moveit_msgs/include/moveit_msgs/moveit_msgs/msg/detail/display_trajectory__description.c
[9.652s] -- Up-to-date: /home/habibahassan/project/install/moveit_msgs/include/moveit_msgs/moveit_msgs/msg/detail/motion_sequence_response__type_support.h
[9.653s] -- Up-to-date: /home/habibahassan/project/install/moveit_msgs/include/moveit_msgs/moveit_msgs/msg/detail/cost_source__functions.c
[9.655s] -- Up-to-date: /home/habibahassan/project/install/moveit_msgs/include/moveit_msgs/moveit_msgs/msg/detail/pipeline_state__type_support.h
[9.660s] -- Installing: /home/habibahassan/project/install/moveit_msgs/include/moveit_msgs/moveit_msgs/msg/detail/constraints__type_support.c
[9.664s] -- Up-to-date: /home/habibahassan/project/install/moveit_msgs/include/moveit_msgs/moveit_msgs/msg/detail/allowed_collision_matrix__description.c
[9.664s] -- Installing: /home/habibahassan/project/install/moveit_msgs/include/moveit_msgs/moveit_msgs/msg/detail/planner_params__type_support.c
[9.665s] -- Up-to-date: /home/habibahassan/project/install/moveit_msgs/include/moveit_msgs/moveit_msgs/msg/detail/joint_limits__functions.c
[9.668s] -- Up-to-date: /home/habibahassan/project/install/moveit_msgs/include/moveit_msgs/moveit_msgs/msg/detail/collision_object__functions.h
[9.669s] -- Up-to-date: /home/habibahassan/project/install/moveit_msgs/include/moveit_msgs/moveit_msgs/msg/detail/constraints__type_support.h
[9.672s] -- Up-to-date: /home/habibahassan/project/install/moveit_msgs/include/moveit_msgs/moveit_msgs/msg/detail/contact_information__description.c
[9.672s] -- Up-to-date: /home/habibahassan/project/install/moveit_msgs/include/moveit_msgs/moveit_msgs/msg/detail/cartesian_trajectory__struct.h
[9.675s] -- Installing: /home/habibahassan/project/install/moveit_msgs/include/moveit_msgs/moveit_msgs/msg/detail/bounding_volume__type_support.c
[9.676s] -- Up-to-date: /home/habibahassan/project/install/moveit_msgs/include/moveit_msgs/moveit_msgs/msg/detail/planner_params__functions.h
[9.676s] -- Installing: /home/habibahassan/project/install/moveit_msgs/include/moveit_msgs/moveit_msgs/msg/detail/planning_options__type_support.c
[9.677s] -- Up-to-date: /home/habibahassan/project/install/moveit_msgs/include/moveit_msgs/moveit_msgs/msg/detail/cartesian_point__functions.h
[9.678s] -- Up-to-date: /home/habibahassan/project/install/moveit_msgs/include/moveit_msgs/moveit_msgs/msg/detail/grasp__struct.h
[9.679s] -- Up-to-date: /home/habibahassan/project/install/moveit_msgs/include/moveit_msgs/moveit_msgs/msg/detail/motion_sequence_response__functions.h
[9.685s] -- Up-to-date: /home/habibahassan/project/install/moveit_msgs/include/moveit_msgs/moveit_msgs/msg/detail/move_it_error_codes__type_support.h
[9.688s] -- Up-to-date: /home/habibahassan/project/install/moveit_msgs/include/moveit_msgs/moveit_msgs/msg/detail/grasp__functions.c
[9.701s] -- Up-to-date: /home/habibahassan/project/install/moveit_msgs/include/moveit_msgs/moveit_msgs/msg/detail/generic_trajectory__description.c
[9.707s] -- Up-to-date: /home/habibahassan/project/install/moveit_msgs/include/moveit_msgs/moveit_msgs/msg/detail/constraints__functions.h
[9.707s] -- Up-to-date: /home/habibahassan/project/install/moveit_msgs/include/moveit_msgs/moveit_msgs/msg/detail/motion_plan_request__description.c
[9.708s] -- Up-to-date: /home/habibahassan/project/install/moveit_msgs/include/moveit_msgs/moveit_msgs/msg/detail/motion_plan_request__struct.h
[9.708s] -- Up-to-date: /home/habibahassan/project/install/moveit_msgs/include/moveit_msgs/moveit_msgs/msg/detail/planning_options__functions.h
[9.709s] -- Up-to-date: /home/habibahassan/project/install/moveit_msgs/include/moveit_msgs/moveit_msgs/msg/detail/display_trajectory__functions.h
[9.709s] -- Up-to-date: /home/habibahassan/project/install/moveit_msgs/include/moveit_msgs/moveit_msgs/msg/detail/trajectory_constraints__description.c
[9.711s] -- Installing: /home/habibahassan/project/install/moveit_msgs/include/moveit_msgs/moveit_msgs/msg/detail/contact_information__type_support.c
[9.712s] -- Up-to-date: /home/habibahassan/project/install/moveit_msgs/include/moveit_msgs/moveit_msgs/msg/detail/trajectory_constraints__functions.h
[9.715s] -- Up-to-date: /home/habibahassan/project/install/moveit_msgs/include/moveit_msgs/moveit_msgs/msg/detail/visibility_constraint__type_support.h
[9.717s] -- Up-to-date: /home/habibahassan/project/install/moveit_msgs/include/moveit_msgs/moveit_msgs/msg/detail/joint_constraint__functions.c
[9.722s] -- Up-to-date: /home/habibahassan/project/install/moveit_msgs/include/moveit_msgs/moveit_msgs/msg/detail/cartesian_trajectory__type_support.h
[9.722s] -- Installing: /home/habibahassan/project/install/moveit_msgs/include/moveit_msgs/moveit_msgs/msg/detail/planning_scene_components__type_support.c
[9.722s] -- Up-to-date: /home/habibahassan/project/install/moveit_msgs/include/moveit_msgs/moveit_msgs/msg/detail/move_it_error_codes__description.c
[9.723s] -- Up-to-date: /home/habibahassan/project/install/moveit_msgs/include/moveit_msgs/moveit_msgs/msg/detail/motion_plan_response__functions.c
[9.723s] -- Up-to-date: /home/habibahassan/project/install/moveit_msgs/include/moveit_msgs/moveit_msgs/msg/detail/servo_status__functions.c
[9.723s] -- Installing: /home/habibahassan/project/install/moveit_msgs/include/moveit_msgs/moveit_msgs/msg/detail/trajectory_constraints__type_support.c
[9.723s] -- Up-to-date: /home/habibahassan/project/install/moveit_msgs/include/moveit_msgs/moveit_msgs/msg/detail/constraint_eval_result__type_support.h
[9.724s] -- Up-to-date: /home/habibahassan/project/install/moveit_msgs/include/moveit_msgs/moveit_msgs/msg/detail/workspace_parameters__functions.h
[9.725s] -- Up-to-date: /home/habibahassan/project/install/moveit_msgs/include/moveit_msgs/moveit_msgs/msg/detail/position_ik_request__description.c
[9.725s] -- Up-to-date: /home/habibahassan/project/install/moveit_msgs/include/moveit_msgs/moveit_msgs/msg/detail/planner_interface_description__functions.h
[9.726s] -- Up-to-date: /home/habibahassan/project/install/moveit_msgs/include/moveit_msgs/moveit_msgs/msg/detail/constraints__struct.h
[9.727s] -- Up-to-date: /home/habibahassan/project/install/moveit_msgs/include/moveit_msgs/moveit_msgs/msg/detail/cartesian_trajectory_point__description.c
[9.732s] -- Up-to-date: /home/habibahassan/project/install/moveit_msgs/include/moveit_msgs/moveit_msgs/msg/detail/display_robot_state__description.c
[9.733s] -- Up-to-date: /home/habibahassan/project/install/moveit_msgs/include/moveit_msgs/moveit_msgs/msg/detail/cartesian_trajectory_point__functions.c
[9.734s] -- Up-to-date: /home/habibahassan/project/install/moveit_msgs/include/moveit_msgs/moveit_msgs/msg/detail/planner_interface_description__functions.c
[9.735s] -- Up-to-date: /home/habibahassan/project/install/moveit_msgs/include/moveit_msgs/moveit_msgs/msg/detail/gripper_translation__type_support.h
[9.738s] -- Up-to-date: /home/habibahassan/project/install/moveit_msgs/include/moveit_msgs/moveit_msgs/msg/detail/link_padding__type_support.h
[9.738s] -- Up-to-date: /home/habibahassan/project/install/moveit_msgs/include/moveit_msgs/moveit_msgs/msg/detail/motion_plan_detailed_response__type_support.h
[9.739s] -- Up-to-date: /home/habibahassan/project/install/moveit_msgs/include/moveit_msgs/moveit_msgs/msg/detail/display_robot_state__type_support.h
[9.739s] -- Up-to-date: /home/habibahassan/project/install/moveit_msgs/include/moveit_msgs/moveit_msgs/msg/detail/bounding_volume__description.c
[9.739s] -- Up-to-date: /home/habibahassan/project/install/moveit_msgs/include/moveit_msgs/moveit_msgs/msg/detail/joint_constraint__type_support.h
[9.740s] -- Up-to-date: /home/habibahassan/project/install/moveit_msgs/include/moveit_msgs/moveit_msgs/msg/detail/object_color__description.c
[9.740s] -- Up-to-date: /home/habibahassan/project/install/moveit_msgs/include/moveit_msgs/moveit_msgs/msg/detail/generic_trajectory__functions.c
[9.740s] -- Up-to-date: /home/habibahassan/project/install/moveit_msgs/include/moveit_msgs/moveit_msgs/msg/detail/orientation_constraint__functions.h
[9.741s] -- Up-to-date: /home/habibahassan/project/install/moveit_msgs/include/moveit_msgs/moveit_msgs/msg/detail/servo_status__description.c
[9.741s] -- Installing: /home/habibahassan/project/install/moveit_msgs/include/moveit_msgs/moveit_msgs/msg/detail/motion_sequence_response__type_support.c
[9.741s] -- Up-to-date: /home/habibahassan/project/install/moveit_msgs/include/moveit_msgs/moveit_msgs/msg/detail/planner_params__description.c
[9.742s] -- Up-to-date: /home/habibahassan/project/install/moveit_msgs/include/moveit_msgs/moveit_msgs/msg/detail/pipeline_state__functions.h
[9.742s] -- Up-to-date: /home/habibahassan/project/install/moveit_msgs/include/moveit_msgs/moveit_msgs/msg/detail/object_color__type_support.h
[9.742s] -- Up-to-date: /home/habibahassan/project/install/moveit_msgs/include/moveit_msgs/moveit_msgs/msg/detail/joint_limits__functions.h
[9.743s] -- Up-to-date: /home/habibahassan/project/install/moveit_msgs/include/moveit_msgs/moveit_msgs/msg/detail/place_location__struct.h
[9.743s] -- Installing: /home/habibahassan/project/install/moveit_msgs/include/moveit_msgs/moveit_msgs/msg/detail/motion_sequence_item__type_support.c
[9.743s] -- Up-to-date: /home/habibahassan/project/install/moveit_msgs/include/moveit_msgs/moveit_msgs/msg/detail/place_location__functions.c
[9.743s] -- Installing: /home/habibahassan/project/install/moveit_msgs/include/moveit_msgs/moveit_msgs/msg/detail/oriented_bounding_box__type_support.c
[9.744s] -- Installing: /home/habibahassan/project/install/moveit_msgs/include/moveit_msgs/moveit_msgs/msg/detail/allowed_collision_entry__type_support.c
[9.744s] -- Up-to-date: /home/habibahassan/project/install/moveit_msgs/include/moveit_msgs/moveit_msgs/msg/detail/link_scale__functions.c
[9.746s] -- Up-to-date: /home/habibahassan/project/install/moveit_msgs/include/moveit_msgs/moveit_msgs/msg/detail/planning_options__type_support.h
[9.746s] -- Up-to-date: /home/habibahassan/project/install/moveit_msgs/include/moveit_msgs/moveit_msgs/msg/detail/contact_information__struct.h
[9.746s] -- Up-to-date: /home/habibahassan/project/install/moveit_msgs/include/moveit_msgs/moveit_msgs/msg/detail/motion_sequence_request__functions.c
[9.747s] -- Up-to-date: /home/habibahassan/project/install/moveit_msgs/include/moveit_msgs/moveit_msgs/msg/detail/motion_plan_detailed_response__description.c
[9.747s] -- Up-to-date: /home/habibahassan/project/install/moveit_msgs/include/moveit_msgs/moveit_msgs/msg/detail/grasp__type_support.h
[9.749s] -- Up-to-date: /home/habibahassan/project/install/moveit_msgs/include/moveit_msgs/moveit_msgs/msg/detail/grasp__functions.h
[9.750s] -- Up-to-date: /home/habibahassan/project/install/moveit_msgs/include/moveit_msgs/moveit_msgs/msg/detail/planning_options__description.c
[9.763s] -- Installing: /home/habibahassan/project/install/moveit_msgs/include/moveit_msgs/moveit_msgs/msg/detail/orientation_constraint__type_support.c
[9.764s] -- Installing: /home/habibahassan/project/install/moveit_msgs/include/moveit_msgs/moveit_msgs/msg/detail/move_it_error_codes__type_support.c
[9.764s] -- Up-to-date: /home/habibahassan/project/install/moveit_msgs/include/moveit_msgs/moveit_msgs/msg/detail/display_trajectory__functions.c
[9.765s] -- Up-to-date: /home/habibahassan/project/install/moveit_msgs/include/moveit_msgs/moveit_msgs/msg/detail/trajectory_constraints__type_support.h
[9.766s] -- Up-to-date: /home/habibahassan/project/install/moveit_msgs/include/moveit_msgs/moveit_msgs/msg/detail/position_ik_request__functions.c
[9.766s] -- Up-to-date: /home/habibahassan/project/install/moveit_msgs/include/moveit_msgs/moveit_msgs/msg/detail/constraints__functions.c
[9.767s] -- Up-to-date: /home/habibahassan/project/install/moveit_msgs/include/moveit_msgs/moveit_msgs/msg/detail/display_trajectory__type_support.h
[9.767s] -- Installing: /home/habibahassan/project/install/moveit_msgs/include/moveit_msgs/moveit_msgs/msg/detail/joint_constraint__type_support.c
[9.768s] -- Up-to-date: /home/habibahassan/project/install/moveit_msgs/include/moveit_msgs/moveit_msgs/msg/detail/bounding_volume__type_support.h
[9.769s] -- Up-to-date: /home/habibahassan/project/install/moveit_msgs/include/moveit_msgs/moveit_msgs/msg/detail/cartesian_point__functions.c
[9.770s] -- Up-to-date: /home/habibahassan/project/install/moveit_msgs/include/moveit_msgs/moveit_msgs/msg/detail/attached_collision_object__functions.h
[9.771s] -- Up-to-date: /home/habibahassan/project/install/moveit_msgs/include/moveit_msgs/moveit_msgs/msg/detail/cost_source__functions.h
[9.772s] -- Up-to-date: /home/habibahassan/project/install/moveit_msgs/include/moveit_msgs/moveit_msgs/msg/detail/planner_interface_description__type_support.h
[9.772s] -- Up-to-date: /home/habibahassan/project/install/moveit_msgs/include/moveit_msgs/moveit_msgs/msg/detail/gripper_translation__functions.h
[9.773s] -- Up-to-date: /home/habibahassan/project/install/moveit_msgs/include/moveit_msgs/moveit_msgs/msg/detail/motion_plan_response__type_support.h
[9.778s] -- Up-to-date: /home/habibahassan/project/install/moveit_msgs/include/moveit_msgs/moveit_msgs/msg/detail/pipeline_state__description.c
[9.779s] -- Up-to-date: /home/habibahassan/project/install/moveit_msgs/include/moveit_msgs/moveit_msgs/msg/detail/robot_trajectory__functions.h
[9.779s] -- Up-to-date: /home/habibahassan/project/install/moveit_msgs/include/moveit_msgs/moveit_msgs/msg/detail/workspace_parameters__struct.h
[9.780s] -- Up-to-date: /home/habibahassan/project/install/moveit_msgs/include/moveit_msgs/moveit_msgs/msg/detail/position_constraint__description.c
[9.780s] -- Up-to-date: /home/habibahassan/project/install/moveit_msgs/include/moveit_msgs/moveit_msgs/msg/detail/move_it_error_codes__functions.h
[9.781s] -- Installing: /home/habibahassan/project/install/moveit_msgs/include/moveit_msgs/moveit_msgs/msg/detail/kinematic_solver_info__type_support.c
[9.782s] -- Up-to-date: /home/habibahassan/project/install/moveit_msgs/include/moveit_msgs/moveit_msgs/msg/detail/planning_scene__description.c
[9.782s] -- Up-to-date: /home/habibahassan/project/install/moveit_msgs/include/moveit_msgs/moveit_msgs/msg/detail/robot_trajectory__struct.h
[9.784s] -- Up-to-date: /home/habibahassan/project/install/moveit_msgs/include/moveit_msgs/moveit_msgs/msg/detail/planning_scene_components__functions.h
[9.784s] -- Up-to-date: /home/habibahassan/project/install/moveit_msgs/include/moveit_msgs/moveit_msgs/msg/detail/allowed_collision_entry__type_support.h
[9.784s] -- Installing: /home/habibahassan/project/install/moveit_msgs/include/moveit_msgs/moveit_msgs/msg/detail/planner_interface_description__type_support.c
[9.785s] -- Up-to-date: /home/habibahassan/project/install/moveit_msgs/include/moveit_msgs/moveit_msgs/msg/detail/move_it_error_codes__functions.c
[9.785s] -- Installing: /home/habibahassan/project/install/moveit_msgs/include/moveit_msgs/moveit_msgs/msg/detail/robot_state__type_support.c
[9.786s] -- Up-to-date: /home/habibahassan/project/install/moveit_msgs/include/moveit_msgs/moveit_msgs/msg/detail/motion_sequence_item__description.c
[9.786s] -- Up-to-date: /home/habibahassan/project/install/moveit_msgs/include/moveit_msgs/moveit_msgs/msg/detail/attached_collision_object__description.c
[9.787s] -- Up-to-date: /home/habibahassan/project/install/moveit_msgs/include/moveit_msgs/moveit_msgs/msg/detail/servo_status__functions.h
[9.788s] -- Up-to-date: /home/habibahassan/project/install/moveit_msgs/include/moveit_msgs/moveit_msgs/msg/detail/position_constraint__functions.h
[9.788s] -- Installing: /home/habibahassan/project/install/moveit_msgs/include/moveit_msgs/moveit_msgs/msg/detail/joint_limits__type_support.c
[9.789s] -- Up-to-date: /home/habibahassan/project/install/moveit_msgs/include/moveit_msgs/moveit_msgs/msg/detail/joint_limits__description.c
[9.790s] -- Up-to-date: /home/habibahassan/project/install/moveit_msgs/include/moveit_msgs/moveit_msgs/msg/detail/motion_sequence_response__description.c
[9.792s] -- Up-to-date: /home/habibahassan/project/install/moveit_msgs/include/moveit_msgs/moveit_msgs/msg/detail/link_scale__functions.h
[9.793s] -- Up-to-date: /home/habibahassan/project/install/moveit_msgs/include/moveit_msgs/moveit_msgs/msg/detail/planner_interface_description__struct.h
[9.794s] -- Up-to-date: /home/habibahassan/project/install/moveit_msgs/include/moveit_msgs/moveit_msgs/msg/detail/motion_sequence_response__struct.h
[9.795s] -- Up-to-date: /home/habibahassan/project/install/moveit_msgs/include/moveit_msgs/moveit_msgs/msg/detail/joint_limits__type_support.h
[9.797s] -- Up-to-date: /home/habibahassan/project/install/moveit_msgs/include/moveit_msgs/moveit_msgs/msg/detail/planning_scene_components__description.c
[9.798s] -- Up-to-date: /home/habibahassan/project/install/moveit_msgs/include/moveit_msgs/moveit_msgs/msg/detail/planning_options__struct.h
[9.799s] -- Installing: /home/habibahassan/project/install/moveit_msgs/include/moveit_msgs/moveit_msgs/msg/detail/robot_trajectory__type_support.c
[9.800s] -- Installing: /home/habibahassan/project/install/moveit_msgs/include/moveit_msgs/moveit_msgs/msg/detail/servo_status__type_support.c
[9.801s] -- Up-to-date: /home/habibahassan/project/install/moveit_msgs/include/moveit_msgs/moveit_msgs/msg/detail/planning_scene_world__type_support.h
[9.801s] -- Up-to-date: /home/habibahassan/project/install/moveit_msgs/include/moveit_msgs/moveit_msgs/msg/detail/display_robot_state__functions.c
[9.801s] -- Up-to-date: /home/habibahassan/project/install/moveit_msgs/include/moveit_msgs/moveit_msgs/msg/detail/cartesian_trajectory__description.c
[9.801s] -- Up-to-date: /home/habibahassan/project/install/moveit_msgs/include/moveit_msgs/moveit_msgs/msg/detail/orientation_constraint__type_support.h
[9.802s] -- Up-to-date: /home/habibahassan/project/install/moveit_msgs/include/moveit_msgs/moveit_msgs/msg/detail/oriented_bounding_box__struct.h
[9.802s] -- Up-to-date: /home/habibahassan/project/install/moveit_msgs/include/moveit_msgs/moveit_msgs/msg/detail/cartesian_point__description.c
[9.802s] -- Installing: /home/habibahassan/project/install/moveit_msgs/include/moveit_msgs/moveit_msgs/msg/detail/cartesian_point__type_support.c
[9.803s] -- Up-to-date: /home/habibahassan/project/install/moveit_msgs/include/moveit_msgs/moveit_msgs/msg/detail/attached_collision_object__struct.h
[9.803s] -- Up-to-date: /home/habibahassan/project/install/moveit_msgs/include/moveit_msgs/moveit_msgs/msg/detail/link_padding__struct.h
[9.803s] -- Up-to-date: /home/habibahassan/project/install/moveit_msgs/include/moveit_msgs/moveit_msgs/msg/detail/trajectory_constraints__functions.c
[9.804s] -- Up-to-date: /home/habibahassan/project/install/moveit_msgs/include/moveit_msgs/moveit_msgs/msg/detail/oriented_bounding_box__type_support.h
[9.804s] -- Up-to-date: /home/habibahassan/project/install/moveit_msgs/include/moveit_msgs/moveit_msgs/msg/detail/robot_state__struct.h
[9.804s] -- Installing: /home/habibahassan/project/install/moveit_msgs/include/moveit_msgs/moveit_msgs/msg/detail/collision_object__type_support.c
[9.805s] -- Up-to-date: /home/habibahassan/project/install/moveit_msgs/include/moveit_msgs/moveit_msgs/msg/detail/link_padding__functions.h
[9.805s] -- Up-to-date: /home/habibahassan/project/install/moveit_msgs/include/moveit_msgs/moveit_msgs/msg/detail/robot_state__type_support.h
[9.805s] -- Installing: /home/habibahassan/project/install/moveit_msgs/include/moveit_msgs/moveit_msgs/msg/detail/grasp__type_support.c
[9.806s] -- Installing: /home/habibahassan/project/install/moveit_msgs/include/moveit_msgs/moveit_msgs/msg/detail/motion_plan_detailed_response__type_support.c
[9.806s] -- Up-to-date: /home/habibahassan/project/install/moveit_msgs/include/moveit_msgs/moveit_msgs/msg/detail/robot_state__description.c
[9.806s] -- Up-to-date: /home/habibahassan/project/install/moveit_msgs/include/moveit_msgs/moveit_msgs/msg/detail/kinematic_solver_info__description.c
[9.806s] -- Up-to-date: /home/habibahassan/project/install/moveit_msgs/include/moveit_msgs/moveit_msgs/msg/detail/collision_object__functions.c
[9.808s] -- Up-to-date: /home/habibahassan/project/install/moveit_msgs/include/moveit_msgs/moveit_msgs/msg/detail/bounding_volume__functions.h
[9.808s] -- Up-to-date: /home/habibahassan/project/install/moveit_msgs/include/moveit_msgs/moveit_msgs/msg/detail/robot_trajectory__type_support.h
[9.808s] -- Up-to-date: /home/habibahassan/project/install/moveit_msgs/include/moveit_msgs/moveit_msgs/msg/detail/kinematic_solver_info__functions.h
[9.809s] -- Up-to-date: /home/habibahassan/project/install/moveit_msgs/include/moveit_msgs/moveit_msgs/msg/detail/move_it_error_codes__struct.h
[9.809s] -- Up-to-date: /home/habibahassan/project/install/moveit_msgs/include/moveit_msgs/moveit_msgs/msg/detail/cost_source__description.c
[9.810s] -- Up-to-date: /home/habibahassan/project/install/moveit_msgs/include/moveit_msgs/moveit_msgs/msg/detail/position_ik_request__functions.h
[9.810s] -- Up-to-date: /home/habibahassan/project/install/moveit_msgs/include/moveit_msgs/moveit_msgs/msg/detail/motion_plan_request__functions.h
[9.812s] -- Up-to-date: /home/habibahassan/project/install/moveit_msgs/include/moveit_msgs/moveit_msgs/msg/detail/planning_scene__functions.h
[9.812s] -- Up-to-date: /home/habibahassan/project/install/moveit_msgs/include/moveit_msgs/moveit_msgs/msg/detail/position_constraint__type_support.h
[9.815s] -- Up-to-date: /home/habibahassan/project/install/moveit_msgs/include/moveit_msgs/moveit_msgs/msg/detail/gripper_translation__functions.c
[9.816s] -- Installing: /home/habibahassan/project/install/moveit_msgs/include/moveit_msgs/moveit_msgs/msg/detail/constraint_eval_result__type_support.c
[9.821s] -- Up-to-date: /home/habibahassan/project/install/moveit_msgs/include/moveit_msgs/moveit_msgs/msg/detail/allowed_collision_matrix__functions.h
[9.821s] -- Up-to-date: /home/habibahassan/project/install/moveit_msgs/include/moveit_msgs/moveit_msgs/msg/detail/oriented_bounding_box__description.c
[9.822s] -- Installing: /home/habibahassan/project/install/moveit_msgs/include/moveit_msgs/moveit_msgs/msg/detail/cartesian_trajectory__type_support.c
[9.822s] -- Up-to-date: /home/habibahassan/project/install/moveit_msgs/include/moveit_msgs/moveit_msgs/msg/detail/constraint_eval_result__description.c
[9.822s] -- Up-to-date: /home/habibahassan/project/install/moveit_msgs/include/moveit_msgs/moveit_msgs/msg/detail/motion_plan_response__description.c
[9.823s] -- Up-to-date: /home/habibahassan/project/install/moveit_msgs/include/moveit_msgs/moveit_msgs/msg/detail/planning_scene_components__struct.h
[9.823s] -- Up-to-date: /home/habibahassan/project/install/moveit_msgs/include/moveit_msgs/moveit_msgs/msg/detail/collision_object__type_support.h
[9.823s] -- Up-to-date: /home/habibahassan/project/install/moveit_msgs/include/moveit_msgs/moveit_msgs/msg/detail/planner_params__struct.h
[9.824s] -- Up-to-date: /home/habibahassan/project/install/moveit_msgs/include/moveit_msgs/moveit_msgs/msg/detail/motion_sequence_item__functions.c
[9.824s] -- Up-to-date: /home/habibahassan/project/install/moveit_msgs/include/moveit_msgs/moveit_msgs/msg/detail/allowed_collision_entry__description.c
[9.825s] -- Installing: /home/habibahassan/project/install/moveit_msgs/include/moveit_msgs/moveit_msgs/msg/detail/position_ik_request__type_support.c
[9.825s] -- Up-to-date: /home/habibahassan/project/install/moveit_msgs/include/moveit_msgs/moveit_msgs/msg/detail/link_scale__struct.h
[9.825s] -- Installing: /home/habibahassan/project/install/moveit_msgs/include/moveit_msgs/moveit_msgs/msg/detail/display_trajectory__type_support.c
[9.826s] -- Up-to-date: /home/habibahassan/project/install/moveit_msgs/include/moveit_msgs/moveit_msgs/msg/detail/attached_collision_object__functions.c
[9.831s] -- Up-to-date: /home/habibahassan/project/install/moveit_msgs/include/moveit_msgs/moveit_msgs/msg/detail/allowed_collision_matrix__struct.h
[9.836s] -- Up-to-date: /home/habibahassan/project/install/moveit_msgs/include/moveit_msgs/moveit_msgs/msg/detail/place_location__description.c
[9.837s] -- Up-to-date: /home/habibahassan/project/install/moveit_msgs/include/moveit_msgs/moveit_msgs/msg/detail/planning_options__functions.c
[9.837s] -- Up-to-date: /home/habibahassan/project/install/moveit_msgs/include/moveit_msgs/moveit_msgs/msg/detail/motion_sequence_item__struct.h
[9.838s] -- Up-to-date: /home/habibahassan/project/install/moveit_msgs/include/moveit_msgs/moveit_msgs/msg/detail/constraint_eval_result__struct.h
[9.839s] -- Installing: /home/habibahassan/project/install/moveit_msgs/include/moveit_msgs/moveit_msgs/msg/detail/position_constraint__type_support.c
[9.839s] -- Up-to-date: /home/habibahassan/project/install/moveit_msgs/include/moveit_msgs/moveit_msgs/msg/detail/allowed_collision_matrix__functions.c
[9.840s] -- Up-to-date: /home/habibahassan/project/install/moveit_msgs/include/moveit_msgs/moveit_msgs/msg/detail/kinematic_solver_info__functions.c
[9.840s] -- Up-to-date: /home/habibahassan/project/install/moveit_msgs/include/moveit_msgs/moveit_msgs/msg/detail/robot_trajectory__functions.c
[9.840s] -- Up-to-date: /home/habibahassan/project/install/moveit_msgs/include/moveit_msgs/moveit_msgs/msg/detail/workspace_parameters__functions.c
[9.841s] -- Up-to-date: /home/habibahassan/project/install/moveit_msgs/include/moveit_msgs/moveit_msgs/msg/detail/planner_params__type_support.h
[9.841s] -- Up-to-date: /home/habibahassan/project/install/moveit_msgs/include/moveit_msgs/moveit_msgs/msg/detail/planning_scene__functions.c
[9.841s] -- Up-to-date: /home/habibahassan/project/install/moveit_msgs/include/moveit_msgs/moveit_msgs/msg/detail/pipeline_state__struct.h
[9.842s] -- Up-to-date: /home/habibahassan/project/install/moveit_msgs/include/moveit_msgs/moveit_msgs/msg/detail/contact_information__functions.c
[9.842s] -- Up-to-date: /home/habibahassan/project/install/moveit_msgs/include/moveit_msgs/moveit_msgs/msg/detail/position_ik_request__type_support.h
[9.842s] -- Up-to-date: /home/habibahassan/project/install/moveit_msgs/include/moveit_msgs/moveit_msgs/msg/detail/cartesian_trajectory_point__struct.h
[9.842s] -- Up-to-date: /home/habibahassan/project/install/moveit_msgs/include/moveit_msgs/moveit_msgs/msg/detail/place_location__functions.h
[9.843s] -- Up-to-date: /home/habibahassan/project/install/moveit_msgs/include/moveit_msgs/moveit_msgs/msg/detail/link_padding__description.c
[9.846s] -- Up-to-date: /home/habibahassan/project/install/moveit_msgs/include/moveit_msgs/moveit_msgs/msg/detail/oriented_bounding_box__functions.c
[9.847s] -- Up-to-date: /home/habibahassan/project/install/moveit_msgs/include/moveit_msgs/moveit_msgs/msg/detail/planning_scene_world__functions.c
[9.847s] -- Installing: /home/habibahassan/project/install/moveit_msgs/include/moveit_msgs/moveit_msgs/msg/detail/motion_plan_request__type_support.c
[9.848s] -- Up-to-date: /home/habibahassan/project/install/moveit_msgs/include/moveit_msgs/moveit_msgs/msg/detail/motion_sequence_response__functions.c
[9.850s] -- Up-to-date: /home/habibahassan/project/install/moveit_msgs/include/moveit_msgs/moveit_msgs/msg/detail/visibility_constraint__struct.h
[9.853s] -- Up-to-date: /home/habibahassan/project/install/moveit_msgs/include/moveit_msgs/moveit_msgs/msg/detail/joint_constraint__description.c
[9.854s] -- Installing: /home/habibahassan/project/install/moveit_msgs/include/moveit_msgs/moveit_msgs/msg/detail/planning_scene_world__type_support.c
[9.855s] -- Up-to-date: /home/habibahassan/project/install/moveit_msgs/include/moveit_msgs/moveit_msgs/msg/detail/robot_trajectory__description.c
[9.858s] -- Up-to-date: /home/habibahassan/project/install/moveit_msgs/include/moveit_msgs/moveit_msgs/msg/detail/servo_status__struct.h
[9.859s] -- Up-to-date: /home/habibahassan/project/install/moveit_msgs/include/moveit_msgs/moveit_msgs/msg/detail/planning_scene_world__functions.h
[9.860s] -- Up-to-date: /home/habibahassan/project/install/moveit_msgs/include/moveit_msgs/moveit_msgs/msg/kinematic_solver_info.h
[9.863s] -- Up-to-date: /home/habibahassan/project/install/moveit_msgs/include/moveit_msgs/moveit_msgs/msg/planning_options.h
[9.878s] -- Up-to-date: /home/habibahassan/project/install/moveit_msgs/include/moveit_msgs/moveit_msgs/msg/rosidl_generator_c__visibility_control.h
[9.880s] -- Up-to-date: /home/habibahassan/project/install/moveit_msgs/include/moveit_msgs/moveit_msgs/msg/collision_object.h
[9.880s] -- Up-to-date: /home/habibahassan/project/install/moveit_msgs/include/moveit_msgs/moveit_msgs/msg/constraint_eval_result.h
[9.881s] -- Up-to-date: /home/habibahassan/project/install/moveit_msgs/include/moveit_msgs/moveit_msgs/msg/motion_sequence_item.h
[9.881s] -- Up-to-date: /home/habibahassan/project/install/moveit_msgs/include/moveit_msgs/moveit_msgs/msg/planning_scene_components.h
[9.882s] -- Up-to-date: /home/habibahassan/project/install/moveit_msgs/include/moveit_msgs/moveit_msgs/msg/place_location.h
[9.882s] -- Up-to-date: /home/habibahassan/project/install/moveit_msgs/include/moveit_msgs/moveit_msgs/msg/position_ik_request.h
[9.883s] -- Up-to-date: /home/habibahassan/project/install/moveit_msgs/include/moveit_msgs/moveit_msgs/msg/move_it_error_codes.h
[9.884s] -- Up-to-date: /home/habibahassan/project/install/moveit_msgs/include/moveit_msgs/moveit_msgs/msg/motion_sequence_request.h
[9.885s] -- Up-to-date: /home/habibahassan/project/install/moveit_msgs/include/moveit_msgs/moveit_msgs/msg/display_trajectory.h
[9.887s] -- Up-to-date: /home/habibahassan/project/install/moveit_msgs/share/moveit_msgs/environment/library_path.sh
[9.887s] -- Up-to-date: /home/habibahassan/project/install/moveit_msgs/share/moveit_msgs/environment/library_path.dsv
[9.889s] -- Up-to-date: /home/habibahassan/project/install/moveit_msgs/lib/libmoveit_msgs__rosidl_generator_c.so
[9.894s] -- Up-to-date: /home/habibahassan/project/install/moveit_msgs/include/moveit_msgs/moveit_msgs
[9.895s] -- Up-to-date: /home/habibahassan/project/install/moveit_msgs/include/moveit_msgs/moveit_msgs/srv
[9.895s] -- Up-to-date: /home/habibahassan/project/install/moveit_msgs/include/moveit_msgs/moveit_msgs/srv/detail
[9.904s] -- Up-to-date: /home/habibahassan/project/install/moveit_msgs/include/moveit_msgs/moveit_msgs/srv/detail/get_planner_params__rosidl_typesupport_fastrtps_c.h
[9.904s] -- Up-to-date: /home/habibahassan/project/install/moveit_msgs/include/moveit_msgs/moveit_msgs/srv/detail/list_robot_states_in_warehouse__rosidl_typesupport_fastrtps_c.h
[9.905s] -- Up-to-date: /home/habibahassan/project/install/moveit_msgs/include/moveit_msgs/moveit_msgs/srv/detail/save_robot_state_to_warehouse__rosidl_typesupport_fastrtps_c.h
[9.906s] -- Up-to-date: /home/habibahassan/project/install/moveit_msgs/include/moveit_msgs/moveit_msgs/srv/detail/delete_robot_state_from_warehouse__rosidl_typesupport_fastrtps_c.h
[9.907s] -- Up-to-date: /home/habibahassan/project/install/moveit_msgs/include/moveit_msgs/moveit_msgs/srv/detail/grasp_planning__rosidl_typesupport_fastrtps_c.h
[9.907s] -- Up-to-date: /home/habibahassan/project/install/moveit_msgs/include/moveit_msgs/moveit_msgs/srv/detail/save_geometry_to_file__rosidl_typesupport_fastrtps_c.h
[9.908s] -- Up-to-date: /home/habibahassan/project/install/moveit_msgs/include/moveit_msgs/moveit_msgs/srv/detail/get_robot_state_from_warehouse__rosidl_typesupport_fastrtps_c.h
[9.908s] -- Up-to-date: /home/habibahassan/project/install/moveit_msgs/include/moveit_msgs/moveit_msgs/srv/detail/check_if_robot_state_exists_in_warehouse__rosidl_typesupport_fastrtps_c.h
[9.909s] -- Up-to-date: /home/habibahassan/project/install/moveit_msgs/include/moveit_msgs/moveit_msgs/srv/detail/get_position_ik__rosidl_typesupport_fastrtps_c.h
[9.911s] -- Up-to-date: /home/habibahassan/project/install/moveit_msgs/include/moveit_msgs/moveit_msgs/srv/detail/get_planning_scene__rosidl_typesupport_fastrtps_c.h
[9.912s] -- Up-to-date: /home/habibahassan/project/install/moveit_msgs/include/moveit_msgs/moveit_msgs/srv/detail/load_map__rosidl_typesupport_fastrtps_c.h
[9.913s] -- Up-to-date: /home/habibahassan/project/install/moveit_msgs/include/moveit_msgs/moveit_msgs/srv/detail/get_state_validity__rosidl_typesupport_fastrtps_c.h
[9.913s] -- Up-to-date: /home/habibahassan/project/install/moveit_msgs/include/moveit_msgs/moveit_msgs/srv/detail/rename_robot_state_in_warehouse__rosidl_typesupport_fastrtps_c.h
[9.914s] -- Up-to-date: /home/habibahassan/project/install/moveit_msgs/include/moveit_msgs/moveit_msgs/srv/detail/apply_planning_scene__rosidl_typesupport_fastrtps_c.h
[9.915s] -- Up-to-date: /home/habibahassan/project/install/moveit_msgs/include/moveit_msgs/moveit_msgs/srv/detail/set_planner_params__rosidl_typesupport_fastrtps_c.h
[9.915s] -- Up-to-date: /home/habibahassan/project/install/moveit_msgs/include/moveit_msgs/moveit_msgs/srv/detail/get_cartesian_path__rosidl_typesupport_fastrtps_c.h
[9.919s] -- Up-to-date: /home/habibahassan/project/install/moveit_msgs/include/moveit_msgs/moveit_msgs/srv/detail/get_motion_sequence__rosidl_typesupport_fastrtps_c.h
[9.919s] -- Up-to-date: /home/habibahassan/project/install/moveit_msgs/include/moveit_msgs/moveit_msgs/srv/detail/save_map__rosidl_typesupport_fastrtps_c.h
[9.919s] -- Up-to-date: /home/habibahassan/project/install/moveit_msgs/include/moveit_msgs/moveit_msgs/srv/detail/get_position_fk__rosidl_typesupport_fastrtps_c.h
[9.920s] -- Up-to-date: /home/habibahassan/project/install/moveit_msgs/include/moveit_msgs/moveit_msgs/srv/detail/query_planner_interfaces__rosidl_typesupport_fastrtps_c.h
[9.920s] -- Up-to-date: /home/habibahassan/project/install/moveit_msgs/include/moveit_msgs/moveit_msgs/srv/detail/get_group_urdf__rosidl_typesupport_fastrtps_c.h
[9.920s] -- Up-to-date: /home/habibahassan/project/install/moveit_msgs/include/moveit_msgs/moveit_msgs/srv/detail/load_geometry_from_file__rosidl_typesupport_fastrtps_c.h
[9.920s] -- Up-to-date: /home/habibahassan/project/install/moveit_msgs/include/moveit_msgs/moveit_msgs/srv/detail/get_motion_plan__rosidl_typesupport_fastrtps_c.h
[9.921s] -- Up-to-date: /home/habibahassan/project/install/moveit_msgs/include/moveit_msgs/moveit_msgs/srv/detail/servo_command_type__rosidl_typesupport_fastrtps_c.h
[9.921s] -- Up-to-date: /home/habibahassan/project/install/moveit_msgs/include/moveit_msgs/moveit_msgs/srv/detail/update_pointcloud_octomap__rosidl_typesupport_fastrtps_c.h
[9.921s] -- Up-to-date: /home/habibahassan/project/install/moveit_msgs/include/moveit_msgs/moveit_msgs/action
[9.922s] -- Up-to-date: /home/habibahassan/project/install/moveit_msgs/include/moveit_msgs/moveit_msgs/action/detail
[9.922s] -- Up-to-date: /home/habibahassan/project/install/moveit_msgs/include/moveit_msgs/moveit_msgs/action/detail/hybrid_planner__rosidl_typesupport_fastrtps_c.h
[9.922s] -- Up-to-date: /home/habibahassan/project/install/moveit_msgs/include/moveit_msgs/moveit_msgs/action/detail/global_planner__rosidl_typesupport_fastrtps_c.h
[9.923s] -- Up-to-date: /home/habibahassan/project/install/moveit_msgs/include/moveit_msgs/moveit_msgs/action/detail/move_group_sequence__rosidl_typesupport_fastrtps_c.h
[9.923s] -- Up-to-date: /home/habibahassan/project/install/moveit_msgs/include/moveit_msgs/moveit_msgs/action/detail/place__rosidl_typesupport_fastrtps_c.h
[9.923s] -- Up-to-date: /home/habibahassan/project/install/moveit_msgs/include/moveit_msgs/moveit_msgs/action/detail/execute_trajectory__rosidl_typesupport_fastrtps_c.h
[9.923s] -- Up-to-date: /home/habibahassan/project/install/moveit_msgs/include/moveit_msgs/moveit_msgs/action/detail/move_group__rosidl_typesupport_fastrtps_c.h
[9.924s] -- Up-to-date: /home/habibahassan/project/install/moveit_msgs/include/moveit_msgs/moveit_msgs/action/detail/local_planner__rosidl_typesupport_fastrtps_c.h
[9.924s] -- Up-to-date: /home/habibahassan/project/install/moveit_msgs/include/moveit_msgs/moveit_msgs/action/detail/pickup__rosidl_typesupport_fastrtps_c.h
[9.925s] -- Up-to-date: /home/habibahassan/project/install/moveit_msgs/include/moveit_msgs/moveit_msgs/msg
[9.925s] -- Up-to-date: /home/habibahassan/project/install/moveit_msgs/include/moveit_msgs/moveit_msgs/msg/detail
[9.974s] -- Up-to-date: /home/habibahassan/project/install/moveit_msgs/include/moveit_msgs/moveit_msgs/msg/detail/joint_limits__rosidl_typesupport_fastrtps_c.h
[9.974s] -- Up-to-date: /home/habibahassan/project/install/moveit_msgs/include/moveit_msgs/moveit_msgs/msg/detail/pipeline_state__rosidl_typesupport_fastrtps_c.h
[9.975s] -- Up-to-date: /home/habibahassan/project/install/moveit_msgs/include/moveit_msgs/moveit_msgs/msg/detail/joint_constraint__rosidl_typesupport_fastrtps_c.h
[9.975s] -- Up-to-date: /home/habibahassan/project/install/moveit_msgs/include/moveit_msgs/moveit_msgs/msg/detail/servo_status__rosidl_typesupport_fastrtps_c.h
[9.975s] -- Up-to-date: /home/habibahassan/project/install/moveit_msgs/include/moveit_msgs/moveit_msgs/msg/detail/planning_options__rosidl_typesupport_fastrtps_c.h
[9.976s] -- Up-to-date: /home/habibahassan/project/install/moveit_msgs/include/moveit_msgs/moveit_msgs/msg/detail/link_padding__rosidl_typesupport_fastrtps_c.h
[9.977s] -- Up-to-date: /home/habibahassan/project/install/moveit_msgs/include/moveit_msgs/moveit_msgs/msg/detail/planning_scene_world__rosidl_typesupport_fastrtps_c.h
[9.977s] -- Up-to-date: /home/habibahassan/project/install/moveit_msgs/include/moveit_msgs/moveit_msgs/msg/detail/contact_information__rosidl_typesupport_fastrtps_c.h
[9.977s] -- Up-to-date: /home/habibahassan/project/install/moveit_msgs/include/moveit_msgs/moveit_msgs/msg/detail/generic_trajectory__rosidl_typesupport_fastrtps_c.h
[9.978s] -- Up-to-date: /home/habibahassan/project/install/moveit_msgs/include/moveit_msgs/moveit_msgs/msg/detail/object_color__rosidl_typesupport_fastrtps_c.h
[9.978s] -- Up-to-date: /home/habibahassan/project/install/moveit_msgs/include/moveit_msgs/moveit_msgs/msg/detail/motion_plan_request__rosidl_typesupport_fastrtps_c.h
[9.981s] -- Up-to-date: /home/habibahassan/project/install/moveit_msgs/include/moveit_msgs/moveit_msgs/msg/detail/kinematic_solver_info__rosidl_typesupport_fastrtps_c.h
[9.983s] -- Up-to-date: /home/habibahassan/project/install/moveit_msgs/include/moveit_msgs/moveit_msgs/msg/detail/motion_plan_response__rosidl_typesupport_fastrtps_c.h
[9.984s] -- Up-to-date: /home/habibahassan/project/install/moveit_msgs/include/moveit_msgs/moveit_msgs/msg/detail/gripper_translation__rosidl_typesupport_fastrtps_c.h
[9.984s] -- Up-to-date: /home/habibahassan/project/install/moveit_msgs/include/moveit_msgs/moveit_msgs/msg/detail/constraint_eval_result__rosidl_typesupport_fastrtps_c.h
[9.988s] -- Up-to-date: /home/habibahassan/project/install/moveit_msgs/include/moveit_msgs/moveit_msgs/msg/detail/robot_trajectory__rosidl_typesupport_fastrtps_c.h
[9.988s] -- Up-to-date: /home/habibahassan/project/install/moveit_msgs/include/moveit_msgs/moveit_msgs/msg/detail/display_robot_state__rosidl_typesupport_fastrtps_c.h
[9.988s] -- Up-to-date: /home/habibahassan/project/install/moveit_msgs/include/moveit_msgs/moveit_msgs/msg/detail/bounding_volume__rosidl_typesupport_fastrtps_c.h
[9.989s] -- Up-to-date: /home/habibahassan/project/install/moveit_msgs/include/moveit_msgs/moveit_msgs/msg/detail/workspace_parameters__rosidl_typesupport_fastrtps_c.h
[10.007s] -- Up-to-date: /home/habibahassan/project/install/moveit_msgs/include/moveit_msgs/moveit_msgs/msg/detail/visibility_constraint__rosidl_typesupport_fastrtps_c.h
[10.009s] -- Up-to-date: /home/habibahassan/project/install/moveit_msgs/include/moveit_msgs/moveit_msgs/msg/detail/place_location__rosidl_typesupport_fastrtps_c.h
[10.010s] -- Up-to-date: /home/habibahassan/project/install/moveit_msgs/include/moveit_msgs/moveit_msgs/msg/detail/move_it_error_codes__rosidl_typesupport_fastrtps_c.h
[10.015s] -- Up-to-date: /home/habibahassan/project/install/moveit_msgs/include/moveit_msgs/moveit_msgs/msg/detail/motion_sequence_request__rosidl_typesupport_fastrtps_c.h
[10.016s] -- Up-to-date: /home/habibahassan/project/install/moveit_msgs/include/moveit_msgs/moveit_msgs/msg/detail/planning_scene_components__rosidl_typesupport_fastrtps_c.h
[10.016s] -- Up-to-date: /home/habibahassan/project/install/moveit_msgs/include/moveit_msgs/moveit_msgs/msg/detail/collision_object__rosidl_typesupport_fastrtps_c.h
[10.017s] -- Up-to-date: /home/habibahassan/project/install/moveit_msgs/include/moveit_msgs/moveit_msgs/msg/detail/link_scale__rosidl_typesupport_fastrtps_c.h
[10.021s] -- Up-to-date: /home/habibahassan/project/install/moveit_msgs/include/moveit_msgs/moveit_msgs/msg/detail/planner_interface_description__rosidl_typesupport_fastrtps_c.h
[10.026s] -- Up-to-date: /home/habibahassan/project/install/moveit_msgs/include/moveit_msgs/moveit_msgs/msg/detail/cartesian_point__rosidl_typesupport_fastrtps_c.h
[10.034s] -- Up-to-date: /home/habibahassan/project/install/moveit_msgs/include/moveit_msgs/moveit_msgs/msg/detail/constraints__rosidl_typesupport_fastrtps_c.h
[10.037s] -- Up-to-date: /home/habibahassan/project/install/moveit_msgs/include/moveit_msgs/moveit_msgs/msg/detail/grasp__rosidl_typesupport_fastrtps_c.h
[10.040s] -- Up-to-date: /home/habibahassan/project/install/moveit_msgs/include/moveit_msgs/moveit_msgs/msg/detail/cartesian_trajectory__rosidl_typesupport_fastrtps_c.h
[10.041s] -- Up-to-date: /home/habibahassan/project/install/moveit_msgs/include/moveit_msgs/moveit_msgs/msg/detail/robot_state__rosidl_typesupport_fastrtps_c.h
[10.046s] -- Up-to-date: /home/habibahassan/project/install/moveit_msgs/include/moveit_msgs/moveit_msgs/msg/detail/position_constraint__rosidl_typesupport_fastrtps_c.h
[10.048s] -- Up-to-date: /home/habibahassan/project/install/moveit_msgs/include/moveit_msgs/moveit_msgs/msg/detail/orientation_constraint__rosidl_typesupport_fastrtps_c.h
[10.049s] -- Up-to-date: /home/habibahassan/project/install/moveit_msgs/include/moveit_msgs/moveit_msgs/msg/detail/attached_collision_object__rosidl_typesupport_fastrtps_c.h
[10.052s] -- Up-to-date: /home/habibahassan/project/install/moveit_msgs/include/moveit_msgs/moveit_msgs/msg/detail/cost_source__rosidl_typesupport_fastrtps_c.h
[10.053s] -- Up-to-date: /home/habibahassan/project/install/moveit_msgs/include/moveit_msgs/moveit_msgs/msg/detail/allowed_collision_matrix__rosidl_typesupport_fastrtps_c.h
[10.054s] -- Up-to-date: /home/habibahassan/project/install/moveit_msgs/include/moveit_msgs/moveit_msgs/msg/detail/oriented_bounding_box__rosidl_typesupport_fastrtps_c.h
[10.055s] -- Up-to-date: /home/habibahassan/project/install/moveit_msgs/include/moveit_msgs/moveit_msgs/msg/detail/trajectory_constraints__rosidl_typesupport_fastrtps_c.h
[10.057s] -- Up-to-date: /home/habibahassan/project/install/moveit_msgs/include/moveit_msgs/moveit_msgs/msg/detail/position_ik_request__rosidl_typesupport_fastrtps_c.h
[10.058s] -- Up-to-date: /home/habibahassan/project/install/moveit_msgs/include/moveit_msgs/moveit_msgs/msg/detail/motion_sequence_item__rosidl_typesupport_fastrtps_c.h
[10.058s] -- Up-to-date: /home/habibahassan/project/install/moveit_msgs/include/moveit_msgs/moveit_msgs/msg/detail/planner_params__rosidl_typesupport_fastrtps_c.h
[10.059s] -- Up-to-date: /home/habibahassan/project/install/moveit_msgs/include/moveit_msgs/moveit_msgs/msg/detail/motion_plan_detailed_response__rosidl_typesupport_fastrtps_c.h
[10.059s] -- Up-to-date: /home/habibahassan/project/install/moveit_msgs/include/moveit_msgs/moveit_msgs/msg/detail/planning_scene__rosidl_typesupport_fastrtps_c.h
[10.060s] -- Up-to-date: /home/habibahassan/project/install/moveit_msgs/include/moveit_msgs/moveit_msgs/msg/detail/display_trajectory__rosidl_typesupport_fastrtps_c.h
[10.061s] -- Up-to-date: /home/habibahassan/project/install/moveit_msgs/include/moveit_msgs/moveit_msgs/msg/detail/cartesian_trajectory_point__rosidl_typesupport_fastrtps_c.h
[10.064s] -- Up-to-date: /home/habibahassan/project/install/moveit_msgs/include/moveit_msgs/moveit_msgs/msg/detail/allowed_collision_entry__rosidl_typesupport_fastrtps_c.h
[10.067s] -- Up-to-date: /home/habibahassan/project/install/moveit_msgs/include/moveit_msgs/moveit_msgs/msg/detail/motion_sequence_response__rosidl_typesupport_fastrtps_c.h
[10.068s] -- Up-to-date: /home/habibahassan/project/install/moveit_msgs/include/moveit_msgs/moveit_msgs/msg/rosidl_typesupport_fastrtps_c__visibility_control.h
[10.069s] -- Up-to-date: /home/habibahassan/project/install/moveit_msgs/lib/libmoveit_msgs__rosidl_typesupport_fastrtps_c.so
[10.070s] -- Up-to-date: /home/habibahassan/project/install/moveit_msgs/include/moveit_msgs/moveit_msgs
[10.070s] -- Up-to-date: /home/habibahassan/project/install/moveit_msgs/include/moveit_msgs/moveit_msgs/srv
[10.071s] -- Up-to-date: /home/habibahassan/project/install/moveit_msgs/include/moveit_msgs/moveit_msgs/srv/detail
[10.075s] -- Installing: /home/habibahassan/project/install/moveit_msgs/include/moveit_msgs/moveit_msgs/srv/detail/get_cartesian_path__type_support.c
[10.082s] -- Up-to-date: /home/habibahassan/project/install/moveit_msgs/include/moveit_msgs/moveit_msgs/srv/detail/get_cartesian_path__rosidl_typesupport_introspection_c.h
[10.083s] -- Installing: /home/habibahassan/project/install/moveit_msgs/include/moveit_msgs/moveit_msgs/srv/detail/save_geometry_to_file__type_support.c
[10.084s] -- Installing: /home/habibahassan/project/install/moveit_msgs/include/moveit_msgs/moveit_msgs/srv/detail/load_geometry_from_file__type_support.c
[10.084s] -- Installing: /home/habibahassan/project/install/moveit_msgs/include/moveit_msgs/moveit_msgs/srv/detail/get_motion_plan__type_support.c
[10.085s] -- Up-to-date: /home/habibahassan/project/install/moveit_msgs/include/moveit_msgs/moveit_msgs/srv/detail/query_planner_interfaces__rosidl_typesupport_introspection_c.h
[10.086s] -- Installing: /home/habibahassan/project/install/moveit_msgs/include/moveit_msgs/moveit_msgs/srv/detail/get_position_fk__type_support.c
[10.086s] -- Installing: /home/habibahassan/project/install/moveit_msgs/include/moveit_msgs/moveit_msgs/srv/detail/servo_command_type__type_support.c
[10.087s] -- Installing: /home/habibahassan/project/install/moveit_msgs/include/moveit_msgs/moveit_msgs/srv/detail/grasp_planning__type_support.c
[10.087s] -- Installing: /home/habibahassan/project/install/moveit_msgs/include/moveit_msgs/moveit_msgs/srv/detail/get_planner_params__type_support.c
[10.088s] -- Installing: /home/habibahassan/project/install/moveit_msgs/include/moveit_msgs/moveit_msgs/srv/detail/set_planner_params__type_support.c
[10.088s] -- Installing: /home/habibahassan/project/install/moveit_msgs/include/moveit_msgs/moveit_msgs/srv/detail/query_planner_interfaces__type_support.c
[10.088s] -- Installing: /home/habibahassan/project/install/moveit_msgs/include/moveit_msgs/moveit_msgs/srv/detail/rename_robot_state_in_warehouse__type_support.c
[10.089s] -- Up-to-date: /home/habibahassan/project/install/moveit_msgs/include/moveit_msgs/moveit_msgs/srv/detail/get_motion_sequence__rosidl_typesupport_introspection_c.h
[10.089s] -- Up-to-date: /home/habibahassan/project/install/moveit_msgs/include/moveit_msgs/moveit_msgs/srv/detail/get_position_ik__rosidl_typesupport_introspection_c.h
[10.089s] -- Installing: /home/habibahassan/project/install/moveit_msgs/include/moveit_msgs/moveit_msgs/srv/detail/save_robot_state_to_warehouse__type_support.c
[10.090s] -- Up-to-date: /home/habibahassan/project/install/moveit_msgs/include/moveit_msgs/moveit_msgs/srv/detail/get_group_urdf__rosidl_typesupport_introspection_c.h
[10.102s] -- Up-to-date: /home/habibahassan/project/install/moveit_msgs/include/moveit_msgs/moveit_msgs/srv/detail/get_state_validity__rosidl_typesupport_introspection_c.h
[10.102s] -- Up-to-date: /home/habibahassan/project/install/moveit_msgs/include/moveit_msgs/moveit_msgs/srv/detail/check_if_robot_state_exists_in_warehouse__rosidl_typesupport_introspection_c.h
[10.103s] -- Installing: /home/habibahassan/project/install/moveit_msgs/include/moveit_msgs/moveit_msgs/srv/detail/get_state_validity__type_support.c
[10.104s] -- Installing: /home/habibahassan/project/install/moveit_msgs/include/moveit_msgs/moveit_msgs/srv/detail/get_motion_sequence__type_support.c
[10.104s] -- Installing: /home/habibahassan/project/install/moveit_msgs/include/moveit_msgs/moveit_msgs/srv/detail/check_if_robot_state_exists_in_warehouse__type_support.c
[10.104s] -- Installing: /home/habibahassan/project/install/moveit_msgs/include/moveit_msgs/moveit_msgs/srv/detail/list_robot_states_in_warehouse__type_support.c
[10.105s] -- Installing: /home/habibahassan/project/install/moveit_msgs/include/moveit_msgs/moveit_msgs/srv/detail/save_map__type_support.c
[10.106s] -- Up-to-date: /home/habibahassan/project/install/moveit_msgs/include/moveit_msgs/moveit_msgs/srv/detail/load_map__rosidl_typesupport_introspection_c.h
[10.106s] -- Up-to-date: /home/habibahassan/project/install/moveit_msgs/include/moveit_msgs/moveit_msgs/srv/detail/delete_robot_state_from_warehouse__rosidl_typesupport_introspection_c.h
[10.107s] -- Installing: /home/habibahassan/project/install/moveit_msgs/include/moveit_msgs/moveit_msgs/srv/detail/update_pointcloud_octomap__type_support.c
[10.117s] -- Installing: /home/habibahassan/project/install/moveit_msgs/include/moveit_msgs/moveit_msgs/srv/detail/get_planning_scene__type_support.c
[10.118s] -- Up-to-date: /home/habibahassan/project/install/moveit_msgs/include/moveit_msgs/moveit_msgs/srv/detail/list_robot_states_in_warehouse__rosidl_typesupport_introspection_c.h
[10.120s] -- Up-to-date: /home/habibahassan/project/install/moveit_msgs/include/moveit_msgs/moveit_msgs/srv/detail/load_geometry_from_file__rosidl_typesupport_introspection_c.h
[10.123s] -- Up-to-date: /home/habibahassan/project/install/moveit_msgs/include/moveit_msgs/moveit_msgs/srv/detail/apply_planning_scene__rosidl_typesupport_introspection_c.h
[10.124s] -- Installing: /home/habibahassan/project/install/moveit_msgs/include/moveit_msgs/moveit_msgs/srv/detail/delete_robot_state_from_warehouse__type_support.c
[10.125s] -- Up-to-date: /home/habibahassan/project/install/moveit_msgs/include/moveit_msgs/moveit_msgs/srv/detail/get_position_fk__rosidl_typesupport_introspection_c.h
[10.126s] -- Installing: /home/habibahassan/project/install/moveit_msgs/include/moveit_msgs/moveit_msgs/srv/detail/get_group_urdf__type_support.c
[10.127s] -- Installing: /home/habibahassan/project/install/moveit_msgs/include/moveit_msgs/moveit_msgs/srv/detail/load_map__type_support.c
[10.129s] -- Up-to-date: /home/habibahassan/project/install/moveit_msgs/include/moveit_msgs/moveit_msgs/srv/detail/get_planner_params__rosidl_typesupport_introspection_c.h
[10.136s] -- Up-to-date: /home/habibahassan/project/install/moveit_msgs/include/moveit_msgs/moveit_msgs/srv/detail/rename_robot_state_in_warehouse__rosidl_typesupport_introspection_c.h
[10.137s] -- Up-to-date: /home/habibahassan/project/install/moveit_msgs/include/moveit_msgs/moveit_msgs/srv/detail/update_pointcloud_octomap__rosidl_typesupport_introspection_c.h
[10.138s] -- Installing: /home/habibahassan/project/install/moveit_msgs/include/moveit_msgs/moveit_msgs/srv/detail/get_robot_state_from_warehouse__type_support.c
[10.139s] -- Up-to-date: /home/habibahassan/project/install/moveit_msgs/include/moveit_msgs/moveit_msgs/srv/detail/save_map__rosidl_typesupport_introspection_c.h
[10.140s] -- Up-to-date: /home/habibahassan/project/install/moveit_msgs/include/moveit_msgs/moveit_msgs/srv/detail/get_motion_plan__rosidl_typesupport_introspection_c.h
[10.141s] -- Up-to-date: /home/habibahassan/project/install/moveit_msgs/include/moveit_msgs/moveit_msgs/srv/detail/save_geometry_to_file__rosidl_typesupport_introspection_c.h
[10.142s] -- Up-to-date: /home/habibahassan/project/install/moveit_msgs/include/moveit_msgs/moveit_msgs/srv/detail/get_robot_state_from_warehouse__rosidl_typesupport_introspection_c.h
[10.142s] -- Up-to-date: /home/habibahassan/project/install/moveit_msgs/include/moveit_msgs/moveit_msgs/srv/detail/save_robot_state_to_warehouse__rosidl_typesupport_introspection_c.h
[10.143s] -- Installing: /home/habibahassan/project/install/moveit_msgs/include/moveit_msgs/moveit_msgs/srv/detail/get_position_ik__type_support.c
[10.145s] -- Up-to-date: /home/habibahassan/project/install/moveit_msgs/include/moveit_msgs/moveit_msgs/srv/detail/grasp_planning__rosidl_typesupport_introspection_c.h
[10.147s] -- Up-to-date: /home/habibahassan/project/install/moveit_msgs/include/moveit_msgs/moveit_msgs/srv/detail/servo_command_type__rosidl_typesupport_introspection_c.h
[10.148s] -- Up-to-date: /home/habibahassan/project/install/moveit_msgs/include/moveit_msgs/moveit_msgs/srv/detail/set_planner_params__rosidl_typesupport_introspection_c.h
[10.155s] -- Up-to-date: /home/habibahassan/project/install/moveit_msgs/include/moveit_msgs/moveit_msgs/srv/detail/get_planning_scene__rosidl_typesupport_introspection_c.h
[10.157s] -- Installing: /home/habibahassan/project/install/moveit_msgs/include/moveit_msgs/moveit_msgs/srv/detail/apply_planning_scene__type_support.c
[10.174s] -- Up-to-date: /home/habibahassan/project/install/moveit_msgs/include/moveit_msgs/moveit_msgs/action
[10.175s] -- Up-to-date: /home/habibahassan/project/install/moveit_msgs/include/moveit_msgs/moveit_msgs/action/detail
[10.181s] -- Installing: /home/habibahassan/project/install/moveit_msgs/include/moveit_msgs/moveit_msgs/action/detail/place__type_support.c
[10.182s] -- Up-to-date: /home/habibahassan/project/install/moveit_msgs/include/moveit_msgs/moveit_msgs/action/detail/pickup__rosidl_typesupport_introspection_c.h
[10.183s] -- Up-to-date: /home/habibahassan/project/install/moveit_msgs/include/moveit_msgs/moveit_msgs/action/detail/local_planner__rosidl_typesupport_introspection_c.h
[10.184s] -- Installing: /home/habibahassan/project/install/moveit_msgs/include/moveit_msgs/moveit_msgs/action/detail/hybrid_planner__type_support.c
[10.186s] -- Up-to-date: /home/habibahassan/project/install/moveit_msgs/include/moveit_msgs/moveit_msgs/action/detail/global_planner__rosidl_typesupport_introspection_c.h
[10.187s] -- Installing: /home/habibahassan/project/install/moveit_msgs/include/moveit_msgs/moveit_msgs/action/detail/execute_trajectory__type_support.c
[10.187s] -- Installing: /home/habibahassan/project/install/moveit_msgs/include/moveit_msgs/moveit_msgs/action/detail/local_planner__type_support.c
[10.188s] -- Up-to-date: /home/habibahassan/project/install/moveit_msgs/include/moveit_msgs/moveit_msgs/action/detail/move_group__rosidl_typesupport_introspection_c.h
[10.190s] -- Installing: /home/habibahassan/project/install/moveit_msgs/include/moveit_msgs/moveit_msgs/action/detail/pickup__type_support.c
[10.198s] -- Up-to-date: /home/habibahassan/project/install/moveit_msgs/include/moveit_msgs/moveit_msgs/action/detail/execute_trajectory__rosidl_typesupport_introspection_c.h
[10.200s] -- Up-to-date: /home/habibahassan/project/install/moveit_msgs/include/moveit_msgs/moveit_msgs/action/detail/place__rosidl_typesupport_introspection_c.h
[10.201s] -- Installing: /home/habibahassan/project/install/moveit_msgs/include/moveit_msgs/moveit_msgs/action/detail/move_group__type_support.c
[10.202s] -- Installing: /home/habibahassan/project/install/moveit_msgs/include/moveit_msgs/moveit_msgs/action/detail/global_planner__type_support.c
[10.203s] -- Up-to-date: /home/habibahassan/project/install/moveit_msgs/include/moveit_msgs/moveit_msgs/action/detail/hybrid_planner__rosidl_typesupport_introspection_c.h
[10.204s] -- Installing: /home/habibahassan/project/install/moveit_msgs/include/moveit_msgs/moveit_msgs/action/detail/move_group_sequence__type_support.c
[10.204s] -- Up-to-date: /home/habibahassan/project/install/moveit_msgs/include/moveit_msgs/moveit_msgs/action/detail/move_group_sequence__rosidl_typesupport_introspection_c.h
[10.205s] -- Up-to-date: /home/habibahassan/project/install/moveit_msgs/include/moveit_msgs/moveit_msgs/msg
[10.206s] -- Up-to-date: /home/habibahassan/project/install/moveit_msgs/include/moveit_msgs/moveit_msgs/msg/detail
[10.207s] -- Installing: /home/habibahassan/project/install/moveit_msgs/include/moveit_msgs/moveit_msgs/msg/detail/link_scale__type_support.c
[10.207s] -- Installing: /home/habibahassan/project/install/moveit_msgs/include/moveit_msgs/moveit_msgs/msg/detail/link_padding__type_support.c
[10.208s] -- Up-to-date: /home/habibahassan/project/install/moveit_msgs/include/moveit_msgs/moveit_msgs/msg/detail/constraints__rosidl_typesupport_introspection_c.h
[10.209s] -- Installing: /home/habibahassan/project/install/moveit_msgs/include/moveit_msgs/moveit_msgs/msg/detail/workspace_parameters__type_support.c
[10.210s] -- Installing: /home/habibahassan/project/install/moveit_msgs/include/moveit_msgs/moveit_msgs/msg/detail/attached_collision_object__type_support.c
[10.210s] -- Installing: /home/habibahassan/project/install/moveit_msgs/include/moveit_msgs/moveit_msgs/msg/detail/cost_source__type_support.c
[10.211s] -- Up-to-date: /home/habibahassan/project/install/moveit_msgs/include/moveit_msgs/moveit_msgs/msg/detail/pipeline_state__rosidl_typesupport_introspection_c.h
[10.212s] -- Installing: /home/habibahassan/project/install/moveit_msgs/include/moveit_msgs/moveit_msgs/msg/detail/planning_scene__type_support.c
[10.213s] -- Installing: /home/habibahassan/project/install/moveit_msgs/include/moveit_msgs/moveit_msgs/msg/detail/cartesian_trajectory_point__type_support.c
[10.221s] -- Up-to-date: /home/habibahassan/project/install/moveit_msgs/include/moveit_msgs/moveit_msgs/msg/detail/attached_collision_object__rosidl_typesupport_introspection_c.h
[10.230s] -- Up-to-date: /home/habibahassan/project/install/moveit_msgs/include/moveit_msgs/moveit_msgs/msg/detail/planning_scene__rosidl_typesupport_introspection_c.h
[10.230s] -- Up-to-date: /home/habibahassan/project/install/moveit_msgs/include/moveit_msgs/moveit_msgs/msg/detail/cartesian_trajectory_point__rosidl_typesupport_introspection_c.h
[10.232s] -- Up-to-date: /home/habibahassan/project/install/moveit_msgs/include/moveit_msgs/moveit_msgs/msg/detail/motion_sequence_request__rosidl_typesupport_introspection_c.h
[10.232s] -- Installing: /home/habibahassan/project/install/moveit_msgs/include/moveit_msgs/moveit_msgs/msg/detail/generic_trajectory__type_support.c
[10.233s] -- Installing: /home/habibahassan/project/install/moveit_msgs/include/moveit_msgs/moveit_msgs/msg/detail/gripper_translation__type_support.c
[10.234s] -- Installing: /home/habibahassan/project/install/moveit_msgs/include/moveit_msgs/moveit_msgs/msg/detail/visibility_constraint__type_support.c
[10.235s] -- Up-to-date: /home/habibahassan/project/install/moveit_msgs/include/moveit_msgs/moveit_msgs/msg/detail/cost_source__rosidl_typesupport_introspection_c.h
[10.236s] -- Installing: /home/habibahassan/project/install/moveit_msgs/include/moveit_msgs/moveit_msgs/msg/detail/pipeline_state__type_support.c
[10.236s] -- Installing: /home/habibahassan/project/install/moveit_msgs/include/moveit_msgs/moveit_msgs/msg/detail/display_robot_state__type_support.c
[10.237s] -- Installing: /home/habibahassan/project/install/moveit_msgs/include/moveit_msgs/moveit_msgs/msg/detail/motion_plan_response__type_support.c
[10.238s] -- Installing: /home/habibahassan/project/install/moveit_msgs/include/moveit_msgs/moveit_msgs/msg/detail/allowed_collision_matrix__type_support.c
[10.249s] -- Up-to-date: /home/habibahassan/project/install/moveit_msgs/include/moveit_msgs/moveit_msgs/msg/detail/planning_options__rosidl_typesupport_introspection_c.h
[10.250s] -- Up-to-date: /home/habibahassan/project/install/moveit_msgs/include/moveit_msgs/moveit_msgs/msg/detail/allowed_collision_matrix__rosidl_typesupport_introspection_c.h
[10.255s] -- Up-to-date: /home/habibahassan/project/install/moveit_msgs/include/moveit_msgs/moveit_msgs/msg/detail/link_padding__rosidl_typesupport_introspection_c.h
[10.257s] -- Up-to-date: /home/habibahassan/project/install/moveit_msgs/include/moveit_msgs/moveit_msgs/msg/detail/motion_sequence_item__rosidl_typesupport_introspection_c.h
[10.258s] -- Installing: /home/habibahassan/project/install/moveit_msgs/include/moveit_msgs/moveit_msgs/msg/detail/place_location__type_support.c
[10.258s] -- Installing: /home/habibahassan/project/install/moveit_msgs/include/moveit_msgs/moveit_msgs/msg/detail/motion_sequence_request__type_support.c
[10.259s] -- Up-to-date: /home/habibahassan/project/install/moveit_msgs/include/moveit_msgs/moveit_msgs/msg/detail/robot_state__rosidl_typesupport_introspection_c.h
[10.259s] -- Installing: /home/habibahassan/project/install/moveit_msgs/include/moveit_msgs/moveit_msgs/msg/detail/object_color__type_support.c
[10.259s] -- Up-to-date: /home/habibahassan/project/install/moveit_msgs/include/moveit_msgs/moveit_msgs/msg/detail/contact_information__rosidl_typesupport_introspection_c.h
[10.260s] -- Up-to-date: /home/habibahassan/project/install/moveit_msgs/include/moveit_msgs/moveit_msgs/msg/detail/constraint_eval_result__rosidl_typesupport_introspection_c.h
[10.260s] -- Up-to-date: /home/habibahassan/project/install/moveit_msgs/include/moveit_msgs/moveit_msgs/msg/detail/motion_plan_detailed_response__rosidl_typesupport_introspection_c.h
[10.261s] -- Up-to-date: /home/habibahassan/project/install/moveit_msgs/include/moveit_msgs/moveit_msgs/msg/detail/planner_params__rosidl_typesupport_introspection_c.h
[10.261s] -- Up-to-date: /home/habibahassan/project/install/moveit_msgs/include/moveit_msgs/moveit_msgs/msg/detail/planner_interface_description__rosidl_typesupport_introspection_c.h
[10.262s] -- Installing: /home/habibahassan/project/install/moveit_msgs/include/moveit_msgs/moveit_msgs/msg/detail/constraints__type_support.c
[10.262s] -- Installing: /home/habibahassan/project/install/moveit_msgs/include/moveit_msgs/moveit_msgs/msg/detail/planner_params__type_support.c
[10.262s] -- Up-to-date: /home/habibahassan/project/install/moveit_msgs/include/moveit_msgs/moveit_msgs/msg/detail/motion_plan_response__rosidl_typesupport_introspection_c.h
[10.263s] -- Installing: /home/habibahassan/project/install/moveit_msgs/include/moveit_msgs/moveit_msgs/msg/detail/bounding_volume__type_support.c
[10.263s] -- Up-to-date: /home/habibahassan/project/install/moveit_msgs/include/moveit_msgs/moveit_msgs/msg/detail/generic_trajectory__rosidl_typesupport_introspection_c.h
[10.265s] -- Up-to-date: /home/habibahassan/project/install/moveit_msgs/include/moveit_msgs/moveit_msgs/msg/detail/place_location__rosidl_typesupport_introspection_c.h
[10.265s] -- Installing: /home/habibahassan/project/install/moveit_msgs/include/moveit_msgs/moveit_msgs/msg/detail/planning_options__type_support.c
[10.266s] -- Up-to-date: /home/habibahassan/project/install/moveit_msgs/include/moveit_msgs/moveit_msgs/msg/detail/gripper_translation__rosidl_typesupport_introspection_c.h
[10.267s] -- Installing: /home/habibahassan/project/install/moveit_msgs/include/moveit_msgs/moveit_msgs/msg/detail/contact_information__type_support.c
[10.267s] -- Installing: /home/habibahassan/project/install/moveit_msgs/include/moveit_msgs/moveit_msgs/msg/detail/planning_scene_components__type_support.c
[10.279s] -- Up-to-date: /home/habibahassan/project/install/moveit_msgs/include/moveit_msgs/moveit_msgs/msg/detail/servo_status__rosidl_typesupport_introspection_c.h
[10.280s] -- Up-to-date: /home/habibahassan/project/install/moveit_msgs/include/moveit_msgs/moveit_msgs/msg/detail/robot_trajectory__rosidl_typesupport_introspection_c.h
[10.281s] -- Installing: /home/habibahassan/project/install/moveit_msgs/include/moveit_msgs/moveit_msgs/msg/detail/trajectory_constraints__type_support.c
[10.282s] -- Up-to-date: /home/habibahassan/project/install/moveit_msgs/include/moveit_msgs/moveit_msgs/msg/detail/motion_sequence_response__rosidl_typesupport_introspection_c.h
[10.284s] -- Up-to-date: /home/habibahassan/project/install/moveit_msgs/include/moveit_msgs/moveit_msgs/msg/detail/motion_plan_request__rosidl_typesupport_introspection_c.h
[10.287s] -- Installing: /home/habibahassan/project/install/moveit_msgs/include/moveit_msgs/moveit_msgs/msg/detail/motion_sequence_response__type_support.c
[10.289s] -- Installing: /home/habibahassan/project/install/moveit_msgs/include/moveit_msgs/moveit_msgs/msg/detail/motion_sequence_item__type_support.c
[10.296s] -- Installing: /home/habibahassan/project/install/moveit_msgs/include/moveit_msgs/moveit_msgs/msg/detail/oriented_bounding_box__type_support.c
[10.297s] -- Installing: /home/habibahassan/project/install/moveit_msgs/include/moveit_msgs/moveit_msgs/msg/detail/allowed_collision_entry__type_support.c
[10.297s] -- Up-to-date: /home/habibahassan/project/install/moveit_msgs/include/moveit_msgs/moveit_msgs/msg/detail/allowed_collision_entry__rosidl_typesupport_introspection_c.h
[10.298s] -- Up-to-date: /home/habibahassan/project/install/moveit_msgs/include/moveit_msgs/moveit_msgs/msg/detail/workspace_parameters__rosidl_typesupport_introspection_c.h
[10.300s] -- Installing: /home/habibahassan/project/install/moveit_msgs/include/moveit_msgs/moveit_msgs/msg/detail/orientation_constraint__type_support.c
[10.301s] -- Installing: /home/habibahassan/project/install/moveit_msgs/include/moveit_msgs/moveit_msgs/msg/detail/move_it_error_codes__type_support.c
[10.302s] -- Up-to-date: /home/habibahassan/project/install/moveit_msgs/include/moveit_msgs/moveit_msgs/msg/detail/cartesian_point__rosidl_typesupport_introspection_c.h
[10.303s] -- Installing: /home/habibahassan/project/install/moveit_msgs/include/moveit_msgs/moveit_msgs/msg/detail/joint_constraint__type_support.c
[10.307s] -- Up-to-date: /home/habibahassan/project/install/moveit_msgs/include/moveit_msgs/moveit_msgs/msg/detail/collision_object__rosidl_typesupport_introspection_c.h
[10.313s] -- Up-to-date: /home/habibahassan/project/install/moveit_msgs/include/moveit_msgs/moveit_msgs/msg/detail/bounding_volume__rosidl_typesupport_introspection_c.h
[10.314s] -- Up-to-date: /home/habibahassan/project/install/moveit_msgs/include/moveit_msgs/moveit_msgs/msg/detail/object_color__rosidl_typesupport_introspection_c.h
[10.315s] -- Up-to-date: /home/habibahassan/project/install/moveit_msgs/include/moveit_msgs/moveit_msgs/msg/detail/planning_scene_world__rosidl_typesupport_introspection_c.h
[10.316s] -- Installing: /home/habibahassan/project/install/moveit_msgs/include/moveit_msgs/moveit_msgs/msg/detail/kinematic_solver_info__type_support.c
[10.317s] -- Installing: /home/habibahassan/project/install/moveit_msgs/include/moveit_msgs/moveit_msgs/msg/detail/planner_interface_description__type_support.c
[10.318s] -- Installing: /home/habibahassan/project/install/moveit_msgs/include/moveit_msgs/moveit_msgs/msg/detail/robot_state__type_support.c
[10.320s] -- Up-to-date: /home/habibahassan/project/install/moveit_msgs/include/moveit_msgs/moveit_msgs/msg/detail/planning_scene_components__rosidl_typesupport_introspection_c.h
[10.321s] -- Installing: /home/habibahassan/project/install/moveit_msgs/include/moveit_msgs/moveit_msgs/msg/detail/joint_limits__type_support.c
[10.324s] -- Up-to-date: /home/habibahassan/project/install/moveit_msgs/include/moveit_msgs/moveit_msgs/msg/detail/orientation_constraint__rosidl_typesupport_introspection_c.h
[10.325s] -- Up-to-date: /home/habibahassan/project/install/moveit_msgs/include/moveit_msgs/moveit_msgs/msg/detail/position_ik_request__rosidl_typesupport_introspection_c.h
[10.325s] -- Up-to-date: /home/habibahassan/project/install/moveit_msgs/include/moveit_msgs/moveit_msgs/msg/detail/visibility_constraint__rosidl_typesupport_introspection_c.h
[10.325s] -- Installing: /home/habibahassan/project/install/moveit_msgs/include/moveit_msgs/moveit_msgs/msg/detail/robot_trajectory__type_support.c
[10.326s] -- Installing: /home/habibahassan/project/install/moveit_msgs/include/moveit_msgs/moveit_msgs/msg/detail/servo_status__type_support.c
[10.326s] -- Installing: /home/habibahassan/project/install/moveit_msgs/include/moveit_msgs/moveit_msgs/msg/detail/cartesian_point__type_support.c
[10.326s] -- Up-to-date: /home/habibahassan/project/install/moveit_msgs/include/moveit_msgs/moveit_msgs/msg/detail/joint_constraint__rosidl_typesupport_introspection_c.h
[10.327s] -- Installing: /home/habibahassan/project/install/moveit_msgs/include/moveit_msgs/moveit_msgs/msg/detail/collision_object__type_support.c
[10.327s] -- Installing: /home/habibahassan/project/install/moveit_msgs/include/moveit_msgs/moveit_msgs/msg/detail/grasp__type_support.c
[10.327s] -- Installing: /home/habibahassan/project/install/moveit_msgs/include/moveit_msgs/moveit_msgs/msg/detail/motion_plan_detailed_response__type_support.c
[10.327s] -- Up-to-date: /home/habibahassan/project/install/moveit_msgs/include/moveit_msgs/moveit_msgs/msg/detail/display_trajectory__rosidl_typesupport_introspection_c.h
[10.331s] -- Installing: /home/habibahassan/project/install/moveit_msgs/include/moveit_msgs/moveit_msgs/msg/detail/constraint_eval_result__type_support.c
[10.335s] -- Installing: /home/habibahassan/project/install/moveit_msgs/include/moveit_msgs/moveit_msgs/msg/detail/cartesian_trajectory__type_support.c
[10.336s] -- Up-to-date: /home/habibahassan/project/install/moveit_msgs/include/moveit_msgs/moveit_msgs/msg/detail/kinematic_solver_info__rosidl_typesupport_introspection_c.h
[10.337s] -- Up-to-date: /home/habibahassan/project/install/moveit_msgs/include/moveit_msgs/moveit_msgs/msg/detail/cartesian_trajectory__rosidl_typesupport_introspection_c.h
[10.338s] -- Up-to-date: /home/habibahassan/project/install/moveit_msgs/include/moveit_msgs/moveit_msgs/msg/detail/joint_limits__rosidl_typesupport_introspection_c.h
[10.339s] -- Up-to-date: /home/habibahassan/project/install/moveit_msgs/include/moveit_msgs/moveit_msgs/msg/detail/display_robot_state__rosidl_typesupport_introspection_c.h
[10.339s] -- Up-to-date: /home/habibahassan/project/install/moveit_msgs/include/moveit_msgs/moveit_msgs/msg/detail/position_constraint__rosidl_typesupport_introspection_c.h
[10.340s] -- Installing: /home/habibahassan/project/install/moveit_msgs/include/moveit_msgs/moveit_msgs/msg/detail/position_ik_request__type_support.c
[10.341s] -- Installing: /home/habibahassan/project/install/moveit_msgs/include/moveit_msgs/moveit_msgs/msg/detail/display_trajectory__type_support.c
[10.341s] -- Up-to-date: /home/habibahassan/project/install/moveit_msgs/include/moveit_msgs/moveit_msgs/msg/detail/grasp__rosidl_typesupport_introspection_c.h
[10.341s] -- Installing: /home/habibahassan/project/install/moveit_msgs/include/moveit_msgs/moveit_msgs/msg/detail/position_constraint__type_support.c
[10.342s] -- Up-to-date: /home/habibahassan/project/install/moveit_msgs/include/moveit_msgs/moveit_msgs/msg/detail/link_scale__rosidl_typesupport_introspection_c.h
[10.344s] -- Up-to-date: /home/habibahassan/project/install/moveit_msgs/include/moveit_msgs/moveit_msgs/msg/detail/trajectory_constraints__rosidl_typesupport_introspection_c.h
[10.345s] -- Installing: /home/habibahassan/project/install/moveit_msgs/include/moveit_msgs/moveit_msgs/msg/detail/motion_plan_request__type_support.c
[10.345s] -- Up-to-date: /home/habibahassan/project/install/moveit_msgs/include/moveit_msgs/moveit_msgs/msg/detail/move_it_error_codes__rosidl_typesupport_introspection_c.h
[10.346s] -- Up-to-date: /home/habibahassan/project/install/moveit_msgs/include/moveit_msgs/moveit_msgs/msg/detail/oriented_bounding_box__rosidl_typesupport_introspection_c.h
[10.346s] -- Installing: /home/habibahassan/project/install/moveit_msgs/include/moveit_msgs/moveit_msgs/msg/detail/planning_scene_world__type_support.c
[10.347s] -- Up-to-date: /home/habibahassan/project/install/moveit_msgs/include/moveit_msgs/moveit_msgs/msg/rosidl_typesupport_introspection_c__visibility_control.h
[10.353s] -- Up-to-date: /home/habibahassan/project/install/moveit_msgs/lib/libmoveit_msgs__rosidl_typesupport_introspection_c.so
[10.354s] -- Up-to-date: /home/habibahassan/project/install/moveit_msgs/lib/libmoveit_msgs__rosidl_typesupport_c.so
[10.356s] -- Up-to-date: /home/habibahassan/project/install/moveit_msgs/include/moveit_msgs/moveit_msgs
[10.364s] -- Up-to-date: /home/habibahassan/project/install/moveit_msgs/include/moveit_msgs/moveit_msgs/srv
[10.366s] -- Up-to-date: /home/habibahassan/project/install/moveit_msgs/include/moveit_msgs/moveit_msgs/srv/grasp_planning.hpp
[10.366s] -- Up-to-date: /home/habibahassan/project/install/moveit_msgs/include/moveit_msgs/moveit_msgs/srv/check_if_robot_state_exists_in_warehouse.hpp
[10.367s] -- Up-to-date: /home/habibahassan/project/install/moveit_msgs/include/moveit_msgs/moveit_msgs/srv/save_geometry_to_file.hpp
[10.368s] -- Up-to-date: /home/habibahassan/project/install/moveit_msgs/include/moveit_msgs/moveit_msgs/srv/get_planner_params.hpp
[10.370s] -- Up-to-date: /home/habibahassan/project/install/moveit_msgs/include/moveit_msgs/moveit_msgs/srv/get_robot_state_from_warehouse.hpp
[10.371s] -- Up-to-date: /home/habibahassan/project/install/moveit_msgs/include/moveit_msgs/moveit_msgs/srv/apply_planning_scene.hpp
[10.372s] -- Up-to-date: /home/habibahassan/project/install/moveit_msgs/include/moveit_msgs/moveit_msgs/srv/load_geometry_from_file.hpp
[10.374s] -- Up-to-date: /home/habibahassan/project/install/moveit_msgs/include/moveit_msgs/moveit_msgs/srv/get_motion_plan.hpp
[10.374s] -- Up-to-date: /home/habibahassan/project/install/moveit_msgs/include/moveit_msgs/moveit_msgs/srv/get_group_urdf.hpp
[10.375s] -- Up-to-date: /home/habibahassan/project/install/moveit_msgs/include/moveit_msgs/moveit_msgs/srv/save_map.hpp
[10.375s] -- Up-to-date: /home/habibahassan/project/install/moveit_msgs/include/moveit_msgs/moveit_msgs/srv/get_planning_scene.hpp
[10.376s] -- Up-to-date: /home/habibahassan/project/install/moveit_msgs/include/moveit_msgs/moveit_msgs/srv/load_map.hpp
[10.376s] -- Up-to-date: /home/habibahassan/project/install/moveit_msgs/include/moveit_msgs/moveit_msgs/srv/update_pointcloud_octomap.hpp
[10.381s] -- Up-to-date: /home/habibahassan/project/install/moveit_msgs/include/moveit_msgs/moveit_msgs/srv/servo_command_type.hpp
[10.384s] -- Up-to-date: /home/habibahassan/project/install/moveit_msgs/include/moveit_msgs/moveit_msgs/srv/get_state_validity.hpp
[10.385s] -- Up-to-date: /home/habibahassan/project/install/moveit_msgs/include/moveit_msgs/moveit_msgs/srv/get_position_fk.hpp
[10.386s] -- Up-to-date: /home/habibahassan/project/install/moveit_msgs/include/moveit_msgs/moveit_msgs/srv/get_cartesian_path.hpp
[10.387s] -- Up-to-date: /home/habibahassan/project/install/moveit_msgs/include/moveit_msgs/moveit_msgs/srv/save_robot_state_to_warehouse.hpp
[10.387s] -- Up-to-date: /home/habibahassan/project/install/moveit_msgs/include/moveit_msgs/moveit_msgs/srv/detail
[10.388s] -- Up-to-date: /home/habibahassan/project/install/moveit_msgs/include/moveit_msgs/moveit_msgs/srv/detail/get_motion_sequence__struct.hpp
[10.389s] -- Up-to-date: /home/habibahassan/project/install/moveit_msgs/include/moveit_msgs/moveit_msgs/srv/detail/get_state_validity__traits.hpp
[10.390s] -- Up-to-date: /home/habibahassan/project/install/moveit_msgs/include/moveit_msgs/moveit_msgs/srv/detail/get_robot_state_from_warehouse__traits.hpp
[10.390s] -- Up-to-date: /home/habibahassan/project/install/moveit_msgs/include/moveit_msgs/moveit_msgs/srv/detail/save_map__struct.hpp
[10.391s] -- Up-to-date: /home/habibahassan/project/install/moveit_msgs/include/moveit_msgs/moveit_msgs/srv/detail/apply_planning_scene__type_support.hpp
[10.392s] -- Up-to-date: /home/habibahassan/project/install/moveit_msgs/include/moveit_msgs/moveit_msgs/srv/detail/load_geometry_from_file__struct.hpp
[10.393s] -- Up-to-date: /home/habibahassan/project/install/moveit_msgs/include/moveit_msgs/moveit_msgs/srv/detail/get_motion_sequence__traits.hpp
[10.394s] -- Up-to-date: /home/habibahassan/project/install/moveit_msgs/include/moveit_msgs/moveit_msgs/srv/detail/grasp_planning__traits.hpp
[10.394s] -- Up-to-date: /home/habibahassan/project/install/moveit_msgs/include/moveit_msgs/moveit_msgs/srv/detail/list_robot_states_in_warehouse__builder.hpp
[10.395s] -- Up-to-date: /home/habibahassan/project/install/moveit_msgs/include/moveit_msgs/moveit_msgs/srv/detail/get_state_validity__type_support.hpp
[10.401s] -- Up-to-date: /home/habibahassan/project/install/moveit_msgs/include/moveit_msgs/moveit_msgs/srv/detail/set_planner_params__traits.hpp
[10.402s] -- Up-to-date: /home/habibahassan/project/install/moveit_msgs/include/moveit_msgs/moveit_msgs/srv/detail/get_cartesian_path__type_support.hpp
[10.403s] -- Up-to-date: /home/habibahassan/project/install/moveit_msgs/include/moveit_msgs/moveit_msgs/srv/detail/update_pointcloud_octomap__type_support.hpp
[10.405s] -- Up-to-date: /home/habibahassan/project/install/moveit_msgs/include/moveit_msgs/moveit_msgs/srv/detail/servo_command_type__traits.hpp
[10.405s] -- Up-to-date: /home/habibahassan/project/install/moveit_msgs/include/moveit_msgs/moveit_msgs/srv/detail/save_geometry_to_file__builder.hpp
[10.406s] -- Up-to-date: /home/habibahassan/project/install/moveit_msgs/include/moveit_msgs/moveit_msgs/srv/detail/delete_robot_state_from_warehouse__builder.hpp
[10.407s] -- Up-to-date: /home/habibahassan/project/install/moveit_msgs/include/moveit_msgs/moveit_msgs/srv/detail/servo_command_type__builder.hpp
[10.407s] -- Up-to-date: /home/habibahassan/project/install/moveit_msgs/include/moveit_msgs/moveit_msgs/srv/detail/get_group_urdf__type_support.hpp
[10.408s] -- Up-to-date: /home/habibahassan/project/install/moveit_msgs/include/moveit_msgs/moveit_msgs/srv/detail/update_pointcloud_octomap__traits.hpp
[10.408s] -- Up-to-date: /home/habibahassan/project/install/moveit_msgs/include/moveit_msgs/moveit_msgs/srv/detail/check_if_robot_state_exists_in_warehouse__struct.hpp
[10.409s] -- Up-to-date: /home/habibahassan/project/install/moveit_msgs/include/moveit_msgs/moveit_msgs/srv/detail/update_pointcloud_octomap__builder.hpp
[10.409s] -- Up-to-date: /home/habibahassan/project/install/moveit_msgs/include/moveit_msgs/moveit_msgs/srv/detail/get_state_validity__struct.hpp
[10.409s] -- Up-to-date: /home/habibahassan/project/install/moveit_msgs/include/moveit_msgs/moveit_msgs/srv/detail/get_position_ik__builder.hpp
[10.410s] -- Up-to-date: /home/habibahassan/project/install/moveit_msgs/include/moveit_msgs/moveit_msgs/srv/detail/query_planner_interfaces__struct.hpp
[10.410s] -- Up-to-date: /home/habibahassan/project/install/moveit_msgs/include/moveit_msgs/moveit_msgs/srv/detail/get_motion_sequence__builder.hpp
[10.411s] -- Up-to-date: /home/habibahassan/project/install/moveit_msgs/include/moveit_msgs/moveit_msgs/srv/detail/load_map__builder.hpp
[10.411s] -- Up-to-date: /home/habibahassan/project/install/moveit_msgs/include/moveit_msgs/moveit_msgs/srv/detail/delete_robot_state_from_warehouse__traits.hpp
[10.411s] -- Up-to-date: /home/habibahassan/project/install/moveit_msgs/include/moveit_msgs/moveit_msgs/srv/detail/get_motion_plan__struct.hpp
[10.412s] -- Up-to-date: /home/habibahassan/project/install/moveit_msgs/include/moveit_msgs/moveit_msgs/srv/detail/check_if_robot_state_exists_in_warehouse__type_support.hpp
[10.413s] -- Up-to-date: /home/habibahassan/project/install/moveit_msgs/include/moveit_msgs/moveit_msgs/srv/detail/get_position_fk__traits.hpp
[10.416s] -- Up-to-date: /home/habibahassan/project/install/moveit_msgs/include/moveit_msgs/moveit_msgs/srv/detail/get_planner_params__struct.hpp
[10.417s] -- Up-to-date: /home/habibahassan/project/install/moveit_msgs/include/moveit_msgs/moveit_msgs/srv/detail/grasp_planning__builder.hpp
[10.418s] -- Up-to-date: /home/habibahassan/project/install/moveit_msgs/include/moveit_msgs/moveit_msgs/srv/detail/save_map__builder.hpp
[10.418s] -- Up-to-date: /home/habibahassan/project/install/moveit_msgs/include/moveit_msgs/moveit_msgs/srv/detail/get_motion_sequence__type_support.hpp
[10.421s] -- Up-to-date: /home/habibahassan/project/install/moveit_msgs/include/moveit_msgs/moveit_msgs/srv/detail/get_position_fk__builder.hpp
[10.426s] -- Up-to-date: /home/habibahassan/project/install/moveit_msgs/include/moveit_msgs/moveit_msgs/srv/detail/grasp_planning__type_support.hpp
[10.428s] -- Up-to-date: /home/habibahassan/project/install/moveit_msgs/include/moveit_msgs/moveit_msgs/srv/detail/get_planning_scene__builder.hpp
[10.430s] -- Up-to-date: /home/habibahassan/project/install/moveit_msgs/include/moveit_msgs/moveit_msgs/srv/detail/get_group_urdf__struct.hpp
[10.431s] -- Up-to-date: /home/habibahassan/project/install/moveit_msgs/include/moveit_msgs/moveit_msgs/srv/detail/get_cartesian_path__struct.hpp
[10.433s] -- Up-to-date: /home/habibahassan/project/install/moveit_msgs/include/moveit_msgs/moveit_msgs/srv/detail/load_geometry_from_file__builder.hpp
[10.434s] -- Up-to-date: /home/habibahassan/project/install/moveit_msgs/include/moveit_msgs/moveit_msgs/srv/detail/load_map__type_support.hpp
[10.435s] -- Up-to-date: /home/habibahassan/project/install/moveit_msgs/include/moveit_msgs/moveit_msgs/srv/detail/save_robot_state_to_warehouse__struct.hpp
[10.435s] -- Up-to-date: /home/habibahassan/project/install/moveit_msgs/include/moveit_msgs/moveit_msgs/srv/detail/get_position_fk__type_support.hpp
[10.436s] -- Up-to-date: /home/habibahassan/project/install/moveit_msgs/include/moveit_msgs/moveit_msgs/srv/detail/load_map__struct.hpp
[10.438s] -- Up-to-date: /home/habibahassan/project/install/moveit_msgs/include/moveit_msgs/moveit_msgs/srv/detail/load_map__traits.hpp
[10.439s] -- Up-to-date: /home/habibahassan/project/install/moveit_msgs/include/moveit_msgs/moveit_msgs/srv/detail/set_planner_params__builder.hpp
[10.440s] -- Up-to-date: /home/habibahassan/project/install/moveit_msgs/include/moveit_msgs/moveit_msgs/srv/detail/load_geometry_from_file__type_support.hpp
[10.446s] -- Up-to-date: /home/habibahassan/project/install/moveit_msgs/include/moveit_msgs/moveit_msgs/srv/detail/query_planner_interfaces__traits.hpp
[10.451s] -- Up-to-date: /home/habibahassan/project/install/moveit_msgs/include/moveit_msgs/moveit_msgs/srv/detail/rename_robot_state_in_warehouse__builder.hpp
[10.452s] -- Up-to-date: /home/habibahassan/project/install/moveit_msgs/include/moveit_msgs/moveit_msgs/srv/detail/get_group_urdf__traits.hpp
[10.454s] -- Up-to-date: /home/habibahassan/project/install/moveit_msgs/include/moveit_msgs/moveit_msgs/srv/detail/get_position_fk__struct.hpp
[10.455s] -- Up-to-date: /home/habibahassan/project/install/moveit_msgs/include/moveit_msgs/moveit_msgs/srv/detail/apply_planning_scene__struct.hpp
[10.457s] -- Up-to-date: /home/habibahassan/project/install/moveit_msgs/include/moveit_msgs/moveit_msgs/srv/detail/get_planner_params__traits.hpp
[10.458s] -- Up-to-date: /home/habibahassan/project/install/moveit_msgs/include/moveit_msgs/moveit_msgs/srv/detail/get_planner_params__builder.hpp
[10.458s] -- Up-to-date: /home/habibahassan/project/install/moveit_msgs/include/moveit_msgs/moveit_msgs/srv/detail/grasp_planning__struct.hpp
[10.459s] -- Up-to-date: /home/habibahassan/project/install/moveit_msgs/include/moveit_msgs/moveit_msgs/srv/detail/get_robot_state_from_warehouse__builder.hpp
[10.460s] -- Up-to-date: /home/habibahassan/project/install/moveit_msgs/include/moveit_msgs/moveit_msgs/srv/detail/get_group_urdf__builder.hpp
[10.461s] -- Up-to-date: /home/habibahassan/project/install/moveit_msgs/include/moveit_msgs/moveit_msgs/srv/detail/check_if_robot_state_exists_in_warehouse__builder.hpp
[10.462s] -- Up-to-date: /home/habibahassan/project/install/moveit_msgs/include/moveit_msgs/moveit_msgs/srv/detail/get_planning_scene__traits.hpp
[10.463s] -- Up-to-date: /home/habibahassan/project/install/moveit_msgs/include/moveit_msgs/moveit_msgs/srv/detail/apply_planning_scene__builder.hpp
[10.464s] -- Up-to-date: /home/habibahassan/project/install/moveit_msgs/include/moveit_msgs/moveit_msgs/srv/detail/apply_planning_scene__traits.hpp
[10.464s] -- Up-to-date: /home/habibahassan/project/install/moveit_msgs/include/moveit_msgs/moveit_msgs/srv/detail/get_position_ik__struct.hpp
[10.465s] -- Up-to-date: /home/habibahassan/project/install/moveit_msgs/include/moveit_msgs/moveit_msgs/srv/detail/save_map__traits.hpp
[10.467s] -- Up-to-date: /home/habibahassan/project/install/moveit_msgs/include/moveit_msgs/moveit_msgs/srv/detail/get_robot_state_from_warehouse__type_support.hpp
[10.470s] -- Up-to-date: /home/habibahassan/project/install/moveit_msgs/include/moveit_msgs/moveit_msgs/srv/detail/get_cartesian_path__traits.hpp
[10.475s] -- Up-to-date: /home/habibahassan/project/install/moveit_msgs/include/moveit_msgs/moveit_msgs/srv/detail/delete_robot_state_from_warehouse__type_support.hpp
[10.475s] -- Up-to-date: /home/habibahassan/project/install/moveit_msgs/include/moveit_msgs/moveit_msgs/srv/detail/get_robot_state_from_warehouse__struct.hpp
[10.476s] -- Up-to-date: /home/habibahassan/project/install/moveit_msgs/include/moveit_msgs/moveit_msgs/srv/detail/query_planner_interfaces__builder.hpp
[10.476s] -- Up-to-date: /home/habibahassan/project/install/moveit_msgs/include/moveit_msgs/moveit_msgs/srv/detail/save_robot_state_to_warehouse__traits.hpp
[10.477s] -- Up-to-date: /home/habibahassan/project/install/moveit_msgs/include/moveit_msgs/moveit_msgs/srv/detail/get_cartesian_path__builder.hpp
[10.477s] -- Up-to-date: /home/habibahassan/project/install/moveit_msgs/include/moveit_msgs/moveit_msgs/srv/detail/check_if_robot_state_exists_in_warehouse__traits.hpp
[10.478s] -- Up-to-date: /home/habibahassan/project/install/moveit_msgs/include/moveit_msgs/moveit_msgs/srv/detail/save_geometry_to_file__type_support.hpp
[10.478s] -- Up-to-date: /home/habibahassan/project/install/moveit_msgs/include/moveit_msgs/moveit_msgs/srv/detail/save_geometry_to_file__struct.hpp
[10.479s] -- Up-to-date: /home/habibahassan/project/install/moveit_msgs/include/moveit_msgs/moveit_msgs/srv/detail/update_pointcloud_octomap__struct.hpp
[10.479s] -- Up-to-date: /home/habibahassan/project/install/moveit_msgs/include/moveit_msgs/moveit_msgs/srv/detail/save_robot_state_to_warehouse__builder.hpp
[10.481s] -- Up-to-date: /home/habibahassan/project/install/moveit_msgs/include/moveit_msgs/moveit_msgs/srv/detail/list_robot_states_in_warehouse__struct.hpp
[10.482s] -- Up-to-date: /home/habibahassan/project/install/moveit_msgs/include/moveit_msgs/moveit_msgs/srv/detail/rename_robot_state_in_warehouse__traits.hpp
[10.483s] -- Up-to-date: /home/habibahassan/project/install/moveit_msgs/include/moveit_msgs/moveit_msgs/srv/detail/get_motion_plan__builder.hpp
[10.484s] -- Up-to-date: /home/habibahassan/project/install/moveit_msgs/include/moveit_msgs/moveit_msgs/srv/detail/set_planner_params__type_support.hpp
[10.484s] -- Up-to-date: /home/habibahassan/project/install/moveit_msgs/include/moveit_msgs/moveit_msgs/srv/detail/servo_command_type__type_support.hpp
[10.485s] -- Up-to-date: /home/habibahassan/project/install/moveit_msgs/include/moveit_msgs/moveit_msgs/srv/detail/get_position_ik__traits.hpp
[10.486s] -- Up-to-date: /home/habibahassan/project/install/moveit_msgs/include/moveit_msgs/moveit_msgs/srv/detail/list_robot_states_in_warehouse__traits.hpp
[10.486s] -- Up-to-date: /home/habibahassan/project/install/moveit_msgs/include/moveit_msgs/moveit_msgs/srv/detail/delete_robot_state_from_warehouse__struct.hpp
[10.487s] -- Up-to-date: /home/habibahassan/project/install/moveit_msgs/include/moveit_msgs/moveit_msgs/srv/detail/load_geometry_from_file__traits.hpp
[10.498s] -- Up-to-date: /home/habibahassan/project/install/moveit_msgs/include/moveit_msgs/moveit_msgs/srv/detail/servo_command_type__struct.hpp
[10.499s] -- Up-to-date: /home/habibahassan/project/install/moveit_msgs/include/moveit_msgs/moveit_msgs/srv/detail/get_planning_scene__struct.hpp
[10.499s] -- Up-to-date: /home/habibahassan/project/install/moveit_msgs/include/moveit_msgs/moveit_msgs/srv/detail/set_planner_params__struct.hpp
[10.502s] -- Up-to-date: /home/habibahassan/project/install/moveit_msgs/include/moveit_msgs/moveit_msgs/srv/detail/get_state_validity__builder.hpp
[10.503s] -- Up-to-date: /home/habibahassan/project/install/moveit_msgs/include/moveit_msgs/moveit_msgs/srv/detail/rename_robot_state_in_warehouse__type_support.hpp
[10.504s] -- Up-to-date: /home/habibahassan/project/install/moveit_msgs/include/moveit_msgs/moveit_msgs/srv/detail/get_planning_scene__type_support.hpp
[10.505s] -- Up-to-date: /home/habibahassan/project/install/moveit_msgs/include/moveit_msgs/moveit_msgs/srv/detail/get_motion_plan__traits.hpp
[10.505s] -- Up-to-date: /home/habibahassan/project/install/moveit_msgs/include/moveit_msgs/moveit_msgs/srv/detail/get_motion_plan__type_support.hpp
[10.506s] -- Up-to-date: /home/habibahassan/project/install/moveit_msgs/include/moveit_msgs/moveit_msgs/srv/detail/get_planner_params__type_support.hpp
[10.507s] -- Up-to-date: /home/habibahassan/project/install/moveit_msgs/include/moveit_msgs/moveit_msgs/srv/detail/save_robot_state_to_warehouse__type_support.hpp
[10.508s] -- Up-to-date: /home/habibahassan/project/install/moveit_msgs/include/moveit_msgs/moveit_msgs/srv/detail/rename_robot_state_in_warehouse__struct.hpp
[10.508s] -- Up-to-date: /home/habibahassan/project/install/moveit_msgs/include/moveit_msgs/moveit_msgs/srv/detail/query_planner_interfaces__type_support.hpp
[10.509s] -- Up-to-date: /home/habibahassan/project/install/moveit_msgs/include/moveit_msgs/moveit_msgs/srv/detail/save_map__type_support.hpp
[10.516s] -- Up-to-date: /home/habibahassan/project/install/moveit_msgs/include/moveit_msgs/moveit_msgs/srv/detail/save_geometry_to_file__traits.hpp
[10.518s] -- Up-to-date: /home/habibahassan/project/install/moveit_msgs/include/moveit_msgs/moveit_msgs/srv/detail/list_robot_states_in_warehouse__type_support.hpp
[10.519s] -- Up-to-date: /home/habibahassan/project/install/moveit_msgs/include/moveit_msgs/moveit_msgs/srv/detail/get_position_ik__type_support.hpp
[10.521s] -- Up-to-date: /home/habibahassan/project/install/moveit_msgs/include/moveit_msgs/moveit_msgs/srv/list_robot_states_in_warehouse.hpp
[10.522s] -- Up-to-date: /home/habibahassan/project/install/moveit_msgs/include/moveit_msgs/moveit_msgs/srv/rename_robot_state_in_warehouse.hpp
[10.524s] -- Up-to-date: /home/habibahassan/project/install/moveit_msgs/include/moveit_msgs/moveit_msgs/srv/get_position_ik.hpp
[10.525s] -- Up-to-date: /home/habibahassan/project/install/moveit_msgs/include/moveit_msgs/moveit_msgs/srv/query_planner_interfaces.hpp
[10.531s] -- Up-to-date: /home/habibahassan/project/install/moveit_msgs/include/moveit_msgs/moveit_msgs/srv/delete_robot_state_from_warehouse.hpp
[10.533s] -- Up-to-date: /home/habibahassan/project/install/moveit_msgs/include/moveit_msgs/moveit_msgs/srv/set_planner_params.hpp
[10.534s] -- Up-to-date: /home/habibahassan/project/install/moveit_msgs/include/moveit_msgs/moveit_msgs/srv/get_motion_sequence.hpp
[10.537s] -- Up-to-date: /home/habibahassan/project/install/moveit_msgs/include/moveit_msgs/moveit_msgs/action
[10.538s] -- Up-to-date: /home/habibahassan/project/install/moveit_msgs/include/moveit_msgs/moveit_msgs/action/global_planner.hpp
[10.540s] -- Up-to-date: /home/habibahassan/project/install/moveit_msgs/include/moveit_msgs/moveit_msgs/action/place.hpp
[10.544s] -- Up-to-date: /home/habibahassan/project/install/moveit_msgs/include/moveit_msgs/moveit_msgs/action/local_planner.hpp
[10.545s] -- Up-to-date: /home/habibahassan/project/install/moveit_msgs/include/moveit_msgs/moveit_msgs/action/hybrid_planner.hpp
[10.546s] -- Up-to-date: /home/habibahassan/project/install/moveit_msgs/include/moveit_msgs/moveit_msgs/action/move_group.hpp
[10.547s] -- Up-to-date: /home/habibahassan/project/install/moveit_msgs/include/moveit_msgs/moveit_msgs/action/execute_trajectory.hpp
[10.548s] -- Up-to-date: /home/habibahassan/project/install/moveit_msgs/include/moveit_msgs/moveit_msgs/action/pickup.hpp
[10.549s] -- Up-to-date: /home/habibahassan/project/install/moveit_msgs/include/moveit_msgs/moveit_msgs/action/detail
[10.551s] -- Up-to-date: /home/habibahassan/project/install/moveit_msgs/include/moveit_msgs/moveit_msgs/action/detail/place__struct.hpp
[10.551s] -- Up-to-date: /home/habibahassan/project/install/moveit_msgs/include/moveit_msgs/moveit_msgs/action/detail/move_group_sequence__builder.hpp
[10.552s] -- Up-to-date: /home/habibahassan/project/install/moveit_msgs/include/moveit_msgs/moveit_msgs/action/detail/hybrid_planner__builder.hpp
[10.553s] -- Up-to-date: /home/habibahassan/project/install/moveit_msgs/include/moveit_msgs/moveit_msgs/action/detail/move_group_sequence__traits.hpp
[10.554s] -- Up-to-date: /home/habibahassan/project/install/moveit_msgs/include/moveit_msgs/moveit_msgs/action/detail/execute_trajectory__builder.hpp
[10.555s] -- Up-to-date: /home/habibahassan/project/install/moveit_msgs/include/moveit_msgs/moveit_msgs/action/detail/global_planner__builder.hpp
[10.556s] -- Up-to-date: /home/habibahassan/project/install/moveit_msgs/include/moveit_msgs/moveit_msgs/action/detail/local_planner__builder.hpp
[10.557s] -- Up-to-date: /home/habibahassan/project/install/moveit_msgs/include/moveit_msgs/moveit_msgs/action/detail/pickup__traits.hpp
[10.560s] -- Up-to-date: /home/habibahassan/project/install/moveit_msgs/include/moveit_msgs/moveit_msgs/action/detail/move_group__traits.hpp
[10.564s] -- Up-to-date: /home/habibahassan/project/install/moveit_msgs/include/moveit_msgs/moveit_msgs/action/detail/place__builder.hpp
[10.565s] -- Up-to-date: /home/habibahassan/project/install/moveit_msgs/include/moveit_msgs/moveit_msgs/action/detail/move_group__type_support.hpp
[10.566s] -- Up-to-date: /home/habibahassan/project/install/moveit_msgs/include/moveit_msgs/moveit_msgs/action/detail/place__traits.hpp
[10.566s] -- Up-to-date: /home/habibahassan/project/install/moveit_msgs/include/moveit_msgs/moveit_msgs/action/detail/pickup__type_support.hpp
[10.567s] -- Up-to-date: /home/habibahassan/project/install/moveit_msgs/include/moveit_msgs/moveit_msgs/action/detail/pickup__builder.hpp
[10.568s] -- Up-to-date: /home/habibahassan/project/install/moveit_msgs/include/moveit_msgs/moveit_msgs/action/detail/execute_trajectory__traits.hpp
[10.568s] -- Up-to-date: /home/habibahassan/project/install/moveit_msgs/include/moveit_msgs/moveit_msgs/action/detail/hybrid_planner__type_support.hpp
[10.569s] -- Up-to-date: /home/habibahassan/project/install/moveit_msgs/include/moveit_msgs/moveit_msgs/action/detail/hybrid_planner__struct.hpp
[10.570s] -- Up-to-date: /home/habibahassan/project/install/moveit_msgs/include/moveit_msgs/moveit_msgs/action/detail/pickup__struct.hpp
[10.571s] -- Up-to-date: /home/habibahassan/project/install/moveit_msgs/include/moveit_msgs/moveit_msgs/action/detail/global_planner__struct.hpp
[10.571s] -- Up-to-date: /home/habibahassan/project/install/moveit_msgs/include/moveit_msgs/moveit_msgs/action/detail/move_group__builder.hpp
[10.572s] -- Up-to-date: /home/habibahassan/project/install/moveit_msgs/include/moveit_msgs/moveit_msgs/action/detail/move_group_sequence__struct.hpp
[10.573s] -- Up-to-date: /home/habibahassan/project/install/moveit_msgs/include/moveit_msgs/moveit_msgs/action/detail/hybrid_planner__traits.hpp
[10.586s] -- Up-to-date: /home/habibahassan/project/install/moveit_msgs/include/moveit_msgs/moveit_msgs/action/detail/local_planner__struct.hpp
[10.586s] -- Up-to-date: /home/habibahassan/project/install/moveit_msgs/include/moveit_msgs/moveit_msgs/action/detail/execute_trajectory__struct.hpp
[10.587s] -- Up-to-date: /home/habibahassan/project/install/moveit_msgs/include/moveit_msgs/moveit_msgs/action/detail/local_planner__type_support.hpp
[10.588s] -- Up-to-date: /home/habibahassan/project/install/moveit_msgs/include/moveit_msgs/moveit_msgs/action/detail/global_planner__type_support.hpp
[10.588s] -- Up-to-date: /home/habibahassan/project/install/moveit_msgs/include/moveit_msgs/moveit_msgs/action/detail/execute_trajectory__type_support.hpp
[10.594s] -- Up-to-date: /home/habibahassan/project/install/moveit_msgs/include/moveit_msgs/moveit_msgs/action/detail/local_planner__traits.hpp
[10.595s] -- Up-to-date: /home/habibahassan/project/install/moveit_msgs/include/moveit_msgs/moveit_msgs/action/detail/place__type_support.hpp
[10.596s] -- Up-to-date: /home/habibahassan/project/install/moveit_msgs/include/moveit_msgs/moveit_msgs/action/detail/global_planner__traits.hpp
[10.597s] -- Up-to-date: /home/habibahassan/project/install/moveit_msgs/include/moveit_msgs/moveit_msgs/action/detail/move_group_sequence__type_support.hpp
[10.597s] -- Up-to-date: /home/habibahassan/project/install/moveit_msgs/include/moveit_msgs/moveit_msgs/action/detail/move_group__struct.hpp
[10.598s] -- Up-to-date: /home/habibahassan/project/install/moveit_msgs/include/moveit_msgs/moveit_msgs/action/move_group_sequence.hpp
[10.600s] -- Up-to-date: /home/habibahassan/project/install/moveit_msgs/include/moveit_msgs/moveit_msgs/msg
[10.601s] -- Up-to-date: /home/habibahassan/project/install/moveit_msgs/include/moveit_msgs/moveit_msgs/msg/motion_plan_detailed_response.hpp
[10.603s] -- Up-to-date: /home/habibahassan/project/install/moveit_msgs/include/moveit_msgs/moveit_msgs/msg/robot_trajectory.hpp
[10.603s] -- Up-to-date: /home/habibahassan/project/install/moveit_msgs/include/moveit_msgs/moveit_msgs/msg/cartesian_trajectory_point.hpp
[10.604s] -- Up-to-date: /home/habibahassan/project/install/moveit_msgs/include/moveit_msgs/moveit_msgs/msg/collision_object.hpp
[10.605s] -- Up-to-date: /home/habibahassan/project/install/moveit_msgs/include/moveit_msgs/moveit_msgs/msg/position_ik_request.hpp
[10.606s] -- Up-to-date: /home/habibahassan/project/install/moveit_msgs/include/moveit_msgs/moveit_msgs/msg/contact_information.hpp
[10.608s] -- Up-to-date: /home/habibahassan/project/install/moveit_msgs/include/moveit_msgs/moveit_msgs/msg/visibility_constraint.hpp
[10.614s] -- Up-to-date: /home/habibahassan/project/install/moveit_msgs/include/moveit_msgs/moveit_msgs/msg/kinematic_solver_info.hpp
[10.615s] -- Up-to-date: /home/habibahassan/project/install/moveit_msgs/include/moveit_msgs/moveit_msgs/msg/generic_trajectory.hpp
[10.616s] -- Up-to-date: /home/habibahassan/project/install/moveit_msgs/include/moveit_msgs/moveit_msgs/msg/grasp.hpp
[10.617s] -- Up-to-date: /home/habibahassan/project/install/moveit_msgs/include/moveit_msgs/moveit_msgs/msg/planning_scene.hpp
[10.618s] -- Up-to-date: /home/habibahassan/project/install/moveit_msgs/include/moveit_msgs/moveit_msgs/msg/gripper_translation.hpp
[10.618s] -- Up-to-date: /home/habibahassan/project/install/moveit_msgs/include/moveit_msgs/moveit_msgs/msg/joint_limits.hpp
[10.619s] -- Up-to-date: /home/habibahassan/project/install/moveit_msgs/include/moveit_msgs/moveit_msgs/msg/cartesian_point.hpp
[10.620s] -- Up-to-date: /home/habibahassan/project/install/moveit_msgs/include/moveit_msgs/moveit_msgs/msg/attached_collision_object.hpp
[10.620s] -- Up-to-date: /home/habibahassan/project/install/moveit_msgs/include/moveit_msgs/moveit_msgs/msg/planner_params.hpp
[10.621s] -- Up-to-date: /home/habibahassan/project/install/moveit_msgs/include/moveit_msgs/moveit_msgs/msg/display_robot_state.hpp
[10.622s] -- Up-to-date: /home/habibahassan/project/install/moveit_msgs/include/moveit_msgs/moveit_msgs/msg/constraints.hpp
[10.623s] -- Up-to-date: /home/habibahassan/project/install/moveit_msgs/include/moveit_msgs/moveit_msgs/msg/move_it_error_codes.hpp
[10.623s] -- Up-to-date: /home/habibahassan/project/install/moveit_msgs/include/moveit_msgs/moveit_msgs/msg/display_trajectory.hpp
[10.624s] -- Up-to-date: /home/habibahassan/project/install/moveit_msgs/include/moveit_msgs/moveit_msgs/msg/joint_constraint.hpp
[10.627s] -- Up-to-date: /home/habibahassan/project/install/moveit_msgs/include/moveit_msgs/moveit_msgs/msg/planning_scene_components.hpp
[10.631s] -- Up-to-date: /home/habibahassan/project/install/moveit_msgs/include/moveit_msgs/moveit_msgs/msg/link_scale.hpp
[10.632s] -- Up-to-date: /home/habibahassan/project/install/moveit_msgs/include/moveit_msgs/moveit_msgs/msg/planner_interface_description.hpp
[10.633s] -- Up-to-date: /home/habibahassan/project/install/moveit_msgs/include/moveit_msgs/moveit_msgs/msg/servo_status.hpp
[10.633s] -- Up-to-date: /home/habibahassan/project/install/moveit_msgs/include/moveit_msgs/moveit_msgs/msg/motion_sequence_response.hpp
[10.634s] -- Up-to-date: /home/habibahassan/project/install/moveit_msgs/include/moveit_msgs/moveit_msgs/msg/allowed_collision_entry.hpp
[10.635s] -- Up-to-date: /home/habibahassan/project/install/moveit_msgs/include/moveit_msgs/moveit_msgs/msg/orientation_constraint.hpp
[10.636s] -- Up-to-date: /home/habibahassan/project/install/moveit_msgs/include/moveit_msgs/moveit_msgs/msg/cost_source.hpp
[10.636s] -- Up-to-date: /home/habibahassan/project/install/moveit_msgs/include/moveit_msgs/moveit_msgs/msg/rosidl_generator_cpp__visibility_control.hpp
[10.637s] -- Up-to-date: /home/habibahassan/project/install/moveit_msgs/include/moveit_msgs/moveit_msgs/msg/detail
[10.638s] -- Up-to-date: /home/habibahassan/project/install/moveit_msgs/include/moveit_msgs/moveit_msgs/msg/detail/joint_limits__struct.hpp
[10.640s] -- Up-to-date: /home/habibahassan/project/install/moveit_msgs/include/moveit_msgs/moveit_msgs/msg/detail/constraint_eval_result__builder.hpp
[10.641s] -- Up-to-date: /home/habibahassan/project/install/moveit_msgs/include/moveit_msgs/moveit_msgs/msg/detail/place_location__builder.hpp
[10.642s] -- Up-to-date: /home/habibahassan/project/install/moveit_msgs/include/moveit_msgs/moveit_msgs/msg/detail/joint_limits__builder.hpp
[10.643s] -- Up-to-date: /home/habibahassan/project/install/moveit_msgs/include/moveit_msgs/moveit_msgs/msg/detail/motion_sequence_request__traits.hpp
[10.645s] -- Up-to-date: /home/habibahassan/project/install/moveit_msgs/include/moveit_msgs/moveit_msgs/msg/detail/gripper_translation__builder.hpp
[10.645s] -- Up-to-date: /home/habibahassan/project/install/moveit_msgs/include/moveit_msgs/moveit_msgs/msg/detail/joint_limits__type_support.hpp
[10.646s] -- Up-to-date: /home/habibahassan/project/install/moveit_msgs/include/moveit_msgs/moveit_msgs/msg/detail/planning_options__traits.hpp
[10.648s] -- Up-to-date: /home/habibahassan/project/install/moveit_msgs/include/moveit_msgs/moveit_msgs/msg/detail/planner_interface_description__type_support.hpp
[10.648s] -- Up-to-date: /home/habibahassan/project/install/moveit_msgs/include/moveit_msgs/moveit_msgs/msg/detail/allowed_collision_entry__type_support.hpp
[10.649s] -- Up-to-date: /home/habibahassan/project/install/moveit_msgs/include/moveit_msgs/moveit_msgs/msg/detail/orientation_constraint__builder.hpp
[10.650s] -- Up-to-date: /home/habibahassan/project/install/moveit_msgs/include/moveit_msgs/moveit_msgs/msg/detail/position_ik_request__builder.hpp
[10.650s] -- Up-to-date: /home/habibahassan/project/install/moveit_msgs/include/moveit_msgs/moveit_msgs/msg/detail/grasp__type_support.hpp
[10.651s] -- Up-to-date: /home/habibahassan/project/install/moveit_msgs/include/moveit_msgs/moveit_msgs/msg/detail/display_trajectory__traits.hpp
[10.651s] -- Up-to-date: /home/habibahassan/project/install/moveit_msgs/include/moveit_msgs/moveit_msgs/msg/detail/planner_params__type_support.hpp
[10.652s] -- Up-to-date: /home/habibahassan/project/install/moveit_msgs/include/moveit_msgs/moveit_msgs/msg/detail/move_it_error_codes__builder.hpp
[10.653s] -- Up-to-date: /home/habibahassan/project/install/moveit_msgs/include/moveit_msgs/moveit_msgs/msg/detail/grasp__struct.hpp
[10.653s] -- Up-to-date: /home/habibahassan/project/install/moveit_msgs/include/moveit_msgs/moveit_msgs/msg/detail/display_trajectory__builder.hpp
[10.654s] -- Up-to-date: /home/habibahassan/project/install/moveit_msgs/include/moveit_msgs/moveit_msgs/msg/detail/generic_trajectory__traits.hpp
[10.655s] -- Up-to-date: /home/habibahassan/project/install/moveit_msgs/include/moveit_msgs/moveit_msgs/msg/detail/motion_plan_request__builder.hpp
[10.656s] -- Up-to-date: /home/habibahassan/project/install/moveit_msgs/include/moveit_msgs/moveit_msgs/msg/detail/link_padding__traits.hpp
[10.656s] -- Up-to-date: /home/habibahassan/project/install/moveit_msgs/include/moveit_msgs/moveit_msgs/msg/detail/planner_interface_description__traits.hpp
[10.657s] -- Up-to-date: /home/habibahassan/project/install/moveit_msgs/include/moveit_msgs/moveit_msgs/msg/detail/workspace_parameters__type_support.hpp
[10.658s] -- Up-to-date: /home/habibahassan/project/install/moveit_msgs/include/moveit_msgs/moveit_msgs/msg/detail/collision_object__builder.hpp
[10.659s] -- Up-to-date: /home/habibahassan/project/install/moveit_msgs/include/moveit_msgs/moveit_msgs/msg/detail/robot_state__type_support.hpp
[10.659s] -- Up-to-date: /home/habibahassan/project/install/moveit_msgs/include/moveit_msgs/moveit_msgs/msg/detail/robot_state__struct.hpp
[10.660s] -- Up-to-date: /home/habibahassan/project/install/moveit_msgs/include/moveit_msgs/moveit_msgs/msg/detail/object_color__type_support.hpp
[10.661s] -- Up-to-date: /home/habibahassan/project/install/moveit_msgs/include/moveit_msgs/moveit_msgs/msg/detail/motion_sequence_request__builder.hpp
[10.662s] -- Up-to-date: /home/habibahassan/project/install/moveit_msgs/include/moveit_msgs/moveit_msgs/msg/detail/link_padding__struct.hpp
[10.663s] -- Up-to-date: /home/habibahassan/project/install/moveit_msgs/include/moveit_msgs/moveit_msgs/msg/detail/planning_scene_world__builder.hpp
[10.664s] -- Up-to-date: /home/habibahassan/project/install/moveit_msgs/include/moveit_msgs/moveit_msgs/msg/detail/planning_scene__traits.hpp
[10.665s] -- Up-to-date: /home/habibahassan/project/install/moveit_msgs/include/moveit_msgs/moveit_msgs/msg/detail/motion_plan_detailed_response__traits.hpp
[10.674s] -- Up-to-date: /home/habibahassan/project/install/moveit_msgs/include/moveit_msgs/moveit_msgs/msg/detail/planning_options__type_support.hpp
[10.674s] -- Up-to-date: /home/habibahassan/project/install/moveit_msgs/include/moveit_msgs/moveit_msgs/msg/detail/cartesian_trajectory__type_support.hpp
[10.676s] -- Up-to-date: /home/habibahassan/project/install/moveit_msgs/include/moveit_msgs/moveit_msgs/msg/detail/trajectory_constraints__builder.hpp
[10.677s] -- Up-to-date: /home/habibahassan/project/install/moveit_msgs/include/moveit_msgs/moveit_msgs/msg/detail/robot_trajectory__struct.hpp
[10.677s] -- Up-to-date: /home/habibahassan/project/install/moveit_msgs/include/moveit_msgs/moveit_msgs/msg/detail/motion_plan_response__type_support.hpp
[10.678s] -- Up-to-date: /home/habibahassan/project/install/moveit_msgs/include/moveit_msgs/moveit_msgs/msg/detail/collision_object__traits.hpp
[10.679s] -- Up-to-date: /home/habibahassan/project/install/moveit_msgs/include/moveit_msgs/moveit_msgs/msg/detail/planning_scene_world__struct.hpp
[10.680s] -- Up-to-date: /home/habibahassan/project/install/moveit_msgs/include/moveit_msgs/moveit_msgs/msg/detail/allowed_collision_matrix__builder.hpp
[10.680s] -- Up-to-date: /home/habibahassan/project/install/moveit_msgs/include/moveit_msgs/moveit_msgs/msg/detail/orientation_constraint__struct.hpp
[10.681s] -- Up-to-date: /home/habibahassan/project/install/moveit_msgs/include/moveit_msgs/moveit_msgs/msg/detail/robot_state__builder.hpp
[10.682s] -- Up-to-date: /home/habibahassan/project/install/moveit_msgs/include/moveit_msgs/moveit_msgs/msg/detail/oriented_bounding_box__builder.hpp
[10.683s] -- Up-to-date: /home/habibahassan/project/install/moveit_msgs/include/moveit_msgs/moveit_msgs/msg/detail/link_scale__type_support.hpp
[10.683s] -- Up-to-date: /home/habibahassan/project/install/moveit_msgs/include/moveit_msgs/moveit_msgs/msg/detail/planning_scene__type_support.hpp
[10.684s] -- Up-to-date: /home/habibahassan/project/install/moveit_msgs/include/moveit_msgs/moveit_msgs/msg/detail/attached_collision_object__traits.hpp
[10.685s] -- Up-to-date: /home/habibahassan/project/install/moveit_msgs/include/moveit_msgs/moveit_msgs/msg/detail/planning_scene_components__traits.hpp
[10.686s] -- Up-to-date: /home/habibahassan/project/install/moveit_msgs/include/moveit_msgs/moveit_msgs/msg/detail/cartesian_trajectory__traits.hpp
[10.686s] -- Up-to-date: /home/habibahassan/project/install/moveit_msgs/include/moveit_msgs/moveit_msgs/msg/detail/cartesian_trajectory_point__type_support.hpp
[10.687s] -- Up-to-date: /home/habibahassan/project/install/moveit_msgs/include/moveit_msgs/moveit_msgs/msg/detail/motion_plan_request__type_support.hpp
[10.688s] -- Up-to-date: /home/habibahassan/project/install/moveit_msgs/include/moveit_msgs/moveit_msgs/msg/detail/oriented_bounding_box__traits.hpp
[10.689s] -- Up-to-date: /home/habibahassan/project/install/moveit_msgs/include/moveit_msgs/moveit_msgs/msg/detail/motion_plan_detailed_response__type_support.hpp
[10.689s] -- Up-to-date: /home/habibahassan/project/install/moveit_msgs/include/moveit_msgs/moveit_msgs/msg/detail/trajectory_constraints__type_support.hpp
[10.691s] -- Up-to-date: /home/habibahassan/project/install/moveit_msgs/include/moveit_msgs/moveit_msgs/msg/detail/move_it_error_codes__traits.hpp
[10.692s] -- Up-to-date: /home/habibahassan/project/install/moveit_msgs/include/moveit_msgs/moveit_msgs/msg/detail/cost_source__traits.hpp
[10.693s] -- Up-to-date: /home/habibahassan/project/install/moveit_msgs/include/moveit_msgs/moveit_msgs/msg/detail/generic_trajectory__builder.hpp
[10.694s] -- Up-to-date: /home/habibahassan/project/install/moveit_msgs/include/moveit_msgs/moveit_msgs/msg/detail/allowed_collision_matrix__type_support.hpp
[10.694s] -- Up-to-date: /home/habibahassan/project/install/moveit_msgs/include/moveit_msgs/moveit_msgs/msg/detail/planner_params__builder.hpp
[10.695s] -- Up-to-date: /home/habibahassan/project/install/moveit_msgs/include/moveit_msgs/moveit_msgs/msg/detail/contact_information__type_support.hpp
[10.696s] -- Up-to-date: /home/habibahassan/project/install/moveit_msgs/include/moveit_msgs/moveit_msgs/msg/detail/position_constraint__type_support.hpp
[10.697s] -- Up-to-date: /home/habibahassan/project/install/moveit_msgs/include/moveit_msgs/moveit_msgs/msg/detail/cartesian_trajectory_point__traits.hpp
[10.698s] -- Up-to-date: /home/habibahassan/project/install/moveit_msgs/include/moveit_msgs/moveit_msgs/msg/detail/trajectory_constraints__traits.hpp
[10.699s] -- Up-to-date: /home/habibahassan/project/install/moveit_msgs/include/moveit_msgs/moveit_msgs/msg/detail/grasp__builder.hpp
[10.699s] -- Up-to-date: /home/habibahassan/project/install/moveit_msgs/include/moveit_msgs/moveit_msgs/msg/detail/constraint_eval_result__type_support.hpp
[10.700s] -- Up-to-date: /home/habibahassan/project/install/moveit_msgs/include/moveit_msgs/moveit_msgs/msg/detail/visibility_constraint__traits.hpp
[10.701s] -- Up-to-date: /home/habibahassan/project/install/moveit_msgs/include/moveit_msgs/moveit_msgs/msg/detail/cost_source__builder.hpp
[10.701s] -- Up-to-date: /home/habibahassan/project/install/moveit_msgs/include/moveit_msgs/moveit_msgs/msg/detail/collision_object__type_support.hpp
[10.702s] -- Up-to-date: /home/habibahassan/project/install/moveit_msgs/include/moveit_msgs/moveit_msgs/msg/detail/visibility_constraint__type_support.hpp
[10.703s] -- Up-to-date: /home/habibahassan/project/install/moveit_msgs/include/moveit_msgs/moveit_msgs/msg/detail/link_scale__traits.hpp
[10.703s] -- Up-to-date: /home/habibahassan/project/install/moveit_msgs/include/moveit_msgs/moveit_msgs/msg/detail/move_it_error_codes__struct.hpp
[10.704s] -- Up-to-date: /home/habibahassan/project/install/moveit_msgs/include/moveit_msgs/moveit_msgs/msg/detail/display_robot_state__struct.hpp
[10.705s] -- Up-to-date: /home/habibahassan/project/install/moveit_msgs/include/moveit_msgs/moveit_msgs/msg/detail/motion_plan_detailed_response__struct.hpp
[10.705s] -- Up-to-date: /home/habibahassan/project/install/moveit_msgs/include/moveit_msgs/moveit_msgs/msg/detail/motion_sequence_response__type_support.hpp
[10.711s] -- Up-to-date: /home/habibahassan/project/install/moveit_msgs/include/moveit_msgs/moveit_msgs/msg/detail/planning_scene_components__struct.hpp
[10.712s] -- Up-to-date: /home/habibahassan/project/install/moveit_msgs/include/moveit_msgs/moveit_msgs/msg/detail/allowed_collision_entry__traits.hpp
[10.713s] -- Up-to-date: /home/habibahassan/project/install/moveit_msgs/include/moveit_msgs/moveit_msgs/msg/detail/constraints__builder.hpp
[10.714s] -- Up-to-date: /home/habibahassan/project/install/moveit_msgs/include/moveit_msgs/moveit_msgs/msg/detail/display_robot_state__builder.hpp
[10.715s] -- Up-to-date: /home/habibahassan/project/install/moveit_msgs/include/moveit_msgs/moveit_msgs/msg/detail/contact_information__builder.hpp
[10.716s] -- Up-to-date: /home/habibahassan/project/install/moveit_msgs/include/moveit_msgs/moveit_msgs/msg/detail/motion_sequence_item__builder.hpp
[10.716s] -- Up-to-date: /home/habibahassan/project/install/moveit_msgs/include/moveit_msgs/moveit_msgs/msg/detail/display_robot_state__traits.hpp
[10.717s] -- Up-to-date: /home/habibahassan/project/install/moveit_msgs/include/moveit_msgs/moveit_msgs/msg/detail/place_location__traits.hpp
[10.718s] -- Up-to-date: /home/habibahassan/project/install/moveit_msgs/include/moveit_msgs/moveit_msgs/msg/detail/planning_scene_world__traits.hpp
[10.719s] -- Up-to-date: /home/habibahassan/project/install/moveit_msgs/include/moveit_msgs/moveit_msgs/msg/detail/motion_plan_response__traits.hpp
[10.721s] -- Up-to-date: /home/habibahassan/project/install/moveit_msgs/include/moveit_msgs/moveit_msgs/msg/detail/display_trajectory__type_support.hpp
[10.721s] -- Up-to-date: /home/habibahassan/project/install/moveit_msgs/include/moveit_msgs/moveit_msgs/msg/detail/position_constraint__builder.hpp
[10.722s] -- Up-to-date: /home/habibahassan/project/install/moveit_msgs/include/moveit_msgs/moveit_msgs/msg/detail/bounding_volume__type_support.hpp
[10.723s] -- Up-to-date: /home/habibahassan/project/install/moveit_msgs/include/moveit_msgs/moveit_msgs/msg/detail/display_robot_state__type_support.hpp
[10.723s] -- Up-to-date: /home/habibahassan/project/install/moveit_msgs/include/moveit_msgs/moveit_msgs/msg/detail/place_location__struct.hpp
[10.724s] -- Up-to-date: /home/habibahassan/project/install/moveit_msgs/include/moveit_msgs/moveit_msgs/msg/detail/position_constraint__traits.hpp
[10.726s] -- Up-to-date: /home/habibahassan/project/install/moveit_msgs/include/moveit_msgs/moveit_msgs/msg/detail/planning_scene_components__type_support.hpp
[10.727s] -- Up-to-date: /home/habibahassan/project/install/moveit_msgs/include/moveit_msgs/moveit_msgs/msg/detail/kinematic_solver_info__type_support.hpp
[10.729s] -- Up-to-date: /home/habibahassan/project/install/moveit_msgs/include/moveit_msgs/moveit_msgs/msg/detail/contact_information__traits.hpp
[10.730s] -- Up-to-date: /home/habibahassan/project/install/moveit_msgs/include/moveit_msgs/moveit_msgs/msg/detail/allowed_collision_matrix__traits.hpp
[10.730s] -- Up-to-date: /home/habibahassan/project/install/moveit_msgs/include/moveit_msgs/moveit_msgs/msg/detail/cartesian_trajectory_point__builder.hpp
[10.731s] -- Up-to-date: /home/habibahassan/project/install/moveit_msgs/include/moveit_msgs/moveit_msgs/msg/detail/workspace_parameters__builder.hpp
[10.731s] -- Up-to-date: /home/habibahassan/project/install/moveit_msgs/include/moveit_msgs/moveit_msgs/msg/detail/link_scale__builder.hpp
[10.732s] -- Up-to-date: /home/habibahassan/project/install/moveit_msgs/include/moveit_msgs/moveit_msgs/msg/detail/object_color__builder.hpp
[10.733s] -- Up-to-date: /home/habibahassan/project/install/moveit_msgs/include/moveit_msgs/moveit_msgs/msg/detail/pipeline_state__struct.hpp
[10.734s] -- Up-to-date: /home/habibahassan/project/install/moveit_msgs/include/moveit_msgs/moveit_msgs/msg/detail/cartesian_point__struct.hpp
[10.734s] -- Up-to-date: /home/habibahassan/project/install/moveit_msgs/include/moveit_msgs/moveit_msgs/msg/detail/bounding_volume__struct.hpp
[10.735s] -- Up-to-date: /home/habibahassan/project/install/moveit_msgs/include/moveit_msgs/moveit_msgs/msg/detail/planning_scene__struct.hpp
[10.736s] -- Up-to-date: /home/habibahassan/project/install/moveit_msgs/include/moveit_msgs/moveit_msgs/msg/detail/servo_status__type_support.hpp
[10.737s] -- Up-to-date: /home/habibahassan/project/install/moveit_msgs/include/moveit_msgs/moveit_msgs/msg/detail/cost_source__type_support.hpp
[10.737s] -- Up-to-date: /home/habibahassan/project/install/moveit_msgs/include/moveit_msgs/moveit_msgs/msg/detail/planning_options__struct.hpp
[10.738s] -- Up-to-date: /home/habibahassan/project/install/moveit_msgs/include/moveit_msgs/moveit_msgs/msg/detail/display_trajectory__struct.hpp
[10.739s] -- Up-to-date: /home/habibahassan/project/install/moveit_msgs/include/moveit_msgs/moveit_msgs/msg/detail/motion_plan_request__traits.hpp
[10.739s] -- Up-to-date: /home/habibahassan/project/install/moveit_msgs/include/moveit_msgs/moveit_msgs/msg/detail/attached_collision_object__struct.hpp
[10.740s] -- Up-to-date: /home/habibahassan/project/install/moveit_msgs/include/moveit_msgs/moveit_msgs/msg/detail/cartesian_point__type_support.hpp
[10.740s] -- Up-to-date: /home/habibahassan/project/install/moveit_msgs/include/moveit_msgs/moveit_msgs/msg/detail/joint_constraint__traits.hpp
[10.741s] -- Up-to-date: /home/habibahassan/project/install/moveit_msgs/include/moveit_msgs/moveit_msgs/msg/detail/gripper_translation__traits.hpp
[10.742s] -- Up-to-date: /home/habibahassan/project/install/moveit_msgs/include/moveit_msgs/moveit_msgs/msg/detail/collision_object__struct.hpp
[10.744s] -- Up-to-date: /home/habibahassan/project/install/moveit_msgs/include/moveit_msgs/moveit_msgs/msg/detail/motion_plan_response__builder.hpp
[10.745s] -- Up-to-date: /home/habibahassan/project/install/moveit_msgs/include/moveit_msgs/moveit_msgs/msg/detail/position_ik_request__struct.hpp
[10.746s] -- Up-to-date: /home/habibahassan/project/install/moveit_msgs/include/moveit_msgs/moveit_msgs/msg/detail/grasp__traits.hpp
[10.746s] -- Up-to-date: /home/habibahassan/project/install/moveit_msgs/include/moveit_msgs/moveit_msgs/msg/detail/pipeline_state__type_support.hpp
[10.747s] -- Up-to-date: /home/habibahassan/project/install/moveit_msgs/include/moveit_msgs/moveit_msgs/msg/detail/bounding_volume__builder.hpp
[10.747s] -- Up-to-date: /home/habibahassan/project/install/moveit_msgs/include/moveit_msgs/moveit_msgs/msg/detail/workspace_parameters__struct.hpp
[10.748s] -- Up-to-date: /home/habibahassan/project/install/moveit_msgs/include/moveit_msgs/moveit_msgs/msg/detail/cartesian_trajectory_point__struct.hpp
[10.749s] -- Up-to-date: /home/habibahassan/project/install/moveit_msgs/include/moveit_msgs/moveit_msgs/msg/detail/cartesian_point__traits.hpp
[10.749s] -- Up-to-date: /home/habibahassan/project/install/moveit_msgs/include/moveit_msgs/moveit_msgs/msg/detail/motion_sequence_item__struct.hpp
[10.750s] -- Up-to-date: /home/habibahassan/project/install/moveit_msgs/include/moveit_msgs/moveit_msgs/msg/detail/pipeline_state__traits.hpp
[10.750s] -- Up-to-date: /home/habibahassan/project/install/moveit_msgs/include/moveit_msgs/moveit_msgs/msg/detail/planner_params__struct.hpp
[10.751s] -- Up-to-date: /home/habibahassan/project/install/moveit_msgs/include/moveit_msgs/moveit_msgs/msg/detail/constraints__struct.hpp
[10.751s] -- Up-to-date: /home/habibahassan/project/install/moveit_msgs/include/moveit_msgs/moveit_msgs/msg/detail/servo_status__struct.hpp
[10.752s] -- Up-to-date: /home/habibahassan/project/install/moveit_msgs/include/moveit_msgs/moveit_msgs/msg/detail/planning_scene_world__type_support.hpp
[10.752s] -- Up-to-date: /home/habibahassan/project/install/moveit_msgs/include/moveit_msgs/moveit_msgs/msg/detail/allowed_collision_entry__struct.hpp
[10.753s] -- Up-to-date: /home/habibahassan/project/install/moveit_msgs/include/moveit_msgs/moveit_msgs/msg/detail/constraints__type_support.hpp
[10.753s] -- Up-to-date: /home/habibahassan/project/install/moveit_msgs/include/moveit_msgs/moveit_msgs/msg/detail/bounding_volume__traits.hpp
[10.754s] -- Up-to-date: /home/habibahassan/project/install/moveit_msgs/include/moveit_msgs/moveit_msgs/msg/detail/allowed_collision_entry__builder.hpp
[10.754s] -- Up-to-date: /home/habibahassan/project/install/moveit_msgs/include/moveit_msgs/moveit_msgs/msg/detail/motion_plan_detailed_response__builder.hpp
[10.755s] -- Up-to-date: /home/habibahassan/project/install/moveit_msgs/include/moveit_msgs/moveit_msgs/msg/detail/object_color__struct.hpp
[10.755s] -- Up-to-date: /home/habibahassan/project/install/moveit_msgs/include/moveit_msgs/moveit_msgs/msg/detail/position_constraint__struct.hpp
[10.756s] -- Up-to-date: /home/habibahassan/project/install/moveit_msgs/include/moveit_msgs/moveit_msgs/msg/detail/motion_plan_request__struct.hpp
[10.756s] -- Up-to-date: /home/habibahassan/project/install/moveit_msgs/include/moveit_msgs/moveit_msgs/msg/detail/servo_status__builder.hpp
[10.757s] -- Up-to-date: /home/habibahassan/project/install/moveit_msgs/include/moveit_msgs/moveit_msgs/msg/detail/planner_params__traits.hpp
[10.758s] -- Up-to-date: /home/habibahassan/project/install/moveit_msgs/include/moveit_msgs/moveit_msgs/msg/detail/constraints__traits.hpp
[10.758s] -- Up-to-date: /home/habibahassan/project/install/moveit_msgs/include/moveit_msgs/moveit_msgs/msg/detail/generic_trajectory__struct.hpp
[10.759s] -- Up-to-date: /home/habibahassan/project/install/moveit_msgs/include/moveit_msgs/moveit_msgs/msg/detail/kinematic_solver_info__struct.hpp
[10.760s] -- Up-to-date: /home/habibahassan/project/install/moveit_msgs/include/moveit_msgs/moveit_msgs/msg/detail/joint_limits__traits.hpp
[10.761s] -- Up-to-date: /home/habibahassan/project/install/moveit_msgs/include/moveit_msgs/moveit_msgs/msg/detail/joint_constraint__type_support.hpp
[10.761s] -- Up-to-date: /home/habibahassan/project/install/moveit_msgs/include/moveit_msgs/moveit_msgs/msg/detail/orientation_constraint__type_support.hpp
[10.762s] -- Up-to-date: /home/habibahassan/project/install/moveit_msgs/include/moveit_msgs/moveit_msgs/msg/detail/motion_plan_response__struct.hpp
[10.763s] -- Up-to-date: /home/habibahassan/project/install/moveit_msgs/include/moveit_msgs/moveit_msgs/msg/detail/link_padding__type_support.hpp
[10.763s] -- Up-to-date: /home/habibahassan/project/install/moveit_msgs/include/moveit_msgs/moveit_msgs/msg/detail/allowed_collision_matrix__struct.hpp
[10.764s] -- Up-to-date: /home/habibahassan/project/install/moveit_msgs/include/moveit_msgs/moveit_msgs/msg/detail/kinematic_solver_info__traits.hpp
[10.765s] -- Up-to-date: /home/habibahassan/project/install/moveit_msgs/include/moveit_msgs/moveit_msgs/msg/detail/attached_collision_object__builder.hpp
[10.765s] -- Up-to-date: /home/habibahassan/project/install/moveit_msgs/include/moveit_msgs/moveit_msgs/msg/detail/workspace_parameters__traits.hpp
[10.766s] -- Up-to-date: /home/habibahassan/project/install/moveit_msgs/include/moveit_msgs/moveit_msgs/msg/detail/move_it_error_codes__type_support.hpp
[10.766s] -- Up-to-date: /home/habibahassan/project/install/moveit_msgs/include/moveit_msgs/moveit_msgs/msg/detail/robot_trajectory__traits.hpp
[10.767s] -- Up-to-date: /home/habibahassan/project/install/moveit_msgs/include/moveit_msgs/moveit_msgs/msg/detail/gripper_translation__type_support.hpp
[10.767s] -- Up-to-date: /home/habibahassan/project/install/moveit_msgs/include/moveit_msgs/moveit_msgs/msg/detail/oriented_bounding_box__struct.hpp
[10.768s] -- Up-to-date: /home/habibahassan/project/install/moveit_msgs/include/moveit_msgs/moveit_msgs/msg/detail/robot_trajectory__type_support.hpp
[10.769s] -- Up-to-date: /home/habibahassan/project/install/moveit_msgs/include/moveit_msgs/moveit_msgs/msg/detail/visibility_constraint__builder.hpp
[10.769s] -- Up-to-date: /home/habibahassan/project/install/moveit_msgs/include/moveit_msgs/moveit_msgs/msg/detail/motion_sequence_request__struct.hpp
[10.770s] -- Up-to-date: /home/habibahassan/project/install/moveit_msgs/include/moveit_msgs/moveit_msgs/msg/detail/orientation_constraint__traits.hpp
[10.771s] -- Up-to-date: /home/habibahassan/project/install/moveit_msgs/include/moveit_msgs/moveit_msgs/msg/detail/object_color__traits.hpp
[10.772s] -- Up-to-date: /home/habibahassan/project/install/moveit_msgs/include/moveit_msgs/moveit_msgs/msg/detail/planning_scene__builder.hpp
[10.772s] -- Up-to-date: /home/habibahassan/project/install/moveit_msgs/include/moveit_msgs/moveit_msgs/msg/detail/cartesian_point__builder.hpp
[10.773s] -- Up-to-date: /home/habibahassan/project/install/moveit_msgs/include/moveit_msgs/moveit_msgs/msg/detail/planner_interface_description__builder.hpp
[10.774s] -- Up-to-date: /home/habibahassan/project/install/moveit_msgs/include/moveit_msgs/moveit_msgs/msg/detail/cartesian_trajectory__builder.hpp
[10.774s] -- Up-to-date: /home/habibahassan/project/install/moveit_msgs/include/moveit_msgs/moveit_msgs/msg/detail/planning_scene_components__builder.hpp
[10.775s] -- Up-to-date: /home/habibahassan/project/install/moveit_msgs/include/moveit_msgs/moveit_msgs/msg/detail/robot_state__traits.hpp
[10.776s] -- Up-to-date: /home/habibahassan/project/install/moveit_msgs/include/moveit_msgs/moveit_msgs/msg/detail/joint_constraint__struct.hpp
[10.777s] -- Up-to-date: /home/habibahassan/project/install/moveit_msgs/include/moveit_msgs/moveit_msgs/msg/detail/planning_options__builder.hpp
[10.777s] -- Up-to-date: /home/habibahassan/project/install/moveit_msgs/include/moveit_msgs/moveit_msgs/msg/detail/robot_trajectory__builder.hpp
[10.778s] -- Up-to-date: /home/habibahassan/project/install/moveit_msgs/include/moveit_msgs/moveit_msgs/msg/detail/planner_interface_description__struct.hpp
[10.778s] -- Up-to-date: /home/habibahassan/project/install/moveit_msgs/include/moveit_msgs/moveit_msgs/msg/detail/position_ik_request__type_support.hpp
[10.779s] -- Up-to-date: /home/habibahassan/project/install/moveit_msgs/include/moveit_msgs/moveit_msgs/msg/detail/joint_constraint__builder.hpp
[10.780s] -- Up-to-date: /home/habibahassan/project/install/moveit_msgs/include/moveit_msgs/moveit_msgs/msg/detail/motion_sequence_item__type_support.hpp
[10.780s] -- Up-to-date: /home/habibahassan/project/install/moveit_msgs/include/moveit_msgs/moveit_msgs/msg/detail/position_ik_request__traits.hpp
[10.781s] -- Up-to-date: /home/habibahassan/project/install/moveit_msgs/include/moveit_msgs/moveit_msgs/msg/detail/generic_trajectory__type_support.hpp
[10.781s] -- Up-to-date: /home/habibahassan/project/install/moveit_msgs/include/moveit_msgs/moveit_msgs/msg/detail/trajectory_constraints__struct.hpp
[10.782s] -- Up-to-date: /home/habibahassan/project/install/moveit_msgs/include/moveit_msgs/moveit_msgs/msg/detail/link_padding__builder.hpp
[10.783s] -- Up-to-date: /home/habibahassan/project/install/moveit_msgs/include/moveit_msgs/moveit_msgs/msg/detail/motion_sequence_request__type_support.hpp
[10.783s] -- Up-to-date: /home/habibahassan/project/install/moveit_msgs/include/moveit_msgs/moveit_msgs/msg/detail/servo_status__traits.hpp
[10.784s] -- Up-to-date: /home/habibahassan/project/install/moveit_msgs/include/moveit_msgs/moveit_msgs/msg/detail/constraint_eval_result__traits.hpp
[10.784s] -- Up-to-date: /home/habibahassan/project/install/moveit_msgs/include/moveit_msgs/moveit_msgs/msg/detail/visibility_constraint__struct.hpp
[10.785s] -- Up-to-date: /home/habibahassan/project/install/moveit_msgs/include/moveit_msgs/moveit_msgs/msg/detail/constraint_eval_result__struct.hpp
[10.785s] -- Up-to-date: /home/habibahassan/project/install/moveit_msgs/include/moveit_msgs/moveit_msgs/msg/detail/motion_sequence_response__traits.hpp
[10.789s] -- Up-to-date: /home/habibahassan/project/install/moveit_msgs/include/moveit_msgs/moveit_msgs/msg/detail/motion_sequence_item__traits.hpp
[10.790s] -- Up-to-date: /home/habibahassan/project/install/moveit_msgs/include/moveit_msgs/moveit_msgs/msg/detail/place_location__type_support.hpp
[10.792s] -- Up-to-date: /home/habibahassan/project/install/moveit_msgs/include/moveit_msgs/moveit_msgs/msg/detail/motion_sequence_response__struct.hpp
[10.793s] -- Up-to-date: /home/habibahassan/project/install/moveit_msgs/include/moveit_msgs/moveit_msgs/msg/detail/gripper_translation__struct.hpp
[10.793s] -- Up-to-date: /home/habibahassan/project/install/moveit_msgs/include/moveit_msgs/moveit_msgs/msg/detail/pipeline_state__builder.hpp
[10.794s] -- Up-to-date: /home/habibahassan/project/install/moveit_msgs/include/moveit_msgs/moveit_msgs/msg/detail/link_scale__struct.hpp
[10.795s] -- Up-to-date: /home/habibahassan/project/install/moveit_msgs/include/moveit_msgs/moveit_msgs/msg/detail/oriented_bounding_box__type_support.hpp
[10.797s] -- Up-to-date: /home/habibahassan/project/install/moveit_msgs/include/moveit_msgs/moveit_msgs/msg/detail/cartesian_trajectory__struct.hpp
[10.798s] -- Up-to-date: /home/habibahassan/project/install/moveit_msgs/include/moveit_msgs/moveit_msgs/msg/detail/cost_source__struct.hpp
[10.799s] -- Up-to-date: /home/habibahassan/project/install/moveit_msgs/include/moveit_msgs/moveit_msgs/msg/detail/contact_information__struct.hpp
[10.800s] -- Up-to-date: /home/habibahassan/project/install/moveit_msgs/include/moveit_msgs/moveit_msgs/msg/detail/attached_collision_object__type_support.hpp
[10.801s] -- Up-to-date: /home/habibahassan/project/install/moveit_msgs/include/moveit_msgs/moveit_msgs/msg/detail/kinematic_solver_info__builder.hpp
[10.802s] -- Up-to-date: /home/habibahassan/project/install/moveit_msgs/include/moveit_msgs/moveit_msgs/msg/detail/motion_sequence_response__builder.hpp
[10.803s] -- Up-to-date: /home/habibahassan/project/install/moveit_msgs/include/moveit_msgs/moveit_msgs/msg/oriented_bounding_box.hpp
[10.804s] -- Up-to-date: /home/habibahassan/project/install/moveit_msgs/include/moveit_msgs/moveit_msgs/msg/workspace_parameters.hpp
[10.804s] -- Up-to-date: /home/habibahassan/project/install/moveit_msgs/include/moveit_msgs/moveit_msgs/msg/planning_scene_world.hpp
[10.805s] -- Up-to-date: /home/habibahassan/project/install/moveit_msgs/include/moveit_msgs/moveit_msgs/msg/motion_plan_response.hpp
[10.805s] -- Up-to-date: /home/habibahassan/project/install/moveit_msgs/include/moveit_msgs/moveit_msgs/msg/allowed_collision_matrix.hpp
[10.806s] -- Up-to-date: /home/habibahassan/project/install/moveit_msgs/include/moveit_msgs/moveit_msgs/msg/pipeline_state.hpp
[10.807s] -- Up-to-date: /home/habibahassan/project/install/moveit_msgs/include/moveit_msgs/moveit_msgs/msg/trajectory_constraints.hpp
[10.810s] -- Up-to-date: /home/habibahassan/project/install/moveit_msgs/include/moveit_msgs/moveit_msgs/msg/motion_sequence_request.hpp
[10.812s] -- Up-to-date: /home/habibahassan/project/install/moveit_msgs/include/moveit_msgs/moveit_msgs/msg/robot_state.hpp
[10.813s] -- Up-to-date: /home/habibahassan/project/install/moveit_msgs/include/moveit_msgs/moveit_msgs/msg/object_color.hpp
[10.814s] -- Up-to-date: /home/habibahassan/project/install/moveit_msgs/include/moveit_msgs/moveit_msgs/msg/planning_options.hpp
[10.814s] -- Up-to-date: /home/habibahassan/project/install/moveit_msgs/include/moveit_msgs/moveit_msgs/msg/bounding_volume.hpp
[10.815s] -- Up-to-date: /home/habibahassan/project/install/moveit_msgs/include/moveit_msgs/moveit_msgs/msg/constraint_eval_result.hpp
[10.816s] -- Up-to-date: /home/habibahassan/project/install/moveit_msgs/include/moveit_msgs/moveit_msgs/msg/cartesian_trajectory.hpp
[10.816s] -- Up-to-date: /home/habibahassan/project/install/moveit_msgs/include/moveit_msgs/moveit_msgs/msg/position_constraint.hpp
[10.817s] -- Up-to-date: /home/habibahassan/project/install/moveit_msgs/include/moveit_msgs/moveit_msgs/msg/motion_plan_request.hpp
[10.818s] -- Up-to-date: /home/habibahassan/project/install/moveit_msgs/include/moveit_msgs/moveit_msgs/msg/link_padding.hpp
[10.819s] -- Up-to-date: /home/habibahassan/project/install/moveit_msgs/include/moveit_msgs/moveit_msgs/msg/motion_sequence_item.hpp
[10.819s] -- Up-to-date: /home/habibahassan/project/install/moveit_msgs/include/moveit_msgs/moveit_msgs/msg/place_location.hpp
[10.820s] -- Up-to-date: /home/habibahassan/project/install/moveit_msgs/include/moveit_msgs/moveit_msgs
[10.821s] -- Up-to-date: /home/habibahassan/project/install/moveit_msgs/include/moveit_msgs/moveit_msgs/srv
[10.821s] -- Up-to-date: /home/habibahassan/project/install/moveit_msgs/include/moveit_msgs/moveit_msgs/srv/detail
[10.822s] -- Up-to-date: /home/habibahassan/project/install/moveit_msgs/include/moveit_msgs/moveit_msgs/srv/detail/apply_planning_scene__rosidl_typesupport_fastrtps_cpp.hpp
[10.823s] -- Up-to-date: /home/habibahassan/project/install/moveit_msgs/include/moveit_msgs/moveit_msgs/srv/detail/save_geometry_to_file__rosidl_typesupport_fastrtps_cpp.hpp
[10.827s] -- Up-to-date: /home/habibahassan/project/install/moveit_msgs/include/moveit_msgs/moveit_msgs/srv/detail/check_if_robot_state_exists_in_warehouse__rosidl_typesupport_fastrtps_cpp.hpp
[10.831s] -- Up-to-date: /home/habibahassan/project/install/moveit_msgs/include/moveit_msgs/moveit_msgs/srv/detail/get_position_ik__rosidl_typesupport_fastrtps_cpp.hpp
[10.831s] -- Up-to-date: /home/habibahassan/project/install/moveit_msgs/include/moveit_msgs/moveit_msgs/srv/detail/get_cartesian_path__rosidl_typesupport_fastrtps_cpp.hpp
[10.832s] -- Up-to-date: /home/habibahassan/project/install/moveit_msgs/include/moveit_msgs/moveit_msgs/srv/detail/servo_command_type__rosidl_typesupport_fastrtps_cpp.hpp
[10.832s] -- Up-to-date: /home/habibahassan/project/install/moveit_msgs/include/moveit_msgs/moveit_msgs/srv/detail/get_group_urdf__rosidl_typesupport_fastrtps_cpp.hpp
[10.833s] -- Up-to-date: /home/habibahassan/project/install/moveit_msgs/include/moveit_msgs/moveit_msgs/srv/detail/get_motion_plan__rosidl_typesupport_fastrtps_cpp.hpp
[10.833s] -- Up-to-date: /home/habibahassan/project/install/moveit_msgs/include/moveit_msgs/moveit_msgs/srv/detail/query_planner_interfaces__rosidl_typesupport_fastrtps_cpp.hpp
[10.834s] -- Up-to-date: /home/habibahassan/project/install/moveit_msgs/include/moveit_msgs/moveit_msgs/srv/detail/get_planner_params__rosidl_typesupport_fastrtps_cpp.hpp
[10.834s] -- Up-to-date: /home/habibahassan/project/install/moveit_msgs/include/moveit_msgs/moveit_msgs/srv/detail/save_robot_state_to_warehouse__rosidl_typesupport_fastrtps_cpp.hpp
[10.835s] -- Up-to-date: /home/habibahassan/project/install/moveit_msgs/include/moveit_msgs/moveit_msgs/srv/detail/delete_robot_state_from_warehouse__rosidl_typesupport_fastrtps_cpp.hpp
[10.835s] -- Up-to-date: /home/habibahassan/project/install/moveit_msgs/include/moveit_msgs/moveit_msgs/srv/detail/get_motion_sequence__rosidl_typesupport_fastrtps_cpp.hpp
[10.835s] -- Up-to-date: /home/habibahassan/project/install/moveit_msgs/include/moveit_msgs/moveit_msgs/srv/detail/load_map__rosidl_typesupport_fastrtps_cpp.hpp
[10.836s] -- Up-to-date: /home/habibahassan/project/install/moveit_msgs/include/moveit_msgs/moveit_msgs/srv/detail/get_state_validity__rosidl_typesupport_fastrtps_cpp.hpp
[10.836s] -- Up-to-date: /home/habibahassan/project/install/moveit_msgs/include/moveit_msgs/moveit_msgs/srv/detail/save_map__rosidl_typesupport_fastrtps_cpp.hpp
[10.837s] -- Up-to-date: /home/habibahassan/project/install/moveit_msgs/include/moveit_msgs/moveit_msgs/srv/detail/update_pointcloud_octomap__rosidl_typesupport_fastrtps_cpp.hpp
[10.838s] -- Up-to-date: /home/habibahassan/project/install/moveit_msgs/include/moveit_msgs/moveit_msgs/srv/detail/load_geometry_from_file__rosidl_typesupport_fastrtps_cpp.hpp
[10.838s] -- Up-to-date: /home/habibahassan/project/install/moveit_msgs/include/moveit_msgs/moveit_msgs/srv/detail/get_position_fk__rosidl_typesupport_fastrtps_cpp.hpp
[10.839s] -- Up-to-date: /home/habibahassan/project/install/moveit_msgs/include/moveit_msgs/moveit_msgs/srv/detail/grasp_planning__rosidl_typesupport_fastrtps_cpp.hpp
[10.839s] -- Up-to-date: /home/habibahassan/project/install/moveit_msgs/include/moveit_msgs/moveit_msgs/srv/detail/set_planner_params__rosidl_typesupport_fastrtps_cpp.hpp
[10.839s] -- Up-to-date: /home/habibahassan/project/install/moveit_msgs/include/moveit_msgs/moveit_msgs/srv/detail/list_robot_states_in_warehouse__rosidl_typesupport_fastrtps_cpp.hpp
[10.840s] -- Up-to-date: /home/habibahassan/project/install/moveit_msgs/include/moveit_msgs/moveit_msgs/srv/detail/get_robot_state_from_warehouse__rosidl_typesupport_fastrtps_cpp.hpp
[10.840s] -- Up-to-date: /home/habibahassan/project/install/moveit_msgs/include/moveit_msgs/moveit_msgs/srv/detail/get_planning_scene__rosidl_typesupport_fastrtps_cpp.hpp
[10.841s] -- Up-to-date: /home/habibahassan/project/install/moveit_msgs/include/moveit_msgs/moveit_msgs/srv/detail/dds_fastrtps
[10.846s] -- Up-to-date: /home/habibahassan/project/install/moveit_msgs/include/moveit_msgs/moveit_msgs/srv/detail/rename_robot_state_in_warehouse__rosidl_typesupport_fastrtps_cpp.hpp
[10.850s] -- Up-to-date: /home/habibahassan/project/install/moveit_msgs/include/moveit_msgs/moveit_msgs/action
[10.850s] -- Up-to-date: /home/habibahassan/project/install/moveit_msgs/include/moveit_msgs/moveit_msgs/action/detail
[10.851s] -- Up-to-date: /home/habibahassan/project/install/moveit_msgs/include/moveit_msgs/moveit_msgs/action/detail/execute_trajectory__rosidl_typesupport_fastrtps_cpp.hpp
[10.851s] -- Up-to-date: /home/habibahassan/project/install/moveit_msgs/include/moveit_msgs/moveit_msgs/action/detail/local_planner__rosidl_typesupport_fastrtps_cpp.hpp
[10.851s] -- Up-to-date: /home/habibahassan/project/install/moveit_msgs/include/moveit_msgs/moveit_msgs/action/detail/move_group__rosidl_typesupport_fastrtps_cpp.hpp
[10.852s] -- Up-to-date: /home/habibahassan/project/install/moveit_msgs/include/moveit_msgs/moveit_msgs/action/detail/move_group_sequence__rosidl_typesupport_fastrtps_cpp.hpp
[10.852s] -- Up-to-date: /home/habibahassan/project/install/moveit_msgs/include/moveit_msgs/moveit_msgs/action/detail/place__rosidl_typesupport_fastrtps_cpp.hpp
[10.853s] -- Up-to-date: /home/habibahassan/project/install/moveit_msgs/include/moveit_msgs/moveit_msgs/action/detail/hybrid_planner__rosidl_typesupport_fastrtps_cpp.hpp
[10.853s] -- Up-to-date: /home/habibahassan/project/install/moveit_msgs/include/moveit_msgs/moveit_msgs/action/detail/global_planner__rosidl_typesupport_fastrtps_cpp.hpp
[10.854s] -- Up-to-date: /home/habibahassan/project/install/moveit_msgs/include/moveit_msgs/moveit_msgs/action/detail/pickup__rosidl_typesupport_fastrtps_cpp.hpp
[10.855s] -- Up-to-date: /home/habibahassan/project/install/moveit_msgs/include/moveit_msgs/moveit_msgs/action/detail/dds_fastrtps
[10.855s] -- Up-to-date: /home/habibahassan/project/install/moveit_msgs/include/moveit_msgs/moveit_msgs/msg
[10.855s] -- Up-to-date: /home/habibahassan/project/install/moveit_msgs/include/moveit_msgs/moveit_msgs/msg/rosidl_typesupport_fastrtps_cpp__visibility_control.h
[10.856s] -- Up-to-date: /home/habibahassan/project/install/moveit_msgs/include/moveit_msgs/moveit_msgs/msg/detail
[10.856s] -- Up-to-date: /home/habibahassan/project/install/moveit_msgs/include/moveit_msgs/moveit_msgs/msg/detail/bounding_volume__rosidl_typesupport_fastrtps_cpp.hpp
[10.857s] -- Up-to-date: /home/habibahassan/project/install/moveit_msgs/include/moveit_msgs/moveit_msgs/msg/detail/joint_limits__rosidl_typesupport_fastrtps_cpp.hpp
[10.858s] -- Up-to-date: /home/habibahassan/project/install/moveit_msgs/include/moveit_msgs/moveit_msgs/msg/detail/place_location__rosidl_typesupport_fastrtps_cpp.hpp
[10.859s] -- Up-to-date: /home/habibahassan/project/install/moveit_msgs/include/moveit_msgs/moveit_msgs/msg/detail/object_color__rosidl_typesupport_fastrtps_cpp.hpp
[10.862s] -- Up-to-date: /home/habibahassan/project/install/moveit_msgs/include/moveit_msgs/moveit_msgs/msg/detail/joint_constraint__rosidl_typesupport_fastrtps_cpp.hpp
[10.863s] -- Up-to-date: /home/habibahassan/project/install/moveit_msgs/include/moveit_msgs/moveit_msgs/msg/detail/constraint_eval_result__rosidl_typesupport_fastrtps_cpp.hpp
[10.864s] -- Up-to-date: /home/habibahassan/project/install/moveit_msgs/include/moveit_msgs/moveit_msgs/msg/detail/display_trajectory__rosidl_typesupport_fastrtps_cpp.hpp
[10.864s] -- Up-to-date: /home/habibahassan/project/install/moveit_msgs/include/moveit_msgs/moveit_msgs/msg/detail/visibility_constraint__rosidl_typesupport_fastrtps_cpp.hpp
[10.865s] -- Up-to-date: /home/habibahassan/project/install/moveit_msgs/include/moveit_msgs/moveit_msgs/msg/detail/allowed_collision_matrix__rosidl_typesupport_fastrtps_cpp.hpp
[10.870s] -- Up-to-date: /home/habibahassan/project/install/moveit_msgs/include/moveit_msgs/moveit_msgs/msg/detail/motion_plan_request__rosidl_typesupport_fastrtps_cpp.hpp
[10.872s] -- Up-to-date: /home/habibahassan/project/install/moveit_msgs/include/moveit_msgs/moveit_msgs/msg/detail/move_it_error_codes__rosidl_typesupport_fastrtps_cpp.hpp
[10.872s] -- Up-to-date: /home/habibahassan/project/install/moveit_msgs/include/moveit_msgs/moveit_msgs/msg/detail/motion_plan_response__rosidl_typesupport_fastrtps_cpp.hpp
[10.873s] -- Up-to-date: /home/habibahassan/project/install/moveit_msgs/include/moveit_msgs/moveit_msgs/msg/detail/planning_scene_world__rosidl_typesupport_fastrtps_cpp.hpp
[10.874s] -- Up-to-date: /home/habibahassan/project/install/moveit_msgs/include/moveit_msgs/moveit_msgs/msg/detail/robot_state__rosidl_typesupport_fastrtps_cpp.hpp
[10.874s] -- Up-to-date: /home/habibahassan/project/install/moveit_msgs/include/moveit_msgs/moveit_msgs/msg/detail/planning_scene__rosidl_typesupport_fastrtps_cpp.hpp
[10.875s] -- Up-to-date: /home/habibahassan/project/install/moveit_msgs/include/moveit_msgs/moveit_msgs/msg/detail/constraints__rosidl_typesupport_fastrtps_cpp.hpp
[10.876s] -- Up-to-date: /home/habibahassan/project/install/moveit_msgs/include/moveit_msgs/moveit_msgs/msg/detail/grasp__rosidl_typesupport_fastrtps_cpp.hpp
[10.876s] -- Up-to-date: /home/habibahassan/project/install/moveit_msgs/include/moveit_msgs/moveit_msgs/msg/detail/position_ik_request__rosidl_typesupport_fastrtps_cpp.hpp
[10.877s] -- Up-to-date: /home/habibahassan/project/install/moveit_msgs/include/moveit_msgs/moveit_msgs/msg/detail/position_constraint__rosidl_typesupport_fastrtps_cpp.hpp
[10.878s] -- Up-to-date: /home/habibahassan/project/install/moveit_msgs/include/moveit_msgs/moveit_msgs/msg/detail/planner_params__rosidl_typesupport_fastrtps_cpp.hpp
[10.878s] -- Up-to-date: /home/habibahassan/project/install/moveit_msgs/include/moveit_msgs/moveit_msgs/msg/detail/allowed_collision_entry__rosidl_typesupport_fastrtps_cpp.hpp
[10.882s] -- Up-to-date: /home/habibahassan/project/install/moveit_msgs/include/moveit_msgs/moveit_msgs/msg/detail/trajectory_constraints__rosidl_typesupport_fastrtps_cpp.hpp
[10.883s] -- Up-to-date: /home/habibahassan/project/install/moveit_msgs/include/moveit_msgs/moveit_msgs/msg/detail/orientation_constraint__rosidl_typesupport_fastrtps_cpp.hpp
[10.887s] -- Up-to-date: /home/habibahassan/project/install/moveit_msgs/include/moveit_msgs/moveit_msgs/msg/detail/planning_scene_components__rosidl_typesupport_fastrtps_cpp.hpp
[10.888s] -- Up-to-date: /home/habibahassan/project/install/moveit_msgs/include/moveit_msgs/moveit_msgs/msg/detail/gripper_translation__rosidl_typesupport_fastrtps_cpp.hpp
[10.889s] -- Up-to-date: /home/habibahassan/project/install/moveit_msgs/include/moveit_msgs/moveit_msgs/msg/detail/workspace_parameters__rosidl_typesupport_fastrtps_cpp.hpp
[10.890s] -- Up-to-date: /home/habibahassan/project/install/moveit_msgs/include/moveit_msgs/moveit_msgs/msg/detail/contact_information__rosidl_typesupport_fastrtps_cpp.hpp
[10.891s] -- Up-to-date: /home/habibahassan/project/install/moveit_msgs/include/moveit_msgs/moveit_msgs/msg/detail/planning_options__rosidl_typesupport_fastrtps_cpp.hpp
[10.892s] -- Up-to-date: /home/habibahassan/project/install/moveit_msgs/include/moveit_msgs/moveit_msgs/msg/detail/generic_trajectory__rosidl_typesupport_fastrtps_cpp.hpp
[10.895s] -- Up-to-date: /home/habibahassan/project/install/moveit_msgs/include/moveit_msgs/moveit_msgs/msg/detail/oriented_bounding_box__rosidl_typesupport_fastrtps_cpp.hpp
[10.896s] -- Up-to-date: /home/habibahassan/project/install/moveit_msgs/include/moveit_msgs/moveit_msgs/msg/detail/motion_sequence_response__rosidl_typesupport_fastrtps_cpp.hpp
[10.896s] -- Up-to-date: /home/habibahassan/project/install/moveit_msgs/include/moveit_msgs/moveit_msgs/msg/detail/kinematic_solver_info__rosidl_typesupport_fastrtps_cpp.hpp
[10.896s] -- Up-to-date: /home/habibahassan/project/install/moveit_msgs/include/moveit_msgs/moveit_msgs/msg/detail/cartesian_point__rosidl_typesupport_fastrtps_cpp.hpp
[10.897s] -- Up-to-date: /home/habibahassan/project/install/moveit_msgs/include/moveit_msgs/moveit_msgs/msg/detail/cost_source__rosidl_typesupport_fastrtps_cpp.hpp
[10.897s] -- Up-to-date: /home/habibahassan/project/install/moveit_msgs/include/moveit_msgs/moveit_msgs/msg/detail/display_robot_state__rosidl_typesupport_fastrtps_cpp.hpp
[10.900s] -- Up-to-date: /home/habibahassan/project/install/moveit_msgs/include/moveit_msgs/moveit_msgs/msg/detail/robot_trajectory__rosidl_typesupport_fastrtps_cpp.hpp
[10.901s] -- Up-to-date: /home/habibahassan/project/install/moveit_msgs/include/moveit_msgs/moveit_msgs/msg/detail/planner_interface_description__rosidl_typesupport_fastrtps_cpp.hpp
[10.902s] -- Up-to-date: /home/habibahassan/project/install/moveit_msgs/include/moveit_msgs/moveit_msgs/msg/detail/pipeline_state__rosidl_typesupport_fastrtps_cpp.hpp
[10.903s] -- Up-to-date: /home/habibahassan/project/install/moveit_msgs/include/moveit_msgs/moveit_msgs/msg/detail/motion_sequence_request__rosidl_typesupport_fastrtps_cpp.hpp
[10.904s] -- Up-to-date: /home/habibahassan/project/install/moveit_msgs/include/moveit_msgs/moveit_msgs/msg/detail/link_padding__rosidl_typesupport_fastrtps_cpp.hpp
[10.904s] -- Up-to-date: /home/habibahassan/project/install/moveit_msgs/include/moveit_msgs/moveit_msgs/msg/detail/cartesian_trajectory__rosidl_typesupport_fastrtps_cpp.hpp
[10.905s] -- Up-to-date: /home/habibahassan/project/install/moveit_msgs/include/moveit_msgs/moveit_msgs/msg/detail/attached_collision_object__rosidl_typesupport_fastrtps_cpp.hpp
[10.906s] -- Up-to-date: /home/habibahassan/project/install/moveit_msgs/include/moveit_msgs/moveit_msgs/msg/detail/servo_status__rosidl_typesupport_fastrtps_cpp.hpp
[10.907s] -- Up-to-date: /home/habibahassan/project/install/moveit_msgs/include/moveit_msgs/moveit_msgs/msg/detail/collision_object__rosidl_typesupport_fastrtps_cpp.hpp
[10.907s] -- Up-to-date: /home/habibahassan/project/install/moveit_msgs/include/moveit_msgs/moveit_msgs/msg/detail/link_scale__rosidl_typesupport_fastrtps_cpp.hpp
[10.908s] -- Up-to-date: /home/habibahassan/project/install/moveit_msgs/include/moveit_msgs/moveit_msgs/msg/detail/motion_plan_detailed_response__rosidl_typesupport_fastrtps_cpp.hpp
[10.909s] -- Up-to-date: /home/habibahassan/project/install/moveit_msgs/include/moveit_msgs/moveit_msgs/msg/detail/motion_sequence_item__rosidl_typesupport_fastrtps_cpp.hpp
[10.910s] -- Up-to-date: /home/habibahassan/project/install/moveit_msgs/include/moveit_msgs/moveit_msgs/msg/detail/cartesian_trajectory_point__rosidl_typesupport_fastrtps_cpp.hpp
[10.911s] -- Up-to-date: /home/habibahassan/project/install/moveit_msgs/include/moveit_msgs/moveit_msgs/msg/detail/dds_fastrtps
[10.911s] -- Up-to-date: /home/habibahassan/project/install/moveit_msgs/lib/libmoveit_msgs__rosidl_typesupport_fastrtps_cpp.so
[10.912s] -- Up-to-date: /home/habibahassan/project/install/moveit_msgs/include/moveit_msgs/moveit_msgs
[10.913s] -- Up-to-date: /home/habibahassan/project/install/moveit_msgs/include/moveit_msgs/moveit_msgs/srv
[10.914s] -- Up-to-date: /home/habibahassan/project/install/moveit_msgs/include/moveit_msgs/moveit_msgs/srv/detail
[10.915s] -- Up-to-date: /home/habibahassan/project/install/moveit_msgs/include/moveit_msgs/moveit_msgs/srv/detail/grasp_planning__type_support.cpp
[10.915s] -- Up-to-date: /home/habibahassan/project/install/moveit_msgs/include/moveit_msgs/moveit_msgs/srv/detail/get_motion_plan__type_support.cpp
[10.917s] -- Up-to-date: /home/habibahassan/project/install/moveit_msgs/include/moveit_msgs/moveit_msgs/srv/detail/grasp_planning__rosidl_typesupport_introspection_cpp.hpp
[10.918s] -- Up-to-date: /home/habibahassan/project/install/moveit_msgs/include/moveit_msgs/moveit_msgs/srv/detail/load_map__type_support.cpp
[10.919s] -- Up-to-date: /home/habibahassan/project/install/moveit_msgs/include/moveit_msgs/moveit_msgs/srv/detail/save_robot_state_to_warehouse__type_support.cpp
[10.920s] -- Up-to-date: /home/habibahassan/project/install/moveit_msgs/include/moveit_msgs/moveit_msgs/srv/detail/delete_robot_state_from_warehouse__type_support.cpp
[10.920s] -- Up-to-date: /home/habibahassan/project/install/moveit_msgs/include/moveit_msgs/moveit_msgs/srv/detail/query_planner_interfaces__rosidl_typesupport_introspection_cpp.hpp
[10.922s] -- Up-to-date: /home/habibahassan/project/install/moveit_msgs/include/moveit_msgs/moveit_msgs/srv/detail/set_planner_params__rosidl_typesupport_introspection_cpp.hpp
[10.923s] -- Up-to-date: /home/habibahassan/project/install/moveit_msgs/include/moveit_msgs/moveit_msgs/srv/detail/save_geometry_to_file__rosidl_typesupport_introspection_cpp.hpp
[10.924s] -- Up-to-date: /home/habibahassan/project/install/moveit_msgs/include/moveit_msgs/moveit_msgs/srv/detail/update_pointcloud_octomap__rosidl_typesupport_introspection_cpp.hpp
[10.924s] -- Up-to-date: /home/habibahassan/project/install/moveit_msgs/include/moveit_msgs/moveit_msgs/srv/detail/get_planning_scene__rosidl_typesupport_introspection_cpp.hpp
[10.925s] -- Up-to-date: /home/habibahassan/project/install/moveit_msgs/include/moveit_msgs/moveit_msgs/srv/detail/save_geometry_to_file__type_support.cpp
[10.926s] -- Up-to-date: /home/habibahassan/project/install/moveit_msgs/include/moveit_msgs/moveit_msgs/srv/detail/apply_planning_scene__type_support.cpp
[10.927s] -- Up-to-date: /home/habibahassan/project/install/moveit_msgs/include/moveit_msgs/moveit_msgs/srv/detail/get_motion_sequence__rosidl_typesupport_introspection_cpp.hpp
[10.927s] -- Up-to-date: /home/habibahassan/project/install/moveit_msgs/include/moveit_msgs/moveit_msgs/srv/detail/apply_planning_scene__rosidl_typesupport_introspection_cpp.hpp
[10.928s] -- Up-to-date: /home/habibahassan/project/install/moveit_msgs/include/moveit_msgs/moveit_msgs/srv/detail/check_if_robot_state_exists_in_warehouse__type_support.cpp
[10.929s] -- Up-to-date: /home/habibahassan/project/install/moveit_msgs/include/moveit_msgs/moveit_msgs/srv/detail/get_cartesian_path__rosidl_typesupport_introspection_cpp.hpp
[10.930s] -- Up-to-date: /home/habibahassan/project/install/moveit_msgs/include/moveit_msgs/moveit_msgs/srv/detail/get_motion_plan__rosidl_typesupport_introspection_cpp.hpp
[10.936s] -- Up-to-date: /home/habibahassan/project/install/moveit_msgs/include/moveit_msgs/moveit_msgs/srv/detail/list_robot_states_in_warehouse__type_support.cpp
[10.937s] -- Up-to-date: /home/habibahassan/project/install/moveit_msgs/include/moveit_msgs/moveit_msgs/srv/detail/save_robot_state_to_warehouse__rosidl_typesupport_introspection_cpp.hpp
[10.938s] -- Up-to-date: /home/habibahassan/project/install/moveit_msgs/include/moveit_msgs/moveit_msgs/srv/detail/list_robot_states_in_warehouse__rosidl_typesupport_introspection_cpp.hpp
[10.938s] -- Up-to-date: /home/habibahassan/project/install/moveit_msgs/include/moveit_msgs/moveit_msgs/srv/detail/get_position_ik__rosidl_typesupport_introspection_cpp.hpp
[10.939s] -- Up-to-date: /home/habibahassan/project/install/moveit_msgs/include/moveit_msgs/moveit_msgs/srv/detail/get_state_validity__rosidl_typesupport_introspection_cpp.hpp
[10.939s] -- Up-to-date: /home/habibahassan/project/install/moveit_msgs/include/moveit_msgs/moveit_msgs/srv/detail/get_motion_sequence__type_support.cpp
[10.939s] -- Up-to-date: /home/habibahassan/project/install/moveit_msgs/include/moveit_msgs/moveit_msgs/srv/detail/get_state_validity__type_support.cpp
[10.941s] -- Up-to-date: /home/habibahassan/project/install/moveit_msgs/include/moveit_msgs/moveit_msgs/srv/detail/rename_robot_state_in_warehouse__rosidl_typesupport_introspection_cpp.hpp
[10.942s] -- Up-to-date: /home/habibahassan/project/install/moveit_msgs/include/moveit_msgs/moveit_msgs/srv/detail/get_position_ik__type_support.cpp
[10.943s] -- Up-to-date: /home/habibahassan/project/install/moveit_msgs/include/moveit_msgs/moveit_msgs/srv/detail/get_planner_params__rosidl_typesupport_introspection_cpp.hpp
[10.943s] -- Up-to-date: /home/habibahassan/project/install/moveit_msgs/include/moveit_msgs/moveit_msgs/srv/detail/get_position_fk__type_support.cpp
[10.944s] -- Up-to-date: /home/habibahassan/project/install/moveit_msgs/include/moveit_msgs/moveit_msgs/srv/detail/servo_command_type__type_support.cpp
[10.945s] -- Up-to-date: /home/habibahassan/project/install/moveit_msgs/include/moveit_msgs/moveit_msgs/srv/detail/delete_robot_state_from_warehouse__rosidl_typesupport_introspection_cpp.hpp
[10.945s] -- Up-to-date: /home/habibahassan/project/install/moveit_msgs/include/moveit_msgs/moveit_msgs/srv/detail/get_group_urdf__rosidl_typesupport_introspection_cpp.hpp
[10.946s] -- Up-to-date: /home/habibahassan/project/install/moveit_msgs/include/moveit_msgs/moveit_msgs/srv/detail/load_geometry_from_file__rosidl_typesupport_introspection_cpp.hpp
[10.947s] -- Up-to-date: /home/habibahassan/project/install/moveit_msgs/include/moveit_msgs/moveit_msgs/srv/detail/load_map__rosidl_typesupport_introspection_cpp.hpp
[10.947s] -- Up-to-date: /home/habibahassan/project/install/moveit_msgs/include/moveit_msgs/moveit_msgs/srv/detail/get_planner_params__type_support.cpp
[10.947s] -- Up-to-date: /home/habibahassan/project/install/moveit_msgs/include/moveit_msgs/moveit_msgs/srv/detail/set_planner_params__type_support.cpp
[10.948s] -- Up-to-date: /home/habibahassan/project/install/moveit_msgs/include/moveit_msgs/moveit_msgs/srv/detail/get_group_urdf__type_support.cpp
[10.948s] -- Up-to-date: /home/habibahassan/project/install/moveit_msgs/include/moveit_msgs/moveit_msgs/srv/detail/update_pointcloud_octomap__type_support.cpp
[10.949s] -- Up-to-date: /home/habibahassan/project/install/moveit_msgs/include/moveit_msgs/moveit_msgs/srv/detail/save_map__rosidl_typesupport_introspection_cpp.hpp
[10.949s] -- Up-to-date: /home/habibahassan/project/install/moveit_msgs/include/moveit_msgs/moveit_msgs/srv/detail/get_position_fk__rosidl_typesupport_introspection_cpp.hpp
[10.950s] -- Up-to-date: /home/habibahassan/project/install/moveit_msgs/include/moveit_msgs/moveit_msgs/srv/detail/save_map__type_support.cpp
[10.951s] -- Up-to-date: /home/habibahassan/project/install/moveit_msgs/include/moveit_msgs/moveit_msgs/srv/detail/rename_robot_state_in_warehouse__type_support.cpp
[10.951s] -- Up-to-date: /home/habibahassan/project/install/moveit_msgs/include/moveit_msgs/moveit_msgs/srv/detail/servo_command_type__rosidl_typesupport_introspection_cpp.hpp
[10.952s] -- Up-to-date: /home/habibahassan/project/install/moveit_msgs/include/moveit_msgs/moveit_msgs/srv/detail/load_geometry_from_file__type_support.cpp
[10.953s] -- Up-to-date: /home/habibahassan/project/install/moveit_msgs/include/moveit_msgs/moveit_msgs/srv/detail/check_if_robot_state_exists_in_warehouse__rosidl_typesupport_introspection_cpp.hpp
[10.954s] -- Up-to-date: /home/habibahassan/project/install/moveit_msgs/include/moveit_msgs/moveit_msgs/srv/detail/get_robot_state_from_warehouse__type_support.cpp
[10.955s] -- Up-to-date: /home/habibahassan/project/install/moveit_msgs/include/moveit_msgs/moveit_msgs/srv/detail/get_cartesian_path__type_support.cpp
[10.955s] -- Up-to-date: /home/habibahassan/project/install/moveit_msgs/include/moveit_msgs/moveit_msgs/srv/detail/get_planning_scene__type_support.cpp
[10.956s] -- Up-to-date: /home/habibahassan/project/install/moveit_msgs/include/moveit_msgs/moveit_msgs/srv/detail/get_robot_state_from_warehouse__rosidl_typesupport_introspection_cpp.hpp
[10.957s] -- Up-to-date: /home/habibahassan/project/install/moveit_msgs/include/moveit_msgs/moveit_msgs/srv/detail/query_planner_interfaces__type_support.cpp
[10.960s] -- Up-to-date: /home/habibahassan/project/install/moveit_msgs/include/moveit_msgs/moveit_msgs/action
[10.961s] -- Up-to-date: /home/habibahassan/project/install/moveit_msgs/include/moveit_msgs/moveit_msgs/action/detail
[10.962s] -- Up-to-date: /home/habibahassan/project/install/moveit_msgs/include/moveit_msgs/moveit_msgs/action/detail/pickup__rosidl_typesupport_introspection_cpp.hpp
[10.963s] -- Up-to-date: /home/habibahassan/project/install/moveit_msgs/include/moveit_msgs/moveit_msgs/action/detail/execute_trajectory__type_support.cpp
[10.964s] -- Up-to-date: /home/habibahassan/project/install/moveit_msgs/include/moveit_msgs/moveit_msgs/action/detail/local_planner__rosidl_typesupport_introspection_cpp.hpp
[10.965s] -- Up-to-date: /home/habibahassan/project/install/moveit_msgs/include/moveit_msgs/moveit_msgs/action/detail/hybrid_planner__type_support.cpp
[10.966s] -- Up-to-date: /home/habibahassan/project/install/moveit_msgs/include/moveit_msgs/moveit_msgs/action/detail/move_group__rosidl_typesupport_introspection_cpp.hpp
[10.967s] -- Up-to-date: /home/habibahassan/project/install/moveit_msgs/include/moveit_msgs/moveit_msgs/action/detail/global_planner__rosidl_typesupport_introspection_cpp.hpp
[10.968s] -- Up-to-date: /home/habibahassan/project/install/moveit_msgs/include/moveit_msgs/moveit_msgs/action/detail/place__rosidl_typesupport_introspection_cpp.hpp
[10.968s] -- Up-to-date: /home/habibahassan/project/install/moveit_msgs/include/moveit_msgs/moveit_msgs/action/detail/place__type_support.cpp
[10.969s] -- Up-to-date: /home/habibahassan/project/install/moveit_msgs/include/moveit_msgs/moveit_msgs/action/detail/move_group_sequence__type_support.cpp
[10.969s] -- Up-to-date: /home/habibahassan/project/install/moveit_msgs/include/moveit_msgs/moveit_msgs/action/detail/local_planner__type_support.cpp
[10.970s] -- Up-to-date: /home/habibahassan/project/install/moveit_msgs/include/moveit_msgs/moveit_msgs/action/detail/move_group__type_support.cpp
[10.971s] -- Up-to-date: /home/habibahassan/project/install/moveit_msgs/include/moveit_msgs/moveit_msgs/action/detail/global_planner__type_support.cpp
[10.971s] -- Up-to-date: /home/habibahassan/project/install/moveit_msgs/include/moveit_msgs/moveit_msgs/action/detail/execute_trajectory__rosidl_typesupport_introspection_cpp.hpp
[10.972s] -- Up-to-date: /home/habibahassan/project/install/moveit_msgs/include/moveit_msgs/moveit_msgs/action/detail/hybrid_planner__rosidl_typesupport_introspection_cpp.hpp
[10.972s] -- Up-to-date: /home/habibahassan/project/install/moveit_msgs/include/moveit_msgs/moveit_msgs/action/detail/pickup__type_support.cpp
[10.973s] -- Up-to-date: /home/habibahassan/project/install/moveit_msgs/include/moveit_msgs/moveit_msgs/action/detail/move_group_sequence__rosidl_typesupport_introspection_cpp.hpp
[10.973s] -- Up-to-date: /home/habibahassan/project/install/moveit_msgs/include/moveit_msgs/moveit_msgs/msg
[10.974s] -- Up-to-date: /home/habibahassan/project/install/moveit_msgs/include/moveit_msgs/moveit_msgs/msg/detail
[10.974s] -- Up-to-date: /home/habibahassan/project/install/moveit_msgs/include/moveit_msgs/moveit_msgs/msg/detail/link_padding__type_support.cpp
[10.975s] -- Up-to-date: /home/habibahassan/project/install/moveit_msgs/include/moveit_msgs/moveit_msgs/msg/detail/cost_source__rosidl_typesupport_introspection_cpp.hpp
[10.976s] -- Up-to-date: /home/habibahassan/project/install/moveit_msgs/include/moveit_msgs/moveit_msgs/msg/detail/bounding_volume__type_support.cpp
[10.976s] -- Up-to-date: /home/habibahassan/project/install/moveit_msgs/include/moveit_msgs/moveit_msgs/msg/detail/robot_state__rosidl_typesupport_introspection_cpp.hpp
[10.977s] -- Up-to-date: /home/habibahassan/project/install/moveit_msgs/include/moveit_msgs/moveit_msgs/msg/detail/oriented_bounding_box__type_support.cpp
[10.977s] -- Up-to-date: /home/habibahassan/project/install/moveit_msgs/include/moveit_msgs/moveit_msgs/msg/detail/joint_limits__type_support.cpp
[10.978s] -- Up-to-date: /home/habibahassan/project/install/moveit_msgs/include/moveit_msgs/moveit_msgs/msg/detail/motion_sequence_response__type_support.cpp
[10.979s] -- Up-to-date: /home/habibahassan/project/install/moveit_msgs/include/moveit_msgs/moveit_msgs/msg/detail/display_robot_state__type_support.cpp
[10.981s] -- Up-to-date: /home/habibahassan/project/install/moveit_msgs/include/moveit_msgs/moveit_msgs/msg/detail/planning_options__rosidl_typesupport_introspection_cpp.hpp
[10.982s] -- Up-to-date: /home/habibahassan/project/install/moveit_msgs/include/moveit_msgs/moveit_msgs/msg/detail/motion_plan_detailed_response__type_support.cpp
[10.982s] -- Up-to-date: /home/habibahassan/project/install/moveit_msgs/include/moveit_msgs/moveit_msgs/msg/detail/place_location__rosidl_typesupport_introspection_cpp.hpp
[10.983s] -- Up-to-date: /home/habibahassan/project/install/moveit_msgs/include/moveit_msgs/moveit_msgs/msg/detail/kinematic_solver_info__type_support.cpp
[10.985s] -- Up-to-date: /home/habibahassan/project/install/moveit_msgs/include/moveit_msgs/moveit_msgs/msg/detail/display_trajectory__rosidl_typesupport_introspection_cpp.hpp
[10.986s] -- Up-to-date: /home/habibahassan/project/install/moveit_msgs/include/moveit_msgs/moveit_msgs/msg/detail/allowed_collision_entry__type_support.cpp
[10.987s] -- Up-to-date: /home/habibahassan/project/install/moveit_msgs/include/moveit_msgs/moveit_msgs/msg/detail/position_constraint__rosidl_typesupport_introspection_cpp.hpp
[10.988s] -- Up-to-date: /home/habibahassan/project/install/moveit_msgs/include/moveit_msgs/moveit_msgs/msg/detail/motion_plan_detailed_response__rosidl_typesupport_introspection_cpp.hpp
[10.988s] -- Up-to-date: /home/habibahassan/project/install/moveit_msgs/include/moveit_msgs/moveit_msgs/msg/detail/oriented_bounding_box__rosidl_typesupport_introspection_cpp.hpp
[10.989s] -- Up-to-date: /home/habibahassan/project/install/moveit_msgs/include/moveit_msgs/moveit_msgs/msg/detail/motion_sequence_item__type_support.cpp
[10.989s] -- Up-to-date: /home/habibahassan/project/install/moveit_msgs/include/moveit_msgs/moveit_msgs/msg/detail/planning_scene_world__rosidl_typesupport_introspection_cpp.hpp
[10.990s] -- Up-to-date: /home/habibahassan/project/install/moveit_msgs/include/moveit_msgs/moveit_msgs/msg/detail/attached_collision_object__type_support.cpp
[10.990s] -- Up-to-date: /home/habibahassan/project/install/moveit_msgs/include/moveit_msgs/moveit_msgs/msg/detail/workspace_parameters__rosidl_typesupport_introspection_cpp.hpp
[10.991s] -- Up-to-date: /home/habibahassan/project/install/moveit_msgs/include/moveit_msgs/moveit_msgs/msg/detail/servo_status__rosidl_typesupport_introspection_cpp.hpp
[10.992s] -- Up-to-date: /home/habibahassan/project/install/moveit_msgs/include/moveit_msgs/moveit_msgs/msg/detail/motion_plan_response__type_support.cpp
[10.992s] -- Up-to-date: /home/habibahassan/project/install/moveit_msgs/include/moveit_msgs/moveit_msgs/msg/detail/constraints__type_support.cpp
[10.993s] -- Up-to-date: /home/habibahassan/project/install/moveit_msgs/include/moveit_msgs/moveit_msgs/msg/detail/planning_options__type_support.cpp
[10.994s] -- Up-to-date: /home/habibahassan/project/install/moveit_msgs/include/moveit_msgs/moveit_msgs/msg/detail/generic_trajectory__type_support.cpp
[10.998s] -- Up-to-date: /home/habibahassan/project/install/moveit_msgs/include/moveit_msgs/moveit_msgs/msg/detail/cartesian_trajectory__rosidl_typesupport_introspection_cpp.hpp
[11.001s] -- Up-to-date: /home/habibahassan/project/install/moveit_msgs/include/moveit_msgs/moveit_msgs/msg/detail/link_scale__rosidl_typesupport_introspection_cpp.hpp
[11.002s] -- Up-to-date: /home/habibahassan/project/install/moveit_msgs/include/moveit_msgs/moveit_msgs/msg/detail/orientation_constraint__type_support.cpp
[11.003s] -- Up-to-date: /home/habibahassan/project/install/moveit_msgs/include/moveit_msgs/moveit_msgs/msg/detail/motion_sequence_item__rosidl_typesupport_introspection_cpp.hpp
[11.003s] -- Up-to-date: /home/habibahassan/project/install/moveit_msgs/include/moveit_msgs/moveit_msgs/msg/detail/planning_scene_components__rosidl_typesupport_introspection_cpp.hpp
[11.004s] -- Up-to-date: /home/habibahassan/project/install/moveit_msgs/include/moveit_msgs/moveit_msgs/msg/detail/orientation_constraint__rosidl_typesupport_introspection_cpp.hpp
[11.005s] -- Up-to-date: /home/habibahassan/project/install/moveit_msgs/include/moveit_msgs/moveit_msgs/msg/detail/planner_interface_description__type_support.cpp
[11.005s] -- Up-to-date: /home/habibahassan/project/install/moveit_msgs/include/moveit_msgs/moveit_msgs/msg/detail/planning_scene_components__type_support.cpp
[11.006s] -- Up-to-date: /home/habibahassan/project/install/moveit_msgs/include/moveit_msgs/moveit_msgs/msg/detail/grasp__rosidl_typesupport_introspection_cpp.hpp
[11.007s] -- Up-to-date: /home/habibahassan/project/install/moveit_msgs/include/moveit_msgs/moveit_msgs/msg/detail/servo_status__type_support.cpp
[11.008s] -- Up-to-date: /home/habibahassan/project/install/moveit_msgs/include/moveit_msgs/moveit_msgs/msg/detail/robot_trajectory__type_support.cpp
[11.008s] -- Up-to-date: /home/habibahassan/project/install/moveit_msgs/include/moveit_msgs/moveit_msgs/msg/detail/object_color__type_support.cpp
[11.009s] -- Up-to-date: /home/habibahassan/project/install/moveit_msgs/include/moveit_msgs/moveit_msgs/msg/detail/move_it_error_codes__type_support.cpp
[11.010s] -- Up-to-date: /home/habibahassan/project/install/moveit_msgs/include/moveit_msgs/moveit_msgs/msg/detail/attached_collision_object__rosidl_typesupport_introspection_cpp.hpp
[11.010s] -- Up-to-date: /home/habibahassan/project/install/moveit_msgs/include/moveit_msgs/moveit_msgs/msg/detail/planner_params__type_support.cpp
[11.011s] -- Up-to-date: /home/habibahassan/project/install/moveit_msgs/include/moveit_msgs/moveit_msgs/msg/detail/position_ik_request__type_support.cpp
[11.012s] -- Up-to-date: /home/habibahassan/project/install/moveit_msgs/include/moveit_msgs/moveit_msgs/msg/detail/motion_sequence_request__rosidl_typesupport_introspection_cpp.hpp
[11.012s] -- Up-to-date: /home/habibahassan/project/install/moveit_msgs/include/moveit_msgs/moveit_msgs/msg/detail/cartesian_trajectory__type_support.cpp
[11.013s] -- Up-to-date: /home/habibahassan/project/install/moveit_msgs/include/moveit_msgs/moveit_msgs/msg/detail/planning_scene_world__type_support.cpp
[11.014s] -- Up-to-date: /home/habibahassan/project/install/moveit_msgs/include/moveit_msgs/moveit_msgs/msg/detail/link_scale__type_support.cpp
[11.015s] -- Up-to-date: /home/habibahassan/project/install/moveit_msgs/include/moveit_msgs/moveit_msgs/msg/detail/motion_sequence_request__type_support.cpp
[11.015s] -- Up-to-date: /home/habibahassan/project/install/moveit_msgs/include/moveit_msgs/moveit_msgs/msg/detail/kinematic_solver_info__rosidl_typesupport_introspection_cpp.hpp
[11.016s] -- Up-to-date: /home/habibahassan/project/install/moveit_msgs/include/moveit_msgs/moveit_msgs/msg/detail/contact_information__rosidl_typesupport_introspection_cpp.hpp
[11.017s] -- Up-to-date: /home/habibahassan/project/install/moveit_msgs/include/moveit_msgs/moveit_msgs/msg/detail/planner_interface_description__rosidl_typesupport_introspection_cpp.hpp
[11.017s] -- Up-to-date: /home/habibahassan/project/install/moveit_msgs/include/moveit_msgs/moveit_msgs/msg/detail/grasp__type_support.cpp
[11.018s] -- Up-to-date: /home/habibahassan/project/install/moveit_msgs/include/moveit_msgs/moveit_msgs/msg/detail/collision_object__rosidl_typesupport_introspection_cpp.hpp
[11.019s] -- Up-to-date: /home/habibahassan/project/install/moveit_msgs/include/moveit_msgs/moveit_msgs/msg/detail/allowed_collision_entry__rosidl_typesupport_introspection_cpp.hpp
[11.019s] -- Up-to-date: /home/habibahassan/project/install/moveit_msgs/include/moveit_msgs/moveit_msgs/msg/detail/trajectory_constraints__rosidl_typesupport_introspection_cpp.hpp
[11.020s] -- Up-to-date: /home/habibahassan/project/install/moveit_msgs/include/moveit_msgs/moveit_msgs/msg/detail/robot_trajectory__rosidl_typesupport_introspection_cpp.hpp
[11.021s] -- Up-to-date: /home/habibahassan/project/install/moveit_msgs/include/moveit_msgs/moveit_msgs/msg/detail/joint_constraint__rosidl_typesupport_introspection_cpp.hpp
[11.022s] -- Up-to-date: /home/habibahassan/project/install/moveit_msgs/include/moveit_msgs/moveit_msgs/msg/detail/place_location__type_support.cpp
[11.023s] -- Up-to-date: /home/habibahassan/project/install/moveit_msgs/include/moveit_msgs/moveit_msgs/msg/detail/motion_plan_request__type_support.cpp
[11.023s] -- Up-to-date: /home/habibahassan/project/install/moveit_msgs/include/moveit_msgs/moveit_msgs/msg/detail/constraints__rosidl_typesupport_introspection_cpp.hpp
[11.024s] -- Up-to-date: /home/habibahassan/project/install/moveit_msgs/include/moveit_msgs/moveit_msgs/msg/detail/link_padding__rosidl_typesupport_introspection_cpp.hpp
[11.025s] -- Up-to-date: /home/habibahassan/project/install/moveit_msgs/include/moveit_msgs/moveit_msgs/msg/detail/workspace_parameters__type_support.cpp
[11.025s] -- Up-to-date: /home/habibahassan/project/install/moveit_msgs/include/moveit_msgs/moveit_msgs/msg/detail/position_constraint__type_support.cpp
[11.026s] -- Up-to-date: /home/habibahassan/project/install/moveit_msgs/include/moveit_msgs/moveit_msgs/msg/detail/bounding_volume__rosidl_typesupport_introspection_cpp.hpp
[11.027s] -- Up-to-date: /home/habibahassan/project/install/moveit_msgs/include/moveit_msgs/moveit_msgs/msg/detail/planner_params__rosidl_typesupport_introspection_cpp.hpp
[11.027s] -- Up-to-date: /home/habibahassan/project/install/moveit_msgs/include/moveit_msgs/moveit_msgs/msg/detail/position_ik_request__rosidl_typesupport_introspection_cpp.hpp
[11.028s] -- Up-to-date: /home/habibahassan/project/install/moveit_msgs/include/moveit_msgs/moveit_msgs/msg/detail/generic_trajectory__rosidl_typesupport_introspection_cpp.hpp
[11.029s] -- Up-to-date: /home/habibahassan/project/install/moveit_msgs/include/moveit_msgs/moveit_msgs/msg/detail/planning_scene__type_support.cpp
[11.030s] -- Up-to-date: /home/habibahassan/project/install/moveit_msgs/include/moveit_msgs/moveit_msgs/msg/detail/trajectory_constraints__type_support.cpp
[11.032s] -- Up-to-date: /home/habibahassan/project/install/moveit_msgs/include/moveit_msgs/moveit_msgs/msg/detail/object_color__rosidl_typesupport_introspection_cpp.hpp
[11.033s] -- Up-to-date: /home/habibahassan/project/install/moveit_msgs/include/moveit_msgs/moveit_msgs/msg/detail/display_trajectory__type_support.cpp
[11.034s] -- Up-to-date: /home/habibahassan/project/install/moveit_msgs/include/moveit_msgs/moveit_msgs/msg/detail/cartesian_point__rosidl_typesupport_introspection_cpp.hpp
[11.034s] -- Up-to-date: /home/habibahassan/project/install/moveit_msgs/include/moveit_msgs/moveit_msgs/msg/detail/joint_limits__rosidl_typesupport_introspection_cpp.hpp
[11.035s] -- Up-to-date: /home/habibahassan/project/install/moveit_msgs/include/moveit_msgs/moveit_msgs/msg/detail/motion_plan_response__rosidl_typesupport_introspection_cpp.hpp
[11.035s] -- Up-to-date: /home/habibahassan/project/install/moveit_msgs/include/moveit_msgs/moveit_msgs/msg/detail/motion_sequence_response__rosidl_typesupport_introspection_cpp.hpp
[11.036s] -- Up-to-date: /home/habibahassan/project/install/moveit_msgs/include/moveit_msgs/moveit_msgs/msg/detail/planning_scene__rosidl_typesupport_introspection_cpp.hpp
[11.036s] -- Up-to-date: /home/habibahassan/project/install/moveit_msgs/include/moveit_msgs/moveit_msgs/msg/detail/pipeline_state__type_support.cpp
[11.037s] -- Up-to-date: /home/habibahassan/project/install/moveit_msgs/include/moveit_msgs/moveit_msgs/msg/detail/move_it_error_codes__rosidl_typesupport_introspection_cpp.hpp
[11.037s] -- Up-to-date: /home/habibahassan/project/install/moveit_msgs/include/moveit_msgs/moveit_msgs/msg/detail/cartesian_trajectory_point__type_support.cpp
[11.038s] -- Up-to-date: /home/habibahassan/project/install/moveit_msgs/include/moveit_msgs/moveit_msgs/msg/detail/robot_state__type_support.cpp
[11.038s] -- Up-to-date: /home/habibahassan/project/install/moveit_msgs/include/moveit_msgs/moveit_msgs/msg/detail/display_robot_state__rosidl_typesupport_introspection_cpp.hpp
[11.039s] -- Up-to-date: /home/habibahassan/project/install/moveit_msgs/include/moveit_msgs/moveit_msgs/msg/detail/allowed_collision_matrix__rosidl_typesupport_introspection_cpp.hpp
[11.040s] -- Up-to-date: /home/habibahassan/project/install/moveit_msgs/include/moveit_msgs/moveit_msgs/msg/detail/gripper_translation__type_support.cpp
[11.040s] -- Up-to-date: /home/habibahassan/project/install/moveit_msgs/include/moveit_msgs/moveit_msgs/msg/detail/gripper_translation__rosidl_typesupport_introspection_cpp.hpp
[11.041s] -- Up-to-date: /home/habibahassan/project/install/moveit_msgs/include/moveit_msgs/moveit_msgs/msg/detail/visibility_constraint__rosidl_typesupport_introspection_cpp.hpp
[11.041s] -- Up-to-date: /home/habibahassan/project/install/moveit_msgs/include/moveit_msgs/moveit_msgs/msg/detail/cost_source__type_support.cpp
[11.042s] -- Up-to-date: /home/habibahassan/project/install/moveit_msgs/include/moveit_msgs/moveit_msgs/msg/detail/motion_plan_request__rosidl_typesupport_introspection_cpp.hpp
[11.042s] -- Up-to-date: /home/habibahassan/project/install/moveit_msgs/include/moveit_msgs/moveit_msgs/msg/detail/cartesian_point__type_support.cpp
[11.043s] -- Up-to-date: /home/habibahassan/project/install/moveit_msgs/include/moveit_msgs/moveit_msgs/msg/detail/allowed_collision_matrix__type_support.cpp
[11.043s] -- Up-to-date: /home/habibahassan/project/install/moveit_msgs/include/moveit_msgs/moveit_msgs/msg/detail/constraint_eval_result__type_support.cpp
[11.044s] -- Up-to-date: /home/habibahassan/project/install/moveit_msgs/include/moveit_msgs/moveit_msgs/msg/detail/joint_constraint__type_support.cpp
[11.044s] -- Up-to-date: /home/habibahassan/project/install/moveit_msgs/include/moveit_msgs/moveit_msgs/msg/detail/pipeline_state__rosidl_typesupport_introspection_cpp.hpp
[11.045s] -- Up-to-date: /home/habibahassan/project/install/moveit_msgs/include/moveit_msgs/moveit_msgs/msg/detail/collision_object__type_support.cpp
[11.045s] -- Up-to-date: /home/habibahassan/project/install/moveit_msgs/include/moveit_msgs/moveit_msgs/msg/detail/contact_information__type_support.cpp
[11.046s] -- Up-to-date: /home/habibahassan/project/install/moveit_msgs/include/moveit_msgs/moveit_msgs/msg/detail/constraint_eval_result__rosidl_typesupport_introspection_cpp.hpp
[11.046s] -- Up-to-date: /home/habibahassan/project/install/moveit_msgs/include/moveit_msgs/moveit_msgs/msg/detail/cartesian_trajectory_point__rosidl_typesupport_introspection_cpp.hpp
[11.047s] -- Up-to-date: /home/habibahassan/project/install/moveit_msgs/include/moveit_msgs/moveit_msgs/msg/detail/visibility_constraint__type_support.cpp
[11.047s] -- Up-to-date: /home/habibahassan/project/install/moveit_msgs/lib/libmoveit_msgs__rosidl_typesupport_introspection_cpp.so
[11.048s] -- Up-to-date: /home/habibahassan/project/install/moveit_msgs/lib/libmoveit_msgs__rosidl_typesupport_cpp.so
[11.048s] -- Up-to-date: /home/habibahassan/project/install/moveit_msgs/share/moveit_msgs/environment/pythonpath.sh
[11.049s] -- Up-to-date: /home/habibahassan/project/install/moveit_msgs/share/moveit_msgs/environment/pythonpath.dsv
[11.049s] -- Up-to-date: /home/habibahassan/project/install/moveit_msgs/lib/python3.12/site-packages/moveit_msgs-2.6.0-py3.12.egg-info
[11.050s] -- Installing: /home/habibahassan/project/install/moveit_msgs/lib/python3.12/site-packages/moveit_msgs-2.6.0-py3.12.egg-info/SOURCES.txt
[11.050s] -- Installing: /home/habibahassan/project/install/moveit_msgs/lib/python3.12/site-packages/moveit_msgs-2.6.0-py3.12.egg-info/top_level.txt
[11.051s] -- Installing: /home/habibahassan/project/install/moveit_msgs/lib/python3.12/site-packages/moveit_msgs-2.6.0-py3.12.egg-info/dependency_links.txt
[11.051s] -- Installing: /home/habibahassan/project/install/moveit_msgs/lib/python3.12/site-packages/moveit_msgs-2.6.0-py3.12.egg-info/PKG-INFO
[11.052s] -- Up-to-date: /home/habibahassan/project/install/moveit_msgs/lib/python3.12/site-packages/moveit_msgs
[11.052s] -- Up-to-date: /home/habibahassan/project/install/moveit_msgs/lib/python3.12/site-packages/moveit_msgs/srv
[11.053s] -- Up-to-date: /home/habibahassan/project/install/moveit_msgs/lib/python3.12/site-packages/moveit_msgs/srv/_get_planner_params_s.c
[11.053s] -- Up-to-date: /home/habibahassan/project/install/moveit_msgs/lib/python3.12/site-packages/moveit_msgs/srv/_get_group_urdf.py
[11.053s] -- Up-to-date: /home/habibahassan/project/install/moveit_msgs/lib/python3.12/site-packages/moveit_msgs/srv/_load_map.py
[11.054s] -- Up-to-date: /home/habibahassan/project/install/moveit_msgs/lib/python3.12/site-packages/moveit_msgs/srv/_get_planning_scene.py
[11.055s] -- Up-to-date: /home/habibahassan/project/install/moveit_msgs/lib/python3.12/site-packages/moveit_msgs/srv/_get_motion_plan.py
[11.055s] -- Up-to-date: /home/habibahassan/project/install/moveit_msgs/lib/python3.12/site-packages/moveit_msgs/srv/_load_map_s.c
[11.056s] -- Up-to-date: /home/habibahassan/project/install/moveit_msgs/lib/python3.12/site-packages/moveit_msgs/srv/_update_pointcloud_octomap_s.c
[11.056s] -- Up-to-date: /home/habibahassan/project/install/moveit_msgs/lib/python3.12/site-packages/moveit_msgs/srv/_rename_robot_state_in_warehouse.py
[11.057s] -- Up-to-date: /home/habibahassan/project/install/moveit_msgs/lib/python3.12/site-packages/moveit_msgs/srv/__init__.py
[11.059s] -- Up-to-date: /home/habibahassan/project/install/moveit_msgs/lib/python3.12/site-packages/moveit_msgs/srv/_check_if_robot_state_exists_in_warehouse.py
[11.059s] -- Up-to-date: /home/habibahassan/project/install/moveit_msgs/lib/python3.12/site-packages/moveit_msgs/srv/_delete_robot_state_from_warehouse_s.c
[11.060s] -- Up-to-date: /home/habibahassan/project/install/moveit_msgs/lib/python3.12/site-packages/moveit_msgs/srv/_get_planning_scene_s.c
[11.061s] -- Up-to-date: /home/habibahassan/project/install/moveit_msgs/lib/python3.12/site-packages/moveit_msgs/srv/_save_map.py
[11.062s] -- Up-to-date: /home/habibahassan/project/install/moveit_msgs/lib/python3.12/site-packages/moveit_msgs/srv/_grasp_planning_s.c
[11.062s] -- Up-to-date: /home/habibahassan/project/install/moveit_msgs/lib/python3.12/site-packages/moveit_msgs/srv/_grasp_planning.py
[11.063s] -- Up-to-date: /home/habibahassan/project/install/moveit_msgs/lib/python3.12/site-packages/moveit_msgs/srv/_list_robot_states_in_warehouse_s.c
[11.064s] -- Up-to-date: /home/habibahassan/project/install/moveit_msgs/lib/python3.12/site-packages/moveit_msgs/srv/_apply_planning_scene_s.c
[11.064s] -- Up-to-date: /home/habibahassan/project/install/moveit_msgs/lib/python3.12/site-packages/moveit_msgs/srv/_load_geometry_from_file.py
[11.065s] -- Up-to-date: /home/habibahassan/project/install/moveit_msgs/lib/python3.12/site-packages/moveit_msgs/srv/_get_state_validity.py
[11.065s] -- Up-to-date: /home/habibahassan/project/install/moveit_msgs/lib/python3.12/site-packages/moveit_msgs/srv/_set_planner_params_s.c
[11.066s] -- Up-to-date: /home/habibahassan/project/install/moveit_msgs/lib/python3.12/site-packages/moveit_msgs/srv/_servo_command_type_s.c
[11.067s] -- Up-to-date: /home/habibahassan/project/install/moveit_msgs/lib/python3.12/site-packages/moveit_msgs/srv/_get_motion_sequence_s.c
[11.068s] -- Up-to-date: /home/habibahassan/project/install/moveit_msgs/lib/python3.12/site-packages/moveit_msgs/srv/_load_geometry_from_file_s.c
[11.068s] -- Up-to-date: /home/habibahassan/project/install/moveit_msgs/lib/python3.12/site-packages/moveit_msgs/srv/_query_planner_interfaces.py
[11.069s] -- Up-to-date: /home/habibahassan/project/install/moveit_msgs/lib/python3.12/site-packages/moveit_msgs/srv/_query_planner_interfaces_s.c
[11.069s] -- Up-to-date: /home/habibahassan/project/install/moveit_msgs/lib/python3.12/site-packages/moveit_msgs/srv/_save_robot_state_to_warehouse.py
[11.070s] -- Up-to-date: /home/habibahassan/project/install/moveit_msgs/lib/python3.12/site-packages/moveit_msgs/srv/_get_motion_sequence.py
[11.071s] -- Up-to-date: /home/habibahassan/project/install/moveit_msgs/lib/python3.12/site-packages/moveit_msgs/srv/_save_geometry_to_file_s.c
[11.072s] -- Up-to-date: /home/habibahassan/project/install/moveit_msgs/lib/python3.12/site-packages/moveit_msgs/srv/_update_pointcloud_octomap.py
[11.073s] -- Up-to-date: /home/habibahassan/project/install/moveit_msgs/lib/python3.12/site-packages/moveit_msgs/srv/_list_robot_states_in_warehouse.py
[11.074s] -- Up-to-date: /home/habibahassan/project/install/moveit_msgs/lib/python3.12/site-packages/moveit_msgs/srv/_apply_planning_scene.py
[11.075s] -- Up-to-date: /home/habibahassan/project/install/moveit_msgs/lib/python3.12/site-packages/moveit_msgs/srv/_servo_command_type.py
[11.076s] -- Up-to-date: /home/habibahassan/project/install/moveit_msgs/lib/python3.12/site-packages/moveit_msgs/srv/_delete_robot_state_from_warehouse.py
[11.077s] -- Up-to-date: /home/habibahassan/project/install/moveit_msgs/lib/python3.12/site-packages/moveit_msgs/srv/_get_cartesian_path.py
[11.078s] -- Up-to-date: /home/habibahassan/project/install/moveit_msgs/lib/python3.12/site-packages/moveit_msgs/srv/_save_map_s.c
[11.078s] -- Up-to-date: /home/habibahassan/project/install/moveit_msgs/lib/python3.12/site-packages/moveit_msgs/srv/_get_group_urdf_s.c
[11.079s] -- Up-to-date: /home/habibahassan/project/install/moveit_msgs/lib/python3.12/site-packages/moveit_msgs/srv/_rename_robot_state_in_warehouse_s.c
[11.080s] -- Up-to-date: /home/habibahassan/project/install/moveit_msgs/lib/python3.12/site-packages/moveit_msgs/srv/_get_cartesian_path_s.c
[11.080s] -- Up-to-date: /home/habibahassan/project/install/moveit_msgs/lib/python3.12/site-packages/moveit_msgs/srv/_get_position_fk_s.c
[11.081s] -- Up-to-date: /home/habibahassan/project/install/moveit_msgs/lib/python3.12/site-packages/moveit_msgs/srv/_get_robot_state_from_warehouse.py
[11.082s] -- Up-to-date: /home/habibahassan/project/install/moveit_msgs/lib/python3.12/site-packages/moveit_msgs/srv/_check_if_robot_state_exists_in_warehouse_s.c
[11.082s] -- Up-to-date: /home/habibahassan/project/install/moveit_msgs/lib/python3.12/site-packages/moveit_msgs/srv/_get_robot_state_from_warehouse_s.c
[11.083s] -- Up-to-date: /home/habibahassan/project/install/moveit_msgs/lib/python3.12/site-packages/moveit_msgs/srv/_get_planner_params.py
[11.084s] -- Up-to-date: /home/habibahassan/project/install/moveit_msgs/lib/python3.12/site-packages/moveit_msgs/srv/_get_position_ik_s.c
[11.084s] -- Up-to-date: /home/habibahassan/project/install/moveit_msgs/lib/python3.12/site-packages/moveit_msgs/srv/_get_motion_plan_s.c
[11.085s] -- Up-to-date: /home/habibahassan/project/install/moveit_msgs/lib/python3.12/site-packages/moveit_msgs/srv/_get_position_fk.py
[11.086s] -- Up-to-date: /home/habibahassan/project/install/moveit_msgs/lib/python3.12/site-packages/moveit_msgs/srv/_get_state_validity_s.c
[11.086s] -- Up-to-date: /home/habibahassan/project/install/moveit_msgs/lib/python3.12/site-packages/moveit_msgs/srv/_save_geometry_to_file.py
[11.087s] -- Up-to-date: /home/habibahassan/project/install/moveit_msgs/lib/python3.12/site-packages/moveit_msgs/srv/_save_robot_state_to_warehouse_s.c
[11.088s] -- Up-to-date: /home/habibahassan/project/install/moveit_msgs/lib/python3.12/site-packages/moveit_msgs/srv/_get_position_ik.py
[11.088s] -- Up-to-date: /home/habibahassan/project/install/moveit_msgs/lib/python3.12/site-packages/moveit_msgs/srv/_set_planner_params.py
[11.089s] -- Up-to-date: /home/habibahassan/project/install/moveit_msgs/lib/python3.12/site-packages/moveit_msgs/action
[11.090s] -- Up-to-date: /home/habibahassan/project/install/moveit_msgs/lib/python3.12/site-packages/moveit_msgs/action/_local_planner_s.c
[11.090s] -- Up-to-date: /home/habibahassan/project/install/moveit_msgs/lib/python3.12/site-packages/moveit_msgs/action/_global_planner.py
[11.091s] -- Up-to-date: /home/habibahassan/project/install/moveit_msgs/lib/python3.12/site-packages/moveit_msgs/action/_move_group_sequence.py
[11.092s] -- Up-to-date: /home/habibahassan/project/install/moveit_msgs/lib/python3.12/site-packages/moveit_msgs/action/__init__.py
[11.093s] -- Up-to-date: /home/habibahassan/project/install/moveit_msgs/lib/python3.12/site-packages/moveit_msgs/action/_hybrid_planner_s.c
[11.098s] -- Up-to-date: /home/habibahassan/project/install/moveit_msgs/lib/python3.12/site-packages/moveit_msgs/action/_move_group.py
[11.098s] -- Up-to-date: /home/habibahassan/project/install/moveit_msgs/lib/python3.12/site-packages/moveit_msgs/action/_place.py
[11.099s] -- Up-to-date: /home/habibahassan/project/install/moveit_msgs/lib/python3.12/site-packages/moveit_msgs/action/_move_group_sequence_s.c
[11.099s] -- Up-to-date: /home/habibahassan/project/install/moveit_msgs/lib/python3.12/site-packages/moveit_msgs/action/_local_planner.py
[11.100s] -- Up-to-date: /home/habibahassan/project/install/moveit_msgs/lib/python3.12/site-packages/moveit_msgs/action/_pickup_s.c
[11.101s] -- Up-to-date: /home/habibahassan/project/install/moveit_msgs/lib/python3.12/site-packages/moveit_msgs/action/_global_planner_s.c
[11.102s] -- Up-to-date: /home/habibahassan/project/install/moveit_msgs/lib/python3.12/site-packages/moveit_msgs/action/_hybrid_planner.py
[11.102s] -- Up-to-date: /home/habibahassan/project/install/moveit_msgs/lib/python3.12/site-packages/moveit_msgs/action/_execute_trajectory_s.c
[11.103s] -- Up-to-date: /home/habibahassan/project/install/moveit_msgs/lib/python3.12/site-packages/moveit_msgs/action/_move_group_s.c
[11.104s] -- Up-to-date: /home/habibahassan/project/install/moveit_msgs/lib/python3.12/site-packages/moveit_msgs/action/_execute_trajectory.py
[11.105s] -- Up-to-date: /home/habibahassan/project/install/moveit_msgs/lib/python3.12/site-packages/moveit_msgs/action/_place_s.c
[11.105s] -- Up-to-date: /home/habibahassan/project/install/moveit_msgs/lib/python3.12/site-packages/moveit_msgs/action/_pickup.py
[11.106s] -- Up-to-date: /home/habibahassan/project/install/moveit_msgs/lib/python3.12/site-packages/moveit_msgs/__init__.py
[11.106s] -- Up-to-date: /home/habibahassan/project/install/moveit_msgs/lib/python3.12/site-packages/moveit_msgs/moveit_msgs_s__rosidl_typesupport_introspection_c.so
[11.106s] -- Up-to-date: /home/habibahassan/project/install/moveit_msgs/lib/python3.12/site-packages/moveit_msgs/_moveit_msgs_s.ep.rosidl_typesupport_fastrtps_c.c
[11.107s] -- Up-to-date: /home/habibahassan/project/install/moveit_msgs/lib/python3.12/site-packages/moveit_msgs/msg
[11.108s] -- Up-to-date: /home/habibahassan/project/install/moveit_msgs/lib/python3.12/site-packages/moveit_msgs/msg/_motion_sequence_response.py
[11.108s] -- Up-to-date: /home/habibahassan/project/install/moveit_msgs/lib/python3.12/site-packages/moveit_msgs/msg/_robot_trajectory_s.c
[11.109s] -- Up-to-date: /home/habibahassan/project/install/moveit_msgs/lib/python3.12/site-packages/moveit_msgs/msg/_display_trajectory.py
[11.109s] -- Up-to-date: /home/habibahassan/project/install/moveit_msgs/lib/python3.12/site-packages/moveit_msgs/msg/_kinematic_solver_info.py
[11.110s] -- Up-to-date: /home/habibahassan/project/install/moveit_msgs/lib/python3.12/site-packages/moveit_msgs/msg/_oriented_bounding_box.py
[11.110s] -- Up-to-date: /home/habibahassan/project/install/moveit_msgs/lib/python3.12/site-packages/moveit_msgs/msg/_joint_limits.py
[11.111s] -- Up-to-date: /home/habibahassan/project/install/moveit_msgs/lib/python3.12/site-packages/moveit_msgs/msg/_cartesian_trajectory_point_s.c
[11.111s] -- Up-to-date: /home/habibahassan/project/install/moveit_msgs/lib/python3.12/site-packages/moveit_msgs/msg/_planning_scene_components.py
[11.112s] -- Up-to-date: /home/habibahassan/project/install/moveit_msgs/lib/python3.12/site-packages/moveit_msgs/msg/_allowed_collision_entry.py
[11.112s] -- Up-to-date: /home/habibahassan/project/install/moveit_msgs/lib/python3.12/site-packages/moveit_msgs/msg/_visibility_constraint_s.c
[11.113s] -- Up-to-date: /home/habibahassan/project/install/moveit_msgs/lib/python3.12/site-packages/moveit_msgs/msg/_allowed_collision_entry_s.c
[11.113s] -- Up-to-date: /home/habibahassan/project/install/moveit_msgs/lib/python3.12/site-packages/moveit_msgs/msg/_position_constraint.py
[11.114s] -- Up-to-date: /home/habibahassan/project/install/moveit_msgs/lib/python3.12/site-packages/moveit_msgs/msg/_gripper_translation.py
[11.114s] -- Up-to-date: /home/habibahassan/project/install/moveit_msgs/lib/python3.12/site-packages/moveit_msgs/msg/_planning_scene_world.py
[11.115s] -- Up-to-date: /home/habibahassan/project/install/moveit_msgs/lib/python3.12/site-packages/moveit_msgs/msg/__init__.py
[11.116s] -- Up-to-date: /home/habibahassan/project/install/moveit_msgs/lib/python3.12/site-packages/moveit_msgs/msg/_planner_interface_description.py
[11.116s] -- Up-to-date: /home/habibahassan/project/install/moveit_msgs/lib/python3.12/site-packages/moveit_msgs/msg/_display_trajectory_s.c
[11.117s] -- Up-to-date: /home/habibahassan/project/install/moveit_msgs/lib/python3.12/site-packages/moveit_msgs/msg/_cartesian_trajectory_point.py
[11.117s] -- Up-to-date: /home/habibahassan/project/install/moveit_msgs/lib/python3.12/site-packages/moveit_msgs/msg/_generic_trajectory.py
[11.118s] -- Up-to-date: /home/habibahassan/project/install/moveit_msgs/lib/python3.12/site-packages/moveit_msgs/msg/_grasp.py
[11.118s] -- Up-to-date: /home/habibahassan/project/install/moveit_msgs/lib/python3.12/site-packages/moveit_msgs/msg/_orientation_constraint.py
[11.119s] -- Up-to-date: /home/habibahassan/project/install/moveit_msgs/lib/python3.12/site-packages/moveit_msgs/msg/_pipeline_state.py
[11.119s] -- Up-to-date: /home/habibahassan/project/install/moveit_msgs/lib/python3.12/site-packages/moveit_msgs/msg/_link_padding_s.c
[11.120s] -- Up-to-date: /home/habibahassan/project/install/moveit_msgs/lib/python3.12/site-packages/moveit_msgs/msg/_pipeline_state_s.c
[11.121s] -- Up-to-date: /home/habibahassan/project/install/moveit_msgs/lib/python3.12/site-packages/moveit_msgs/msg/_bounding_volume.py
[11.122s] -- Up-to-date: /home/habibahassan/project/install/moveit_msgs/lib/python3.12/site-packages/moveit_msgs/msg/_collision_object_s.c
[11.122s] -- Up-to-date: /home/habibahassan/project/install/moveit_msgs/lib/python3.12/site-packages/moveit_msgs/msg/_motion_sequence_item_s.c
[11.123s] -- Up-to-date: /home/habibahassan/project/install/moveit_msgs/lib/python3.12/site-packages/moveit_msgs/msg/_attached_collision_object_s.c
[11.124s] -- Up-to-date: /home/habibahassan/project/install/moveit_msgs/lib/python3.12/site-packages/moveit_msgs/msg/_joint_limits_s.c
[11.124s] -- Up-to-date: /home/habibahassan/project/install/moveit_msgs/lib/python3.12/site-packages/moveit_msgs/msg/_trajectory_constraints_s.c
[11.125s] -- Up-to-date: /home/habibahassan/project/install/moveit_msgs/lib/python3.12/site-packages/moveit_msgs/msg/_grasp_s.c
[11.126s] -- Up-to-date: /home/habibahassan/project/install/moveit_msgs/lib/python3.12/site-packages/moveit_msgs/msg/_allowed_collision_matrix.py
[11.127s] -- Up-to-date: /home/habibahassan/project/install/moveit_msgs/lib/python3.12/site-packages/moveit_msgs/msg/_cartesian_point.py
[11.127s] -- Up-to-date: /home/habibahassan/project/install/moveit_msgs/lib/python3.12/site-packages/moveit_msgs/msg/_motion_sequence_request_s.c
[11.128s] -- Up-to-date: /home/habibahassan/project/install/moveit_msgs/lib/python3.12/site-packages/moveit_msgs/msg/_motion_plan_detailed_response.py
[11.129s] -- Up-to-date: /home/habibahassan/project/install/moveit_msgs/lib/python3.12/site-packages/moveit_msgs/msg/_move_it_error_codes_s.c
[11.130s] -- Up-to-date: /home/habibahassan/project/install/moveit_msgs/lib/python3.12/site-packages/moveit_msgs/msg/_planner_interface_description_s.c
[11.131s] -- Up-to-date: /home/habibahassan/project/install/moveit_msgs/lib/python3.12/site-packages/moveit_msgs/msg/_constraints.py
[11.150s] -- Up-to-date: /home/habibahassan/project/install/moveit_msgs/lib/python3.12/site-packages/moveit_msgs/msg/_place_location_s.c
[11.152s] -- Up-to-date: /home/habibahassan/project/install/moveit_msgs/lib/python3.12/site-packages/moveit_msgs/msg/_planning_options_s.c
[11.152s] -- Up-to-date: /home/habibahassan/project/install/moveit_msgs/lib/python3.12/site-packages/moveit_msgs/msg/_workspace_parameters_s.c
[11.153s] -- Up-to-date: /home/habibahassan/project/install/moveit_msgs/lib/python3.12/site-packages/moveit_msgs/msg/_constraint_eval_result_s.c
[11.154s] -- Up-to-date: /home/habibahassan/project/install/moveit_msgs/lib/python3.12/site-packages/moveit_msgs/msg/_position_ik_request_s.c
[11.154s] -- Up-to-date: /home/habibahassan/project/install/moveit_msgs/lib/python3.12/site-packages/moveit_msgs/msg/_planning_scene.py
[11.158s] -- Up-to-date: /home/habibahassan/project/install/moveit_msgs/lib/python3.12/site-packages/moveit_msgs/msg/_attached_collision_object.py
[11.159s] -- Up-to-date: /home/habibahassan/project/install/moveit_msgs/lib/python3.12/site-packages/moveit_msgs/msg/_collision_object.py
[11.160s] -- Up-to-date: /home/habibahassan/project/install/moveit_msgs/lib/python3.12/site-packages/moveit_msgs/msg/_servo_status.py
[11.161s] -- Up-to-date: /home/habibahassan/project/install/moveit_msgs/lib/python3.12/site-packages/moveit_msgs/msg/_place_location.py
[11.161s] -- Up-to-date: /home/habibahassan/project/install/moveit_msgs/lib/python3.12/site-packages/moveit_msgs/msg/_joint_constraint_s.c
[11.162s] -- Up-to-date: /home/habibahassan/project/install/moveit_msgs/lib/python3.12/site-packages/moveit_msgs/msg/_motion_plan_detailed_response_s.c
[11.162s] -- Up-to-date: /home/habibahassan/project/install/moveit_msgs/lib/python3.12/site-packages/moveit_msgs/msg/_cartesian_trajectory.py
[11.163s] -- Up-to-date: /home/habibahassan/project/install/moveit_msgs/lib/python3.12/site-packages/moveit_msgs/msg/_position_ik_request.py
[11.164s] -- Up-to-date: /home/habibahassan/project/install/moveit_msgs/lib/python3.12/site-packages/moveit_msgs/msg/_link_padding.py
[11.164s] -- Up-to-date: /home/habibahassan/project/install/moveit_msgs/lib/python3.12/site-packages/moveit_msgs/msg/_joint_constraint.py
[11.164s] -- Up-to-date: /home/habibahassan/project/install/moveit_msgs/lib/python3.12/site-packages/moveit_msgs/msg/_motion_plan_response_s.c
[11.165s] -- Up-to-date: /home/habibahassan/project/install/moveit_msgs/lib/python3.12/site-packages/moveit_msgs/msg/_cost_source_s.c
[11.166s] -- Up-to-date: /home/habibahassan/project/install/moveit_msgs/lib/python3.12/site-packages/moveit_msgs/msg/_contact_information_s.c
[11.169s] -- Up-to-date: /home/habibahassan/project/install/moveit_msgs/lib/python3.12/site-packages/moveit_msgs/msg/_move_it_error_codes.py
[11.170s] -- Up-to-date: /home/habibahassan/project/install/moveit_msgs/lib/python3.12/site-packages/moveit_msgs/msg/_link_scale_s.c
[11.173s] -- Up-to-date: /home/habibahassan/project/install/moveit_msgs/lib/python3.12/site-packages/moveit_msgs/msg/_oriented_bounding_box_s.c
[11.173s] -- Up-to-date: /home/habibahassan/project/install/moveit_msgs/lib/python3.12/site-packages/moveit_msgs/msg/_kinematic_solver_info_s.c
[11.176s] -- Up-to-date: /home/habibahassan/project/install/moveit_msgs/lib/python3.12/site-packages/moveit_msgs/msg/_cost_source.py
[11.177s] -- Up-to-date: /home/habibahassan/project/install/moveit_msgs/lib/python3.12/site-packages/moveit_msgs/msg/_planner_params.py
[11.178s] -- Up-to-date: /home/habibahassan/project/install/moveit_msgs/lib/python3.12/site-packages/moveit_msgs/msg/_workspace_parameters.py
[11.179s] -- Up-to-date: /home/habibahassan/project/install/moveit_msgs/lib/python3.12/site-packages/moveit_msgs/msg/_contact_information.py
[11.179s] -- Up-to-date: /home/habibahassan/project/install/moveit_msgs/lib/python3.12/site-packages/moveit_msgs/msg/_gripper_translation_s.c
[11.180s] -- Up-to-date: /home/habibahassan/project/install/moveit_msgs/lib/python3.12/site-packages/moveit_msgs/msg/_constraint_eval_result.py
[11.181s] -- Up-to-date: /home/habibahassan/project/install/moveit_msgs/lib/python3.12/site-packages/moveit_msgs/msg/_cartesian_point_s.c
[11.181s] -- Up-to-date: /home/habibahassan/project/install/moveit_msgs/lib/python3.12/site-packages/moveit_msgs/msg/_cartesian_trajectory_s.c
[11.182s] -- Up-to-date: /home/habibahassan/project/install/moveit_msgs/lib/python3.12/site-packages/moveit_msgs/msg/_display_robot_state_s.c
[11.183s] -- Up-to-date: /home/habibahassan/project/install/moveit_msgs/lib/python3.12/site-packages/moveit_msgs/msg/_orientation_constraint_s.c
[11.183s] -- Up-to-date: /home/habibahassan/project/install/moveit_msgs/lib/python3.12/site-packages/moveit_msgs/msg/_motion_sequence_item.py
[11.185s] -- Up-to-date: /home/habibahassan/project/install/moveit_msgs/lib/python3.12/site-packages/moveit_msgs/msg/_allowed_collision_matrix_s.c
[11.186s] -- Up-to-date: /home/habibahassan/project/install/moveit_msgs/lib/python3.12/site-packages/moveit_msgs/msg/_constraints_s.c
[11.186s] -- Up-to-date: /home/habibahassan/project/install/moveit_msgs/lib/python3.12/site-packages/moveit_msgs/msg/_motion_sequence_request.py
[11.188s] -- Up-to-date: /home/habibahassan/project/install/moveit_msgs/lib/python3.12/site-packages/moveit_msgs/msg/_visibility_constraint.py
[11.189s] -- Up-to-date: /home/habibahassan/project/install/moveit_msgs/lib/python3.12/site-packages/moveit_msgs/msg/_motion_plan_request_s.c
[11.191s] -- Up-to-date: /home/habibahassan/project/install/moveit_msgs/lib/python3.12/site-packages/moveit_msgs/msg/_robot_state_s.c
[11.192s] -- Up-to-date: /home/habibahassan/project/install/moveit_msgs/lib/python3.12/site-packages/moveit_msgs/msg/_bounding_volume_s.c
[11.192s] -- Up-to-date: /home/habibahassan/project/install/moveit_msgs/lib/python3.12/site-packages/moveit_msgs/msg/_planner_params_s.c
[11.193s] -- Up-to-date: /home/habibahassan/project/install/moveit_msgs/lib/python3.12/site-packages/moveit_msgs/msg/_robot_state.py
[11.194s] -- Up-to-date: /home/habibahassan/project/install/moveit_msgs/lib/python3.12/site-packages/moveit_msgs/msg/_display_robot_state.py
[11.194s] -- Up-to-date: /home/habibahassan/project/install/moveit_msgs/lib/python3.12/site-packages/moveit_msgs/msg/_servo_status_s.c
[11.194s] -- Up-to-date: /home/habibahassan/project/install/moveit_msgs/lib/python3.12/site-packages/moveit_msgs/msg/_object_color.py
[11.195s] -- Up-to-date: /home/habibahassan/project/install/moveit_msgs/lib/python3.12/site-packages/moveit_msgs/msg/_position_constraint_s.c
[11.195s] -- Up-to-date: /home/habibahassan/project/install/moveit_msgs/lib/python3.12/site-packages/moveit_msgs/msg/_planning_scene_s.c
[11.196s] -- Up-to-date: /home/habibahassan/project/install/moveit_msgs/lib/python3.12/site-packages/moveit_msgs/msg/_object_color_s.c
[11.196s] -- Up-to-date: /home/habibahassan/project/install/moveit_msgs/lib/python3.12/site-packages/moveit_msgs/msg/_motion_plan_request.py
[11.197s] -- Up-to-date: /home/habibahassan/project/install/moveit_msgs/lib/python3.12/site-packages/moveit_msgs/msg/_robot_trajectory.py
[11.197s] -- Up-to-date: /home/habibahassan/project/install/moveit_msgs/lib/python3.12/site-packages/moveit_msgs/msg/_planning_options.py
[11.198s] -- Up-to-date: /home/habibahassan/project/install/moveit_msgs/lib/python3.12/site-packages/moveit_msgs/msg/_motion_plan_response.py
[11.198s] -- Up-to-date: /home/habibahassan/project/install/moveit_msgs/lib/python3.12/site-packages/moveit_msgs/msg/_motion_sequence_response_s.c
[11.198s] -- Up-to-date: /home/habibahassan/project/install/moveit_msgs/lib/python3.12/site-packages/moveit_msgs/msg/_planning_scene_world_s.c
[11.199s] -- Up-to-date: /home/habibahassan/project/install/moveit_msgs/lib/python3.12/site-packages/moveit_msgs/msg/_trajectory_constraints.py
[11.200s] -- Up-to-date: /home/habibahassan/project/install/moveit_msgs/lib/python3.12/site-packages/moveit_msgs/msg/_planning_scene_components_s.c
[11.200s] -- Up-to-date: /home/habibahassan/project/install/moveit_msgs/lib/python3.12/site-packages/moveit_msgs/msg/_generic_trajectory_s.c
[11.201s] -- Up-to-date: /home/habibahassan/project/install/moveit_msgs/lib/python3.12/site-packages/moveit_msgs/msg/_link_scale.py
[11.202s] -- Up-to-date: /home/habibahassan/project/install/moveit_msgs/lib/python3.12/site-packages/moveit_msgs/_moveit_msgs_s.ep.rosidl_typesupport_c.c
[11.202s] -- Up-to-date: /home/habibahassan/project/install/moveit_msgs/lib/python3.12/site-packages/moveit_msgs/_moveit_msgs_s.ep.rosidl_typesupport_introspection_c.c
[11.203s] -- Up-to-date: /home/habibahassan/project/install/moveit_msgs/lib/python3.12/site-packages/moveit_msgs/moveit_msgs_s__rosidl_typesupport_c.so
[11.204s] -- Up-to-date: /home/habibahassan/project/install/moveit_msgs/lib/python3.12/site-packages/moveit_msgs/moveit_msgs_s__rosidl_typesupport_fastrtps_c.so
[11.219s] Listing '/home/habibahassan/project/install/moveit_msgs/lib/python3.12/site-packages/moveit_msgs'...
[11.220s] Listing '/home/habibahassan/project/install/moveit_msgs/lib/python3.12/site-packages/moveit_msgs/action'...
[11.221s] Listing '/home/habibahassan/project/install/moveit_msgs/lib/python3.12/site-packages/moveit_msgs/msg'...
[11.221s] Listing '/home/habibahassan/project/install/moveit_msgs/lib/python3.12/site-packages/moveit_msgs/srv'...
[11.224s] -- Up-to-date: /home/habibahassan/project/install/moveit_msgs/lib/python3.12/site-packages/moveit_msgs/moveit_msgs_s__rosidl_typesupport_fastrtps_c.so
[11.225s] -- Up-to-date: /home/habibahassan/project/install/moveit_msgs/lib/python3.12/site-packages/moveit_msgs/moveit_msgs_s__rosidl_typesupport_introspection_c.so
[11.227s] -- Up-to-date: /home/habibahassan/project/install/moveit_msgs/lib/python3.12/site-packages/moveit_msgs/moveit_msgs_s__rosidl_typesupport_c.so
[11.228s] -- Up-to-date: /home/habibahassan/project/install/moveit_msgs/lib/libmoveit_msgs__rosidl_generator_py.so
[11.229s] -- Up-to-date: /home/habibahassan/project/install/moveit_msgs/share/moveit_msgs/msg/AllowedCollisionEntry.idl
[11.231s] -- Up-to-date: /home/habibahassan/project/install/moveit_msgs/share/moveit_msgs/msg/AllowedCollisionMatrix.idl
[11.232s] -- Up-to-date: /home/habibahassan/project/install/moveit_msgs/share/moveit_msgs/msg/AttachedCollisionObject.idl
[11.233s] -- Up-to-date: /home/habibahassan/project/install/moveit_msgs/share/moveit_msgs/msg/BoundingVolume.idl
[11.234s] -- Up-to-date: /home/habibahassan/project/install/moveit_msgs/share/moveit_msgs/msg/CartesianPoint.idl
[11.235s] -- Up-to-date: /home/habibahassan/project/install/moveit_msgs/share/moveit_msgs/msg/CartesianTrajectory.idl
[11.235s] -- Up-to-date: /home/habibahassan/project/install/moveit_msgs/share/moveit_msgs/msg/CartesianTrajectoryPoint.idl
[11.236s] -- Up-to-date: /home/habibahassan/project/install/moveit_msgs/share/moveit_msgs/msg/CollisionObject.idl
[11.237s] -- Up-to-date: /home/habibahassan/project/install/moveit_msgs/share/moveit_msgs/msg/ConstraintEvalResult.idl
[11.237s] -- Up-to-date: /home/habibahassan/project/install/moveit_msgs/share/moveit_msgs/msg/Constraints.idl
[11.238s] -- Up-to-date: /home/habibahassan/project/install/moveit_msgs/share/moveit_msgs/msg/CostSource.idl
[11.239s] -- Up-to-date: /home/habibahassan/project/install/moveit_msgs/share/moveit_msgs/msg/ContactInformation.idl
[11.239s] -- Up-to-date: /home/habibahassan/project/install/moveit_msgs/share/moveit_msgs/msg/DisplayTrajectory.idl
[11.240s] -- Up-to-date: /home/habibahassan/project/install/moveit_msgs/share/moveit_msgs/msg/DisplayRobotState.idl
[11.240s] -- Up-to-date: /home/habibahassan/project/install/moveit_msgs/share/moveit_msgs/msg/GenericTrajectory.idl
[11.241s] -- Up-to-date: /home/habibahassan/project/install/moveit_msgs/share/moveit_msgs/msg/Grasp.idl
[11.243s] -- Up-to-date: /home/habibahassan/project/install/moveit_msgs/share/moveit_msgs/msg/GripperTranslation.idl
[11.245s] -- Up-to-date: /home/habibahassan/project/install/moveit_msgs/share/moveit_msgs/msg/JointConstraint.idl
[11.247s] -- Up-to-date: /home/habibahassan/project/install/moveit_msgs/share/moveit_msgs/msg/JointLimits.idl
[11.248s] -- Up-to-date: /home/habibahassan/project/install/moveit_msgs/share/moveit_msgs/msg/LinkPadding.idl
[11.249s] -- Up-to-date: /home/habibahassan/project/install/moveit_msgs/share/moveit_msgs/msg/LinkScale.idl
[11.249s] -- Up-to-date: /home/habibahassan/project/install/moveit_msgs/share/moveit_msgs/msg/MotionPlanRequest.idl
[11.250s] -- Up-to-date: /home/habibahassan/project/install/moveit_msgs/share/moveit_msgs/msg/MotionPlanResponse.idl
[11.250s] -- Up-to-date: /home/habibahassan/project/install/moveit_msgs/share/moveit_msgs/msg/MotionPlanDetailedResponse.idl
[11.251s] -- Up-to-date: /home/habibahassan/project/install/moveit_msgs/share/moveit_msgs/msg/MotionSequenceItem.idl
[11.251s] -- Up-to-date: /home/habibahassan/project/install/moveit_msgs/share/moveit_msgs/msg/MotionSequenceRequest.idl
[11.252s] -- Up-to-date: /home/habibahassan/project/install/moveit_msgs/share/moveit_msgs/msg/MotionSequenceResponse.idl
[11.252s] -- Up-to-date: /home/habibahassan/project/install/moveit_msgs/share/moveit_msgs/msg/MoveItErrorCodes.idl
[11.253s] -- Up-to-date: /home/habibahassan/project/install/moveit_msgs/share/moveit_msgs/msg/TrajectoryConstraints.idl
[11.255s] -- Up-to-date: /home/habibahassan/project/install/moveit_msgs/share/moveit_msgs/msg/ObjectColor.idl
[11.256s] -- Up-to-date: /home/habibahassan/project/install/moveit_msgs/share/moveit_msgs/msg/OrientationConstraint.idl
[11.256s] -- Up-to-date: /home/habibahassan/project/install/moveit_msgs/share/moveit_msgs/msg/OrientedBoundingBox.idl
[11.284s] -- Up-to-date: /home/habibahassan/project/install/moveit_msgs/share/moveit_msgs/msg/PlaceLocation.idl
[11.284s] -- Up-to-date: /home/habibahassan/project/install/moveit_msgs/share/moveit_msgs/msg/PlannerInterfaceDescription.idl
[11.285s] -- Up-to-date: /home/habibahassan/project/install/moveit_msgs/share/moveit_msgs/msg/PlannerParams.idl
[11.285s] -- Up-to-date: /home/habibahassan/project/install/moveit_msgs/share/moveit_msgs/msg/PlanningScene.idl
[11.286s] -- Up-to-date: /home/habibahassan/project/install/moveit_msgs/share/moveit_msgs/msg/PlanningSceneComponents.idl
[11.286s] -- Up-to-date: /home/habibahassan/project/install/moveit_msgs/share/moveit_msgs/msg/PlanningSceneWorld.idl
[11.287s] -- Up-to-date: /home/habibahassan/project/install/moveit_msgs/share/moveit_msgs/msg/PlanningOptions.idl
[11.287s] -- Up-to-date: /home/habibahassan/project/install/moveit_msgs/share/moveit_msgs/msg/PositionConstraint.idl
[11.288s] -- Up-to-date: /home/habibahassan/project/install/moveit_msgs/share/moveit_msgs/msg/RobotState.idl
[11.288s] -- Up-to-date: /home/habibahassan/project/install/moveit_msgs/share/moveit_msgs/msg/RobotTrajectory.idl
[11.289s] -- Up-to-date: /home/habibahassan/project/install/moveit_msgs/share/moveit_msgs/msg/VisibilityConstraint.idl
[11.291s] -- Up-to-date: /home/habibahassan/project/install/moveit_msgs/share/moveit_msgs/msg/WorkspaceParameters.idl
[11.291s] -- Up-to-date: /home/habibahassan/project/install/moveit_msgs/share/moveit_msgs/msg/KinematicSolverInfo.idl
[11.305s] -- Up-to-date: /home/habibahassan/project/install/moveit_msgs/share/moveit_msgs/msg/PositionIKRequest.idl
[11.306s] -- Up-to-date: /home/habibahassan/project/install/moveit_msgs/share/moveit_msgs/msg/PipelineState.idl
[11.306s] -- Up-to-date: /home/habibahassan/project/install/moveit_msgs/share/moveit_msgs/msg/ServoStatus.idl
[11.307s] -- Up-to-date: /home/habibahassan/project/install/moveit_msgs/share/moveit_msgs/srv/GetMotionPlan.idl
[11.308s] -- Up-to-date: /home/habibahassan/project/install/moveit_msgs/share/moveit_msgs/srv/GetStateValidity.idl
[11.308s] -- Up-to-date: /home/habibahassan/project/install/moveit_msgs/share/moveit_msgs/srv/GetCartesianPath.idl
[11.309s] -- Up-to-date: /home/habibahassan/project/install/moveit_msgs/share/moveit_msgs/srv/GetPlanningScene.idl
[11.310s] -- Up-to-date: /home/habibahassan/project/install/moveit_msgs/share/moveit_msgs/srv/GraspPlanning.idl
[11.310s] -- Up-to-date: /home/habibahassan/project/install/moveit_msgs/share/moveit_msgs/srv/ApplyPlanningScene.idl
[11.311s] -- Up-to-date: /home/habibahassan/project/install/moveit_msgs/share/moveit_msgs/srv/QueryPlannerInterfaces.idl
[11.312s] -- Up-to-date: /home/habibahassan/project/install/moveit_msgs/share/moveit_msgs/srv/GetMotionSequence.idl
[11.312s] -- Up-to-date: /home/habibahassan/project/install/moveit_msgs/share/moveit_msgs/srv/GetPositionFK.idl
[11.313s] -- Up-to-date: /home/habibahassan/project/install/moveit_msgs/share/moveit_msgs/srv/GetPositionIK.idl
[11.313s] -- Up-to-date: /home/habibahassan/project/install/moveit_msgs/share/moveit_msgs/srv/GetPlannerParams.idl
[11.314s] -- Up-to-date: /home/habibahassan/project/install/moveit_msgs/share/moveit_msgs/srv/SetPlannerParams.idl
[11.315s] -- Up-to-date: /home/habibahassan/project/install/moveit_msgs/share/moveit_msgs/srv/UpdatePointcloudOctomap.idl
[11.315s] -- Up-to-date: /home/habibahassan/project/install/moveit_msgs/share/moveit_msgs/srv/SaveGeometryToFile.idl
[11.316s] -- Up-to-date: /home/habibahassan/project/install/moveit_msgs/share/moveit_msgs/srv/SaveMap.idl
[11.316s] -- Up-to-date: /home/habibahassan/project/install/moveit_msgs/share/moveit_msgs/srv/LoadGeometryFromFile.idl
[11.317s] -- Up-to-date: /home/habibahassan/project/install/moveit_msgs/share/moveit_msgs/srv/LoadMap.idl
[11.318s] -- Up-to-date: /home/habibahassan/project/install/moveit_msgs/share/moveit_msgs/srv/SaveRobotStateToWarehouse.idl
[11.318s] -- Up-to-date: /home/habibahassan/project/install/moveit_msgs/share/moveit_msgs/srv/ListRobotStatesInWarehouse.idl
[11.319s] -- Up-to-date: /home/habibahassan/project/install/moveit_msgs/share/moveit_msgs/srv/GetRobotStateFromWarehouse.idl
[11.319s] -- Up-to-date: /home/habibahassan/project/install/moveit_msgs/share/moveit_msgs/srv/CheckIfRobotStateExistsInWarehouse.idl
[11.320s] -- Up-to-date: /home/habibahassan/project/install/moveit_msgs/share/moveit_msgs/srv/RenameRobotStateInWarehouse.idl
[11.321s] -- Up-to-date: /home/habibahassan/project/install/moveit_msgs/share/moveit_msgs/srv/DeleteRobotStateFromWarehouse.idl
[11.321s] -- Up-to-date: /home/habibahassan/project/install/moveit_msgs/share/moveit_msgs/srv/ServoCommandType.idl
[11.322s] -- Up-to-date: /home/habibahassan/project/install/moveit_msgs/share/moveit_msgs/srv/GetGroupUrdf.idl
[11.322s] -- Up-to-date: /home/habibahassan/project/install/moveit_msgs/share/moveit_msgs/action/ExecuteTrajectory.idl
[11.322s] -- Up-to-date: /home/habibahassan/project/install/moveit_msgs/share/moveit_msgs/action/MoveGroup.idl
[11.323s] -- Up-to-date: /home/habibahassan/project/install/moveit_msgs/share/moveit_msgs/action/MoveGroupSequence.idl
[11.323s] -- Up-to-date: /home/habibahassan/project/install/moveit_msgs/share/moveit_msgs/action/Pickup.idl
[11.324s] -- Up-to-date: /home/habibahassan/project/install/moveit_msgs/share/moveit_msgs/action/Place.idl
[11.326s] -- Up-to-date: /home/habibahassan/project/install/moveit_msgs/share/moveit_msgs/action/LocalPlanner.idl
[11.326s] -- Up-to-date: /home/habibahassan/project/install/moveit_msgs/share/moveit_msgs/action/GlobalPlanner.idl
[11.328s] -- Up-to-date: /home/habibahassan/project/install/moveit_msgs/share/moveit_msgs/action/HybridPlanner.idl
[11.329s] -- Up-to-date: /home/habibahassan/project/install/moveit_msgs/share/moveit_msgs/msg/AllowedCollisionEntry.msg
[11.330s] -- Up-to-date: /home/habibahassan/project/install/moveit_msgs/share/moveit_msgs/msg/AllowedCollisionMatrix.msg
[11.330s] -- Up-to-date: /home/habibahassan/project/install/moveit_msgs/share/moveit_msgs/msg/AttachedCollisionObject.msg
[11.331s] -- Up-to-date: /home/habibahassan/project/install/moveit_msgs/share/moveit_msgs/msg/BoundingVolume.msg
[11.332s] -- Up-to-date: /home/habibahassan/project/install/moveit_msgs/share/moveit_msgs/msg/CartesianPoint.msg
[11.333s] -- Up-to-date: /home/habibahassan/project/install/moveit_msgs/share/moveit_msgs/msg/CartesianTrajectory.msg
[11.334s] -- Up-to-date: /home/habibahassan/project/install/moveit_msgs/share/moveit_msgs/msg/CartesianTrajectoryPoint.msg
[11.335s] -- Up-to-date: /home/habibahassan/project/install/moveit_msgs/share/moveit_msgs/msg/CollisionObject.msg
[11.336s] -- Up-to-date: /home/habibahassan/project/install/moveit_msgs/share/moveit_msgs/msg/ConstraintEvalResult.msg
[11.336s] -- Up-to-date: /home/habibahassan/project/install/moveit_msgs/share/moveit_msgs/msg/Constraints.msg
[11.337s] -- Up-to-date: /home/habibahassan/project/install/moveit_msgs/share/moveit_msgs/msg/CostSource.msg
[11.337s] -- Up-to-date: /home/habibahassan/project/install/moveit_msgs/share/moveit_msgs/msg/ContactInformation.msg
[11.338s] -- Up-to-date: /home/habibahassan/project/install/moveit_msgs/share/moveit_msgs/msg/DisplayTrajectory.msg
[11.338s] -- Up-to-date: /home/habibahassan/project/install/moveit_msgs/share/moveit_msgs/msg/DisplayRobotState.msg
[11.339s] -- Up-to-date: /home/habibahassan/project/install/moveit_msgs/share/moveit_msgs/msg/GenericTrajectory.msg
[11.339s] -- Up-to-date: /home/habibahassan/project/install/moveit_msgs/share/moveit_msgs/msg/Grasp.msg
[11.340s] -- Up-to-date: /home/habibahassan/project/install/moveit_msgs/share/moveit_msgs/msg/GripperTranslation.msg
[11.341s] -- Up-to-date: /home/habibahassan/project/install/moveit_msgs/share/moveit_msgs/msg/JointConstraint.msg
[11.341s] -- Up-to-date: /home/habibahassan/project/install/moveit_msgs/share/moveit_msgs/msg/JointLimits.msg
[11.342s] -- Up-to-date: /home/habibahassan/project/install/moveit_msgs/share/moveit_msgs/msg/LinkPadding.msg
[11.342s] -- Up-to-date: /home/habibahassan/project/install/moveit_msgs/share/moveit_msgs/msg/LinkScale.msg
[11.343s] -- Up-to-date: /home/habibahassan/project/install/moveit_msgs/share/moveit_msgs/msg/MotionPlanRequest.msg
[11.344s] -- Up-to-date: /home/habibahassan/project/install/moveit_msgs/share/moveit_msgs/msg/MotionPlanResponse.msg
[11.344s] -- Up-to-date: /home/habibahassan/project/install/moveit_msgs/share/moveit_msgs/msg/MotionPlanDetailedResponse.msg
[11.345s] -- Up-to-date: /home/habibahassan/project/install/moveit_msgs/share/moveit_msgs/msg/MotionSequenceItem.msg
[11.346s] -- Up-to-date: /home/habibahassan/project/install/moveit_msgs/share/moveit_msgs/msg/MotionSequenceRequest.msg
[11.347s] -- Up-to-date: /home/habibahassan/project/install/moveit_msgs/share/moveit_msgs/msg/MotionSequenceResponse.msg
[11.347s] -- Up-to-date: /home/habibahassan/project/install/moveit_msgs/share/moveit_msgs/msg/MoveItErrorCodes.msg
[11.348s] -- Up-to-date: /home/habibahassan/project/install/moveit_msgs/share/moveit_msgs/msg/TrajectoryConstraints.msg
[11.348s] -- Up-to-date: /home/habibahassan/project/install/moveit_msgs/share/moveit_msgs/msg/ObjectColor.msg
[11.348s] -- Up-to-date: /home/habibahassan/project/install/moveit_msgs/share/moveit_msgs/msg/OrientationConstraint.msg
[11.349s] -- Up-to-date: /home/habibahassan/project/install/moveit_msgs/share/moveit_msgs/msg/OrientedBoundingBox.msg
[11.349s] -- Up-to-date: /home/habibahassan/project/install/moveit_msgs/share/moveit_msgs/msg/PlaceLocation.msg
[11.350s] -- Up-to-date: /home/habibahassan/project/install/moveit_msgs/share/moveit_msgs/msg/PlannerInterfaceDescription.msg
[11.351s] -- Up-to-date: /home/habibahassan/project/install/moveit_msgs/share/moveit_msgs/msg/PlannerParams.msg
[11.351s] -- Up-to-date: /home/habibahassan/project/install/moveit_msgs/share/moveit_msgs/msg/PlanningScene.msg
[11.352s] -- Up-to-date: /home/habibahassan/project/install/moveit_msgs/share/moveit_msgs/msg/PlanningSceneComponents.msg
[11.353s] -- Up-to-date: /home/habibahassan/project/install/moveit_msgs/share/moveit_msgs/msg/PlanningSceneWorld.msg
[11.354s] -- Up-to-date: /home/habibahassan/project/install/moveit_msgs/share/moveit_msgs/msg/PlanningOptions.msg
[11.354s] -- Up-to-date: /home/habibahassan/project/install/moveit_msgs/share/moveit_msgs/msg/PositionConstraint.msg
[11.355s] -- Up-to-date: /home/habibahassan/project/install/moveit_msgs/share/moveit_msgs/msg/RobotState.msg
[11.356s] -- Up-to-date: /home/habibahassan/project/install/moveit_msgs/share/moveit_msgs/msg/RobotTrajectory.msg
[11.357s] -- Up-to-date: /home/habibahassan/project/install/moveit_msgs/share/moveit_msgs/msg/VisibilityConstraint.msg
[11.360s] -- Up-to-date: /home/habibahassan/project/install/moveit_msgs/share/moveit_msgs/msg/WorkspaceParameters.msg
[11.361s] -- Up-to-date: /home/habibahassan/project/install/moveit_msgs/share/moveit_msgs/msg/KinematicSolverInfo.msg
[11.362s] -- Up-to-date: /home/habibahassan/project/install/moveit_msgs/share/moveit_msgs/msg/PositionIKRequest.msg
[11.362s] -- Up-to-date: /home/habibahassan/project/install/moveit_msgs/share/moveit_msgs/msg/PipelineState.msg
[11.363s] -- Up-to-date: /home/habibahassan/project/install/moveit_msgs/share/moveit_msgs/msg/ServoStatus.msg
[11.364s] -- Up-to-date: /home/habibahassan/project/install/moveit_msgs/share/moveit_msgs/srv/GetMotionPlan.srv
[11.364s] -- Up-to-date: /home/habibahassan/project/install/moveit_msgs/share/moveit_msgs/srv/GetStateValidity.srv
[11.365s] -- Up-to-date: /home/habibahassan/project/install/moveit_msgs/share/moveit_msgs/srv/GetCartesianPath.srv
[11.365s] -- Up-to-date: /home/habibahassan/project/install/moveit_msgs/share/moveit_msgs/srv/GetPlanningScene.srv
[11.366s] -- Up-to-date: /home/habibahassan/project/install/moveit_msgs/share/moveit_msgs/srv/GraspPlanning.srv
[11.366s] -- Up-to-date: /home/habibahassan/project/install/moveit_msgs/share/moveit_msgs/srv/ApplyPlanningScene.srv
[11.367s] -- Up-to-date: /home/habibahassan/project/install/moveit_msgs/share/moveit_msgs/srv/QueryPlannerInterfaces.srv
[11.367s] -- Up-to-date: /home/habibahassan/project/install/moveit_msgs/share/moveit_msgs/srv/GetMotionSequence.srv
[11.368s] -- Up-to-date: /home/habibahassan/project/install/moveit_msgs/share/moveit_msgs/srv/GetPositionFK.srv
[11.368s] -- Up-to-date: /home/habibahassan/project/install/moveit_msgs/share/moveit_msgs/srv/GetPositionIK.srv
[11.369s] -- Up-to-date: /home/habibahassan/project/install/moveit_msgs/share/moveit_msgs/srv/GetPlannerParams.srv
[11.370s] -- Up-to-date: /home/habibahassan/project/install/moveit_msgs/share/moveit_msgs/srv/SetPlannerParams.srv
[11.370s] -- Up-to-date: /home/habibahassan/project/install/moveit_msgs/share/moveit_msgs/srv/UpdatePointcloudOctomap.srv
[11.371s] -- Up-to-date: /home/habibahassan/project/install/moveit_msgs/share/moveit_msgs/srv/SaveGeometryToFile.srv
[11.372s] -- Up-to-date: /home/habibahassan/project/install/moveit_msgs/share/moveit_msgs/srv/SaveMap.srv
[11.373s] -- Up-to-date: /home/habibahassan/project/install/moveit_msgs/share/moveit_msgs/srv/LoadGeometryFromFile.srv
[11.374s] -- Up-to-date: /home/habibahassan/project/install/moveit_msgs/share/moveit_msgs/srv/LoadMap.srv
[11.375s] -- Up-to-date: /home/habibahassan/project/install/moveit_msgs/share/moveit_msgs/srv/SaveRobotStateToWarehouse.srv
[11.376s] -- Up-to-date: /home/habibahassan/project/install/moveit_msgs/share/moveit_msgs/srv/ListRobotStatesInWarehouse.srv
[11.377s] -- Up-to-date: /home/habibahassan/project/install/moveit_msgs/share/moveit_msgs/srv/GetRobotStateFromWarehouse.srv
[11.377s] -- Up-to-date: /home/habibahassan/project/install/moveit_msgs/share/moveit_msgs/srv/CheckIfRobotStateExistsInWarehouse.srv
[11.378s] -- Up-to-date: /home/habibahassan/project/install/moveit_msgs/share/moveit_msgs/srv/RenameRobotStateInWarehouse.srv
[11.378s] -- Up-to-date: /home/habibahassan/project/install/moveit_msgs/share/moveit_msgs/srv/DeleteRobotStateFromWarehouse.srv
[11.379s] -- Up-to-date: /home/habibahassan/project/install/moveit_msgs/share/moveit_msgs/srv/ServoCommandType.srv
[11.380s] -- Up-to-date: /home/habibahassan/project/install/moveit_msgs/share/moveit_msgs/srv/GetGroupUrdf.srv
[11.380s] -- Up-to-date: /home/habibahassan/project/install/moveit_msgs/share/moveit_msgs/action/ExecuteTrajectory.action
[11.381s] -- Up-to-date: /home/habibahassan/project/install/moveit_msgs/share/moveit_msgs/action/MoveGroup.action
[11.382s] -- Up-to-date: /home/habibahassan/project/install/moveit_msgs/share/moveit_msgs/action/MoveGroupSequence.action
[11.382s] -- Up-to-date: /home/habibahassan/project/install/moveit_msgs/share/moveit_msgs/action/Pickup.action
[11.383s] -- Up-to-date: /home/habibahassan/project/install/moveit_msgs/share/moveit_msgs/action/Place.action
[11.383s] -- Up-to-date: /home/habibahassan/project/install/moveit_msgs/share/moveit_msgs/action/LocalPlanner.action
[11.384s] -- Up-to-date: /home/habibahassan/project/install/moveit_msgs/share/moveit_msgs/action/GlobalPlanner.action
[11.384s] -- Up-to-date: /home/habibahassan/project/install/moveit_msgs/share/moveit_msgs/action/HybridPlanner.action
[11.385s] -- Up-to-date: /home/habibahassan/project/install/moveit_msgs/share/ament_index/resource_index/package_run_dependencies/moveit_msgs
[11.386s] -- Up-to-date: /home/habibahassan/project/install/moveit_msgs/share/ament_index/resource_index/parent_prefix_path/moveit_msgs
[11.386s] -- Up-to-date: /home/habibahassan/project/install/moveit_msgs/share/moveit_msgs/environment/ament_prefix_path.sh
[11.388s] -- Up-to-date: /home/habibahassan/project/install/moveit_msgs/share/moveit_msgs/environment/ament_prefix_path.dsv
[11.389s] -- Up-to-date: /home/habibahassan/project/install/moveit_msgs/share/moveit_msgs/environment/path.sh
[11.389s] -- Up-to-date: /home/habibahassan/project/install/moveit_msgs/share/moveit_msgs/environment/path.dsv
[11.390s] -- Up-to-date: /home/habibahassan/project/install/moveit_msgs/share/moveit_msgs/local_setup.bash
[11.391s] -- Up-to-date: /home/habibahassan/project/install/moveit_msgs/share/moveit_msgs/local_setup.sh
[11.392s] -- Up-to-date: /home/habibahassan/project/install/moveit_msgs/share/moveit_msgs/local_setup.zsh
[11.393s] -- Up-to-date: /home/habibahassan/project/install/moveit_msgs/share/moveit_msgs/local_setup.dsv
[11.393s] -- Installing: /home/habibahassan/project/install/moveit_msgs/share/moveit_msgs/package.dsv
[11.394s] -- Up-to-date: /home/habibahassan/project/install/moveit_msgs/share/ament_index/resource_index/packages/moveit_msgs
[11.395s] -- Up-to-date: /home/habibahassan/project/install/moveit_msgs/share/moveit_msgs/cmake/export_moveit_msgs__rosidl_generator_cExport.cmake
[11.395s] -- Up-to-date: /home/habibahassan/project/install/moveit_msgs/share/moveit_msgs/cmake/export_moveit_msgs__rosidl_generator_cExport-noconfig.cmake
[11.395s] -- Up-to-date: /home/habibahassan/project/install/moveit_msgs/share/moveit_msgs/cmake/export_moveit_msgs__rosidl_typesupport_fastrtps_cExport.cmake
[11.396s] -- Up-to-date: /home/habibahassan/project/install/moveit_msgs/share/moveit_msgs/cmake/export_moveit_msgs__rosidl_typesupport_fastrtps_cExport-noconfig.cmake
[11.396s] -- Up-to-date: /home/habibahassan/project/install/moveit_msgs/share/moveit_msgs/cmake/moveit_msgs__rosidl_typesupport_introspection_cExport.cmake
[11.397s] -- Up-to-date: /home/habibahassan/project/install/moveit_msgs/share/moveit_msgs/cmake/moveit_msgs__rosidl_typesupport_introspection_cExport-noconfig.cmake
[11.397s] -- Up-to-date: /home/habibahassan/project/install/moveit_msgs/share/moveit_msgs/cmake/moveit_msgs__rosidl_typesupport_cExport.cmake
[11.398s] -- Up-to-date: /home/habibahassan/project/install/moveit_msgs/share/moveit_msgs/cmake/moveit_msgs__rosidl_typesupport_cExport-noconfig.cmake
[11.398s] -- Up-to-date: /home/habibahassan/project/install/moveit_msgs/share/moveit_msgs/cmake/export_moveit_msgs__rosidl_generator_cppExport.cmake
[11.399s] -- Up-to-date: /home/habibahassan/project/install/moveit_msgs/share/moveit_msgs/cmake/export_moveit_msgs__rosidl_typesupport_fastrtps_cppExport.cmake
[11.399s] -- Up-to-date: /home/habibahassan/project/install/moveit_msgs/share/moveit_msgs/cmake/export_moveit_msgs__rosidl_typesupport_fastrtps_cppExport-noconfig.cmake
[11.400s] -- Up-to-date: /home/habibahassan/project/install/moveit_msgs/share/moveit_msgs/cmake/moveit_msgs__rosidl_typesupport_introspection_cppExport.cmake
[11.400s] -- Up-to-date: /home/habibahassan/project/install/moveit_msgs/share/moveit_msgs/cmake/moveit_msgs__rosidl_typesupport_introspection_cppExport-noconfig.cmake
[11.401s] -- Up-to-date: /home/habibahassan/project/install/moveit_msgs/share/moveit_msgs/cmake/moveit_msgs__rosidl_typesupport_cppExport.cmake
[11.401s] -- Up-to-date: /home/habibahassan/project/install/moveit_msgs/share/moveit_msgs/cmake/moveit_msgs__rosidl_typesupport_cppExport-noconfig.cmake
[11.402s] -- Up-to-date: /home/habibahassan/project/install/moveit_msgs/share/moveit_msgs/cmake/export_moveit_msgs__rosidl_generator_pyExport.cmake
[11.403s] -- Up-to-date: /home/habibahassan/project/install/moveit_msgs/share/moveit_msgs/cmake/export_moveit_msgs__rosidl_generator_pyExport-noconfig.cmake
[11.403s] -- Up-to-date: /home/habibahassan/project/install/moveit_msgs/share/moveit_msgs/cmake/rosidl_cmake-extras.cmake
[11.404s] -- Up-to-date: /home/habibahassan/project/install/moveit_msgs/share/moveit_msgs/cmake/ament_cmake_export_dependencies-extras.cmake
[11.405s] -- Up-to-date: /home/habibahassan/project/install/moveit_msgs/share/moveit_msgs/cmake/ament_cmake_export_include_directories-extras.cmake
[11.405s] -- Up-to-date: /home/habibahassan/project/install/moveit_msgs/share/moveit_msgs/cmake/ament_cmake_export_libraries-extras.cmake
[11.406s] -- Up-to-date: /home/habibahassan/project/install/moveit_msgs/share/moveit_msgs/cmake/ament_cmake_export_targets-extras.cmake
[11.407s] -- Up-to-date: /home/habibahassan/project/install/moveit_msgs/share/moveit_msgs/cmake/rosidl_cmake_export_typesupport_targets-extras.cmake
[11.407s] -- Up-to-date: /home/habibahassan/project/install/moveit_msgs/share/moveit_msgs/cmake/rosidl_cmake_export_typesupport_libraries-extras.cmake
[11.408s] -- Up-to-date: /home/habibahassan/project/install/moveit_msgs/share/moveit_msgs/cmake/moveit_msgsConfig.cmake
[11.409s] -- Up-to-date: /home/habibahassan/project/install/moveit_msgs/share/moveit_msgs/cmake/moveit_msgsConfig-version.cmake
[11.409s] -- Up-to-date: /home/habibahassan/project/install/moveit_msgs/share/moveit_msgs/package.xml
[11.415s] Invoked command in '/home/habibahassan/project/build/moveit_msgs' returned '0': CMAKE_PREFIX_PATH=${CMAKE_PREFIX_PATH}:/home/habibahassan/project/install/moveit_configs_utils:/opt/ros/jazzy DEBUGINFOD_URLS=https://debuginfod.ubuntu.com /usr/bin/cmake --install /home/habibahassan/project/build/moveit_msgs
