[0.066s] Invoking command in '/home/habibahassan/project/build/moveit_msgs': CMAKE_PREFIX_PATH=${CMAKE_PREFIX_PATH}:/home/habibahassan/project/install/moveit_configs_utils:/opt/ros/jazzy DEBUGINFOD_URLS=https://debuginfod.ubuntu.com /usr/bin/cmake --build /home/habibahassan/project/build/moveit_msgs -- -j8 -l8
[0.510s] [  0%] Built target moveit_msgs__rosidl_generator_type_description
[0.510s] [  0%] Built target ament_cmake_python_copy_moveit_msgs
[0.511s] [  0%] Built target moveit_msgs__cpp
[0.511s] [ 29%] Built target moveit_msgs__rosidl_generator_c
[0.525s] [ 39%] Built target moveit_msgs__rosidl_typesupport_c
[0.547s] [ 49%] Built target moveit_msgs__rosidl_typesupport_introspection_c
[0.594s] [ 59%] Built target moveit_msgs__rosidl_typesupport_fastrtps_c
[0.622s] [ 69%] Built target moveit_msgs__rosidl_typesupport_cpp
[0.753s] [ 80%] Built target moveit_msgs__rosidl_typesupport_introspection_cpp
[0.753s] [ 89%] Built target moveit_msgs__rosidl_typesupport_fastrtps_cpp
[0.755s] [ 89%] Built target moveit_msgs
[0.828s] [ 89%] Built target moveit_msgs__py
[0.958s] [ 99%] Built target moveit_msgs__rosidl_generator_py
[0.958s] running egg_info
[1.005s] [100%] Built target moveit_msgs_s__rosidl_typesupport_introspection_c
[1.011s] [100%] Built target moveit_msgs_s__rosidl_typesupport_fastrtps_c
[1.012s] [100%] Built target moveit_msgs_s__rosidl_typesupport_c
[1.023s] writing moveit_msgs.egg-info/PKG-INFO
[1.024s] writing dependency_links to moveit_msgs.egg-info/dependency_links.txt
[1.024s] writing top-level names to moveit_msgs.egg-info/top_level.txt
[1.234s] reading manifest file 'moveit_msgs.egg-info/SOURCES.txt'
[1.243s] writing manifest file 'moveit_msgs.egg-info/SOURCES.txt'
[1.364s] [100%] Built target ament_cmake_python_build_moveit_msgs_egg
[1.557s] Invoked command in '/home/habibahassan/project/build/moveit_msgs' returned '0': CMAKE_PREFIX_PATH=${CMAKE_PREFIX_PATH}:/home/habibahassan/project/install/moveit_configs_utils:/opt/ros/jazzy DEBUGINFOD_URLS=https://debuginfod.ubuntu.com /usr/bin/cmake --build /home/habibahassan/project/build/moveit_msgs -- -j8 -l8
[1.558s] Invoking command in '/home/habibahassan/project/build/moveit_msgs': CMAKE_PREFIX_PATH=${CMAKE_PREFIX_PATH}:/home/habibahassan/project/install/moveit_configs_utils:/opt/ros/jazzy DEBUGINFOD_URLS=https://debuginfod.ubuntu.com /usr/bin/cmake --install /home/habibahassan/project/build/moveit_msgs
[1.598s] -- Install configuration: ""
[1.598s] -- Up-to-date: /home/habibahassan/project/install/moveit_msgs/share/ament_index/resource_index/rosidl_interfaces/moveit_msgs
[1.605s] -- Up-to-date: /home/habibahassan/project/install/moveit_msgs/share/moveit_msgs/msg/AllowedCollisionEntry.json
[1.606s] -- Up-to-date: /home/habibahassan/project/install/moveit_msgs/share/moveit_msgs/msg/AllowedCollisionMatrix.json
[1.606s] -- Up-to-date: /home/habibahassan/project/install/moveit_msgs/share/moveit_msgs/msg/AttachedCollisionObject.json
[1.606s] -- Up-to-date: /home/habibahassan/project/install/moveit_msgs/share/moveit_msgs/msg/BoundingVolume.json
[1.606s] -- Up-to-date: /home/habibahassan/project/install/moveit_msgs/share/moveit_msgs/msg/CartesianPoint.json
[1.606s] -- Up-to-date: /home/habibahassan/project/install/moveit_msgs/share/moveit_msgs/msg/CartesianTrajectory.json
[1.606s] -- Up-to-date: /home/habibahassan/project/install/moveit_msgs/share/moveit_msgs/msg/CartesianTrajectoryPoint.json
[1.607s] -- Up-to-date: /home/habibahassan/project/install/moveit_msgs/share/moveit_msgs/msg/CollisionObject.json
[1.607s] -- Up-to-date: /home/habibahassan/project/install/moveit_msgs/share/moveit_msgs/msg/ConstraintEvalResult.json
[1.608s] -- Up-to-date: /home/habibahassan/project/install/moveit_msgs/share/moveit_msgs/msg/Constraints.json
[1.608s] -- Up-to-date: /home/habibahassan/project/install/moveit_msgs/share/moveit_msgs/msg/CostSource.json
[1.609s] -- Up-to-date: /home/habibahassan/project/install/moveit_msgs/share/moveit_msgs/msg/ContactInformation.json
[1.609s] -- Up-to-date: /home/habibahassan/project/install/moveit_msgs/share/moveit_msgs/msg/DisplayTrajectory.json
[1.609s] -- Up-to-date: /home/habibahassan/project/install/moveit_msgs/share/moveit_msgs/msg/DisplayRobotState.json
[1.609s] -- Up-to-date: /home/habibahassan/project/install/moveit_msgs/share/moveit_msgs/msg/GenericTrajectory.json
[1.609s] -- Up-to-date: /home/habibahassan/project/install/moveit_msgs/share/moveit_msgs/msg/Grasp.json
[1.609s] -- Up-to-date: /home/habibahassan/project/install/moveit_msgs/share/moveit_msgs/msg/GripperTranslation.json
[1.609s] -- Up-to-date: /home/habibahassan/project/install/moveit_msgs/share/moveit_msgs/msg/JointConstraint.json
[1.609s] -- Up-to-date: /home/habibahassan/project/install/moveit_msgs/share/moveit_msgs/msg/JointLimits.json
[1.609s] -- Up-to-date: /home/habibahassan/project/install/moveit_msgs/share/moveit_msgs/msg/LinkPadding.json
[1.609s] -- Up-to-date: /home/habibahassan/project/install/moveit_msgs/share/moveit_msgs/msg/LinkScale.json
[1.610s] -- Up-to-date: /home/habibahassan/project/install/moveit_msgs/share/moveit_msgs/msg/MotionPlanRequest.json
[1.610s] -- Up-to-date: /home/habibahassan/project/install/moveit_msgs/share/moveit_msgs/msg/MotionPlanResponse.json
[1.610s] -- Up-to-date: /home/habibahassan/project/install/moveit_msgs/share/moveit_msgs/msg/MotionPlanDetailedResponse.json
[1.610s] -- Up-to-date: /home/habibahassan/project/install/moveit_msgs/share/moveit_msgs/msg/MotionSequenceItem.json
[1.610s] -- Up-to-date: /home/habibahassan/project/install/moveit_msgs/share/moveit_msgs/msg/MotionSequenceRequest.json
[1.610s] -- Up-to-date: /home/habibahassan/project/install/moveit_msgs/share/moveit_msgs/msg/MotionSequenceResponse.json
[1.610s] -- Up-to-date: /home/habibahassan/project/install/moveit_msgs/share/moveit_msgs/msg/MoveItErrorCodes.json
[1.610s] -- Up-to-date: /home/habibahassan/project/install/moveit_msgs/share/moveit_msgs/msg/TrajectoryConstraints.json
[1.611s] -- Up-to-date: /home/habibahassan/project/install/moveit_msgs/share/moveit_msgs/msg/ObjectColor.json
[1.611s] -- Up-to-date: /home/habibahassan/project/install/moveit_msgs/share/moveit_msgs/msg/OrientationConstraint.json
[1.611s] -- Up-to-date: /home/habibahassan/project/install/moveit_msgs/share/moveit_msgs/msg/OrientedBoundingBox.json
[1.611s] -- Up-to-date: /home/habibahassan/project/install/moveit_msgs/share/moveit_msgs/msg/PlaceLocation.json
[1.611s] -- Up-to-date: /home/habibahassan/project/install/moveit_msgs/share/moveit_msgs/msg/PlannerInterfaceDescription.json
[1.611s] -- Up-to-date: /home/habibahassan/project/install/moveit_msgs/share/moveit_msgs/msg/PlannerParams.json
[1.611s] -- Up-to-date: /home/habibahassan/project/install/moveit_msgs/share/moveit_msgs/msg/PlanningScene.json
[1.611s] -- Up-to-date: /home/habibahassan/project/install/moveit_msgs/share/moveit_msgs/msg/PlanningSceneComponents.json
[1.611s] -- Up-to-date: /home/habibahassan/project/install/moveit_msgs/share/moveit_msgs/msg/PlanningSceneWorld.json
[1.612s] -- Up-to-date: /home/habibahassan/project/install/moveit_msgs/share/moveit_msgs/msg/PlanningOptions.json
[1.612s] -- Up-to-date: /home/habibahassan/project/install/moveit_msgs/share/moveit_msgs/msg/PositionConstraint.json
[1.612s] -- Up-to-date: /home/habibahassan/project/install/moveit_msgs/share/moveit_msgs/msg/RobotState.json
[1.612s] -- Up-to-date: /home/habibahassan/project/install/moveit_msgs/share/moveit_msgs/msg/RobotTrajectory.json
[1.612s] -- Up-to-date: /home/habibahassan/project/install/moveit_msgs/share/moveit_msgs/msg/VisibilityConstraint.json
[1.612s] -- Up-to-date: /home/habibahassan/project/install/moveit_msgs/share/moveit_msgs/msg/WorkspaceParameters.json
[1.612s] -- Up-to-date: /home/habibahassan/project/install/moveit_msgs/share/moveit_msgs/msg/KinematicSolverInfo.json
[1.612s] -- Up-to-date: /home/habibahassan/project/install/moveit_msgs/share/moveit_msgs/msg/PositionIKRequest.json
[1.613s] -- Up-to-date: /home/habibahassan/project/install/moveit_msgs/share/moveit_msgs/msg/PipelineState.json
[1.613s] -- Up-to-date: /home/habibahassan/project/install/moveit_msgs/share/moveit_msgs/msg/ServoStatus.json
[1.613s] -- Up-to-date: /home/habibahassan/project/install/moveit_msgs/share/moveit_msgs/srv/GetMotionPlan.json
[1.614s] -- Up-to-date: /home/habibahassan/project/install/moveit_msgs/share/moveit_msgs/srv/GetStateValidity.json
[1.614s] -- Up-to-date: /home/habibahassan/project/install/moveit_msgs/share/moveit_msgs/srv/GetCartesianPath.json
[1.615s] -- Up-to-date: /home/habibahassan/project/install/moveit_msgs/share/moveit_msgs/srv/GetPlanningScene.json
[1.615s] -- Up-to-date: /home/habibahassan/project/install/moveit_msgs/share/moveit_msgs/srv/GraspPlanning.json
[1.626s] -- Up-to-date: /home/habibahassan/project/install/moveit_msgs/share/moveit_msgs/srv/ApplyPlanningScene.json
[1.627s] -- Up-to-date: /home/habibahassan/project/install/moveit_msgs/share/moveit_msgs/srv/QueryPlannerInterfaces.json
[1.627s] -- Up-to-date: /home/habibahassan/project/install/moveit_msgs/share/moveit_msgs/srv/GetMotionSequence.json
[1.627s] -- Up-to-date: /home/habibahassan/project/install/moveit_msgs/share/moveit_msgs/srv/GetPositionFK.json
[1.627s] -- Up-to-date: /home/habibahassan/project/install/moveit_msgs/share/moveit_msgs/srv/GetPositionIK.json
[1.627s] -- Up-to-date: /home/habibahassan/project/install/moveit_msgs/share/moveit_msgs/srv/GetPlannerParams.json
[1.628s] -- Up-to-date: /home/habibahassan/project/install/moveit_msgs/share/moveit_msgs/srv/SetPlannerParams.json
[1.628s] -- Up-to-date: /home/habibahassan/project/install/moveit_msgs/share/moveit_msgs/srv/UpdatePointcloudOctomap.json
[1.628s] -- Up-to-date: /home/habibahassan/project/install/moveit_msgs/share/moveit_msgs/srv/SaveGeometryToFile.json
[1.628s] -- Up-to-date: /home/habibahassan/project/install/moveit_msgs/share/moveit_msgs/srv/SaveMap.json
[1.628s] -- Up-to-date: /home/habibahassan/project/install/moveit_msgs/share/moveit_msgs/srv/LoadGeometryFromFile.json
[1.628s] -- Up-to-date: /home/habibahassan/project/install/moveit_msgs/share/moveit_msgs/srv/LoadMap.json
[1.628s] -- Up-to-date: /home/habibahassan/project/install/moveit_msgs/share/moveit_msgs/srv/SaveRobotStateToWarehouse.json
[1.628s] -- Up-to-date: /home/habibahassan/project/install/moveit_msgs/share/moveit_msgs/srv/ListRobotStatesInWarehouse.json
[1.628s] -- Up-to-date: /home/habibahassan/project/install/moveit_msgs/share/moveit_msgs/srv/GetRobotStateFromWarehouse.json
[1.629s] -- Up-to-date: /home/habibahassan/project/install/moveit_msgs/share/moveit_msgs/srv/CheckIfRobotStateExistsInWarehouse.json
[1.629s] -- Up-to-date: /home/habibahassan/project/install/moveit_msgs/share/moveit_msgs/srv/RenameRobotStateInWarehouse.json
[1.629s] -- Up-to-date: /home/habibahassan/project/install/moveit_msgs/share/moveit_msgs/srv/DeleteRobotStateFromWarehouse.json
[1.629s] -- Up-to-date: /home/habibahassan/project/install/moveit_msgs/share/moveit_msgs/srv/ServoCommandType.json
[1.629s] -- Up-to-date: /home/habibahassan/project/install/moveit_msgs/share/moveit_msgs/srv/GetGroupUrdf.json
[1.629s] -- Up-to-date: /home/habibahassan/project/install/moveit_msgs/share/moveit_msgs/action/ExecuteTrajectory.json
[1.629s] -- Up-to-date: /home/habibahassan/project/install/moveit_msgs/share/moveit_msgs/action/MoveGroup.json
[1.629s] -- Up-to-date: /home/habibahassan/project/install/moveit_msgs/share/moveit_msgs/action/MoveGroupSequence.json
[1.630s] -- Up-to-date: /home/habibahassan/project/install/moveit_msgs/share/moveit_msgs/action/Pickup.json
[1.630s] -- Up-to-date: /home/habibahassan/project/install/moveit_msgs/share/moveit_msgs/action/Place.json
[1.630s] -- Up-to-date: /home/habibahassan/project/install/moveit_msgs/share/moveit_msgs/action/LocalPlanner.json
[1.630s] -- Up-to-date: /home/habibahassan/project/install/moveit_msgs/share/moveit_msgs/action/GlobalPlanner.json
[1.630s] -- Up-to-date: /home/habibahassan/project/install/moveit_msgs/share/moveit_msgs/action/HybridPlanner.json
[1.630s] -- Up-to-date: /home/habibahassan/project/install/moveit_msgs/include/moveit_msgs/moveit_msgs
[1.630s] -- Up-to-date: /home/habibahassan/project/install/moveit_msgs/include/moveit_msgs/moveit_msgs/srv
[1.630s] -- Up-to-date: /home/habibahassan/project/install/moveit_msgs/include/moveit_msgs/moveit_msgs/srv/get_planning_scene.h
[1.630s] -- Up-to-date: /home/habibahassan/project/install/moveit_msgs/include/moveit_msgs/moveit_msgs/srv/get_position_ik.h
[1.631s] -- Up-to-date: /home/habibahassan/project/install/moveit_msgs/include/moveit_msgs/moveit_msgs/srv/save_robot_state_to_warehouse.h
[1.631s] -- Up-to-date: /home/habibahassan/project/install/moveit_msgs/include/moveit_msgs/moveit_msgs/srv/update_pointcloud_octomap.h
[1.631s] -- Up-to-date: /home/habibahassan/project/install/moveit_msgs/include/moveit_msgs/moveit_msgs/srv/list_robot_states_in_warehouse.h
[1.631s] -- Up-to-date: /home/habibahassan/project/install/moveit_msgs/include/moveit_msgs/moveit_msgs/srv/save_geometry_to_file.h
[1.631s] -- Up-to-date: /home/habibahassan/project/install/moveit_msgs/include/moveit_msgs/moveit_msgs/srv/delete_robot_state_from_warehouse.h
[1.631s] -- Up-to-date: /home/habibahassan/project/install/moveit_msgs/include/moveit_msgs/moveit_msgs/srv/get_robot_state_from_warehouse.h
[1.631s] -- Up-to-date: /home/habibahassan/project/install/moveit_msgs/include/moveit_msgs/moveit_msgs/srv/get_cartesian_path.h
[1.631s] -- Up-to-date: /home/habibahassan/project/install/moveit_msgs/include/moveit_msgs/moveit_msgs/srv/save_map.h
[1.631s] -- Up-to-date: /home/habibahassan/project/install/moveit_msgs/include/moveit_msgs/moveit_msgs/srv/load_map.h
[1.632s] -- Up-to-date: /home/habibahassan/project/install/moveit_msgs/include/moveit_msgs/moveit_msgs/srv/get_position_fk.h
[1.632s] -- Up-to-date: /home/habibahassan/project/install/moveit_msgs/include/moveit_msgs/moveit_msgs/srv/detail
[1.641s] -- Installing: /home/habibahassan/project/install/moveit_msgs/include/moveit_msgs/moveit_msgs/srv/detail/get_cartesian_path__type_support.c
[1.641s] -- Up-to-date: /home/habibahassan/project/install/moveit_msgs/include/moveit_msgs/moveit_msgs/srv/detail/servo_command_type__type_support.h
[1.641s] -- Installing: /home/habibahassan/project/install/moveit_msgs/include/moveit_msgs/moveit_msgs/srv/detail/save_geometry_to_file__type_support.c
[1.641s] -- Up-to-date: /home/habibahassan/project/install/moveit_msgs/include/moveit_msgs/moveit_msgs/srv/detail/get_position_ik__functions.h
[1.642s] -- Installing: /home/habibahassan/project/install/moveit_msgs/include/moveit_msgs/moveit_msgs/srv/detail/load_geometry_from_file__type_support.c
[1.642s] -- Up-to-date: /home/habibahassan/project/install/moveit_msgs/include/moveit_msgs/moveit_msgs/srv/detail/grasp_planning__type_support.h
[1.642s] -- Up-to-date: /home/habibahassan/project/install/moveit_msgs/include/moveit_msgs/moveit_msgs/srv/detail/get_motion_plan__type_support.h
[1.642s] -- Up-to-date: /home/habibahassan/project/install/moveit_msgs/include/moveit_msgs/moveit_msgs/srv/detail/save_robot_state_to_warehouse__description.c
[1.642s] -- Up-to-date: /home/habibahassan/project/install/moveit_msgs/include/moveit_msgs/moveit_msgs/srv/detail/get_cartesian_path__description.c
[1.642s] -- Up-to-date: /home/habibahassan/project/install/moveit_msgs/include/moveit_msgs/moveit_msgs/srv/detail/get_state_validity__functions.c
[1.644s] -- Installing: /home/habibahassan/project/install/moveit_msgs/include/moveit_msgs/moveit_msgs/srv/detail/get_motion_plan__type_support.c
[1.644s] -- Up-to-date: /home/habibahassan/project/install/moveit_msgs/include/moveit_msgs/moveit_msgs/srv/detail/get_cartesian_path__type_support.h
[1.644s] -- Up-to-date: /home/habibahassan/project/install/moveit_msgs/include/moveit_msgs/moveit_msgs/srv/detail/get_planner_params__functions.h
[1.645s] -- Up-to-date: /home/habibahassan/project/install/moveit_msgs/include/moveit_msgs/moveit_msgs/srv/detail/delete_robot_state_from_warehouse__description.c
[1.645s] -- Installing: /home/habibahassan/project/install/moveit_msgs/include/moveit_msgs/moveit_msgs/srv/detail/get_position_fk__type_support.c
[1.645s] -- Up-to-date: /home/habibahassan/project/install/moveit_msgs/include/moveit_msgs/moveit_msgs/srv/detail/grasp_planning__functions.h
[1.645s] -- Up-to-date: /home/habibahassan/project/install/moveit_msgs/include/moveit_msgs/moveit_msgs/srv/detail/get_position_ik__type_support.h
[1.645s] -- Up-to-date: /home/habibahassan/project/install/moveit_msgs/include/moveit_msgs/moveit_msgs/srv/detail/update_pointcloud_octomap__description.c
[1.645s] -- Installing: /home/habibahassan/project/install/moveit_msgs/include/moveit_msgs/moveit_msgs/srv/detail/servo_command_type__type_support.c
[1.645s] -- Installing: /home/habibahassan/project/install/moveit_msgs/include/moveit_msgs/moveit_msgs/srv/detail/grasp_planning__type_support.c
[1.645s] -- Up-to-date: /home/habibahassan/project/install/moveit_msgs/include/moveit_msgs/moveit_msgs/srv/detail/get_position_fk__functions.c
[1.645s] -- Up-to-date: /home/habibahassan/project/install/moveit_msgs/include/moveit_msgs/moveit_msgs/srv/detail/load_geometry_from_file__struct.h
[1.646s] -- Up-to-date: /home/habibahassan/project/install/moveit_msgs/include/moveit_msgs/moveit_msgs/srv/detail/get_motion_plan__struct.h
[1.646s] -- Up-to-date: /home/habibahassan/project/install/moveit_msgs/include/moveit_msgs/moveit_msgs/srv/detail/get_motion_sequence__functions.c
[1.646s] -- Up-to-date: /home/habibahassan/project/install/moveit_msgs/include/moveit_msgs/moveit_msgs/srv/detail/get_planning_scene__functions.c
[1.646s] -- Up-to-date: /home/habibahassan/project/install/moveit_msgs/include/moveit_msgs/moveit_msgs/srv/detail/servo_command_type__struct.h
[1.646s] -- Installing: /home/habibahassan/project/install/moveit_msgs/include/moveit_msgs/moveit_msgs/srv/detail/get_planner_params__type_support.c
[1.646s] -- Up-to-date: /home/habibahassan/project/install/moveit_msgs/include/moveit_msgs/moveit_msgs/srv/detail/get_group_urdf__functions.h
[1.647s] -- Up-to-date: /home/habibahassan/project/install/moveit_msgs/include/moveit_msgs/moveit_msgs/srv/detail/load_map__type_support.h
[1.647s] -- Up-to-date: /home/habibahassan/project/install/moveit_msgs/include/moveit_msgs/moveit_msgs/srv/detail/get_state_validity__description.c
[1.647s] -- Up-to-date: /home/habibahassan/project/install/moveit_msgs/include/moveit_msgs/moveit_msgs/srv/detail/check_if_robot_state_exists_in_warehouse__type_support.h
[1.647s] -- Up-to-date: /home/habibahassan/project/install/moveit_msgs/include/moveit_msgs/moveit_msgs/srv/detail/get_planner_params__description.c
[1.647s] -- Up-to-date: /home/habibahassan/project/install/moveit_msgs/include/moveit_msgs/moveit_msgs/srv/detail/update_pointcloud_octomap__functions.h
[1.647s] -- Up-to-date: /home/habibahassan/project/install/moveit_msgs/include/moveit_msgs/moveit_msgs/srv/detail/list_robot_states_in_warehouse__struct.h
[1.647s] -- Up-to-date: /home/habibahassan/project/install/moveit_msgs/include/moveit_msgs/moveit_msgs/srv/detail/save_map__struct.h
[1.647s] -- Up-to-date: /home/habibahassan/project/install/moveit_msgs/include/moveit_msgs/moveit_msgs/srv/detail/get_cartesian_path__struct.h
[1.648s] -- Up-to-date: /home/habibahassan/project/install/moveit_msgs/include/moveit_msgs/moveit_msgs/srv/detail/get_motion_sequence__type_support.h
[1.648s] -- Up-to-date: /home/habibahassan/project/install/moveit_msgs/include/moveit_msgs/moveit_msgs/srv/detail/query_planner_interfaces__functions.h
[1.648s] -- Installing: /home/habibahassan/project/install/moveit_msgs/include/moveit_msgs/moveit_msgs/srv/detail/set_planner_params__type_support.c
[1.648s] -- Installing: /home/habibahassan/project/install/moveit_msgs/include/moveit_msgs/moveit_msgs/srv/detail/query_planner_interfaces__type_support.c
[1.648s] -- Up-to-date: /home/habibahassan/project/install/moveit_msgs/include/moveit_msgs/moveit_msgs/srv/detail/update_pointcloud_octomap__struct.h
[1.653s] -- Up-to-date: /home/habibahassan/project/install/moveit_msgs/include/moveit_msgs/moveit_msgs/srv/detail/servo_command_type__functions.c
[1.653s] -- Up-to-date: /home/habibahassan/project/install/moveit_msgs/include/moveit_msgs/moveit_msgs/srv/detail/get_planner_params__functions.c
[1.654s] -- Up-to-date: /home/habibahassan/project/install/moveit_msgs/include/moveit_msgs/moveit_msgs/srv/detail/check_if_robot_state_exists_in_warehouse__functions.h
[1.654s] -- Up-to-date: /home/habibahassan/project/install/moveit_msgs/include/moveit_msgs/moveit_msgs/srv/detail/apply_planning_scene__description.c
[1.654s] -- Up-to-date: /home/habibahassan/project/install/moveit_msgs/include/moveit_msgs/moveit_msgs/srv/detail/get_planner_params__type_support.h
[1.654s] -- Installing: /home/habibahassan/project/install/moveit_msgs/include/moveit_msgs/moveit_msgs/srv/detail/rename_robot_state_in_warehouse__type_support.c
[1.654s] -- Up-to-date: /home/habibahassan/project/install/moveit_msgs/include/moveit_msgs/moveit_msgs/srv/detail/save_robot_state_to_warehouse__functions.h
[1.654s] -- Up-to-date: /home/habibahassan/project/install/moveit_msgs/include/moveit_msgs/moveit_msgs/srv/detail/update_pointcloud_octomap__functions.c
[1.654s] -- Up-to-date: /home/habibahassan/project/install/moveit_msgs/include/moveit_msgs/moveit_msgs/srv/detail/list_robot_states_in_warehouse__description.c
[1.654s] -- Up-to-date: /home/habibahassan/project/install/moveit_msgs/include/moveit_msgs/moveit_msgs/srv/detail/get_planning_scene__functions.h
[1.654s] -- Up-to-date: /home/habibahassan/project/install/moveit_msgs/include/moveit_msgs/moveit_msgs/srv/detail/get_group_urdf__struct.h
[1.654s] -- Up-to-date: /home/habibahassan/project/install/moveit_msgs/include/moveit_msgs/moveit_msgs/srv/detail/rename_robot_state_in_warehouse__type_support.h
[1.655s] -- Up-to-date: /home/habibahassan/project/install/moveit_msgs/include/moveit_msgs/moveit_msgs/srv/detail/get_planning_scene__struct.h
[1.655s] -- Up-to-date: /home/habibahassan/project/install/moveit_msgs/include/moveit_msgs/moveit_msgs/srv/detail/get_position_fk__type_support.h
[1.655s] -- Up-to-date: /home/habibahassan/project/install/moveit_msgs/include/moveit_msgs/moveit_msgs/srv/detail/load_geometry_from_file__functions.c
[1.655s] -- Up-to-date: /home/habibahassan/project/install/moveit_msgs/include/moveit_msgs/moveit_msgs/srv/detail/get_state_validity__type_support.h
[1.655s] -- Up-to-date: /home/habibahassan/project/install/moveit_msgs/include/moveit_msgs/moveit_msgs/srv/detail/save_geometry_to_file__functions.c
[1.655s] -- Up-to-date: /home/habibahassan/project/install/moveit_msgs/include/moveit_msgs/moveit_msgs/srv/detail/load_map__struct.h
[1.659s] -- Up-to-date: /home/habibahassan/project/install/moveit_msgs/include/moveit_msgs/moveit_msgs/srv/detail/set_planner_params__functions.c
[1.661s] -- Up-to-date: /home/habibahassan/project/install/moveit_msgs/include/moveit_msgs/moveit_msgs/srv/detail/rename_robot_state_in_warehouse__struct.h
[1.662s] -- Up-to-date: /home/habibahassan/project/install/moveit_msgs/include/moveit_msgs/moveit_msgs/srv/detail/check_if_robot_state_exists_in_warehouse__description.c
[1.662s] -- Up-to-date: /home/habibahassan/project/install/moveit_msgs/include/moveit_msgs/moveit_msgs/srv/detail/list_robot_states_in_warehouse__functions.c
[1.663s] -- Up-to-date: /home/habibahassan/project/install/moveit_msgs/include/moveit_msgs/moveit_msgs/srv/detail/get_position_fk__description.c
[1.663s] -- Up-to-date: /home/habibahassan/project/install/moveit_msgs/include/moveit_msgs/moveit_msgs/srv/detail/get_state_validity__struct.h
[1.665s] -- Up-to-date: /home/habibahassan/project/install/moveit_msgs/include/moveit_msgs/moveit_msgs/srv/detail/apply_planning_scene__struct.h
[1.666s] -- Installing: /home/habibahassan/project/install/moveit_msgs/include/moveit_msgs/moveit_msgs/srv/detail/save_robot_state_to_warehouse__type_support.c
[1.666s] -- Up-to-date: /home/habibahassan/project/install/moveit_msgs/include/moveit_msgs/moveit_msgs/srv/detail/list_robot_states_in_warehouse__type_support.h
[1.676s] -- Up-to-date: /home/habibahassan/project/install/moveit_msgs/include/moveit_msgs/moveit_msgs/srv/detail/set_planner_params__functions.h
[1.676s] -- Up-to-date: /home/habibahassan/project/install/moveit_msgs/include/moveit_msgs/moveit_msgs/srv/detail/get_planning_scene__type_support.h
[1.676s] -- Up-to-date: /home/habibahassan/project/install/moveit_msgs/include/moveit_msgs/moveit_msgs/srv/detail/get_motion_sequence__struct.h
[1.676s] -- Up-to-date: /home/habibahassan/project/install/moveit_msgs/include/moveit_msgs/moveit_msgs/srv/detail/delete_robot_state_from_warehouse__struct.h
[1.676s] -- Up-to-date: /home/habibahassan/project/install/moveit_msgs/include/moveit_msgs/moveit_msgs/srv/detail/query_planner_interfaces__struct.h
[1.676s] -- Up-to-date: /home/habibahassan/project/install/moveit_msgs/include/moveit_msgs/moveit_msgs/srv/detail/check_if_robot_state_exists_in_warehouse__functions.c
[1.677s] -- Up-to-date: /home/habibahassan/project/install/moveit_msgs/include/moveit_msgs/moveit_msgs/srv/detail/apply_planning_scene__type_support.h
[1.677s] -- Up-to-date: /home/habibahassan/project/install/moveit_msgs/include/moveit_msgs/moveit_msgs/srv/detail/get_motion_sequence__description.c
[1.677s] -- Up-to-date: /home/habibahassan/project/install/moveit_msgs/include/moveit_msgs/moveit_msgs/srv/detail/get_robot_state_from_warehouse__description.c
[1.677s] -- Up-to-date: /home/habibahassan/project/install/moveit_msgs/include/moveit_msgs/moveit_msgs/srv/detail/get_planner_params__struct.h
[1.677s] -- Up-to-date: /home/habibahassan/project/install/moveit_msgs/include/moveit_msgs/moveit_msgs/srv/detail/save_geometry_to_file__struct.h
[1.677s] -- Installing: /home/habibahassan/project/install/moveit_msgs/include/moveit_msgs/moveit_msgs/srv/detail/get_state_validity__type_support.c
[1.677s] -- Up-to-date: /home/habibahassan/project/install/moveit_msgs/include/moveit_msgs/moveit_msgs/srv/detail/save_map__description.c
[1.677s] -- Installing: /home/habibahassan/project/install/moveit_msgs/include/moveit_msgs/moveit_msgs/srv/detail/get_motion_sequence__type_support.c
[1.677s] -- Up-to-date: /home/habibahassan/project/install/moveit_msgs/include/moveit_msgs/moveit_msgs/srv/detail/get_motion_plan__functions.c
[1.678s] -- Installing: /home/habibahassan/project/install/moveit_msgs/include/moveit_msgs/moveit_msgs/srv/detail/check_if_robot_state_exists_in_warehouse__type_support.c
[1.678s] -- Up-to-date: /home/habibahassan/project/install/moveit_msgs/include/moveit_msgs/moveit_msgs/srv/detail/save_geometry_to_file__functions.h
[1.678s] -- Up-to-date: /home/habibahassan/project/install/moveit_msgs/include/moveit_msgs/moveit_msgs/srv/detail/get_robot_state_from_warehouse__functions.h
[1.679s] -- Up-to-date: /home/habibahassan/project/install/moveit_msgs/include/moveit_msgs/moveit_msgs/srv/detail/servo_command_type__description.c
[1.679s] -- Up-to-date: /home/habibahassan/project/install/moveit_msgs/include/moveit_msgs/moveit_msgs/srv/detail/set_planner_params__struct.h
[1.679s] -- Installing: /home/habibahassan/project/install/moveit_msgs/include/moveit_msgs/moveit_msgs/srv/detail/list_robot_states_in_warehouse__type_support.c
[1.679s] -- Installing: /home/habibahassan/project/install/moveit_msgs/include/moveit_msgs/moveit_msgs/srv/detail/save_map__type_support.c
[1.680s] -- Up-to-date: /home/habibahassan/project/install/moveit_msgs/include/moveit_msgs/moveit_msgs/srv/detail/get_position_fk__functions.h
[1.680s] -- Up-to-date: /home/habibahassan/project/install/moveit_msgs/include/moveit_msgs/moveit_msgs/srv/detail/get_motion_sequence__functions.h
[1.680s] -- Up-to-date: /home/habibahassan/project/install/moveit_msgs/include/moveit_msgs/moveit_msgs/srv/detail/get_state_validity__functions.h
[1.680s] -- Installing: /home/habibahassan/project/install/moveit_msgs/include/moveit_msgs/moveit_msgs/srv/detail/update_pointcloud_octomap__type_support.c
[1.680s] -- Up-to-date: /home/habibahassan/project/install/moveit_msgs/include/moveit_msgs/moveit_msgs/srv/detail/load_geometry_from_file__functions.h
[1.680s] -- Installing: /home/habibahassan/project/install/moveit_msgs/include/moveit_msgs/moveit_msgs/srv/detail/get_planning_scene__type_support.c
[1.681s] -- Up-to-date: /home/habibahassan/project/install/moveit_msgs/include/moveit_msgs/moveit_msgs/srv/detail/rename_robot_state_in_warehouse__description.c
[1.681s] -- Up-to-date: /home/habibahassan/project/install/moveit_msgs/include/moveit_msgs/moveit_msgs/srv/detail/get_motion_plan__functions.h
[1.681s] -- Up-to-date: /home/habibahassan/project/install/moveit_msgs/include/moveit_msgs/moveit_msgs/srv/detail/get_group_urdf__description.c
[1.681s] -- Up-to-date: /home/habibahassan/project/install/moveit_msgs/include/moveit_msgs/moveit_msgs/srv/detail/get_robot_state_from_warehouse__struct.h
[1.681s] -- Up-to-date: /home/habibahassan/project/install/moveit_msgs/include/moveit_msgs/moveit_msgs/srv/detail/load_geometry_from_file__description.c
[1.681s] -- Up-to-date: /home/habibahassan/project/install/moveit_msgs/include/moveit_msgs/moveit_msgs/srv/detail/save_map__functions.h
[1.681s] -- Up-to-date: /home/habibahassan/project/install/moveit_msgs/include/moveit_msgs/moveit_msgs/srv/detail/get_robot_state_from_warehouse__type_support.h
[1.682s] -- Up-to-date: /home/habibahassan/project/install/moveit_msgs/include/moveit_msgs/moveit_msgs/srv/detail/save_geometry_to_file__description.c
[1.682s] -- Up-to-date: /home/habibahassan/project/install/moveit_msgs/include/moveit_msgs/moveit_msgs/srv/detail/apply_planning_scene__functions.h
[1.682s] -- Up-to-date: /home/habibahassan/project/install/moveit_msgs/include/moveit_msgs/moveit_msgs/srv/detail/query_planner_interfaces__type_support.h
[1.682s] -- Up-to-date: /home/habibahassan/project/install/moveit_msgs/include/moveit_msgs/moveit_msgs/srv/detail/get_position_fk__struct.h
[1.682s] -- Installing: /home/habibahassan/project/install/moveit_msgs/include/moveit_msgs/moveit_msgs/srv/detail/delete_robot_state_from_warehouse__type_support.c
[1.683s] -- Up-to-date: /home/habibahassan/project/install/moveit_msgs/include/moveit_msgs/moveit_msgs/srv/detail/rename_robot_state_in_warehouse__functions.c
[1.683s] -- Up-to-date: /home/habibahassan/project/install/moveit_msgs/include/moveit_msgs/moveit_msgs/srv/detail/load_map__functions.h
[1.683s] -- Installing: /home/habibahassan/project/install/moveit_msgs/include/moveit_msgs/moveit_msgs/srv/detail/get_group_urdf__type_support.c
[1.683s] -- Up-to-date: /home/habibahassan/project/install/moveit_msgs/include/moveit_msgs/moveit_msgs/srv/detail/check_if_robot_state_exists_in_warehouse__struct.h
[1.683s] -- Up-to-date: /home/habibahassan/project/install/moveit_msgs/include/moveit_msgs/moveit_msgs/srv/detail/load_geometry_from_file__type_support.h
[1.683s] -- Up-to-date: /home/habibahassan/project/install/moveit_msgs/include/moveit_msgs/moveit_msgs/srv/detail/query_planner_interfaces__description.c
[1.695s] -- Installing: /home/habibahassan/project/install/moveit_msgs/include/moveit_msgs/moveit_msgs/srv/detail/load_map__type_support.c
[1.695s] -- Up-to-date: /home/habibahassan/project/install/moveit_msgs/include/moveit_msgs/moveit_msgs/srv/detail/set_planner_params__type_support.h
[1.695s] -- Up-to-date: /home/habibahassan/project/install/moveit_msgs/include/moveit_msgs/moveit_msgs/srv/detail/update_pointcloud_octomap__type_support.h
[1.697s] -- Up-to-date: /home/habibahassan/project/install/moveit_msgs/include/moveit_msgs/moveit_msgs/srv/detail/delete_robot_state_from_warehouse__functions.c
[1.697s] -- Up-to-date: /home/habibahassan/project/install/moveit_msgs/include/moveit_msgs/moveit_msgs/srv/detail/rename_robot_state_in_warehouse__functions.h
[1.697s] -- Installing: /home/habibahassan/project/install/moveit_msgs/include/moveit_msgs/moveit_msgs/srv/detail/get_robot_state_from_warehouse__type_support.c
[1.697s] -- Up-to-date: /home/habibahassan/project/install/moveit_msgs/include/moveit_msgs/moveit_msgs/srv/detail/delete_robot_state_from_warehouse__functions.h
[1.698s] -- Up-to-date: /home/habibahassan/project/install/moveit_msgs/include/moveit_msgs/moveit_msgs/srv/detail/load_map__functions.c
[1.698s] -- Up-to-date: /home/habibahassan/project/install/moveit_msgs/include/moveit_msgs/moveit_msgs/srv/detail/grasp_planning__struct.h
[1.699s] -- Up-to-date: /home/habibahassan/project/install/moveit_msgs/include/moveit_msgs/moveit_msgs/srv/detail/get_cartesian_path__functions.h
[1.699s] -- Up-to-date: /home/habibahassan/project/install/moveit_msgs/include/moveit_msgs/moveit_msgs/srv/detail/save_map__functions.c
[1.701s] -- Up-to-date: /home/habibahassan/project/install/moveit_msgs/include/moveit_msgs/moveit_msgs/srv/detail/save_robot_state_to_warehouse__functions.c
[1.708s] -- Up-to-date: /home/habibahassan/project/install/moveit_msgs/include/moveit_msgs/moveit_msgs/srv/detail/save_map__type_support.h
[1.708s] -- Up-to-date: /home/habibahassan/project/install/moveit_msgs/include/moveit_msgs/moveit_msgs/srv/detail/get_robot_state_from_warehouse__functions.c
[1.709s] -- Up-to-date: /home/habibahassan/project/install/moveit_msgs/include/moveit_msgs/moveit_msgs/srv/detail/save_robot_state_to_warehouse__type_support.h
[1.709s] -- Up-to-date: /home/habibahassan/project/install/moveit_msgs/include/moveit_msgs/moveit_msgs/srv/detail/get_motion_plan__description.c
[1.709s] -- Installing: /home/habibahassan/project/install/moveit_msgs/include/moveit_msgs/moveit_msgs/srv/detail/get_position_ik__type_support.c
[1.709s] -- Up-to-date: /home/habibahassan/project/install/moveit_msgs/include/moveit_msgs/moveit_msgs/srv/detail/get_position_ik__description.c
[1.709s] -- Up-to-date: /home/habibahassan/project/install/moveit_msgs/include/moveit_msgs/moveit_msgs/srv/detail/grasp_planning__functions.c
[1.709s] -- Up-to-date: /home/habibahassan/project/install/moveit_msgs/include/moveit_msgs/moveit_msgs/srv/detail/get_group_urdf__type_support.h
[1.710s] -- Up-to-date: /home/habibahassan/project/install/moveit_msgs/include/moveit_msgs/moveit_msgs/srv/detail/save_geometry_to_file__type_support.h
[1.710s] -- Up-to-date: /home/habibahassan/project/install/moveit_msgs/include/moveit_msgs/moveit_msgs/srv/detail/list_robot_states_in_warehouse__functions.h
[1.710s] -- Up-to-date: /home/habibahassan/project/install/moveit_msgs/include/moveit_msgs/moveit_msgs/srv/detail/apply_planning_scene__functions.c
[1.712s] -- Up-to-date: /home/habibahassan/project/install/moveit_msgs/include/moveit_msgs/moveit_msgs/srv/detail/get_position_ik__functions.c
[1.712s] -- Up-to-date: /home/habibahassan/project/install/moveit_msgs/include/moveit_msgs/moveit_msgs/srv/detail/grasp_planning__description.c
[1.713s] -- Up-to-date: /home/habibahassan/project/install/moveit_msgs/include/moveit_msgs/moveit_msgs/srv/detail/set_planner_params__description.c
[1.713s] -- Up-to-date: /home/habibahassan/project/install/moveit_msgs/include/moveit_msgs/moveit_msgs/srv/detail/get_group_urdf__functions.c
[1.713s] -- Up-to-date: /home/habibahassan/project/install/moveit_msgs/include/moveit_msgs/moveit_msgs/srv/detail/get_cartesian_path__functions.c
[1.713s] -- Up-to-date: /home/habibahassan/project/install/moveit_msgs/include/moveit_msgs/moveit_msgs/srv/detail/get_planning_scene__description.c
[1.713s] -- Up-to-date: /home/habibahassan/project/install/moveit_msgs/include/moveit_msgs/moveit_msgs/srv/detail/load_map__description.c
[1.713s] -- Up-to-date: /home/habibahassan/project/install/moveit_msgs/include/moveit_msgs/moveit_msgs/srv/detail/get_position_ik__struct.h
[1.713s] -- Up-to-date: /home/habibahassan/project/install/moveit_msgs/include/moveit_msgs/moveit_msgs/srv/detail/query_planner_interfaces__functions.c
[1.714s] -- Up-to-date: /home/habibahassan/project/install/moveit_msgs/include/moveit_msgs/moveit_msgs/srv/detail/servo_command_type__functions.h
[1.714s] -- Up-to-date: /home/habibahassan/project/install/moveit_msgs/include/moveit_msgs/moveit_msgs/srv/detail/save_robot_state_to_warehouse__struct.h
[1.715s] -- Up-to-date: /home/habibahassan/project/install/moveit_msgs/include/moveit_msgs/moveit_msgs/srv/detail/delete_robot_state_from_warehouse__type_support.h
[1.715s] -- Installing: /home/habibahassan/project/install/moveit_msgs/include/moveit_msgs/moveit_msgs/srv/detail/apply_planning_scene__type_support.c
[1.715s] -- Up-to-date: /home/habibahassan/project/install/moveit_msgs/include/moveit_msgs/moveit_msgs/srv/apply_planning_scene.h
[1.716s] -- Up-to-date: /home/habibahassan/project/install/moveit_msgs/include/moveit_msgs/moveit_msgs/srv/query_planner_interfaces.h
[1.716s] -- Up-to-date: /home/habibahassan/project/install/moveit_msgs/include/moveit_msgs/moveit_msgs/srv/get_planner_params.h
[1.716s] -- Up-to-date: /home/habibahassan/project/install/moveit_msgs/include/moveit_msgs/moveit_msgs/srv/servo_command_type.h
[1.716s] -- Up-to-date: /home/habibahassan/project/install/moveit_msgs/include/moveit_msgs/moveit_msgs/srv/grasp_planning.h
[1.716s] -- Up-to-date: /home/habibahassan/project/install/moveit_msgs/include/moveit_msgs/moveit_msgs/srv/rename_robot_state_in_warehouse.h
[1.718s] -- Up-to-date: /home/habibahassan/project/install/moveit_msgs/include/moveit_msgs/moveit_msgs/srv/check_if_robot_state_exists_in_warehouse.h
[1.718s] -- Up-to-date: /home/habibahassan/project/install/moveit_msgs/include/moveit_msgs/moveit_msgs/srv/get_motion_plan.h
[1.719s] -- Up-to-date: /home/habibahassan/project/install/moveit_msgs/include/moveit_msgs/moveit_msgs/srv/set_planner_params.h
[1.719s] -- Up-to-date: /home/habibahassan/project/install/moveit_msgs/include/moveit_msgs/moveit_msgs/srv/get_motion_sequence.h
[1.719s] -- Up-to-date: /home/habibahassan/project/install/moveit_msgs/include/moveit_msgs/moveit_msgs/srv/get_group_urdf.h
[1.751s] -- Up-to-date: /home/habibahassan/project/install/moveit_msgs/include/moveit_msgs/moveit_msgs/srv/get_state_validity.h
[1.751s] -- Up-to-date: /home/habibahassan/project/install/moveit_msgs/include/moveit_msgs/moveit_msgs/srv/load_geometry_from_file.h
[1.752s] -- Up-to-date: /home/habibahassan/project/install/moveit_msgs/include/moveit_msgs/moveit_msgs/action
[1.752s] -- Up-to-date: /home/habibahassan/project/install/moveit_msgs/include/moveit_msgs/moveit_msgs/action/pickup.h
[1.752s] -- Up-to-date: /home/habibahassan/project/install/moveit_msgs/include/moveit_msgs/moveit_msgs/action/local_planner.h
[1.752s] -- Up-to-date: /home/habibahassan/project/install/moveit_msgs/include/moveit_msgs/moveit_msgs/action/execute_trajectory.h
[1.752s] -- Up-to-date: /home/habibahassan/project/install/moveit_msgs/include/moveit_msgs/moveit_msgs/action/hybrid_planner.h
[1.752s] -- Up-to-date: /home/habibahassan/project/install/moveit_msgs/include/moveit_msgs/moveit_msgs/action/move_group_sequence.h
[1.752s] -- Up-to-date: /home/habibahassan/project/install/moveit_msgs/include/moveit_msgs/moveit_msgs/action/detail
[1.752s] -- Up-to-date: /home/habibahassan/project/install/moveit_msgs/include/moveit_msgs/moveit_msgs/action/detail/pickup__functions.h
[1.752s] -- Up-to-date: /home/habibahassan/project/install/moveit_msgs/include/moveit_msgs/moveit_msgs/action/detail/move_group__type_support.h
[1.752s] -- Up-to-date: /home/habibahassan/project/install/moveit_msgs/include/moveit_msgs/moveit_msgs/action/detail/place__functions.c
[1.753s] -- Up-to-date: /home/habibahassan/project/install/moveit_msgs/include/moveit_msgs/moveit_msgs/action/detail/pickup__type_support.h
[1.753s] -- Up-to-date: /home/habibahassan/project/install/moveit_msgs/include/moveit_msgs/moveit_msgs/action/detail/local_planner__functions.c
[1.753s] -- Up-to-date: /home/habibahassan/project/install/moveit_msgs/include/moveit_msgs/moveit_msgs/action/detail/move_group__functions.h
[1.753s] -- Installing: /home/habibahassan/project/install/moveit_msgs/include/moveit_msgs/moveit_msgs/action/detail/place__type_support.c
[1.753s] -- Up-to-date: /home/habibahassan/project/install/moveit_msgs/include/moveit_msgs/moveit_msgs/action/detail/local_planner__description.c
[1.753s] -- Up-to-date: /home/habibahassan/project/install/moveit_msgs/include/moveit_msgs/moveit_msgs/action/detail/execute_trajectory__description.c
[1.753s] -- Up-to-date: /home/habibahassan/project/install/moveit_msgs/include/moveit_msgs/moveit_msgs/action/detail/place__description.c
[1.753s] -- Up-to-date: /home/habibahassan/project/install/moveit_msgs/include/moveit_msgs/moveit_msgs/action/detail/hybrid_planner__description.c
[1.753s] -- Installing: /home/habibahassan/project/install/moveit_msgs/include/moveit_msgs/moveit_msgs/action/detail/hybrid_planner__type_support.c
[1.754s] -- Up-to-date: /home/habibahassan/project/install/moveit_msgs/include/moveit_msgs/moveit_msgs/action/detail/global_planner__functions.c
[1.754s] -- Installing: /home/habibahassan/project/install/moveit_msgs/include/moveit_msgs/moveit_msgs/action/detail/execute_trajectory__type_support.c
[1.754s] -- Installing: /home/habibahassan/project/install/moveit_msgs/include/moveit_msgs/moveit_msgs/action/detail/local_planner__type_support.c
[1.754s] -- Up-to-date: /home/habibahassan/project/install/moveit_msgs/include/moveit_msgs/moveit_msgs/action/detail/pickup__description.c
[1.754s] -- Up-to-date: /home/habibahassan/project/install/moveit_msgs/include/moveit_msgs/moveit_msgs/action/detail/execute_trajectory__type_support.h
[1.755s] -- Up-to-date: /home/habibahassan/project/install/moveit_msgs/include/moveit_msgs/moveit_msgs/action/detail/move_group__description.c
[1.755s] -- Up-to-date: /home/habibahassan/project/install/moveit_msgs/include/moveit_msgs/moveit_msgs/action/detail/move_group_sequence__functions.h
[1.755s] -- Up-to-date: /home/habibahassan/project/install/moveit_msgs/include/moveit_msgs/moveit_msgs/action/detail/place__functions.h
[1.755s] -- Up-to-date: /home/habibahassan/project/install/moveit_msgs/include/moveit_msgs/moveit_msgs/action/detail/execute_trajectory__functions.c
[1.755s] -- Up-to-date: /home/habibahassan/project/install/moveit_msgs/include/moveit_msgs/moveit_msgs/action/detail/execute_trajectory__struct.h
[1.755s] -- Up-to-date: /home/habibahassan/project/install/moveit_msgs/include/moveit_msgs/moveit_msgs/action/detail/execute_trajectory__functions.h
[1.755s] -- Installing: /home/habibahassan/project/install/moveit_msgs/include/moveit_msgs/moveit_msgs/action/detail/pickup__type_support.c
[1.755s] -- Up-to-date: /home/habibahassan/project/install/moveit_msgs/include/moveit_msgs/moveit_msgs/action/detail/global_planner__functions.h
[1.755s] -- Up-to-date: /home/habibahassan/project/install/moveit_msgs/include/moveit_msgs/moveit_msgs/action/detail/move_group_sequence__type_support.h
[1.756s] -- Up-to-date: /home/habibahassan/project/install/moveit_msgs/include/moveit_msgs/moveit_msgs/action/detail/global_planner__description.c
[1.756s] -- Up-to-date: /home/habibahassan/project/install/moveit_msgs/include/moveit_msgs/moveit_msgs/action/detail/local_planner__type_support.h
[1.756s] -- Up-to-date: /home/habibahassan/project/install/moveit_msgs/include/moveit_msgs/moveit_msgs/action/detail/hybrid_planner__functions.c
[1.756s] -- Up-to-date: /home/habibahassan/project/install/moveit_msgs/include/moveit_msgs/moveit_msgs/action/detail/local_planner__struct.h
[1.756s] -- Installing: /home/habibahassan/project/install/moveit_msgs/include/moveit_msgs/moveit_msgs/action/detail/move_group__type_support.c
[1.756s] -- Up-to-date: /home/habibahassan/project/install/moveit_msgs/include/moveit_msgs/moveit_msgs/action/detail/pickup__functions.c
[1.756s] -- Up-to-date: /home/habibahassan/project/install/moveit_msgs/include/moveit_msgs/moveit_msgs/action/detail/move_group__functions.c
[1.756s] -- Up-to-date: /home/habibahassan/project/install/moveit_msgs/include/moveit_msgs/moveit_msgs/action/detail/place__struct.h
[1.757s] -- Up-to-date: /home/habibahassan/project/install/moveit_msgs/include/moveit_msgs/moveit_msgs/action/detail/global_planner__type_support.h
[1.757s] -- Up-to-date: /home/habibahassan/project/install/moveit_msgs/include/moveit_msgs/moveit_msgs/action/detail/pickup__struct.h
[1.757s] -- Up-to-date: /home/habibahassan/project/install/moveit_msgs/include/moveit_msgs/moveit_msgs/action/detail/move_group__struct.h
[1.757s] -- Installing: /home/habibahassan/project/install/moveit_msgs/include/moveit_msgs/moveit_msgs/action/detail/global_planner__type_support.c
[1.757s] -- Up-to-date: /home/habibahassan/project/install/moveit_msgs/include/moveit_msgs/moveit_msgs/action/detail/place__type_support.h
[1.757s] -- Up-to-date: /home/habibahassan/project/install/moveit_msgs/include/moveit_msgs/moveit_msgs/action/detail/local_planner__functions.h
[1.757s] -- Up-to-date: /home/habibahassan/project/install/moveit_msgs/include/moveit_msgs/moveit_msgs/action/detail/move_group_sequence__struct.h
[1.757s] -- Up-to-date: /home/habibahassan/project/install/moveit_msgs/include/moveit_msgs/moveit_msgs/action/detail/hybrid_planner__type_support.h
[1.757s] -- Up-to-date: /home/habibahassan/project/install/moveit_msgs/include/moveit_msgs/moveit_msgs/action/detail/hybrid_planner__functions.h
[1.758s] -- Up-to-date: /home/habibahassan/project/install/moveit_msgs/include/moveit_msgs/moveit_msgs/action/detail/global_planner__struct.h
[1.758s] -- Installing: /home/habibahassan/project/install/moveit_msgs/include/moveit_msgs/moveit_msgs/action/detail/move_group_sequence__type_support.c
[1.758s] -- Up-to-date: /home/habibahassan/project/install/moveit_msgs/include/moveit_msgs/moveit_msgs/action/detail/hybrid_planner__struct.h
[1.758s] -- Up-to-date: /home/habibahassan/project/install/moveit_msgs/include/moveit_msgs/moveit_msgs/action/detail/move_group_sequence__description.c
[1.759s] -- Up-to-date: /home/habibahassan/project/install/moveit_msgs/include/moveit_msgs/moveit_msgs/action/detail/move_group_sequence__functions.c
[1.759s] -- Up-to-date: /home/habibahassan/project/install/moveit_msgs/include/moveit_msgs/moveit_msgs/action/global_planner.h
[1.759s] -- Up-to-date: /home/habibahassan/project/install/moveit_msgs/include/moveit_msgs/moveit_msgs/action/place.h
[1.772s] -- Up-to-date: /home/habibahassan/project/install/moveit_msgs/include/moveit_msgs/moveit_msgs/action/move_group.h
[1.773s] -- Up-to-date: /home/habibahassan/project/install/moveit_msgs/include/moveit_msgs/moveit_msgs/msg
[1.773s] -- Up-to-date: /home/habibahassan/project/install/moveit_msgs/include/moveit_msgs/moveit_msgs/msg/cartesian_trajectory_point.h
[1.773s] -- Up-to-date: /home/habibahassan/project/install/moveit_msgs/include/moveit_msgs/moveit_msgs/msg/joint_constraint.h
[1.773s] -- Up-to-date: /home/habibahassan/project/install/moveit_msgs/include/moveit_msgs/moveit_msgs/msg/constraints.h
[1.773s] -- Up-to-date: /home/habibahassan/project/install/moveit_msgs/include/moveit_msgs/moveit_msgs/msg/motion_plan_detailed_response.h
[1.849s] -- Up-to-date: /home/habibahassan/project/install/moveit_msgs/include/moveit_msgs/moveit_msgs/msg/grasp.h
[1.850s] -- Up-to-date: /home/habibahassan/project/install/moveit_msgs/include/moveit_msgs/moveit_msgs/msg/allowed_collision_entry.h
[1.850s] -- Up-to-date: /home/habibahassan/project/install/moveit_msgs/include/moveit_msgs/moveit_msgs/msg/cartesian_point.h
[1.850s] -- Up-to-date: /home/habibahassan/project/install/moveit_msgs/include/moveit_msgs/moveit_msgs/msg/cartesian_trajectory.h
[1.850s] -- Up-to-date: /home/habibahassan/project/install/moveit_msgs/include/moveit_msgs/moveit_msgs/msg/robot_state.h
[1.850s] -- Up-to-date: /home/habibahassan/project/install/moveit_msgs/include/moveit_msgs/moveit_msgs/msg/planner_interface_description.h
[1.850s] -- Up-to-date: /home/habibahassan/project/install/moveit_msgs/include/moveit_msgs/moveit_msgs/msg/orientation_constraint.h
[1.851s] -- Up-to-date: /home/habibahassan/project/install/moveit_msgs/include/moveit_msgs/moveit_msgs/msg/contact_information.h
[1.851s] -- Up-to-date: /home/habibahassan/project/install/moveit_msgs/include/moveit_msgs/moveit_msgs/msg/display_robot_state.h
[1.851s] -- Up-to-date: /home/habibahassan/project/install/moveit_msgs/include/moveit_msgs/moveit_msgs/msg/oriented_bounding_box.h
[1.851s] -- Up-to-date: /home/habibahassan/project/install/moveit_msgs/include/moveit_msgs/moveit_msgs/msg/servo_status.h
[1.851s] -- Up-to-date: /home/habibahassan/project/install/moveit_msgs/include/moveit_msgs/moveit_msgs/msg/pipeline_state.h
[1.851s] -- Up-to-date: /home/habibahassan/project/install/moveit_msgs/include/moveit_msgs/moveit_msgs/msg/motion_sequence_response.h
[1.851s] -- Up-to-date: /home/habibahassan/project/install/moveit_msgs/include/moveit_msgs/moveit_msgs/msg/attached_collision_object.h
[1.851s] -- Up-to-date: /home/habibahassan/project/install/moveit_msgs/include/moveit_msgs/moveit_msgs/msg/visibility_constraint.h
[1.863s] -- Up-to-date: /home/habibahassan/project/install/moveit_msgs/include/moveit_msgs/moveit_msgs/msg/bounding_volume.h
[1.863s] -- Up-to-date: /home/habibahassan/project/install/moveit_msgs/include/moveit_msgs/moveit_msgs/msg/object_color.h
[1.863s] -- Up-to-date: /home/habibahassan/project/install/moveit_msgs/include/moveit_msgs/moveit_msgs/msg/planning_scene_world.h
[1.863s] -- Up-to-date: /home/habibahassan/project/install/moveit_msgs/include/moveit_msgs/moveit_msgs/msg/link_scale.h
[1.863s] -- Up-to-date: /home/habibahassan/project/install/moveit_msgs/include/moveit_msgs/moveit_msgs/msg/link_padding.h
[1.863s] -- Up-to-date: /home/habibahassan/project/install/moveit_msgs/include/moveit_msgs/moveit_msgs/msg/gripper_translation.h
[1.864s] -- Up-to-date: /home/habibahassan/project/install/moveit_msgs/include/moveit_msgs/moveit_msgs/msg/allowed_collision_matrix.h
[1.864s] -- Up-to-date: /home/habibahassan/project/install/moveit_msgs/include/moveit_msgs/moveit_msgs/msg/position_constraint.h
[1.864s] -- Up-to-date: /home/habibahassan/project/install/moveit_msgs/include/moveit_msgs/moveit_msgs/msg/motion_plan_response.h
[1.864s] -- Up-to-date: /home/habibahassan/project/install/moveit_msgs/include/moveit_msgs/moveit_msgs/msg/trajectory_constraints.h
[1.864s] -- Up-to-date: /home/habibahassan/project/install/moveit_msgs/include/moveit_msgs/moveit_msgs/msg/motion_plan_request.h
[1.864s] -- Up-to-date: /home/habibahassan/project/install/moveit_msgs/include/moveit_msgs/moveit_msgs/msg/cost_source.h
[1.864s] -- Up-to-date: /home/habibahassan/project/install/moveit_msgs/include/moveit_msgs/moveit_msgs/msg/planning_scene.h
[1.864s] -- Up-to-date: /home/habibahassan/project/install/moveit_msgs/include/moveit_msgs/moveit_msgs/msg/planner_params.h
[1.864s] -- Up-to-date: /home/habibahassan/project/install/moveit_msgs/include/moveit_msgs/moveit_msgs/msg/workspace_parameters.h
[1.864s] -- Up-to-date: /home/habibahassan/project/install/moveit_msgs/include/moveit_msgs/moveit_msgs/msg/generic_trajectory.h
[1.865s] -- Up-to-date: /home/habibahassan/project/install/moveit_msgs/include/moveit_msgs/moveit_msgs/msg/joint_limits.h
[1.865s] -- Up-to-date: /home/habibahassan/project/install/moveit_msgs/include/moveit_msgs/moveit_msgs/msg/robot_trajectory.h
[1.865s] -- Up-to-date: /home/habibahassan/project/install/moveit_msgs/include/moveit_msgs/moveit_msgs/msg/detail
[1.865s] -- Up-to-date: /home/habibahassan/project/install/moveit_msgs/include/moveit_msgs/moveit_msgs/msg/detail/planner_params__functions.c
[1.865s] -- Installing: /home/habibahassan/project/install/moveit_msgs/include/moveit_msgs/moveit_msgs/msg/detail/link_scale__type_support.c
[1.865s] -- Up-to-date: /home/habibahassan/project/install/moveit_msgs/include/moveit_msgs/moveit_msgs/msg/detail/link_padding__functions.c
[1.865s] -- Up-to-date: /home/habibahassan/project/install/moveit_msgs/include/moveit_msgs/moveit_msgs/msg/detail/cost_source__type_support.h
[1.865s] -- Up-to-date: /home/habibahassan/project/install/moveit_msgs/include/moveit_msgs/moveit_msgs/msg/detail/place_location__type_support.h
[1.865s] -- Installing: /home/habibahassan/project/install/moveit_msgs/include/moveit_msgs/moveit_msgs/msg/detail/link_padding__type_support.c
[1.865s] -- Up-to-date: /home/habibahassan/project/install/moveit_msgs/include/moveit_msgs/moveit_msgs/msg/detail/servo_status__type_support.h
[1.866s] -- Up-to-date: /home/habibahassan/project/install/moveit_msgs/include/moveit_msgs/moveit_msgs/msg/detail/motion_plan_response__struct.h
[1.866s] -- Installing: /home/habibahassan/project/install/moveit_msgs/include/moveit_msgs/moveit_msgs/msg/detail/workspace_parameters__type_support.c
[1.866s] -- Up-to-date: /home/habibahassan/project/install/moveit_msgs/include/moveit_msgs/moveit_msgs/msg/detail/contact_information__functions.h
[1.866s] -- Up-to-date: /home/habibahassan/project/install/moveit_msgs/include/moveit_msgs/moveit_msgs/msg/detail/cartesian_trajectory__functions.h
[1.866s] -- Installing: /home/habibahassan/project/install/moveit_msgs/include/moveit_msgs/moveit_msgs/msg/detail/attached_collision_object__type_support.c
[1.866s] -- Up-to-date: /home/habibahassan/project/install/moveit_msgs/include/moveit_msgs/moveit_msgs/msg/detail/kinematic_solver_info__type_support.h
[1.866s] -- Up-to-date: /home/habibahassan/project/install/moveit_msgs/include/moveit_msgs/moveit_msgs/msg/detail/link_scale__type_support.h
[1.866s] -- Up-to-date: /home/habibahassan/project/install/moveit_msgs/include/moveit_msgs/moveit_msgs/msg/detail/object_color__functions.h
[1.867s] -- Installing: /home/habibahassan/project/install/moveit_msgs/include/moveit_msgs/moveit_msgs/msg/detail/cost_source__type_support.c
[1.867s] -- Installing: /home/habibahassan/project/install/moveit_msgs/include/moveit_msgs/moveit_msgs/msg/detail/planning_scene__type_support.c
[1.867s] -- Installing: /home/habibahassan/project/install/moveit_msgs/include/moveit_msgs/moveit_msgs/msg/detail/cartesian_trajectory_point__type_support.c
[1.867s] -- Up-to-date: /home/habibahassan/project/install/moveit_msgs/include/moveit_msgs/moveit_msgs/msg/detail/position_constraint__struct.h
[1.867s] -- Up-to-date: /home/habibahassan/project/install/moveit_msgs/include/moveit_msgs/moveit_msgs/msg/detail/motion_sequence_request__functions.h
[1.867s] -- Up-to-date: /home/habibahassan/project/install/moveit_msgs/include/moveit_msgs/moveit_msgs/msg/detail/gripper_translation__struct.h
[1.867s] -- Up-to-date: /home/habibahassan/project/install/moveit_msgs/include/moveit_msgs/moveit_msgs/msg/detail/allowed_collision_entry__functions.c
[1.867s] -- Up-to-date: /home/habibahassan/project/install/moveit_msgs/include/moveit_msgs/moveit_msgs/msg/detail/allowed_collision_entry__functions.h
[1.867s] -- Up-to-date: /home/habibahassan/project/install/moveit_msgs/include/moveit_msgs/moveit_msgs/msg/detail/robot_state__functions.c
[1.867s] -- Up-to-date: /home/habibahassan/project/install/moveit_msgs/include/moveit_msgs/moveit_msgs/msg/detail/planning_scene_world__description.c
[1.868s] -- Up-to-date: /home/habibahassan/project/install/moveit_msgs/include/moveit_msgs/moveit_msgs/msg/detail/motion_plan_detailed_response__functions.c
[1.868s] -- Up-to-date: /home/habibahassan/project/install/moveit_msgs/include/moveit_msgs/moveit_msgs/msg/detail/oriented_bounding_box__functions.h
[1.868s] -- Up-to-date: /home/habibahassan/project/install/moveit_msgs/include/moveit_msgs/moveit_msgs/msg/detail/allowed_collision_entry__struct.h
[1.868s] -- Up-to-date: /home/habibahassan/project/install/moveit_msgs/include/moveit_msgs/moveit_msgs/msg/detail/joint_constraint__struct.h
[1.868s] -- Up-to-date: /home/habibahassan/project/install/moveit_msgs/include/moveit_msgs/moveit_msgs/msg/detail/generic_trajectory__struct.h
[1.868s] -- Up-to-date: /home/habibahassan/project/install/moveit_msgs/include/moveit_msgs/moveit_msgs/msg/detail/collision_object__description.c
[1.868s] -- Up-to-date: /home/habibahassan/project/install/moveit_msgs/include/moveit_msgs/moveit_msgs/msg/detail/grasp__description.c
[1.868s] -- Up-to-date: /home/habibahassan/project/install/moveit_msgs/include/moveit_msgs/moveit_msgs/msg/detail/cartesian_trajectory_point__type_support.h
[1.868s] -- Up-to-date: /home/habibahassan/project/install/moveit_msgs/include/moveit_msgs/moveit_msgs/msg/detail/display_robot_state__functions.h
[1.869s] -- Up-to-date: /home/habibahassan/project/install/moveit_msgs/include/moveit_msgs/moveit_msgs/msg/detail/orientation_constraint__struct.h
[1.869s] -- Installing: /home/habibahassan/project/install/moveit_msgs/include/moveit_msgs/moveit_msgs/msg/detail/generic_trajectory__type_support.c
[1.869s] -- Up-to-date: /home/habibahassan/project/install/moveit_msgs/include/moveit_msgs/moveit_msgs/msg/detail/gripper_translation__description.c
[1.869s] -- Up-to-date: /home/habibahassan/project/install/moveit_msgs/include/moveit_msgs/moveit_msgs/msg/detail/collision_object__struct.h
[1.869s] -- Up-to-date: /home/habibahassan/project/install/moveit_msgs/include/moveit_msgs/moveit_msgs/msg/detail/pipeline_state__functions.c
[1.869s] -- Up-to-date: /home/habibahassan/project/install/moveit_msgs/include/moveit_msgs/moveit_msgs/msg/detail/link_scale__description.c
[1.869s] -- Up-to-date: /home/habibahassan/project/install/moveit_msgs/include/moveit_msgs/moveit_msgs/msg/detail/allowed_collision_matrix__type_support.h
[1.869s] -- Installing: /home/habibahassan/project/install/moveit_msgs/include/moveit_msgs/moveit_msgs/msg/detail/gripper_translation__type_support.c
[1.870s] -- Up-to-date: /home/habibahassan/project/install/moveit_msgs/include/moveit_msgs/moveit_msgs/msg/detail/planning_scene__type_support.h
[1.870s] -- Up-to-date: /home/habibahassan/project/install/moveit_msgs/include/moveit_msgs/moveit_msgs/msg/detail/orientation_constraint__functions.c
[1.870s] -- Up-to-date: /home/habibahassan/project/install/moveit_msgs/include/moveit_msgs/moveit_msgs/msg/detail/orientation_constraint__description.c
[1.870s] -- Up-to-date: /home/habibahassan/project/install/moveit_msgs/include/moveit_msgs/moveit_msgs/msg/detail/motion_sequence_request__description.c
[1.870s] -- Up-to-date: /home/habibahassan/project/install/moveit_msgs/include/moveit_msgs/moveit_msgs/msg/detail/motion_plan_request__type_support.h
[1.870s] -- Up-to-date: /home/habibahassan/project/install/moveit_msgs/include/moveit_msgs/moveit_msgs/msg/detail/position_constraint__functions.c
[1.870s] -- Up-to-date: /home/habibahassan/project/install/moveit_msgs/include/moveit_msgs/moveit_msgs/msg/detail/visibility_constraint__description.c
[1.870s] -- Up-to-date: /home/habibahassan/project/install/moveit_msgs/include/moveit_msgs/moveit_msgs/msg/detail/generic_trajectory__type_support.h
[1.870s] -- Up-to-date: /home/habibahassan/project/install/moveit_msgs/include/moveit_msgs/moveit_msgs/msg/detail/attached_collision_object__type_support.h
[1.871s] -- Up-to-date: /home/habibahassan/project/install/moveit_msgs/include/moveit_msgs/moveit_msgs/msg/detail/cartesian_trajectory__functions.c
[1.871s] -- Up-to-date: /home/habibahassan/project/install/moveit_msgs/include/moveit_msgs/moveit_msgs/msg/detail/kinematic_solver_info__struct.h
[1.871s] -- Up-to-date: /home/habibahassan/project/install/moveit_msgs/include/moveit_msgs/moveit_msgs/msg/detail/cartesian_point__type_support.h
[1.871s] -- Up-to-date: /home/habibahassan/project/install/moveit_msgs/include/moveit_msgs/moveit_msgs/msg/detail/joint_limits__struct.h
[1.871s] -- Up-to-date: /home/habibahassan/project/install/moveit_msgs/include/moveit_msgs/moveit_msgs/msg/detail/position_ik_request__struct.h
[1.871s] -- Up-to-date: /home/habibahassan/project/install/moveit_msgs/include/moveit_msgs/moveit_msgs/msg/detail/constraint_eval_result__functions.c
[1.871s] -- Up-to-date: /home/habibahassan/project/install/moveit_msgs/include/moveit_msgs/moveit_msgs/msg/detail/cost_source__struct.h
[1.871s] -- Installing: /home/habibahassan/project/install/moveit_msgs/include/moveit_msgs/moveit_msgs/msg/detail/visibility_constraint__type_support.c
[1.871s] -- Up-to-date: /home/habibahassan/project/install/moveit_msgs/include/moveit_msgs/moveit_msgs/msg/detail/robot_state__functions.h
[1.871s] -- Up-to-date: /home/habibahassan/project/install/moveit_msgs/include/moveit_msgs/moveit_msgs/msg/detail/generic_trajectory__functions.h
[1.872s] -- Installing: /home/habibahassan/project/install/moveit_msgs/include/moveit_msgs/moveit_msgs/msg/detail/pipeline_state__type_support.c
[1.872s] -- Up-to-date: /home/habibahassan/project/install/moveit_msgs/include/moveit_msgs/moveit_msgs/msg/detail/motion_plan_request__functions.c
[1.872s] -- Installing: /home/habibahassan/project/install/moveit_msgs/include/moveit_msgs/moveit_msgs/msg/detail/display_robot_state__type_support.c
[1.872s] -- Installing: /home/habibahassan/project/install/moveit_msgs/include/moveit_msgs/moveit_msgs/msg/detail/motion_plan_response__type_support.c
[1.872s] -- Installing: /home/habibahassan/project/install/moveit_msgs/include/moveit_msgs/moveit_msgs/msg/detail/allowed_collision_matrix__type_support.c
[1.872s] -- Up-to-date: /home/habibahassan/project/install/moveit_msgs/include/moveit_msgs/moveit_msgs/msg/detail/motion_plan_detailed_response__functions.h
[1.872s] -- Up-to-date: /home/habibahassan/project/install/moveit_msgs/include/moveit_msgs/moveit_msgs/msg/detail/constraints__description.c
[1.872s] -- Up-to-date: /home/habibahassan/project/install/moveit_msgs/include/moveit_msgs/moveit_msgs/msg/detail/constraint_eval_result__functions.h
[1.872s] -- Up-to-date: /home/habibahassan/project/install/moveit_msgs/include/moveit_msgs/moveit_msgs/msg/detail/bounding_volume__functions.c
[1.872s] -- Up-to-date: /home/habibahassan/project/install/moveit_msgs/include/moveit_msgs/moveit_msgs/msg/detail/planning_scene_world__struct.h
[1.873s] -- Up-to-date: /home/habibahassan/project/install/moveit_msgs/include/moveit_msgs/moveit_msgs/msg/detail/workspace_parameters__type_support.h
[1.873s] -- Up-to-date: /home/habibahassan/project/install/moveit_msgs/include/moveit_msgs/moveit_msgs/msg/detail/cartesian_trajectory_point__functions.h
[1.887s] -- Up-to-date: /home/habibahassan/project/install/moveit_msgs/include/moveit_msgs/moveit_msgs/msg/detail/bounding_volume__struct.h
[1.887s] -- Up-to-date: /home/habibahassan/project/install/moveit_msgs/include/moveit_msgs/moveit_msgs/msg/detail/planner_interface_description__description.c
[1.887s] -- Up-to-date: /home/habibahassan/project/install/moveit_msgs/include/moveit_msgs/moveit_msgs/msg/detail/planning_scene_components__functions.c
[1.887s] -- Up-to-date: /home/habibahassan/project/install/moveit_msgs/include/moveit_msgs/moveit_msgs/msg/detail/visibility_constraint__functions.h
[1.887s] -- Up-to-date: /home/habibahassan/project/install/moveit_msgs/include/moveit_msgs/moveit_msgs/msg/detail/trajectory_constraints__struct.h
[1.887s] -- Up-to-date: /home/habibahassan/project/install/moveit_msgs/include/moveit_msgs/moveit_msgs/msg/detail/cartesian_point__struct.h
[1.887s] -- Up-to-date: /home/habibahassan/project/install/moveit_msgs/include/moveit_msgs/moveit_msgs/msg/detail/object_color__functions.c
[1.888s] -- Up-to-date: /home/habibahassan/project/install/moveit_msgs/include/moveit_msgs/moveit_msgs/msg/detail/object_color__struct.h
[1.888s] -- Up-to-date: /home/habibahassan/project/install/moveit_msgs/include/moveit_msgs/moveit_msgs/msg/detail/visibility_constraint__functions.c
[1.888s] -- Installing: /home/habibahassan/project/install/moveit_msgs/include/moveit_msgs/moveit_msgs/msg/detail/place_location__type_support.c
[1.888s] -- Up-to-date: /home/habibahassan/project/install/moveit_msgs/include/moveit_msgs/moveit_msgs/msg/detail/joint_constraint__functions.h
[1.888s] -- Up-to-date: /home/habibahassan/project/install/moveit_msgs/include/moveit_msgs/moveit_msgs/msg/detail/planning_scene__struct.h
[1.888s] -- Up-to-date: /home/habibahassan/project/install/moveit_msgs/include/moveit_msgs/moveit_msgs/msg/detail/display_robot_state__struct.h
[1.888s] -- Installing: /home/habibahassan/project/install/moveit_msgs/include/moveit_msgs/moveit_msgs/msg/detail/motion_sequence_request__type_support.c
[1.888s] -- Up-to-date: /home/habibahassan/project/install/moveit_msgs/include/moveit_msgs/moveit_msgs/msg/detail/contact_information__type_support.h
[1.888s] -- Up-to-date: /home/habibahassan/project/install/moveit_msgs/include/moveit_msgs/moveit_msgs/msg/detail/motion_sequence_item__type_support.h
[1.888s] -- Up-to-date: /home/habibahassan/project/install/moveit_msgs/include/moveit_msgs/moveit_msgs/msg/detail/workspace_parameters__description.c
[1.889s] -- Up-to-date: /home/habibahassan/project/install/moveit_msgs/include/moveit_msgs/moveit_msgs/msg/detail/motion_sequence_item__functions.h
[1.889s] -- Installing: /home/habibahassan/project/install/moveit_msgs/include/moveit_msgs/moveit_msgs/msg/detail/object_color__type_support.c
[1.889s] -- Up-to-date: /home/habibahassan/project/install/moveit_msgs/include/moveit_msgs/moveit_msgs/msg/detail/motion_plan_detailed_response__struct.h
[1.889s] -- Up-to-date: /home/habibahassan/project/install/moveit_msgs/include/moveit_msgs/moveit_msgs/msg/detail/motion_sequence_request__type_support.h
[1.889s] -- Up-to-date: /home/habibahassan/project/install/moveit_msgs/include/moveit_msgs/moveit_msgs/msg/detail/display_trajectory__struct.h
[1.889s] -- Up-to-date: /home/habibahassan/project/install/moveit_msgs/include/moveit_msgs/moveit_msgs/msg/detail/planning_scene_components__type_support.h
[1.889s] -- Up-to-date: /home/habibahassan/project/install/moveit_msgs/include/moveit_msgs/moveit_msgs/msg/detail/motion_sequence_request__struct.h
[1.889s] -- Up-to-date: /home/habibahassan/project/install/moveit_msgs/include/moveit_msgs/moveit_msgs/msg/detail/motion_plan_response__functions.h
[1.889s] -- Up-to-date: /home/habibahassan/project/install/moveit_msgs/include/moveit_msgs/moveit_msgs/msg/detail/display_trajectory__description.c
[1.890s] -- Up-to-date: /home/habibahassan/project/install/moveit_msgs/include/moveit_msgs/moveit_msgs/msg/detail/motion_sequence_response__type_support.h
[1.890s] -- Up-to-date: /home/habibahassan/project/install/moveit_msgs/include/moveit_msgs/moveit_msgs/msg/detail/cost_source__functions.c
[1.890s] -- Up-to-date: /home/habibahassan/project/install/moveit_msgs/include/moveit_msgs/moveit_msgs/msg/detail/pipeline_state__type_support.h
[1.890s] -- Installing: /home/habibahassan/project/install/moveit_msgs/include/moveit_msgs/moveit_msgs/msg/detail/constraints__type_support.c
[1.890s] -- Up-to-date: /home/habibahassan/project/install/moveit_msgs/include/moveit_msgs/moveit_msgs/msg/detail/allowed_collision_matrix__description.c
[1.890s] -- Installing: /home/habibahassan/project/install/moveit_msgs/include/moveit_msgs/moveit_msgs/msg/detail/planner_params__type_support.c
[1.890s] -- Up-to-date: /home/habibahassan/project/install/moveit_msgs/include/moveit_msgs/moveit_msgs/msg/detail/joint_limits__functions.c
[1.890s] -- Up-to-date: /home/habibahassan/project/install/moveit_msgs/include/moveit_msgs/moveit_msgs/msg/detail/collision_object__functions.h
[1.890s] -- Up-to-date: /home/habibahassan/project/install/moveit_msgs/include/moveit_msgs/moveit_msgs/msg/detail/constraints__type_support.h
[1.892s] -- Up-to-date: /home/habibahassan/project/install/moveit_msgs/include/moveit_msgs/moveit_msgs/msg/detail/contact_information__description.c
[1.892s] -- Up-to-date: /home/habibahassan/project/install/moveit_msgs/include/moveit_msgs/moveit_msgs/msg/detail/cartesian_trajectory__struct.h
[1.892s] -- Installing: /home/habibahassan/project/install/moveit_msgs/include/moveit_msgs/moveit_msgs/msg/detail/bounding_volume__type_support.c
[1.892s] -- Up-to-date: /home/habibahassan/project/install/moveit_msgs/include/moveit_msgs/moveit_msgs/msg/detail/planner_params__functions.h
[1.893s] -- Installing: /home/habibahassan/project/install/moveit_msgs/include/moveit_msgs/moveit_msgs/msg/detail/planning_options__type_support.c
[1.893s] -- Up-to-date: /home/habibahassan/project/install/moveit_msgs/include/moveit_msgs/moveit_msgs/msg/detail/cartesian_point__functions.h
[1.893s] -- Up-to-date: /home/habibahassan/project/install/moveit_msgs/include/moveit_msgs/moveit_msgs/msg/detail/grasp__struct.h
[1.893s] -- Up-to-date: /home/habibahassan/project/install/moveit_msgs/include/moveit_msgs/moveit_msgs/msg/detail/motion_sequence_response__functions.h
[1.893s] -- Up-to-date: /home/habibahassan/project/install/moveit_msgs/include/moveit_msgs/moveit_msgs/msg/detail/move_it_error_codes__type_support.h
[1.893s] -- Up-to-date: /home/habibahassan/project/install/moveit_msgs/include/moveit_msgs/moveit_msgs/msg/detail/grasp__functions.c
[1.893s] -- Up-to-date: /home/habibahassan/project/install/moveit_msgs/include/moveit_msgs/moveit_msgs/msg/detail/generic_trajectory__description.c
[1.893s] -- Up-to-date: /home/habibahassan/project/install/moveit_msgs/include/moveit_msgs/moveit_msgs/msg/detail/constraints__functions.h
[1.893s] -- Up-to-date: /home/habibahassan/project/install/moveit_msgs/include/moveit_msgs/moveit_msgs/msg/detail/motion_plan_request__description.c
[1.893s] -- Up-to-date: /home/habibahassan/project/install/moveit_msgs/include/moveit_msgs/moveit_msgs/msg/detail/motion_plan_request__struct.h
[1.900s] -- Up-to-date: /home/habibahassan/project/install/moveit_msgs/include/moveit_msgs/moveit_msgs/msg/detail/planning_options__functions.h
[1.900s] -- Up-to-date: /home/habibahassan/project/install/moveit_msgs/include/moveit_msgs/moveit_msgs/msg/detail/display_trajectory__functions.h
[1.901s] -- Up-to-date: /home/habibahassan/project/install/moveit_msgs/include/moveit_msgs/moveit_msgs/msg/detail/trajectory_constraints__description.c
[1.901s] -- Installing: /home/habibahassan/project/install/moveit_msgs/include/moveit_msgs/moveit_msgs/msg/detail/contact_information__type_support.c
[1.901s] -- Up-to-date: /home/habibahassan/project/install/moveit_msgs/include/moveit_msgs/moveit_msgs/msg/detail/trajectory_constraints__functions.h
[1.901s] -- Up-to-date: /home/habibahassan/project/install/moveit_msgs/include/moveit_msgs/moveit_msgs/msg/detail/visibility_constraint__type_support.h
[1.901s] -- Up-to-date: /home/habibahassan/project/install/moveit_msgs/include/moveit_msgs/moveit_msgs/msg/detail/joint_constraint__functions.c
[1.901s] -- Up-to-date: /home/habibahassan/project/install/moveit_msgs/include/moveit_msgs/moveit_msgs/msg/detail/cartesian_trajectory__type_support.h
[1.901s] -- Installing: /home/habibahassan/project/install/moveit_msgs/include/moveit_msgs/moveit_msgs/msg/detail/planning_scene_components__type_support.c
[1.902s] -- Up-to-date: /home/habibahassan/project/install/moveit_msgs/include/moveit_msgs/moveit_msgs/msg/detail/move_it_error_codes__description.c
[1.902s] -- Up-to-date: /home/habibahassan/project/install/moveit_msgs/include/moveit_msgs/moveit_msgs/msg/detail/motion_plan_response__functions.c
[1.902s] -- Up-to-date: /home/habibahassan/project/install/moveit_msgs/include/moveit_msgs/moveit_msgs/msg/detail/servo_status__functions.c
[1.902s] -- Installing: /home/habibahassan/project/install/moveit_msgs/include/moveit_msgs/moveit_msgs/msg/detail/trajectory_constraints__type_support.c
[1.902s] -- Up-to-date: /home/habibahassan/project/install/moveit_msgs/include/moveit_msgs/moveit_msgs/msg/detail/constraint_eval_result__type_support.h
[1.902s] -- Up-to-date: /home/habibahassan/project/install/moveit_msgs/include/moveit_msgs/moveit_msgs/msg/detail/workspace_parameters__functions.h
[1.902s] -- Up-to-date: /home/habibahassan/project/install/moveit_msgs/include/moveit_msgs/moveit_msgs/msg/detail/position_ik_request__description.c
[1.902s] -- Up-to-date: /home/habibahassan/project/install/moveit_msgs/include/moveit_msgs/moveit_msgs/msg/detail/planner_interface_description__functions.h
[1.902s] -- Up-to-date: /home/habibahassan/project/install/moveit_msgs/include/moveit_msgs/moveit_msgs/msg/detail/constraints__struct.h
[1.902s] -- Up-to-date: /home/habibahassan/project/install/moveit_msgs/include/moveit_msgs/moveit_msgs/msg/detail/cartesian_trajectory_point__description.c
[1.902s] -- Up-to-date: /home/habibahassan/project/install/moveit_msgs/include/moveit_msgs/moveit_msgs/msg/detail/display_robot_state__description.c
[1.903s] -- Up-to-date: /home/habibahassan/project/install/moveit_msgs/include/moveit_msgs/moveit_msgs/msg/detail/cartesian_trajectory_point__functions.c
[1.903s] -- Up-to-date: /home/habibahassan/project/install/moveit_msgs/include/moveit_msgs/moveit_msgs/msg/detail/planner_interface_description__functions.c
[1.903s] -- Up-to-date: /home/habibahassan/project/install/moveit_msgs/include/moveit_msgs/moveit_msgs/msg/detail/gripper_translation__type_support.h
[1.903s] -- Up-to-date: /home/habibahassan/project/install/moveit_msgs/include/moveit_msgs/moveit_msgs/msg/detail/link_padding__type_support.h
[1.903s] -- Up-to-date: /home/habibahassan/project/install/moveit_msgs/include/moveit_msgs/moveit_msgs/msg/detail/motion_plan_detailed_response__type_support.h
[1.903s] -- Up-to-date: /home/habibahassan/project/install/moveit_msgs/include/moveit_msgs/moveit_msgs/msg/detail/display_robot_state__type_support.h
[1.903s] -- Up-to-date: /home/habibahassan/project/install/moveit_msgs/include/moveit_msgs/moveit_msgs/msg/detail/bounding_volume__description.c
[1.903s] -- Up-to-date: /home/habibahassan/project/install/moveit_msgs/include/moveit_msgs/moveit_msgs/msg/detail/joint_constraint__type_support.h
[1.903s] -- Up-to-date: /home/habibahassan/project/install/moveit_msgs/include/moveit_msgs/moveit_msgs/msg/detail/object_color__description.c
[1.904s] -- Up-to-date: /home/habibahassan/project/install/moveit_msgs/include/moveit_msgs/moveit_msgs/msg/detail/generic_trajectory__functions.c
[1.904s] -- Up-to-date: /home/habibahassan/project/install/moveit_msgs/include/moveit_msgs/moveit_msgs/msg/detail/orientation_constraint__functions.h
[1.904s] -- Up-to-date: /home/habibahassan/project/install/moveit_msgs/include/moveit_msgs/moveit_msgs/msg/detail/servo_status__description.c
[1.904s] -- Installing: /home/habibahassan/project/install/moveit_msgs/include/moveit_msgs/moveit_msgs/msg/detail/motion_sequence_response__type_support.c
[1.904s] -- Up-to-date: /home/habibahassan/project/install/moveit_msgs/include/moveit_msgs/moveit_msgs/msg/detail/planner_params__description.c
[1.904s] -- Up-to-date: /home/habibahassan/project/install/moveit_msgs/include/moveit_msgs/moveit_msgs/msg/detail/pipeline_state__functions.h
[1.904s] -- Up-to-date: /home/habibahassan/project/install/moveit_msgs/include/moveit_msgs/moveit_msgs/msg/detail/object_color__type_support.h
[1.904s] -- Up-to-date: /home/habibahassan/project/install/moveit_msgs/include/moveit_msgs/moveit_msgs/msg/detail/joint_limits__functions.h
[1.904s] -- Up-to-date: /home/habibahassan/project/install/moveit_msgs/include/moveit_msgs/moveit_msgs/msg/detail/place_location__struct.h
[1.904s] -- Installing: /home/habibahassan/project/install/moveit_msgs/include/moveit_msgs/moveit_msgs/msg/detail/motion_sequence_item__type_support.c
[1.905s] -- Up-to-date: /home/habibahassan/project/install/moveit_msgs/include/moveit_msgs/moveit_msgs/msg/detail/place_location__functions.c
[1.905s] -- Installing: /home/habibahassan/project/install/moveit_msgs/include/moveit_msgs/moveit_msgs/msg/detail/oriented_bounding_box__type_support.c
[1.905s] -- Installing: /home/habibahassan/project/install/moveit_msgs/include/moveit_msgs/moveit_msgs/msg/detail/allowed_collision_entry__type_support.c
[1.905s] -- Up-to-date: /home/habibahassan/project/install/moveit_msgs/include/moveit_msgs/moveit_msgs/msg/detail/link_scale__functions.c
[1.905s] -- Up-to-date: /home/habibahassan/project/install/moveit_msgs/include/moveit_msgs/moveit_msgs/msg/detail/planning_options__type_support.h
[1.905s] -- Up-to-date: /home/habibahassan/project/install/moveit_msgs/include/moveit_msgs/moveit_msgs/msg/detail/contact_information__struct.h
[1.936s] -- Up-to-date: /home/habibahassan/project/install/moveit_msgs/include/moveit_msgs/moveit_msgs/msg/detail/motion_sequence_request__functions.c
[1.937s] -- Up-to-date: /home/habibahassan/project/install/moveit_msgs/include/moveit_msgs/moveit_msgs/msg/detail/motion_plan_detailed_response__description.c
[1.937s] -- Up-to-date: /home/habibahassan/project/install/moveit_msgs/include/moveit_msgs/moveit_msgs/msg/detail/grasp__type_support.h
[1.937s] -- Up-to-date: /home/habibahassan/project/install/moveit_msgs/include/moveit_msgs/moveit_msgs/msg/detail/grasp__functions.h
[1.937s] -- Up-to-date: /home/habibahassan/project/install/moveit_msgs/include/moveit_msgs/moveit_msgs/msg/detail/planning_options__description.c
[1.937s] -- Installing: /home/habibahassan/project/install/moveit_msgs/include/moveit_msgs/moveit_msgs/msg/detail/orientation_constraint__type_support.c
[1.937s] -- Installing: /home/habibahassan/project/install/moveit_msgs/include/moveit_msgs/moveit_msgs/msg/detail/move_it_error_codes__type_support.c
[1.938s] -- Up-to-date: /home/habibahassan/project/install/moveit_msgs/include/moveit_msgs/moveit_msgs/msg/detail/display_trajectory__functions.c
[1.938s] -- Up-to-date: /home/habibahassan/project/install/moveit_msgs/include/moveit_msgs/moveit_msgs/msg/detail/trajectory_constraints__type_support.h
[1.938s] -- Up-to-date: /home/habibahassan/project/install/moveit_msgs/include/moveit_msgs/moveit_msgs/msg/detail/position_ik_request__functions.c
[1.938s] -- Up-to-date: /home/habibahassan/project/install/moveit_msgs/include/moveit_msgs/moveit_msgs/msg/detail/constraints__functions.c
[1.938s] -- Up-to-date: /home/habibahassan/project/install/moveit_msgs/include/moveit_msgs/moveit_msgs/msg/detail/display_trajectory__type_support.h
[1.938s] -- Installing: /home/habibahassan/project/install/moveit_msgs/include/moveit_msgs/moveit_msgs/msg/detail/joint_constraint__type_support.c
[1.938s] -- Up-to-date: /home/habibahassan/project/install/moveit_msgs/include/moveit_msgs/moveit_msgs/msg/detail/bounding_volume__type_support.h
[1.938s] -- Up-to-date: /home/habibahassan/project/install/moveit_msgs/include/moveit_msgs/moveit_msgs/msg/detail/cartesian_point__functions.c
[1.938s] -- Up-to-date: /home/habibahassan/project/install/moveit_msgs/include/moveit_msgs/moveit_msgs/msg/detail/attached_collision_object__functions.h
[1.939s] -- Up-to-date: /home/habibahassan/project/install/moveit_msgs/include/moveit_msgs/moveit_msgs/msg/detail/cost_source__functions.h
[1.939s] -- Up-to-date: /home/habibahassan/project/install/moveit_msgs/include/moveit_msgs/moveit_msgs/msg/detail/planner_interface_description__type_support.h
[1.939s] -- Up-to-date: /home/habibahassan/project/install/moveit_msgs/include/moveit_msgs/moveit_msgs/msg/detail/gripper_translation__functions.h
[1.939s] -- Up-to-date: /home/habibahassan/project/install/moveit_msgs/include/moveit_msgs/moveit_msgs/msg/detail/motion_plan_response__type_support.h
[1.939s] -- Up-to-date: /home/habibahassan/project/install/moveit_msgs/include/moveit_msgs/moveit_msgs/msg/detail/pipeline_state__description.c
[1.939s] -- Up-to-date: /home/habibahassan/project/install/moveit_msgs/include/moveit_msgs/moveit_msgs/msg/detail/robot_trajectory__functions.h
[1.939s] -- Up-to-date: /home/habibahassan/project/install/moveit_msgs/include/moveit_msgs/moveit_msgs/msg/detail/workspace_parameters__struct.h
[1.939s] -- Up-to-date: /home/habibahassan/project/install/moveit_msgs/include/moveit_msgs/moveit_msgs/msg/detail/position_constraint__description.c
[1.939s] -- Up-to-date: /home/habibahassan/project/install/moveit_msgs/include/moveit_msgs/moveit_msgs/msg/detail/move_it_error_codes__functions.h
[1.940s] -- Installing: /home/habibahassan/project/install/moveit_msgs/include/moveit_msgs/moveit_msgs/msg/detail/kinematic_solver_info__type_support.c
[1.940s] -- Up-to-date: /home/habibahassan/project/install/moveit_msgs/include/moveit_msgs/moveit_msgs/msg/detail/planning_scene__description.c
[1.940s] -- Up-to-date: /home/habibahassan/project/install/moveit_msgs/include/moveit_msgs/moveit_msgs/msg/detail/robot_trajectory__struct.h
[1.940s] -- Up-to-date: /home/habibahassan/project/install/moveit_msgs/include/moveit_msgs/moveit_msgs/msg/detail/planning_scene_components__functions.h
[1.940s] -- Up-to-date: /home/habibahassan/project/install/moveit_msgs/include/moveit_msgs/moveit_msgs/msg/detail/allowed_collision_entry__type_support.h
[1.940s] -- Installing: /home/habibahassan/project/install/moveit_msgs/include/moveit_msgs/moveit_msgs/msg/detail/planner_interface_description__type_support.c
[1.940s] -- Up-to-date: /home/habibahassan/project/install/moveit_msgs/include/moveit_msgs/moveit_msgs/msg/detail/move_it_error_codes__functions.c
[1.940s] -- Installing: /home/habibahassan/project/install/moveit_msgs/include/moveit_msgs/moveit_msgs/msg/detail/robot_state__type_support.c
[1.941s] -- Up-to-date: /home/habibahassan/project/install/moveit_msgs/include/moveit_msgs/moveit_msgs/msg/detail/motion_sequence_item__description.c
[1.941s] -- Up-to-date: /home/habibahassan/project/install/moveit_msgs/include/moveit_msgs/moveit_msgs/msg/detail/attached_collision_object__description.c
[1.941s] -- Up-to-date: /home/habibahassan/project/install/moveit_msgs/include/moveit_msgs/moveit_msgs/msg/detail/servo_status__functions.h
[1.941s] -- Up-to-date: /home/habibahassan/project/install/moveit_msgs/include/moveit_msgs/moveit_msgs/msg/detail/position_constraint__functions.h
[1.941s] -- Installing: /home/habibahassan/project/install/moveit_msgs/include/moveit_msgs/moveit_msgs/msg/detail/joint_limits__type_support.c
[1.941s] -- Up-to-date: /home/habibahassan/project/install/moveit_msgs/include/moveit_msgs/moveit_msgs/msg/detail/joint_limits__description.c
[1.941s] -- Up-to-date: /home/habibahassan/project/install/moveit_msgs/include/moveit_msgs/moveit_msgs/msg/detail/motion_sequence_response__description.c
[1.973s] -- Up-to-date: /home/habibahassan/project/install/moveit_msgs/include/moveit_msgs/moveit_msgs/msg/detail/link_scale__functions.h
[1.973s] -- Up-to-date: /home/habibahassan/project/install/moveit_msgs/include/moveit_msgs/moveit_msgs/msg/detail/planner_interface_description__struct.h
[1.973s] -- Up-to-date: /home/habibahassan/project/install/moveit_msgs/include/moveit_msgs/moveit_msgs/msg/detail/motion_sequence_response__struct.h
[1.973s] -- Up-to-date: /home/habibahassan/project/install/moveit_msgs/include/moveit_msgs/moveit_msgs/msg/detail/joint_limits__type_support.h
[1.973s] -- Up-to-date: /home/habibahassan/project/install/moveit_msgs/include/moveit_msgs/moveit_msgs/msg/detail/planning_scene_components__description.c
[1.973s] -- Up-to-date: /home/habibahassan/project/install/moveit_msgs/include/moveit_msgs/moveit_msgs/msg/detail/planning_options__struct.h
[1.974s] -- Installing: /home/habibahassan/project/install/moveit_msgs/include/moveit_msgs/moveit_msgs/msg/detail/robot_trajectory__type_support.c
[1.974s] -- Installing: /home/habibahassan/project/install/moveit_msgs/include/moveit_msgs/moveit_msgs/msg/detail/servo_status__type_support.c
[1.974s] -- Up-to-date: /home/habibahassan/project/install/moveit_msgs/include/moveit_msgs/moveit_msgs/msg/detail/planning_scene_world__type_support.h
[1.974s] -- Up-to-date: /home/habibahassan/project/install/moveit_msgs/include/moveit_msgs/moveit_msgs/msg/detail/display_robot_state__functions.c
[1.974s] -- Up-to-date: /home/habibahassan/project/install/moveit_msgs/include/moveit_msgs/moveit_msgs/msg/detail/cartesian_trajectory__description.c
[1.974s] -- Up-to-date: /home/habibahassan/project/install/moveit_msgs/include/moveit_msgs/moveit_msgs/msg/detail/orientation_constraint__type_support.h
[1.974s] -- Up-to-date: /home/habibahassan/project/install/moveit_msgs/include/moveit_msgs/moveit_msgs/msg/detail/oriented_bounding_box__struct.h
[1.974s] -- Up-to-date: /home/habibahassan/project/install/moveit_msgs/include/moveit_msgs/moveit_msgs/msg/detail/cartesian_point__description.c
[1.975s] -- Installing: /home/habibahassan/project/install/moveit_msgs/include/moveit_msgs/moveit_msgs/msg/detail/cartesian_point__type_support.c
[1.975s] -- Up-to-date: /home/habibahassan/project/install/moveit_msgs/include/moveit_msgs/moveit_msgs/msg/detail/attached_collision_object__struct.h
[1.975s] -- Up-to-date: /home/habibahassan/project/install/moveit_msgs/include/moveit_msgs/moveit_msgs/msg/detail/link_padding__struct.h
[1.975s] -- Up-to-date: /home/habibahassan/project/install/moveit_msgs/include/moveit_msgs/moveit_msgs/msg/detail/trajectory_constraints__functions.c
[1.975s] -- Up-to-date: /home/habibahassan/project/install/moveit_msgs/include/moveit_msgs/moveit_msgs/msg/detail/oriented_bounding_box__type_support.h
[1.975s] -- Up-to-date: /home/habibahassan/project/install/moveit_msgs/include/moveit_msgs/moveit_msgs/msg/detail/robot_state__struct.h
[1.975s] -- Installing: /home/habibahassan/project/install/moveit_msgs/include/moveit_msgs/moveit_msgs/msg/detail/collision_object__type_support.c
[1.975s] -- Up-to-date: /home/habibahassan/project/install/moveit_msgs/include/moveit_msgs/moveit_msgs/msg/detail/link_padding__functions.h
[1.976s] -- Up-to-date: /home/habibahassan/project/install/moveit_msgs/include/moveit_msgs/moveit_msgs/msg/detail/robot_state__type_support.h
[1.976s] -- Installing: /home/habibahassan/project/install/moveit_msgs/include/moveit_msgs/moveit_msgs/msg/detail/grasp__type_support.c
[1.976s] -- Installing: /home/habibahassan/project/install/moveit_msgs/include/moveit_msgs/moveit_msgs/msg/detail/motion_plan_detailed_response__type_support.c
[1.976s] -- Up-to-date: /home/habibahassan/project/install/moveit_msgs/include/moveit_msgs/moveit_msgs/msg/detail/robot_state__description.c
[1.976s] -- Up-to-date: /home/habibahassan/project/install/moveit_msgs/include/moveit_msgs/moveit_msgs/msg/detail/kinematic_solver_info__description.c
[1.976s] -- Up-to-date: /home/habibahassan/project/install/moveit_msgs/include/moveit_msgs/moveit_msgs/msg/detail/collision_object__functions.c
[1.976s] -- Up-to-date: /home/habibahassan/project/install/moveit_msgs/include/moveit_msgs/moveit_msgs/msg/detail/bounding_volume__functions.h
[1.976s] -- Up-to-date: /home/habibahassan/project/install/moveit_msgs/include/moveit_msgs/moveit_msgs/msg/detail/robot_trajectory__type_support.h
[1.977s] -- Up-to-date: /home/habibahassan/project/install/moveit_msgs/include/moveit_msgs/moveit_msgs/msg/detail/kinematic_solver_info__functions.h
[1.977s] -- Up-to-date: /home/habibahassan/project/install/moveit_msgs/include/moveit_msgs/moveit_msgs/msg/detail/move_it_error_codes__struct.h
[1.977s] -- Up-to-date: /home/habibahassan/project/install/moveit_msgs/include/moveit_msgs/moveit_msgs/msg/detail/cost_source__description.c
[1.977s] -- Up-to-date: /home/habibahassan/project/install/moveit_msgs/include/moveit_msgs/moveit_msgs/msg/detail/position_ik_request__functions.h
[1.978s] -- Up-to-date: /home/habibahassan/project/install/moveit_msgs/include/moveit_msgs/moveit_msgs/msg/detail/motion_plan_request__functions.h
[1.978s] -- Up-to-date: /home/habibahassan/project/install/moveit_msgs/include/moveit_msgs/moveit_msgs/msg/detail/planning_scene__functions.h
[1.978s] -- Up-to-date: /home/habibahassan/project/install/moveit_msgs/include/moveit_msgs/moveit_msgs/msg/detail/position_constraint__type_support.h
[1.978s] -- Up-to-date: /home/habibahassan/project/install/moveit_msgs/include/moveit_msgs/moveit_msgs/msg/detail/gripper_translation__functions.c
[1.979s] -- Installing: /home/habibahassan/project/install/moveit_msgs/include/moveit_msgs/moveit_msgs/msg/detail/constraint_eval_result__type_support.c
[1.979s] -- Up-to-date: /home/habibahassan/project/install/moveit_msgs/include/moveit_msgs/moveit_msgs/msg/detail/allowed_collision_matrix__functions.h
[1.980s] -- Up-to-date: /home/habibahassan/project/install/moveit_msgs/include/moveit_msgs/moveit_msgs/msg/detail/oriented_bounding_box__description.c
[1.980s] -- Installing: /home/habibahassan/project/install/moveit_msgs/include/moveit_msgs/moveit_msgs/msg/detail/cartesian_trajectory__type_support.c
[1.980s] -- Up-to-date: /home/habibahassan/project/install/moveit_msgs/include/moveit_msgs/moveit_msgs/msg/detail/constraint_eval_result__description.c
[1.980s] -- Up-to-date: /home/habibahassan/project/install/moveit_msgs/include/moveit_msgs/moveit_msgs/msg/detail/motion_plan_response__description.c
[1.981s] -- Up-to-date: /home/habibahassan/project/install/moveit_msgs/include/moveit_msgs/moveit_msgs/msg/detail/planning_scene_components__struct.h
[1.981s] -- Up-to-date: /home/habibahassan/project/install/moveit_msgs/include/moveit_msgs/moveit_msgs/msg/detail/collision_object__type_support.h
[1.981s] -- Up-to-date: /home/habibahassan/project/install/moveit_msgs/include/moveit_msgs/moveit_msgs/msg/detail/planner_params__struct.h
[1.981s] -- Up-to-date: /home/habibahassan/project/install/moveit_msgs/include/moveit_msgs/moveit_msgs/msg/detail/motion_sequence_item__functions.c
[1.982s] -- Up-to-date: /home/habibahassan/project/install/moveit_msgs/include/moveit_msgs/moveit_msgs/msg/detail/allowed_collision_entry__description.c
[1.982s] -- Installing: /home/habibahassan/project/install/moveit_msgs/include/moveit_msgs/moveit_msgs/msg/detail/position_ik_request__type_support.c
[1.982s] -- Up-to-date: /home/habibahassan/project/install/moveit_msgs/include/moveit_msgs/moveit_msgs/msg/detail/link_scale__struct.h
[1.982s] -- Installing: /home/habibahassan/project/install/moveit_msgs/include/moveit_msgs/moveit_msgs/msg/detail/display_trajectory__type_support.c
[1.982s] -- Up-to-date: /home/habibahassan/project/install/moveit_msgs/include/moveit_msgs/moveit_msgs/msg/detail/attached_collision_object__functions.c
[1.982s] -- Up-to-date: /home/habibahassan/project/install/moveit_msgs/include/moveit_msgs/moveit_msgs/msg/detail/allowed_collision_matrix__struct.h
[1.983s] -- Up-to-date: /home/habibahassan/project/install/moveit_msgs/include/moveit_msgs/moveit_msgs/msg/detail/place_location__description.c
[1.983s] -- Up-to-date: /home/habibahassan/project/install/moveit_msgs/include/moveit_msgs/moveit_msgs/msg/detail/planning_options__functions.c
[1.987s] -- Up-to-date: /home/habibahassan/project/install/moveit_msgs/include/moveit_msgs/moveit_msgs/msg/detail/motion_sequence_item__struct.h
[1.987s] -- Up-to-date: /home/habibahassan/project/install/moveit_msgs/include/moveit_msgs/moveit_msgs/msg/detail/constraint_eval_result__struct.h
[1.987s] -- Installing: /home/habibahassan/project/install/moveit_msgs/include/moveit_msgs/moveit_msgs/msg/detail/position_constraint__type_support.c
[1.988s] -- Up-to-date: /home/habibahassan/project/install/moveit_msgs/include/moveit_msgs/moveit_msgs/msg/detail/allowed_collision_matrix__functions.c
[1.989s] -- Up-to-date: /home/habibahassan/project/install/moveit_msgs/include/moveit_msgs/moveit_msgs/msg/detail/kinematic_solver_info__functions.c
[1.989s] -- Up-to-date: /home/habibahassan/project/install/moveit_msgs/include/moveit_msgs/moveit_msgs/msg/detail/robot_trajectory__functions.c
[1.989s] -- Up-to-date: /home/habibahassan/project/install/moveit_msgs/include/moveit_msgs/moveit_msgs/msg/detail/workspace_parameters__functions.c
[1.990s] -- Up-to-date: /home/habibahassan/project/install/moveit_msgs/include/moveit_msgs/moveit_msgs/msg/detail/planner_params__type_support.h
[1.990s] -- Up-to-date: /home/habibahassan/project/install/moveit_msgs/include/moveit_msgs/moveit_msgs/msg/detail/planning_scene__functions.c
[1.990s] -- Up-to-date: /home/habibahassan/project/install/moveit_msgs/include/moveit_msgs/moveit_msgs/msg/detail/pipeline_state__struct.h
[1.990s] -- Up-to-date: /home/habibahassan/project/install/moveit_msgs/include/moveit_msgs/moveit_msgs/msg/detail/contact_information__functions.c
[1.990s] -- Up-to-date: /home/habibahassan/project/install/moveit_msgs/include/moveit_msgs/moveit_msgs/msg/detail/position_ik_request__type_support.h
[1.991s] -- Up-to-date: /home/habibahassan/project/install/moveit_msgs/include/moveit_msgs/moveit_msgs/msg/detail/cartesian_trajectory_point__struct.h
[1.991s] -- Up-to-date: /home/habibahassan/project/install/moveit_msgs/include/moveit_msgs/moveit_msgs/msg/detail/place_location__functions.h
[1.991s] -- Up-to-date: /home/habibahassan/project/install/moveit_msgs/include/moveit_msgs/moveit_msgs/msg/detail/link_padding__description.c
[1.991s] -- Up-to-date: /home/habibahassan/project/install/moveit_msgs/include/moveit_msgs/moveit_msgs/msg/detail/oriented_bounding_box__functions.c
[1.992s] -- Up-to-date: /home/habibahassan/project/install/moveit_msgs/include/moveit_msgs/moveit_msgs/msg/detail/planning_scene_world__functions.c
[1.992s] -- Installing: /home/habibahassan/project/install/moveit_msgs/include/moveit_msgs/moveit_msgs/msg/detail/motion_plan_request__type_support.c
[1.992s] -- Up-to-date: /home/habibahassan/project/install/moveit_msgs/include/moveit_msgs/moveit_msgs/msg/detail/motion_sequence_response__functions.c
[1.992s] -- Up-to-date: /home/habibahassan/project/install/moveit_msgs/include/moveit_msgs/moveit_msgs/msg/detail/visibility_constraint__struct.h
[1.993s] -- Up-to-date: /home/habibahassan/project/install/moveit_msgs/include/moveit_msgs/moveit_msgs/msg/detail/joint_constraint__description.c
[1.993s] -- Installing: /home/habibahassan/project/install/moveit_msgs/include/moveit_msgs/moveit_msgs/msg/detail/planning_scene_world__type_support.c
[1.994s] -- Up-to-date: /home/habibahassan/project/install/moveit_msgs/include/moveit_msgs/moveit_msgs/msg/detail/robot_trajectory__description.c
[1.995s] -- Up-to-date: /home/habibahassan/project/install/moveit_msgs/include/moveit_msgs/moveit_msgs/msg/detail/servo_status__struct.h
[1.995s] -- Up-to-date: /home/habibahassan/project/install/moveit_msgs/include/moveit_msgs/moveit_msgs/msg/detail/planning_scene_world__functions.h
[1.995s] -- Up-to-date: /home/habibahassan/project/install/moveit_msgs/include/moveit_msgs/moveit_msgs/msg/kinematic_solver_info.h
[1.996s] -- Up-to-date: /home/habibahassan/project/install/moveit_msgs/include/moveit_msgs/moveit_msgs/msg/planning_options.h
[1.996s] -- Up-to-date: /home/habibahassan/project/install/moveit_msgs/include/moveit_msgs/moveit_msgs/msg/rosidl_generator_c__visibility_control.h
[2.012s] -- Up-to-date: /home/habibahassan/project/install/moveit_msgs/include/moveit_msgs/moveit_msgs/msg/collision_object.h
[2.012s] -- Up-to-date: /home/habibahassan/project/install/moveit_msgs/include/moveit_msgs/moveit_msgs/msg/constraint_eval_result.h
[2.012s] -- Up-to-date: /home/habibahassan/project/install/moveit_msgs/include/moveit_msgs/moveit_msgs/msg/motion_sequence_item.h
[2.013s] -- Up-to-date: /home/habibahassan/project/install/moveit_msgs/include/moveit_msgs/moveit_msgs/msg/planning_scene_components.h
[2.014s] -- Up-to-date: /home/habibahassan/project/install/moveit_msgs/include/moveit_msgs/moveit_msgs/msg/place_location.h
[2.014s] -- Up-to-date: /home/habibahassan/project/install/moveit_msgs/include/moveit_msgs/moveit_msgs/msg/position_ik_request.h
[2.014s] -- Up-to-date: /home/habibahassan/project/install/moveit_msgs/include/moveit_msgs/moveit_msgs/msg/move_it_error_codes.h
[2.014s] -- Up-to-date: /home/habibahassan/project/install/moveit_msgs/include/moveit_msgs/moveit_msgs/msg/motion_sequence_request.h
[2.015s] -- Up-to-date: /home/habibahassan/project/install/moveit_msgs/include/moveit_msgs/moveit_msgs/msg/display_trajectory.h
[2.015s] -- Up-to-date: /home/habibahassan/project/install/moveit_msgs/share/moveit_msgs/environment/library_path.sh
[2.015s] -- Up-to-date: /home/habibahassan/project/install/moveit_msgs/share/moveit_msgs/environment/library_path.dsv
[2.015s] -- Up-to-date: /home/habibahassan/project/install/moveit_msgs/lib/libmoveit_msgs__rosidl_generator_c.so
[2.015s] -- Up-to-date: /home/habibahassan/project/install/moveit_msgs/include/moveit_msgs/moveit_msgs
[2.015s] -- Up-to-date: /home/habibahassan/project/install/moveit_msgs/include/moveit_msgs/moveit_msgs/srv
[2.015s] -- Up-to-date: /home/habibahassan/project/install/moveit_msgs/include/moveit_msgs/moveit_msgs/srv/detail
[2.015s] -- Up-to-date: /home/habibahassan/project/install/moveit_msgs/include/moveit_msgs/moveit_msgs/srv/detail/get_planner_params__rosidl_typesupport_fastrtps_c.h
[2.015s] -- Up-to-date: /home/habibahassan/project/install/moveit_msgs/include/moveit_msgs/moveit_msgs/srv/detail/list_robot_states_in_warehouse__rosidl_typesupport_fastrtps_c.h
[2.015s] -- Up-to-date: /home/habibahassan/project/install/moveit_msgs/include/moveit_msgs/moveit_msgs/srv/detail/save_robot_state_to_warehouse__rosidl_typesupport_fastrtps_c.h
[2.015s] -- Up-to-date: /home/habibahassan/project/install/moveit_msgs/include/moveit_msgs/moveit_msgs/srv/detail/delete_robot_state_from_warehouse__rosidl_typesupport_fastrtps_c.h
[2.016s] -- Up-to-date: /home/habibahassan/project/install/moveit_msgs/include/moveit_msgs/moveit_msgs/srv/detail/grasp_planning__rosidl_typesupport_fastrtps_c.h
[2.016s] -- Up-to-date: /home/habibahassan/project/install/moveit_msgs/include/moveit_msgs/moveit_msgs/srv/detail/save_geometry_to_file__rosidl_typesupport_fastrtps_c.h
[2.016s] -- Up-to-date: /home/habibahassan/project/install/moveit_msgs/include/moveit_msgs/moveit_msgs/srv/detail/get_robot_state_from_warehouse__rosidl_typesupport_fastrtps_c.h
[2.016s] -- Up-to-date: /home/habibahassan/project/install/moveit_msgs/include/moveit_msgs/moveit_msgs/srv/detail/check_if_robot_state_exists_in_warehouse__rosidl_typesupport_fastrtps_c.h
[2.016s] -- Up-to-date: /home/habibahassan/project/install/moveit_msgs/include/moveit_msgs/moveit_msgs/srv/detail/get_position_ik__rosidl_typesupport_fastrtps_c.h
[2.016s] -- Up-to-date: /home/habibahassan/project/install/moveit_msgs/include/moveit_msgs/moveit_msgs/srv/detail/get_planning_scene__rosidl_typesupport_fastrtps_c.h
[2.016s] -- Up-to-date: /home/habibahassan/project/install/moveit_msgs/include/moveit_msgs/moveit_msgs/srv/detail/load_map__rosidl_typesupport_fastrtps_c.h
[2.016s] -- Up-to-date: /home/habibahassan/project/install/moveit_msgs/include/moveit_msgs/moveit_msgs/srv/detail/get_state_validity__rosidl_typesupport_fastrtps_c.h
[2.017s] -- Up-to-date: /home/habibahassan/project/install/moveit_msgs/include/moveit_msgs/moveit_msgs/srv/detail/rename_robot_state_in_warehouse__rosidl_typesupport_fastrtps_c.h
[2.017s] -- Up-to-date: /home/habibahassan/project/install/moveit_msgs/include/moveit_msgs/moveit_msgs/srv/detail/apply_planning_scene__rosidl_typesupport_fastrtps_c.h
[2.017s] -- Up-to-date: /home/habibahassan/project/install/moveit_msgs/include/moveit_msgs/moveit_msgs/srv/detail/set_planner_params__rosidl_typesupport_fastrtps_c.h
[2.017s] -- Up-to-date: /home/habibahassan/project/install/moveit_msgs/include/moveit_msgs/moveit_msgs/srv/detail/get_cartesian_path__rosidl_typesupport_fastrtps_c.h
[2.017s] -- Up-to-date: /home/habibahassan/project/install/moveit_msgs/include/moveit_msgs/moveit_msgs/srv/detail/get_motion_sequence__rosidl_typesupport_fastrtps_c.h
[2.017s] -- Up-to-date: /home/habibahassan/project/install/moveit_msgs/include/moveit_msgs/moveit_msgs/srv/detail/save_map__rosidl_typesupport_fastrtps_c.h
[2.017s] -- Up-to-date: /home/habibahassan/project/install/moveit_msgs/include/moveit_msgs/moveit_msgs/srv/detail/get_position_fk__rosidl_typesupport_fastrtps_c.h
[2.017s] -- Up-to-date: /home/habibahassan/project/install/moveit_msgs/include/moveit_msgs/moveit_msgs/srv/detail/query_planner_interfaces__rosidl_typesupport_fastrtps_c.h
[2.018s] -- Up-to-date: /home/habibahassan/project/install/moveit_msgs/include/moveit_msgs/moveit_msgs/srv/detail/get_group_urdf__rosidl_typesupport_fastrtps_c.h
[2.018s] -- Up-to-date: /home/habibahassan/project/install/moveit_msgs/include/moveit_msgs/moveit_msgs/srv/detail/load_geometry_from_file__rosidl_typesupport_fastrtps_c.h
[2.018s] -- Up-to-date: /home/habibahassan/project/install/moveit_msgs/include/moveit_msgs/moveit_msgs/srv/detail/get_motion_plan__rosidl_typesupport_fastrtps_c.h
[2.018s] -- Up-to-date: /home/habibahassan/project/install/moveit_msgs/include/moveit_msgs/moveit_msgs/srv/detail/servo_command_type__rosidl_typesupport_fastrtps_c.h
[2.018s] -- Up-to-date: /home/habibahassan/project/install/moveit_msgs/include/moveit_msgs/moveit_msgs/srv/detail/update_pointcloud_octomap__rosidl_typesupport_fastrtps_c.h
[2.018s] -- Up-to-date: /home/habibahassan/project/install/moveit_msgs/include/moveit_msgs/moveit_msgs/action
[2.018s] -- Up-to-date: /home/habibahassan/project/install/moveit_msgs/include/moveit_msgs/moveit_msgs/action/detail
[2.018s] -- Up-to-date: /home/habibahassan/project/install/moveit_msgs/include/moveit_msgs/moveit_msgs/action/detail/hybrid_planner__rosidl_typesupport_fastrtps_c.h
[2.018s] -- Up-to-date: /home/habibahassan/project/install/moveit_msgs/include/moveit_msgs/moveit_msgs/action/detail/global_planner__rosidl_typesupport_fastrtps_c.h
[2.019s] -- Up-to-date: /home/habibahassan/project/install/moveit_msgs/include/moveit_msgs/moveit_msgs/action/detail/move_group_sequence__rosidl_typesupport_fastrtps_c.h
[2.019s] -- Up-to-date: /home/habibahassan/project/install/moveit_msgs/include/moveit_msgs/moveit_msgs/action/detail/place__rosidl_typesupport_fastrtps_c.h
[2.019s] -- Up-to-date: /home/habibahassan/project/install/moveit_msgs/include/moveit_msgs/moveit_msgs/action/detail/execute_trajectory__rosidl_typesupport_fastrtps_c.h
[2.019s] -- Up-to-date: /home/habibahassan/project/install/moveit_msgs/include/moveit_msgs/moveit_msgs/action/detail/move_group__rosidl_typesupport_fastrtps_c.h
[2.019s] -- Up-to-date: /home/habibahassan/project/install/moveit_msgs/include/moveit_msgs/moveit_msgs/action/detail/local_planner__rosidl_typesupport_fastrtps_c.h
[2.019s] -- Up-to-date: /home/habibahassan/project/install/moveit_msgs/include/moveit_msgs/moveit_msgs/action/detail/pickup__rosidl_typesupport_fastrtps_c.h
[2.019s] -- Up-to-date: /home/habibahassan/project/install/moveit_msgs/include/moveit_msgs/moveit_msgs/msg
[2.019s] -- Up-to-date: /home/habibahassan/project/install/moveit_msgs/include/moveit_msgs/moveit_msgs/msg/detail
[2.020s] -- Up-to-date: /home/habibahassan/project/install/moveit_msgs/include/moveit_msgs/moveit_msgs/msg/detail/joint_limits__rosidl_typesupport_fastrtps_c.h
[2.020s] -- Up-to-date: /home/habibahassan/project/install/moveit_msgs/include/moveit_msgs/moveit_msgs/msg/detail/pipeline_state__rosidl_typesupport_fastrtps_c.h
[2.020s] -- Up-to-date: /home/habibahassan/project/install/moveit_msgs/include/moveit_msgs/moveit_msgs/msg/detail/joint_constraint__rosidl_typesupport_fastrtps_c.h
[2.020s] -- Up-to-date: /home/habibahassan/project/install/moveit_msgs/include/moveit_msgs/moveit_msgs/msg/detail/servo_status__rosidl_typesupport_fastrtps_c.h
[2.020s] -- Up-to-date: /home/habibahassan/project/install/moveit_msgs/include/moveit_msgs/moveit_msgs/msg/detail/planning_options__rosidl_typesupport_fastrtps_c.h
[2.020s] -- Up-to-date: /home/habibahassan/project/install/moveit_msgs/include/moveit_msgs/moveit_msgs/msg/detail/link_padding__rosidl_typesupport_fastrtps_c.h
[2.020s] -- Up-to-date: /home/habibahassan/project/install/moveit_msgs/include/moveit_msgs/moveit_msgs/msg/detail/planning_scene_world__rosidl_typesupport_fastrtps_c.h
[2.020s] -- Up-to-date: /home/habibahassan/project/install/moveit_msgs/include/moveit_msgs/moveit_msgs/msg/detail/contact_information__rosidl_typesupport_fastrtps_c.h
[2.022s] -- Up-to-date: /home/habibahassan/project/install/moveit_msgs/include/moveit_msgs/moveit_msgs/msg/detail/generic_trajectory__rosidl_typesupport_fastrtps_c.h
[2.022s] -- Up-to-date: /home/habibahassan/project/install/moveit_msgs/include/moveit_msgs/moveit_msgs/msg/detail/object_color__rosidl_typesupport_fastrtps_c.h
[2.022s] -- Up-to-date: /home/habibahassan/project/install/moveit_msgs/include/moveit_msgs/moveit_msgs/msg/detail/motion_plan_request__rosidl_typesupport_fastrtps_c.h
[2.022s] -- Up-to-date: /home/habibahassan/project/install/moveit_msgs/include/moveit_msgs/moveit_msgs/msg/detail/kinematic_solver_info__rosidl_typesupport_fastrtps_c.h
[2.022s] -- Up-to-date: /home/habibahassan/project/install/moveit_msgs/include/moveit_msgs/moveit_msgs/msg/detail/motion_plan_response__rosidl_typesupport_fastrtps_c.h
[2.022s] -- Up-to-date: /home/habibahassan/project/install/moveit_msgs/include/moveit_msgs/moveit_msgs/msg/detail/gripper_translation__rosidl_typesupport_fastrtps_c.h
[2.023s] -- Up-to-date: /home/habibahassan/project/install/moveit_msgs/include/moveit_msgs/moveit_msgs/msg/detail/constraint_eval_result__rosidl_typesupport_fastrtps_c.h
[2.023s] -- Up-to-date: /home/habibahassan/project/install/moveit_msgs/include/moveit_msgs/moveit_msgs/msg/detail/robot_trajectory__rosidl_typesupport_fastrtps_c.h
[2.023s] -- Up-to-date: /home/habibahassan/project/install/moveit_msgs/include/moveit_msgs/moveit_msgs/msg/detail/display_robot_state__rosidl_typesupport_fastrtps_c.h
[2.023s] -- Up-to-date: /home/habibahassan/project/install/moveit_msgs/include/moveit_msgs/moveit_msgs/msg/detail/bounding_volume__rosidl_typesupport_fastrtps_c.h
[2.023s] -- Up-to-date: /home/habibahassan/project/install/moveit_msgs/include/moveit_msgs/moveit_msgs/msg/detail/workspace_parameters__rosidl_typesupport_fastrtps_c.h
[2.023s] -- Up-to-date: /home/habibahassan/project/install/moveit_msgs/include/moveit_msgs/moveit_msgs/msg/detail/visibility_constraint__rosidl_typesupport_fastrtps_c.h
[2.023s] -- Up-to-date: /home/habibahassan/project/install/moveit_msgs/include/moveit_msgs/moveit_msgs/msg/detail/place_location__rosidl_typesupport_fastrtps_c.h
[2.023s] -- Up-to-date: /home/habibahassan/project/install/moveit_msgs/include/moveit_msgs/moveit_msgs/msg/detail/move_it_error_codes__rosidl_typesupport_fastrtps_c.h
[2.023s] -- Up-to-date: /home/habibahassan/project/install/moveit_msgs/include/moveit_msgs/moveit_msgs/msg/detail/motion_sequence_request__rosidl_typesupport_fastrtps_c.h
[2.024s] -- Up-to-date: /home/habibahassan/project/install/moveit_msgs/include/moveit_msgs/moveit_msgs/msg/detail/planning_scene_components__rosidl_typesupport_fastrtps_c.h
[2.024s] -- Up-to-date: /home/habibahassan/project/install/moveit_msgs/include/moveit_msgs/moveit_msgs/msg/detail/collision_object__rosidl_typesupport_fastrtps_c.h
[2.024s] -- Up-to-date: /home/habibahassan/project/install/moveit_msgs/include/moveit_msgs/moveit_msgs/msg/detail/link_scale__rosidl_typesupport_fastrtps_c.h
[2.024s] -- Up-to-date: /home/habibahassan/project/install/moveit_msgs/include/moveit_msgs/moveit_msgs/msg/detail/planner_interface_description__rosidl_typesupport_fastrtps_c.h
[2.024s] -- Up-to-date: /home/habibahassan/project/install/moveit_msgs/include/moveit_msgs/moveit_msgs/msg/detail/cartesian_point__rosidl_typesupport_fastrtps_c.h
[2.024s] -- Up-to-date: /home/habibahassan/project/install/moveit_msgs/include/moveit_msgs/moveit_msgs/msg/detail/constraints__rosidl_typesupport_fastrtps_c.h
[2.024s] -- Up-to-date: /home/habibahassan/project/install/moveit_msgs/include/moveit_msgs/moveit_msgs/msg/detail/grasp__rosidl_typesupport_fastrtps_c.h
[2.024s] -- Up-to-date: /home/habibahassan/project/install/moveit_msgs/include/moveit_msgs/moveit_msgs/msg/detail/cartesian_trajectory__rosidl_typesupport_fastrtps_c.h
[2.025s] -- Up-to-date: /home/habibahassan/project/install/moveit_msgs/include/moveit_msgs/moveit_msgs/msg/detail/robot_state__rosidl_typesupport_fastrtps_c.h
[2.025s] -- Up-to-date: /home/habibahassan/project/install/moveit_msgs/include/moveit_msgs/moveit_msgs/msg/detail/position_constraint__rosidl_typesupport_fastrtps_c.h
[2.025s] -- Up-to-date: /home/habibahassan/project/install/moveit_msgs/include/moveit_msgs/moveit_msgs/msg/detail/orientation_constraint__rosidl_typesupport_fastrtps_c.h
[2.025s] -- Up-to-date: /home/habibahassan/project/install/moveit_msgs/include/moveit_msgs/moveit_msgs/msg/detail/attached_collision_object__rosidl_typesupport_fastrtps_c.h
[2.025s] -- Up-to-date: /home/habibahassan/project/install/moveit_msgs/include/moveit_msgs/moveit_msgs/msg/detail/cost_source__rosidl_typesupport_fastrtps_c.h
[2.025s] -- Up-to-date: /home/habibahassan/project/install/moveit_msgs/include/moveit_msgs/moveit_msgs/msg/detail/allowed_collision_matrix__rosidl_typesupport_fastrtps_c.h
[2.025s] -- Up-to-date: /home/habibahassan/project/install/moveit_msgs/include/moveit_msgs/moveit_msgs/msg/detail/oriented_bounding_box__rosidl_typesupport_fastrtps_c.h
[2.025s] -- Up-to-date: /home/habibahassan/project/install/moveit_msgs/include/moveit_msgs/moveit_msgs/msg/detail/trajectory_constraints__rosidl_typesupport_fastrtps_c.h
[2.025s] -- Up-to-date: /home/habibahassan/project/install/moveit_msgs/include/moveit_msgs/moveit_msgs/msg/detail/position_ik_request__rosidl_typesupport_fastrtps_c.h
[2.026s] -- Up-to-date: /home/habibahassan/project/install/moveit_msgs/include/moveit_msgs/moveit_msgs/msg/detail/motion_sequence_item__rosidl_typesupport_fastrtps_c.h
[2.026s] -- Up-to-date: /home/habibahassan/project/install/moveit_msgs/include/moveit_msgs/moveit_msgs/msg/detail/planner_params__rosidl_typesupport_fastrtps_c.h
[2.026s] -- Up-to-date: /home/habibahassan/project/install/moveit_msgs/include/moveit_msgs/moveit_msgs/msg/detail/motion_plan_detailed_response__rosidl_typesupport_fastrtps_c.h
[2.026s] -- Up-to-date: /home/habibahassan/project/install/moveit_msgs/include/moveit_msgs/moveit_msgs/msg/detail/planning_scene__rosidl_typesupport_fastrtps_c.h
[2.026s] -- Up-to-date: /home/habibahassan/project/install/moveit_msgs/include/moveit_msgs/moveit_msgs/msg/detail/display_trajectory__rosidl_typesupport_fastrtps_c.h
[2.026s] -- Up-to-date: /home/habibahassan/project/install/moveit_msgs/include/moveit_msgs/moveit_msgs/msg/detail/cartesian_trajectory_point__rosidl_typesupport_fastrtps_c.h
[2.029s] -- Up-to-date: /home/habibahassan/project/install/moveit_msgs/include/moveit_msgs/moveit_msgs/msg/detail/allowed_collision_entry__rosidl_typesupport_fastrtps_c.h
[2.030s] -- Up-to-date: /home/habibahassan/project/install/moveit_msgs/include/moveit_msgs/moveit_msgs/msg/detail/motion_sequence_response__rosidl_typesupport_fastrtps_c.h
[2.030s] -- Up-to-date: /home/habibahassan/project/install/moveit_msgs/include/moveit_msgs/moveit_msgs/msg/rosidl_typesupport_fastrtps_c__visibility_control.h
[2.033s] -- Up-to-date: /home/habibahassan/project/install/moveit_msgs/lib/libmoveit_msgs__rosidl_typesupport_fastrtps_c.so
[2.033s] -- Up-to-date: /home/habibahassan/project/install/moveit_msgs/include/moveit_msgs/moveit_msgs
[2.034s] -- Up-to-date: /home/habibahassan/project/install/moveit_msgs/include/moveit_msgs/moveit_msgs/srv
[2.035s] -- Up-to-date: /home/habibahassan/project/install/moveit_msgs/include/moveit_msgs/moveit_msgs/srv/detail
[2.035s] -- Installing: /home/habibahassan/project/install/moveit_msgs/include/moveit_msgs/moveit_msgs/srv/detail/get_cartesian_path__type_support.c
[2.035s] -- Up-to-date: /home/habibahassan/project/install/moveit_msgs/include/moveit_msgs/moveit_msgs/srv/detail/get_cartesian_path__rosidl_typesupport_introspection_c.h
[2.036s] -- Installing: /home/habibahassan/project/install/moveit_msgs/include/moveit_msgs/moveit_msgs/srv/detail/save_geometry_to_file__type_support.c
[2.036s] -- Installing: /home/habibahassan/project/install/moveit_msgs/include/moveit_msgs/moveit_msgs/srv/detail/load_geometry_from_file__type_support.c
[2.037s] -- Installing: /home/habibahassan/project/install/moveit_msgs/include/moveit_msgs/moveit_msgs/srv/detail/get_motion_plan__type_support.c
[2.038s] -- Up-to-date: /home/habibahassan/project/install/moveit_msgs/include/moveit_msgs/moveit_msgs/srv/detail/query_planner_interfaces__rosidl_typesupport_introspection_c.h
[2.039s] -- Installing: /home/habibahassan/project/install/moveit_msgs/include/moveit_msgs/moveit_msgs/srv/detail/get_position_fk__type_support.c
[2.040s] -- Installing: /home/habibahassan/project/install/moveit_msgs/include/moveit_msgs/moveit_msgs/srv/detail/servo_command_type__type_support.c
[2.041s] -- Installing: /home/habibahassan/project/install/moveit_msgs/include/moveit_msgs/moveit_msgs/srv/detail/grasp_planning__type_support.c
[2.041s] -- Installing: /home/habibahassan/project/install/moveit_msgs/include/moveit_msgs/moveit_msgs/srv/detail/get_planner_params__type_support.c
[2.042s] -- Installing: /home/habibahassan/project/install/moveit_msgs/include/moveit_msgs/moveit_msgs/srv/detail/set_planner_params__type_support.c
[2.042s] -- Installing: /home/habibahassan/project/install/moveit_msgs/include/moveit_msgs/moveit_msgs/srv/detail/query_planner_interfaces__type_support.c
[2.042s] -- Installing: /home/habibahassan/project/install/moveit_msgs/include/moveit_msgs/moveit_msgs/srv/detail/rename_robot_state_in_warehouse__type_support.c
[2.042s] -- Up-to-date: /home/habibahassan/project/install/moveit_msgs/include/moveit_msgs/moveit_msgs/srv/detail/get_motion_sequence__rosidl_typesupport_introspection_c.h
[2.043s] -- Up-to-date: /home/habibahassan/project/install/moveit_msgs/include/moveit_msgs/moveit_msgs/srv/detail/get_position_ik__rosidl_typesupport_introspection_c.h
[2.043s] -- Installing: /home/habibahassan/project/install/moveit_msgs/include/moveit_msgs/moveit_msgs/srv/detail/save_robot_state_to_warehouse__type_support.c
[2.048s] -- Up-to-date: /home/habibahassan/project/install/moveit_msgs/include/moveit_msgs/moveit_msgs/srv/detail/get_group_urdf__rosidl_typesupport_introspection_c.h
[2.049s] -- Up-to-date: /home/habibahassan/project/install/moveit_msgs/include/moveit_msgs/moveit_msgs/srv/detail/get_state_validity__rosidl_typesupport_introspection_c.h
[2.049s] -- Up-to-date: /home/habibahassan/project/install/moveit_msgs/include/moveit_msgs/moveit_msgs/srv/detail/check_if_robot_state_exists_in_warehouse__rosidl_typesupport_introspection_c.h
[2.049s] -- Installing: /home/habibahassan/project/install/moveit_msgs/include/moveit_msgs/moveit_msgs/srv/detail/get_state_validity__type_support.c
[2.049s] -- Installing: /home/habibahassan/project/install/moveit_msgs/include/moveit_msgs/moveit_msgs/srv/detail/get_motion_sequence__type_support.c
[2.049s] -- Installing: /home/habibahassan/project/install/moveit_msgs/include/moveit_msgs/moveit_msgs/srv/detail/check_if_robot_state_exists_in_warehouse__type_support.c
[2.049s] -- Installing: /home/habibahassan/project/install/moveit_msgs/include/moveit_msgs/moveit_msgs/srv/detail/list_robot_states_in_warehouse__type_support.c
[2.050s] -- Installing: /home/habibahassan/project/install/moveit_msgs/include/moveit_msgs/moveit_msgs/srv/detail/save_map__type_support.c
[2.050s] -- Up-to-date: /home/habibahassan/project/install/moveit_msgs/include/moveit_msgs/moveit_msgs/srv/detail/load_map__rosidl_typesupport_introspection_c.h
[2.050s] -- Up-to-date: /home/habibahassan/project/install/moveit_msgs/include/moveit_msgs/moveit_msgs/srv/detail/delete_robot_state_from_warehouse__rosidl_typesupport_introspection_c.h
[2.050s] -- Installing: /home/habibahassan/project/install/moveit_msgs/include/moveit_msgs/moveit_msgs/srv/detail/update_pointcloud_octomap__type_support.c
[2.050s] -- Installing: /home/habibahassan/project/install/moveit_msgs/include/moveit_msgs/moveit_msgs/srv/detail/get_planning_scene__type_support.c
[2.050s] -- Up-to-date: /home/habibahassan/project/install/moveit_msgs/include/moveit_msgs/moveit_msgs/srv/detail/list_robot_states_in_warehouse__rosidl_typesupport_introspection_c.h
[2.050s] -- Up-to-date: /home/habibahassan/project/install/moveit_msgs/include/moveit_msgs/moveit_msgs/srv/detail/load_geometry_from_file__rosidl_typesupport_introspection_c.h
[2.050s] -- Up-to-date: /home/habibahassan/project/install/moveit_msgs/include/moveit_msgs/moveit_msgs/srv/detail/apply_planning_scene__rosidl_typesupport_introspection_c.h
[2.051s] -- Installing: /home/habibahassan/project/install/moveit_msgs/include/moveit_msgs/moveit_msgs/srv/detail/delete_robot_state_from_warehouse__type_support.c
[2.051s] -- Up-to-date: /home/habibahassan/project/install/moveit_msgs/include/moveit_msgs/moveit_msgs/srv/detail/get_position_fk__rosidl_typesupport_introspection_c.h
[2.051s] -- Installing: /home/habibahassan/project/install/moveit_msgs/include/moveit_msgs/moveit_msgs/srv/detail/get_group_urdf__type_support.c
[2.051s] -- Installing: /home/habibahassan/project/install/moveit_msgs/include/moveit_msgs/moveit_msgs/srv/detail/load_map__type_support.c
[2.051s] -- Up-to-date: /home/habibahassan/project/install/moveit_msgs/include/moveit_msgs/moveit_msgs/srv/detail/get_planner_params__rosidl_typesupport_introspection_c.h
[2.051s] -- Up-to-date: /home/habibahassan/project/install/moveit_msgs/include/moveit_msgs/moveit_msgs/srv/detail/rename_robot_state_in_warehouse__rosidl_typesupport_introspection_c.h
[2.051s] -- Up-to-date: /home/habibahassan/project/install/moveit_msgs/include/moveit_msgs/moveit_msgs/srv/detail/update_pointcloud_octomap__rosidl_typesupport_introspection_c.h
[2.051s] -- Installing: /home/habibahassan/project/install/moveit_msgs/include/moveit_msgs/moveit_msgs/srv/detail/get_robot_state_from_warehouse__type_support.c
[2.051s] -- Up-to-date: /home/habibahassan/project/install/moveit_msgs/include/moveit_msgs/moveit_msgs/srv/detail/save_map__rosidl_typesupport_introspection_c.h
[2.052s] -- Up-to-date: /home/habibahassan/project/install/moveit_msgs/include/moveit_msgs/moveit_msgs/srv/detail/get_motion_plan__rosidl_typesupport_introspection_c.h
[2.052s] -- Up-to-date: /home/habibahassan/project/install/moveit_msgs/include/moveit_msgs/moveit_msgs/srv/detail/save_geometry_to_file__rosidl_typesupport_introspection_c.h
[2.052s] -- Up-to-date: /home/habibahassan/project/install/moveit_msgs/include/moveit_msgs/moveit_msgs/srv/detail/get_robot_state_from_warehouse__rosidl_typesupport_introspection_c.h
[2.052s] -- Up-to-date: /home/habibahassan/project/install/moveit_msgs/include/moveit_msgs/moveit_msgs/srv/detail/save_robot_state_to_warehouse__rosidl_typesupport_introspection_c.h
[2.052s] -- Installing: /home/habibahassan/project/install/moveit_msgs/include/moveit_msgs/moveit_msgs/srv/detail/get_position_ik__type_support.c
[2.052s] -- Up-to-date: /home/habibahassan/project/install/moveit_msgs/include/moveit_msgs/moveit_msgs/srv/detail/grasp_planning__rosidl_typesupport_introspection_c.h
[2.052s] -- Up-to-date: /home/habibahassan/project/install/moveit_msgs/include/moveit_msgs/moveit_msgs/srv/detail/servo_command_type__rosidl_typesupport_introspection_c.h
[2.053s] -- Up-to-date: /home/habibahassan/project/install/moveit_msgs/include/moveit_msgs/moveit_msgs/srv/detail/set_planner_params__rosidl_typesupport_introspection_c.h
[2.053s] -- Up-to-date: /home/habibahassan/project/install/moveit_msgs/include/moveit_msgs/moveit_msgs/srv/detail/get_planning_scene__rosidl_typesupport_introspection_c.h
[2.053s] -- Installing: /home/habibahassan/project/install/moveit_msgs/include/moveit_msgs/moveit_msgs/srv/detail/apply_planning_scene__type_support.c
[2.053s] -- Up-to-date: /home/habibahassan/project/install/moveit_msgs/include/moveit_msgs/moveit_msgs/action
[2.053s] -- Up-to-date: /home/habibahassan/project/install/moveit_msgs/include/moveit_msgs/moveit_msgs/action/detail
[2.053s] -- Installing: /home/habibahassan/project/install/moveit_msgs/include/moveit_msgs/moveit_msgs/action/detail/place__type_support.c
[2.053s] -- Up-to-date: /home/habibahassan/project/install/moveit_msgs/include/moveit_msgs/moveit_msgs/action/detail/pickup__rosidl_typesupport_introspection_c.h
[2.054s] -- Up-to-date: /home/habibahassan/project/install/moveit_msgs/include/moveit_msgs/moveit_msgs/action/detail/local_planner__rosidl_typesupport_introspection_c.h
[2.054s] -- Installing: /home/habibahassan/project/install/moveit_msgs/include/moveit_msgs/moveit_msgs/action/detail/hybrid_planner__type_support.c
[2.054s] -- Up-to-date: /home/habibahassan/project/install/moveit_msgs/include/moveit_msgs/moveit_msgs/action/detail/global_planner__rosidl_typesupport_introspection_c.h
[2.054s] -- Installing: /home/habibahassan/project/install/moveit_msgs/include/moveit_msgs/moveit_msgs/action/detail/execute_trajectory__type_support.c
[2.054s] -- Installing: /home/habibahassan/project/install/moveit_msgs/include/moveit_msgs/moveit_msgs/action/detail/local_planner__type_support.c
[2.054s] -- Up-to-date: /home/habibahassan/project/install/moveit_msgs/include/moveit_msgs/moveit_msgs/action/detail/move_group__rosidl_typesupport_introspection_c.h
[2.054s] -- Installing: /home/habibahassan/project/install/moveit_msgs/include/moveit_msgs/moveit_msgs/action/detail/pickup__type_support.c
[2.054s] -- Up-to-date: /home/habibahassan/project/install/moveit_msgs/include/moveit_msgs/moveit_msgs/action/detail/execute_trajectory__rosidl_typesupport_introspection_c.h
[2.055s] -- Up-to-date: /home/habibahassan/project/install/moveit_msgs/include/moveit_msgs/moveit_msgs/action/detail/place__rosidl_typesupport_introspection_c.h
[2.055s] -- Installing: /home/habibahassan/project/install/moveit_msgs/include/moveit_msgs/moveit_msgs/action/detail/move_group__type_support.c
[2.055s] -- Installing: /home/habibahassan/project/install/moveit_msgs/include/moveit_msgs/moveit_msgs/action/detail/global_planner__type_support.c
[2.055s] -- Up-to-date: /home/habibahassan/project/install/moveit_msgs/include/moveit_msgs/moveit_msgs/action/detail/hybrid_planner__rosidl_typesupport_introspection_c.h
[2.055s] -- Installing: /home/habibahassan/project/install/moveit_msgs/include/moveit_msgs/moveit_msgs/action/detail/move_group_sequence__type_support.c
[2.055s] -- Up-to-date: /home/habibahassan/project/install/moveit_msgs/include/moveit_msgs/moveit_msgs/action/detail/move_group_sequence__rosidl_typesupport_introspection_c.h
[2.055s] -- Up-to-date: /home/habibahassan/project/install/moveit_msgs/include/moveit_msgs/moveit_msgs/msg
[2.055s] -- Up-to-date: /home/habibahassan/project/install/moveit_msgs/include/moveit_msgs/moveit_msgs/msg/detail
[2.056s] -- Installing: /home/habibahassan/project/install/moveit_msgs/include/moveit_msgs/moveit_msgs/msg/detail/link_scale__type_support.c
[2.056s] -- Installing: /home/habibahassan/project/install/moveit_msgs/include/moveit_msgs/moveit_msgs/msg/detail/link_padding__type_support.c
[2.056s] -- Up-to-date: /home/habibahassan/project/install/moveit_msgs/include/moveit_msgs/moveit_msgs/msg/detail/constraints__rosidl_typesupport_introspection_c.h
[2.056s] -- Installing: /home/habibahassan/project/install/moveit_msgs/include/moveit_msgs/moveit_msgs/msg/detail/workspace_parameters__type_support.c
[2.056s] -- Installing: /home/habibahassan/project/install/moveit_msgs/include/moveit_msgs/moveit_msgs/msg/detail/attached_collision_object__type_support.c
[2.056s] -- Installing: /home/habibahassan/project/install/moveit_msgs/include/moveit_msgs/moveit_msgs/msg/detail/cost_source__type_support.c
[2.056s] -- Up-to-date: /home/habibahassan/project/install/moveit_msgs/include/moveit_msgs/moveit_msgs/msg/detail/pipeline_state__rosidl_typesupport_introspection_c.h
[2.076s] -- Installing: /home/habibahassan/project/install/moveit_msgs/include/moveit_msgs/moveit_msgs/msg/detail/planning_scene__type_support.c
[2.077s] -- Installing: /home/habibahassan/project/install/moveit_msgs/include/moveit_msgs/moveit_msgs/msg/detail/cartesian_trajectory_point__type_support.c
[2.077s] -- Up-to-date: /home/habibahassan/project/install/moveit_msgs/include/moveit_msgs/moveit_msgs/msg/detail/attached_collision_object__rosidl_typesupport_introspection_c.h
[2.077s] -- Up-to-date: /home/habibahassan/project/install/moveit_msgs/include/moveit_msgs/moveit_msgs/msg/detail/planning_scene__rosidl_typesupport_introspection_c.h
[2.077s] -- Up-to-date: /home/habibahassan/project/install/moveit_msgs/include/moveit_msgs/moveit_msgs/msg/detail/cartesian_trajectory_point__rosidl_typesupport_introspection_c.h
[2.077s] -- Up-to-date: /home/habibahassan/project/install/moveit_msgs/include/moveit_msgs/moveit_msgs/msg/detail/motion_sequence_request__rosidl_typesupport_introspection_c.h
[2.077s] -- Installing: /home/habibahassan/project/install/moveit_msgs/include/moveit_msgs/moveit_msgs/msg/detail/generic_trajectory__type_support.c
[2.077s] -- Installing: /home/habibahassan/project/install/moveit_msgs/include/moveit_msgs/moveit_msgs/msg/detail/gripper_translation__type_support.c
[2.077s] -- Installing: /home/habibahassan/project/install/moveit_msgs/include/moveit_msgs/moveit_msgs/msg/detail/visibility_constraint__type_support.c
[2.077s] -- Up-to-date: /home/habibahassan/project/install/moveit_msgs/include/moveit_msgs/moveit_msgs/msg/detail/cost_source__rosidl_typesupport_introspection_c.h
[2.078s] -- Installing: /home/habibahassan/project/install/moveit_msgs/include/moveit_msgs/moveit_msgs/msg/detail/pipeline_state__type_support.c
[2.078s] -- Installing: /home/habibahassan/project/install/moveit_msgs/include/moveit_msgs/moveit_msgs/msg/detail/display_robot_state__type_support.c
[2.078s] -- Installing: /home/habibahassan/project/install/moveit_msgs/include/moveit_msgs/moveit_msgs/msg/detail/motion_plan_response__type_support.c
[2.078s] -- Installing: /home/habibahassan/project/install/moveit_msgs/include/moveit_msgs/moveit_msgs/msg/detail/allowed_collision_matrix__type_support.c
[2.080s] -- Up-to-date: /home/habibahassan/project/install/moveit_msgs/include/moveit_msgs/moveit_msgs/msg/detail/planning_options__rosidl_typesupport_introspection_c.h
[2.083s] -- Up-to-date: /home/habibahassan/project/install/moveit_msgs/include/moveit_msgs/moveit_msgs/msg/detail/allowed_collision_matrix__rosidl_typesupport_introspection_c.h
[2.083s] -- Up-to-date: /home/habibahassan/project/install/moveit_msgs/include/moveit_msgs/moveit_msgs/msg/detail/link_padding__rosidl_typesupport_introspection_c.h
[2.083s] -- Up-to-date: /home/habibahassan/project/install/moveit_msgs/include/moveit_msgs/moveit_msgs/msg/detail/motion_sequence_item__rosidl_typesupport_introspection_c.h
[2.084s] -- Installing: /home/habibahassan/project/install/moveit_msgs/include/moveit_msgs/moveit_msgs/msg/detail/place_location__type_support.c
[2.084s] -- Installing: /home/habibahassan/project/install/moveit_msgs/include/moveit_msgs/moveit_msgs/msg/detail/motion_sequence_request__type_support.c
[2.084s] -- Up-to-date: /home/habibahassan/project/install/moveit_msgs/include/moveit_msgs/moveit_msgs/msg/detail/robot_state__rosidl_typesupport_introspection_c.h
[2.084s] -- Installing: /home/habibahassan/project/install/moveit_msgs/include/moveit_msgs/moveit_msgs/msg/detail/object_color__type_support.c
[2.084s] -- Up-to-date: /home/habibahassan/project/install/moveit_msgs/include/moveit_msgs/moveit_msgs/msg/detail/contact_information__rosidl_typesupport_introspection_c.h
[2.084s] -- Up-to-date: /home/habibahassan/project/install/moveit_msgs/include/moveit_msgs/moveit_msgs/msg/detail/constraint_eval_result__rosidl_typesupport_introspection_c.h
[2.084s] -- Up-to-date: /home/habibahassan/project/install/moveit_msgs/include/moveit_msgs/moveit_msgs/msg/detail/motion_plan_detailed_response__rosidl_typesupport_introspection_c.h
[2.084s] -- Up-to-date: /home/habibahassan/project/install/moveit_msgs/include/moveit_msgs/moveit_msgs/msg/detail/planner_params__rosidl_typesupport_introspection_c.h
[2.084s] -- Up-to-date: /home/habibahassan/project/install/moveit_msgs/include/moveit_msgs/moveit_msgs/msg/detail/planner_interface_description__rosidl_typesupport_introspection_c.h
[2.085s] -- Installing: /home/habibahassan/project/install/moveit_msgs/include/moveit_msgs/moveit_msgs/msg/detail/constraints__type_support.c
[2.085s] -- Installing: /home/habibahassan/project/install/moveit_msgs/include/moveit_msgs/moveit_msgs/msg/detail/planner_params__type_support.c
[2.085s] -- Up-to-date: /home/habibahassan/project/install/moveit_msgs/include/moveit_msgs/moveit_msgs/msg/detail/motion_plan_response__rosidl_typesupport_introspection_c.h
[2.085s] -- Installing: /home/habibahassan/project/install/moveit_msgs/include/moveit_msgs/moveit_msgs/msg/detail/bounding_volume__type_support.c
[2.085s] -- Up-to-date: /home/habibahassan/project/install/moveit_msgs/include/moveit_msgs/moveit_msgs/msg/detail/generic_trajectory__rosidl_typesupport_introspection_c.h
[2.085s] -- Up-to-date: /home/habibahassan/project/install/moveit_msgs/include/moveit_msgs/moveit_msgs/msg/detail/place_location__rosidl_typesupport_introspection_c.h
[2.085s] -- Installing: /home/habibahassan/project/install/moveit_msgs/include/moveit_msgs/moveit_msgs/msg/detail/planning_options__type_support.c
[2.085s] -- Up-to-date: /home/habibahassan/project/install/moveit_msgs/include/moveit_msgs/moveit_msgs/msg/detail/gripper_translation__rosidl_typesupport_introspection_c.h
[2.085s] -- Installing: /home/habibahassan/project/install/moveit_msgs/include/moveit_msgs/moveit_msgs/msg/detail/contact_information__type_support.c
[2.085s] -- Installing: /home/habibahassan/project/install/moveit_msgs/include/moveit_msgs/moveit_msgs/msg/detail/planning_scene_components__type_support.c
[2.086s] -- Up-to-date: /home/habibahassan/project/install/moveit_msgs/include/moveit_msgs/moveit_msgs/msg/detail/servo_status__rosidl_typesupport_introspection_c.h
[2.086s] -- Up-to-date: /home/habibahassan/project/install/moveit_msgs/include/moveit_msgs/moveit_msgs/msg/detail/robot_trajectory__rosidl_typesupport_introspection_c.h
[2.086s] -- Installing: /home/habibahassan/project/install/moveit_msgs/include/moveit_msgs/moveit_msgs/msg/detail/trajectory_constraints__type_support.c
[2.086s] -- Up-to-date: /home/habibahassan/project/install/moveit_msgs/include/moveit_msgs/moveit_msgs/msg/detail/motion_sequence_response__rosidl_typesupport_introspection_c.h
[2.086s] -- Up-to-date: /home/habibahassan/project/install/moveit_msgs/include/moveit_msgs/moveit_msgs/msg/detail/motion_plan_request__rosidl_typesupport_introspection_c.h
[2.086s] -- Installing: /home/habibahassan/project/install/moveit_msgs/include/moveit_msgs/moveit_msgs/msg/detail/motion_sequence_response__type_support.c
[2.086s] -- Installing: /home/habibahassan/project/install/moveit_msgs/include/moveit_msgs/moveit_msgs/msg/detail/motion_sequence_item__type_support.c
[2.087s] -- Installing: /home/habibahassan/project/install/moveit_msgs/include/moveit_msgs/moveit_msgs/msg/detail/oriented_bounding_box__type_support.c
[2.087s] -- Installing: /home/habibahassan/project/install/moveit_msgs/include/moveit_msgs/moveit_msgs/msg/detail/allowed_collision_entry__type_support.c
[2.087s] -- Up-to-date: /home/habibahassan/project/install/moveit_msgs/include/moveit_msgs/moveit_msgs/msg/detail/allowed_collision_entry__rosidl_typesupport_introspection_c.h
[2.088s] -- Up-to-date: /home/habibahassan/project/install/moveit_msgs/include/moveit_msgs/moveit_msgs/msg/detail/workspace_parameters__rosidl_typesupport_introspection_c.h
[2.088s] -- Installing: /home/habibahassan/project/install/moveit_msgs/include/moveit_msgs/moveit_msgs/msg/detail/orientation_constraint__type_support.c
[2.088s] -- Installing: /home/habibahassan/project/install/moveit_msgs/include/moveit_msgs/moveit_msgs/msg/detail/move_it_error_codes__type_support.c
[2.088s] -- Up-to-date: /home/habibahassan/project/install/moveit_msgs/include/moveit_msgs/moveit_msgs/msg/detail/cartesian_point__rosidl_typesupport_introspection_c.h
[2.088s] -- Installing: /home/habibahassan/project/install/moveit_msgs/include/moveit_msgs/moveit_msgs/msg/detail/joint_constraint__type_support.c
[2.088s] -- Up-to-date: /home/habibahassan/project/install/moveit_msgs/include/moveit_msgs/moveit_msgs/msg/detail/collision_object__rosidl_typesupport_introspection_c.h
[2.089s] -- Up-to-date: /home/habibahassan/project/install/moveit_msgs/include/moveit_msgs/moveit_msgs/msg/detail/bounding_volume__rosidl_typesupport_introspection_c.h
[2.089s] -- Up-to-date: /home/habibahassan/project/install/moveit_msgs/include/moveit_msgs/moveit_msgs/msg/detail/object_color__rosidl_typesupport_introspection_c.h
[2.090s] -- Up-to-date: /home/habibahassan/project/install/moveit_msgs/include/moveit_msgs/moveit_msgs/msg/detail/planning_scene_world__rosidl_typesupport_introspection_c.h
[2.090s] -- Installing: /home/habibahassan/project/install/moveit_msgs/include/moveit_msgs/moveit_msgs/msg/detail/kinematic_solver_info__type_support.c
[2.090s] -- Installing: /home/habibahassan/project/install/moveit_msgs/include/moveit_msgs/moveit_msgs/msg/detail/planner_interface_description__type_support.c
[2.090s] -- Installing: /home/habibahassan/project/install/moveit_msgs/include/moveit_msgs/moveit_msgs/msg/detail/robot_state__type_support.c
[2.090s] -- Up-to-date: /home/habibahassan/project/install/moveit_msgs/include/moveit_msgs/moveit_msgs/msg/detail/planning_scene_components__rosidl_typesupport_introspection_c.h
[2.090s] -- Installing: /home/habibahassan/project/install/moveit_msgs/include/moveit_msgs/moveit_msgs/msg/detail/joint_limits__type_support.c
[2.090s] -- Up-to-date: /home/habibahassan/project/install/moveit_msgs/include/moveit_msgs/moveit_msgs/msg/detail/orientation_constraint__rosidl_typesupport_introspection_c.h
[2.091s] -- Up-to-date: /home/habibahassan/project/install/moveit_msgs/include/moveit_msgs/moveit_msgs/msg/detail/position_ik_request__rosidl_typesupport_introspection_c.h
[2.091s] -- Up-to-date: /home/habibahassan/project/install/moveit_msgs/include/moveit_msgs/moveit_msgs/msg/detail/visibility_constraint__rosidl_typesupport_introspection_c.h
[2.091s] -- Installing: /home/habibahassan/project/install/moveit_msgs/include/moveit_msgs/moveit_msgs/msg/detail/robot_trajectory__type_support.c
[2.092s] -- Installing: /home/habibahassan/project/install/moveit_msgs/include/moveit_msgs/moveit_msgs/msg/detail/servo_status__type_support.c
[2.092s] -- Installing: /home/habibahassan/project/install/moveit_msgs/include/moveit_msgs/moveit_msgs/msg/detail/cartesian_point__type_support.c
[2.092s] -- Up-to-date: /home/habibahassan/project/install/moveit_msgs/include/moveit_msgs/moveit_msgs/msg/detail/joint_constraint__rosidl_typesupport_introspection_c.h
[2.092s] -- Installing: /home/habibahassan/project/install/moveit_msgs/include/moveit_msgs/moveit_msgs/msg/detail/collision_object__type_support.c
[2.092s] -- Installing: /home/habibahassan/project/install/moveit_msgs/include/moveit_msgs/moveit_msgs/msg/detail/grasp__type_support.c
[2.092s] -- Installing: /home/habibahassan/project/install/moveit_msgs/include/moveit_msgs/moveit_msgs/msg/detail/motion_plan_detailed_response__type_support.c
[2.092s] -- Up-to-date: /home/habibahassan/project/install/moveit_msgs/include/moveit_msgs/moveit_msgs/msg/detail/display_trajectory__rosidl_typesupport_introspection_c.h
[2.092s] -- Installing: /home/habibahassan/project/install/moveit_msgs/include/moveit_msgs/moveit_msgs/msg/detail/constraint_eval_result__type_support.c
[2.093s] -- Installing: /home/habibahassan/project/install/moveit_msgs/include/moveit_msgs/moveit_msgs/msg/detail/cartesian_trajectory__type_support.c
[2.093s] -- Up-to-date: /home/habibahassan/project/install/moveit_msgs/include/moveit_msgs/moveit_msgs/msg/detail/kinematic_solver_info__rosidl_typesupport_introspection_c.h
[2.093s] -- Up-to-date: /home/habibahassan/project/install/moveit_msgs/include/moveit_msgs/moveit_msgs/msg/detail/cartesian_trajectory__rosidl_typesupport_introspection_c.h
[2.093s] -- Up-to-date: /home/habibahassan/project/install/moveit_msgs/include/moveit_msgs/moveit_msgs/msg/detail/joint_limits__rosidl_typesupport_introspection_c.h
[2.093s] -- Up-to-date: /home/habibahassan/project/install/moveit_msgs/include/moveit_msgs/moveit_msgs/msg/detail/display_robot_state__rosidl_typesupport_introspection_c.h
[2.093s] -- Up-to-date: /home/habibahassan/project/install/moveit_msgs/include/moveit_msgs/moveit_msgs/msg/detail/position_constraint__rosidl_typesupport_introspection_c.h
[2.093s] -- Installing: /home/habibahassan/project/install/moveit_msgs/include/moveit_msgs/moveit_msgs/msg/detail/position_ik_request__type_support.c
[2.093s] -- Installing: /home/habibahassan/project/install/moveit_msgs/include/moveit_msgs/moveit_msgs/msg/detail/display_trajectory__type_support.c
[2.094s] -- Up-to-date: /home/habibahassan/project/install/moveit_msgs/include/moveit_msgs/moveit_msgs/msg/detail/grasp__rosidl_typesupport_introspection_c.h
[2.094s] -- Installing: /home/habibahassan/project/install/moveit_msgs/include/moveit_msgs/moveit_msgs/msg/detail/position_constraint__type_support.c
[2.094s] -- Up-to-date: /home/habibahassan/project/install/moveit_msgs/include/moveit_msgs/moveit_msgs/msg/detail/link_scale__rosidl_typesupport_introspection_c.h
[2.094s] -- Up-to-date: /home/habibahassan/project/install/moveit_msgs/include/moveit_msgs/moveit_msgs/msg/detail/trajectory_constraints__rosidl_typesupport_introspection_c.h
[2.094s] -- Installing: /home/habibahassan/project/install/moveit_msgs/include/moveit_msgs/moveit_msgs/msg/detail/motion_plan_request__type_support.c
[2.094s] -- Up-to-date: /home/habibahassan/project/install/moveit_msgs/include/moveit_msgs/moveit_msgs/msg/detail/move_it_error_codes__rosidl_typesupport_introspection_c.h
[2.094s] -- Up-to-date: /home/habibahassan/project/install/moveit_msgs/include/moveit_msgs/moveit_msgs/msg/detail/oriented_bounding_box__rosidl_typesupport_introspection_c.h
[2.094s] -- Installing: /home/habibahassan/project/install/moveit_msgs/include/moveit_msgs/moveit_msgs/msg/detail/planning_scene_world__type_support.c
[2.094s] -- Up-to-date: /home/habibahassan/project/install/moveit_msgs/include/moveit_msgs/moveit_msgs/msg/rosidl_typesupport_introspection_c__visibility_control.h
[2.095s] -- Up-to-date: /home/habibahassan/project/install/moveit_msgs/lib/libmoveit_msgs__rosidl_typesupport_introspection_c.so
[2.095s] -- Up-to-date: /home/habibahassan/project/install/moveit_msgs/lib/libmoveit_msgs__rosidl_typesupport_c.so
[2.095s] -- Up-to-date: /home/habibahassan/project/install/moveit_msgs/include/moveit_msgs/moveit_msgs
[2.095s] -- Up-to-date: /home/habibahassan/project/install/moveit_msgs/include/moveit_msgs/moveit_msgs/srv
[2.095s] -- Up-to-date: /home/habibahassan/project/install/moveit_msgs/include/moveit_msgs/moveit_msgs/srv/grasp_planning.hpp
[2.095s] -- Up-to-date: /home/habibahassan/project/install/moveit_msgs/include/moveit_msgs/moveit_msgs/srv/check_if_robot_state_exists_in_warehouse.hpp
[2.095s] -- Up-to-date: /home/habibahassan/project/install/moveit_msgs/include/moveit_msgs/moveit_msgs/srv/save_geometry_to_file.hpp
[2.095s] -- Up-to-date: /home/habibahassan/project/install/moveit_msgs/include/moveit_msgs/moveit_msgs/srv/get_planner_params.hpp
[2.095s] -- Up-to-date: /home/habibahassan/project/install/moveit_msgs/include/moveit_msgs/moveit_msgs/srv/get_robot_state_from_warehouse.hpp
[2.096s] -- Up-to-date: /home/habibahassan/project/install/moveit_msgs/include/moveit_msgs/moveit_msgs/srv/apply_planning_scene.hpp
[2.096s] -- Up-to-date: /home/habibahassan/project/install/moveit_msgs/include/moveit_msgs/moveit_msgs/srv/load_geometry_from_file.hpp
[2.096s] -- Up-to-date: /home/habibahassan/project/install/moveit_msgs/include/moveit_msgs/moveit_msgs/srv/get_motion_plan.hpp
[2.096s] -- Up-to-date: /home/habibahassan/project/install/moveit_msgs/include/moveit_msgs/moveit_msgs/srv/get_group_urdf.hpp
[2.096s] -- Up-to-date: /home/habibahassan/project/install/moveit_msgs/include/moveit_msgs/moveit_msgs/srv/save_map.hpp
[2.096s] -- Up-to-date: /home/habibahassan/project/install/moveit_msgs/include/moveit_msgs/moveit_msgs/srv/get_planning_scene.hpp
[2.096s] -- Up-to-date: /home/habibahassan/project/install/moveit_msgs/include/moveit_msgs/moveit_msgs/srv/load_map.hpp
[2.097s] -- Up-to-date: /home/habibahassan/project/install/moveit_msgs/include/moveit_msgs/moveit_msgs/srv/update_pointcloud_octomap.hpp
[2.097s] -- Up-to-date: /home/habibahassan/project/install/moveit_msgs/include/moveit_msgs/moveit_msgs/srv/servo_command_type.hpp
[2.097s] -- Up-to-date: /home/habibahassan/project/install/moveit_msgs/include/moveit_msgs/moveit_msgs/srv/get_state_validity.hpp
[2.097s] -- Up-to-date: /home/habibahassan/project/install/moveit_msgs/include/moveit_msgs/moveit_msgs/srv/get_position_fk.hpp
[2.097s] -- Up-to-date: /home/habibahassan/project/install/moveit_msgs/include/moveit_msgs/moveit_msgs/srv/get_cartesian_path.hpp
[2.097s] -- Up-to-date: /home/habibahassan/project/install/moveit_msgs/include/moveit_msgs/moveit_msgs/srv/save_robot_state_to_warehouse.hpp
[2.102s] -- Up-to-date: /home/habibahassan/project/install/moveit_msgs/include/moveit_msgs/moveit_msgs/srv/detail
[2.102s] -- Up-to-date: /home/habibahassan/project/install/moveit_msgs/include/moveit_msgs/moveit_msgs/srv/detail/get_motion_sequence__struct.hpp
[2.102s] -- Up-to-date: /home/habibahassan/project/install/moveit_msgs/include/moveit_msgs/moveit_msgs/srv/detail/get_state_validity__traits.hpp
[2.102s] -- Up-to-date: /home/habibahassan/project/install/moveit_msgs/include/moveit_msgs/moveit_msgs/srv/detail/get_robot_state_from_warehouse__traits.hpp
[2.102s] -- Up-to-date: /home/habibahassan/project/install/moveit_msgs/include/moveit_msgs/moveit_msgs/srv/detail/save_map__struct.hpp
[2.103s] -- Up-to-date: /home/habibahassan/project/install/moveit_msgs/include/moveit_msgs/moveit_msgs/srv/detail/apply_planning_scene__type_support.hpp
[2.103s] -- Up-to-date: /home/habibahassan/project/install/moveit_msgs/include/moveit_msgs/moveit_msgs/srv/detail/load_geometry_from_file__struct.hpp
[2.103s] -- Up-to-date: /home/habibahassan/project/install/moveit_msgs/include/moveit_msgs/moveit_msgs/srv/detail/get_motion_sequence__traits.hpp
[2.103s] -- Up-to-date: /home/habibahassan/project/install/moveit_msgs/include/moveit_msgs/moveit_msgs/srv/detail/grasp_planning__traits.hpp
[2.103s] -- Up-to-date: /home/habibahassan/project/install/moveit_msgs/include/moveit_msgs/moveit_msgs/srv/detail/list_robot_states_in_warehouse__builder.hpp
[2.103s] -- Up-to-date: /home/habibahassan/project/install/moveit_msgs/include/moveit_msgs/moveit_msgs/srv/detail/get_state_validity__type_support.hpp
[2.103s] -- Up-to-date: /home/habibahassan/project/install/moveit_msgs/include/moveit_msgs/moveit_msgs/srv/detail/set_planner_params__traits.hpp
[2.104s] -- Up-to-date: /home/habibahassan/project/install/moveit_msgs/include/moveit_msgs/moveit_msgs/srv/detail/get_cartesian_path__type_support.hpp
[2.104s] -- Up-to-date: /home/habibahassan/project/install/moveit_msgs/include/moveit_msgs/moveit_msgs/srv/detail/update_pointcloud_octomap__type_support.hpp
[2.104s] -- Up-to-date: /home/habibahassan/project/install/moveit_msgs/include/moveit_msgs/moveit_msgs/srv/detail/servo_command_type__traits.hpp
[2.104s] -- Up-to-date: /home/habibahassan/project/install/moveit_msgs/include/moveit_msgs/moveit_msgs/srv/detail/save_geometry_to_file__builder.hpp
[2.104s] -- Up-to-date: /home/habibahassan/project/install/moveit_msgs/include/moveit_msgs/moveit_msgs/srv/detail/delete_robot_state_from_warehouse__builder.hpp
[2.104s] -- Up-to-date: /home/habibahassan/project/install/moveit_msgs/include/moveit_msgs/moveit_msgs/srv/detail/servo_command_type__builder.hpp
[2.104s] -- Up-to-date: /home/habibahassan/project/install/moveit_msgs/include/moveit_msgs/moveit_msgs/srv/detail/get_group_urdf__type_support.hpp
[2.104s] -- Up-to-date: /home/habibahassan/project/install/moveit_msgs/include/moveit_msgs/moveit_msgs/srv/detail/update_pointcloud_octomap__traits.hpp
[2.105s] -- Up-to-date: /home/habibahassan/project/install/moveit_msgs/include/moveit_msgs/moveit_msgs/srv/detail/check_if_robot_state_exists_in_warehouse__struct.hpp
[2.105s] -- Up-to-date: /home/habibahassan/project/install/moveit_msgs/include/moveit_msgs/moveit_msgs/srv/detail/update_pointcloud_octomap__builder.hpp
[2.105s] -- Up-to-date: /home/habibahassan/project/install/moveit_msgs/include/moveit_msgs/moveit_msgs/srv/detail/get_state_validity__struct.hpp
[2.105s] -- Up-to-date: /home/habibahassan/project/install/moveit_msgs/include/moveit_msgs/moveit_msgs/srv/detail/get_position_ik__builder.hpp
[2.105s] -- Up-to-date: /home/habibahassan/project/install/moveit_msgs/include/moveit_msgs/moveit_msgs/srv/detail/query_planner_interfaces__struct.hpp
[2.105s] -- Up-to-date: /home/habibahassan/project/install/moveit_msgs/include/moveit_msgs/moveit_msgs/srv/detail/get_motion_sequence__builder.hpp
[2.105s] -- Up-to-date: /home/habibahassan/project/install/moveit_msgs/include/moveit_msgs/moveit_msgs/srv/detail/load_map__builder.hpp
[2.105s] -- Up-to-date: /home/habibahassan/project/install/moveit_msgs/include/moveit_msgs/moveit_msgs/srv/detail/delete_robot_state_from_warehouse__traits.hpp
[2.105s] -- Up-to-date: /home/habibahassan/project/install/moveit_msgs/include/moveit_msgs/moveit_msgs/srv/detail/get_motion_plan__struct.hpp
[2.106s] -- Up-to-date: /home/habibahassan/project/install/moveit_msgs/include/moveit_msgs/moveit_msgs/srv/detail/check_if_robot_state_exists_in_warehouse__type_support.hpp
[2.106s] -- Up-to-date: /home/habibahassan/project/install/moveit_msgs/include/moveit_msgs/moveit_msgs/srv/detail/get_position_fk__traits.hpp
[2.106s] -- Up-to-date: /home/habibahassan/project/install/moveit_msgs/include/moveit_msgs/moveit_msgs/srv/detail/get_planner_params__struct.hpp
[2.106s] -- Up-to-date: /home/habibahassan/project/install/moveit_msgs/include/moveit_msgs/moveit_msgs/srv/detail/grasp_planning__builder.hpp
[2.106s] -- Up-to-date: /home/habibahassan/project/install/moveit_msgs/include/moveit_msgs/moveit_msgs/srv/detail/save_map__builder.hpp
[2.106s] -- Up-to-date: /home/habibahassan/project/install/moveit_msgs/include/moveit_msgs/moveit_msgs/srv/detail/get_motion_sequence__type_support.hpp
[2.106s] -- Up-to-date: /home/habibahassan/project/install/moveit_msgs/include/moveit_msgs/moveit_msgs/srv/detail/get_position_fk__builder.hpp
[2.106s] -- Up-to-date: /home/habibahassan/project/install/moveit_msgs/include/moveit_msgs/moveit_msgs/srv/detail/grasp_planning__type_support.hpp
[2.106s] -- Up-to-date: /home/habibahassan/project/install/moveit_msgs/include/moveit_msgs/moveit_msgs/srv/detail/get_planning_scene__builder.hpp
[2.107s] -- Up-to-date: /home/habibahassan/project/install/moveit_msgs/include/moveit_msgs/moveit_msgs/srv/detail/get_group_urdf__struct.hpp
[2.107s] -- Up-to-date: /home/habibahassan/project/install/moveit_msgs/include/moveit_msgs/moveit_msgs/srv/detail/get_cartesian_path__struct.hpp
[2.107s] -- Up-to-date: /home/habibahassan/project/install/moveit_msgs/include/moveit_msgs/moveit_msgs/srv/detail/load_geometry_from_file__builder.hpp
[2.107s] -- Up-to-date: /home/habibahassan/project/install/moveit_msgs/include/moveit_msgs/moveit_msgs/srv/detail/load_map__type_support.hpp
[2.107s] -- Up-to-date: /home/habibahassan/project/install/moveit_msgs/include/moveit_msgs/moveit_msgs/srv/detail/save_robot_state_to_warehouse__struct.hpp
[2.107s] -- Up-to-date: /home/habibahassan/project/install/moveit_msgs/include/moveit_msgs/moveit_msgs/srv/detail/get_position_fk__type_support.hpp
[2.107s] -- Up-to-date: /home/habibahassan/project/install/moveit_msgs/include/moveit_msgs/moveit_msgs/srv/detail/load_map__struct.hpp
[2.107s] -- Up-to-date: /home/habibahassan/project/install/moveit_msgs/include/moveit_msgs/moveit_msgs/srv/detail/load_map__traits.hpp
[2.107s] -- Up-to-date: /home/habibahassan/project/install/moveit_msgs/include/moveit_msgs/moveit_msgs/srv/detail/set_planner_params__builder.hpp
[2.109s] -- Up-to-date: /home/habibahassan/project/install/moveit_msgs/include/moveit_msgs/moveit_msgs/srv/detail/load_geometry_from_file__type_support.hpp
[2.113s] -- Up-to-date: /home/habibahassan/project/install/moveit_msgs/include/moveit_msgs/moveit_msgs/srv/detail/query_planner_interfaces__traits.hpp
[2.113s] -- Up-to-date: /home/habibahassan/project/install/moveit_msgs/include/moveit_msgs/moveit_msgs/srv/detail/rename_robot_state_in_warehouse__builder.hpp
[2.114s] -- Up-to-date: /home/habibahassan/project/install/moveit_msgs/include/moveit_msgs/moveit_msgs/srv/detail/get_group_urdf__traits.hpp
[2.114s] -- Up-to-date: /home/habibahassan/project/install/moveit_msgs/include/moveit_msgs/moveit_msgs/srv/detail/get_position_fk__struct.hpp
[2.114s] -- Up-to-date: /home/habibahassan/project/install/moveit_msgs/include/moveit_msgs/moveit_msgs/srv/detail/apply_planning_scene__struct.hpp
[2.114s] -- Up-to-date: /home/habibahassan/project/install/moveit_msgs/include/moveit_msgs/moveit_msgs/srv/detail/get_planner_params__traits.hpp
[2.114s] -- Up-to-date: /home/habibahassan/project/install/moveit_msgs/include/moveit_msgs/moveit_msgs/srv/detail/get_planner_params__builder.hpp
[2.114s] -- Up-to-date: /home/habibahassan/project/install/moveit_msgs/include/moveit_msgs/moveit_msgs/srv/detail/grasp_planning__struct.hpp
[2.114s] -- Up-to-date: /home/habibahassan/project/install/moveit_msgs/include/moveit_msgs/moveit_msgs/srv/detail/get_robot_state_from_warehouse__builder.hpp
[2.114s] -- Up-to-date: /home/habibahassan/project/install/moveit_msgs/include/moveit_msgs/moveit_msgs/srv/detail/get_group_urdf__builder.hpp
[2.114s] -- Up-to-date: /home/habibahassan/project/install/moveit_msgs/include/moveit_msgs/moveit_msgs/srv/detail/check_if_robot_state_exists_in_warehouse__builder.hpp
[2.115s] -- Up-to-date: /home/habibahassan/project/install/moveit_msgs/include/moveit_msgs/moveit_msgs/srv/detail/get_planning_scene__traits.hpp
[2.115s] -- Up-to-date: /home/habibahassan/project/install/moveit_msgs/include/moveit_msgs/moveit_msgs/srv/detail/apply_planning_scene__builder.hpp
[2.115s] -- Up-to-date: /home/habibahassan/project/install/moveit_msgs/include/moveit_msgs/moveit_msgs/srv/detail/apply_planning_scene__traits.hpp
[2.115s] -- Up-to-date: /home/habibahassan/project/install/moveit_msgs/include/moveit_msgs/moveit_msgs/srv/detail/get_position_ik__struct.hpp
[2.116s] -- Up-to-date: /home/habibahassan/project/install/moveit_msgs/include/moveit_msgs/moveit_msgs/srv/detail/save_map__traits.hpp
[2.126s] -- Up-to-date: /home/habibahassan/project/install/moveit_msgs/include/moveit_msgs/moveit_msgs/srv/detail/get_robot_state_from_warehouse__type_support.hpp
[2.127s] -- Up-to-date: /home/habibahassan/project/install/moveit_msgs/include/moveit_msgs/moveit_msgs/srv/detail/get_cartesian_path__traits.hpp
[2.127s] -- Up-to-date: /home/habibahassan/project/install/moveit_msgs/include/moveit_msgs/moveit_msgs/srv/detail/delete_robot_state_from_warehouse__type_support.hpp
[2.127s] -- Up-to-date: /home/habibahassan/project/install/moveit_msgs/include/moveit_msgs/moveit_msgs/srv/detail/get_robot_state_from_warehouse__struct.hpp
[2.127s] -- Up-to-date: /home/habibahassan/project/install/moveit_msgs/include/moveit_msgs/moveit_msgs/srv/detail/query_planner_interfaces__builder.hpp
[2.127s] -- Up-to-date: /home/habibahassan/project/install/moveit_msgs/include/moveit_msgs/moveit_msgs/srv/detail/save_robot_state_to_warehouse__traits.hpp
[2.127s] -- Up-to-date: /home/habibahassan/project/install/moveit_msgs/include/moveit_msgs/moveit_msgs/srv/detail/get_cartesian_path__builder.hpp
[2.127s] -- Up-to-date: /home/habibahassan/project/install/moveit_msgs/include/moveit_msgs/moveit_msgs/srv/detail/check_if_robot_state_exists_in_warehouse__traits.hpp
[2.128s] -- Up-to-date: /home/habibahassan/project/install/moveit_msgs/include/moveit_msgs/moveit_msgs/srv/detail/save_geometry_to_file__type_support.hpp
[2.128s] -- Up-to-date: /home/habibahassan/project/install/moveit_msgs/include/moveit_msgs/moveit_msgs/srv/detail/save_geometry_to_file__struct.hpp
[2.128s] -- Up-to-date: /home/habibahassan/project/install/moveit_msgs/include/moveit_msgs/moveit_msgs/srv/detail/update_pointcloud_octomap__struct.hpp
[2.128s] -- Up-to-date: /home/habibahassan/project/install/moveit_msgs/include/moveit_msgs/moveit_msgs/srv/detail/save_robot_state_to_warehouse__builder.hpp
[2.128s] -- Up-to-date: /home/habibahassan/project/install/moveit_msgs/include/moveit_msgs/moveit_msgs/srv/detail/list_robot_states_in_warehouse__struct.hpp
[2.128s] -- Up-to-date: /home/habibahassan/project/install/moveit_msgs/include/moveit_msgs/moveit_msgs/srv/detail/rename_robot_state_in_warehouse__traits.hpp
[2.128s] -- Up-to-date: /home/habibahassan/project/install/moveit_msgs/include/moveit_msgs/moveit_msgs/srv/detail/get_motion_plan__builder.hpp
[2.129s] -- Up-to-date: /home/habibahassan/project/install/moveit_msgs/include/moveit_msgs/moveit_msgs/srv/detail/set_planner_params__type_support.hpp
[2.129s] -- Up-to-date: /home/habibahassan/project/install/moveit_msgs/include/moveit_msgs/moveit_msgs/srv/detail/servo_command_type__type_support.hpp
[2.129s] -- Up-to-date: /home/habibahassan/project/install/moveit_msgs/include/moveit_msgs/moveit_msgs/srv/detail/get_position_ik__traits.hpp
[2.129s] -- Up-to-date: /home/habibahassan/project/install/moveit_msgs/include/moveit_msgs/moveit_msgs/srv/detail/list_robot_states_in_warehouse__traits.hpp
[2.129s] -- Up-to-date: /home/habibahassan/project/install/moveit_msgs/include/moveit_msgs/moveit_msgs/srv/detail/delete_robot_state_from_warehouse__struct.hpp
[2.129s] -- Up-to-date: /home/habibahassan/project/install/moveit_msgs/include/moveit_msgs/moveit_msgs/srv/detail/load_geometry_from_file__traits.hpp
[2.129s] -- Up-to-date: /home/habibahassan/project/install/moveit_msgs/include/moveit_msgs/moveit_msgs/srv/detail/servo_command_type__struct.hpp
[2.130s] -- Up-to-date: /home/habibahassan/project/install/moveit_msgs/include/moveit_msgs/moveit_msgs/srv/detail/get_planning_scene__struct.hpp
[2.130s] -- Up-to-date: /home/habibahassan/project/install/moveit_msgs/include/moveit_msgs/moveit_msgs/srv/detail/set_planner_params__struct.hpp
[2.130s] -- Up-to-date: /home/habibahassan/project/install/moveit_msgs/include/moveit_msgs/moveit_msgs/srv/detail/get_state_validity__builder.hpp
[2.130s] -- Up-to-date: /home/habibahassan/project/install/moveit_msgs/include/moveit_msgs/moveit_msgs/srv/detail/rename_robot_state_in_warehouse__type_support.hpp
[2.130s] -- Up-to-date: /home/habibahassan/project/install/moveit_msgs/include/moveit_msgs/moveit_msgs/srv/detail/get_planning_scene__type_support.hpp
[2.130s] -- Up-to-date: /home/habibahassan/project/install/moveit_msgs/include/moveit_msgs/moveit_msgs/srv/detail/get_motion_plan__traits.hpp
[2.130s] -- Up-to-date: /home/habibahassan/project/install/moveit_msgs/include/moveit_msgs/moveit_msgs/srv/detail/get_motion_plan__type_support.hpp
[2.138s] -- Up-to-date: /home/habibahassan/project/install/moveit_msgs/include/moveit_msgs/moveit_msgs/srv/detail/get_planner_params__type_support.hpp
[2.139s] -- Up-to-date: /home/habibahassan/project/install/moveit_msgs/include/moveit_msgs/moveit_msgs/srv/detail/save_robot_state_to_warehouse__type_support.hpp
[2.139s] -- Up-to-date: /home/habibahassan/project/install/moveit_msgs/include/moveit_msgs/moveit_msgs/srv/detail/rename_robot_state_in_warehouse__struct.hpp
[2.139s] -- Up-to-date: /home/habibahassan/project/install/moveit_msgs/include/moveit_msgs/moveit_msgs/srv/detail/query_planner_interfaces__type_support.hpp
[2.139s] -- Up-to-date: /home/habibahassan/project/install/moveit_msgs/include/moveit_msgs/moveit_msgs/srv/detail/save_map__type_support.hpp
[2.139s] -- Up-to-date: /home/habibahassan/project/install/moveit_msgs/include/moveit_msgs/moveit_msgs/srv/detail/save_geometry_to_file__traits.hpp
[2.140s] -- Up-to-date: /home/habibahassan/project/install/moveit_msgs/include/moveit_msgs/moveit_msgs/srv/detail/list_robot_states_in_warehouse__type_support.hpp
[2.140s] -- Up-to-date: /home/habibahassan/project/install/moveit_msgs/include/moveit_msgs/moveit_msgs/srv/detail/get_position_ik__type_support.hpp
[2.140s] -- Up-to-date: /home/habibahassan/project/install/moveit_msgs/include/moveit_msgs/moveit_msgs/srv/list_robot_states_in_warehouse.hpp
[2.141s] -- Up-to-date: /home/habibahassan/project/install/moveit_msgs/include/moveit_msgs/moveit_msgs/srv/rename_robot_state_in_warehouse.hpp
[2.141s] -- Up-to-date: /home/habibahassan/project/install/moveit_msgs/include/moveit_msgs/moveit_msgs/srv/get_position_ik.hpp
[2.141s] -- Up-to-date: /home/habibahassan/project/install/moveit_msgs/include/moveit_msgs/moveit_msgs/srv/query_planner_interfaces.hpp
[2.141s] -- Up-to-date: /home/habibahassan/project/install/moveit_msgs/include/moveit_msgs/moveit_msgs/srv/delete_robot_state_from_warehouse.hpp
[2.151s] -- Up-to-date: /home/habibahassan/project/install/moveit_msgs/include/moveit_msgs/moveit_msgs/srv/set_planner_params.hpp
[2.151s] -- Up-to-date: /home/habibahassan/project/install/moveit_msgs/include/moveit_msgs/moveit_msgs/srv/get_motion_sequence.hpp
[2.152s] -- Up-to-date: /home/habibahassan/project/install/moveit_msgs/include/moveit_msgs/moveit_msgs/action
[2.153s] -- Up-to-date: /home/habibahassan/project/install/moveit_msgs/include/moveit_msgs/moveit_msgs/action/global_planner.hpp
[2.153s] -- Up-to-date: /home/habibahassan/project/install/moveit_msgs/include/moveit_msgs/moveit_msgs/action/place.hpp
[2.153s] -- Up-to-date: /home/habibahassan/project/install/moveit_msgs/include/moveit_msgs/moveit_msgs/action/local_planner.hpp
[2.154s] -- Up-to-date: /home/habibahassan/project/install/moveit_msgs/include/moveit_msgs/moveit_msgs/action/hybrid_planner.hpp
[2.154s] -- Up-to-date: /home/habibahassan/project/install/moveit_msgs/include/moveit_msgs/moveit_msgs/action/move_group.hpp
[2.154s] -- Up-to-date: /home/habibahassan/project/install/moveit_msgs/include/moveit_msgs/moveit_msgs/action/execute_trajectory.hpp
[2.154s] -- Up-to-date: /home/habibahassan/project/install/moveit_msgs/include/moveit_msgs/moveit_msgs/action/pickup.hpp
[2.154s] -- Up-to-date: /home/habibahassan/project/install/moveit_msgs/include/moveit_msgs/moveit_msgs/action/detail
[2.154s] -- Up-to-date: /home/habibahassan/project/install/moveit_msgs/include/moveit_msgs/moveit_msgs/action/detail/place__struct.hpp
[2.154s] -- Up-to-date: /home/habibahassan/project/install/moveit_msgs/include/moveit_msgs/moveit_msgs/action/detail/move_group_sequence__builder.hpp
[2.154s] -- Up-to-date: /home/habibahassan/project/install/moveit_msgs/include/moveit_msgs/moveit_msgs/action/detail/hybrid_planner__builder.hpp
[2.154s] -- Up-to-date: /home/habibahassan/project/install/moveit_msgs/include/moveit_msgs/moveit_msgs/action/detail/move_group_sequence__traits.hpp
[2.155s] -- Up-to-date: /home/habibahassan/project/install/moveit_msgs/include/moveit_msgs/moveit_msgs/action/detail/execute_trajectory__builder.hpp
[2.155s] -- Up-to-date: /home/habibahassan/project/install/moveit_msgs/include/moveit_msgs/moveit_msgs/action/detail/global_planner__builder.hpp
[2.155s] -- Up-to-date: /home/habibahassan/project/install/moveit_msgs/include/moveit_msgs/moveit_msgs/action/detail/local_planner__builder.hpp
[2.155s] -- Up-to-date: /home/habibahassan/project/install/moveit_msgs/include/moveit_msgs/moveit_msgs/action/detail/pickup__traits.hpp
[2.155s] -- Up-to-date: /home/habibahassan/project/install/moveit_msgs/include/moveit_msgs/moveit_msgs/action/detail/move_group__traits.hpp
[2.155s] -- Up-to-date: /home/habibahassan/project/install/moveit_msgs/include/moveit_msgs/moveit_msgs/action/detail/place__builder.hpp
[2.155s] -- Up-to-date: /home/habibahassan/project/install/moveit_msgs/include/moveit_msgs/moveit_msgs/action/detail/move_group__type_support.hpp
[2.155s] -- Up-to-date: /home/habibahassan/project/install/moveit_msgs/include/moveit_msgs/moveit_msgs/action/detail/place__traits.hpp
[2.155s] -- Up-to-date: /home/habibahassan/project/install/moveit_msgs/include/moveit_msgs/moveit_msgs/action/detail/pickup__type_support.hpp
[2.155s] -- Up-to-date: /home/habibahassan/project/install/moveit_msgs/include/moveit_msgs/moveit_msgs/action/detail/pickup__builder.hpp
[2.156s] -- Up-to-date: /home/habibahassan/project/install/moveit_msgs/include/moveit_msgs/moveit_msgs/action/detail/execute_trajectory__traits.hpp
[2.156s] -- Up-to-date: /home/habibahassan/project/install/moveit_msgs/include/moveit_msgs/moveit_msgs/action/detail/hybrid_planner__type_support.hpp
[2.156s] -- Up-to-date: /home/habibahassan/project/install/moveit_msgs/include/moveit_msgs/moveit_msgs/action/detail/hybrid_planner__struct.hpp
[2.156s] -- Up-to-date: /home/habibahassan/project/install/moveit_msgs/include/moveit_msgs/moveit_msgs/action/detail/pickup__struct.hpp
[2.156s] -- Up-to-date: /home/habibahassan/project/install/moveit_msgs/include/moveit_msgs/moveit_msgs/action/detail/global_planner__struct.hpp
[2.156s] -- Up-to-date: /home/habibahassan/project/install/moveit_msgs/include/moveit_msgs/moveit_msgs/action/detail/move_group__builder.hpp
[2.169s] -- Up-to-date: /home/habibahassan/project/install/moveit_msgs/include/moveit_msgs/moveit_msgs/action/detail/move_group_sequence__struct.hpp
[2.169s] -- Up-to-date: /home/habibahassan/project/install/moveit_msgs/include/moveit_msgs/moveit_msgs/action/detail/hybrid_planner__traits.hpp
[2.169s] -- Up-to-date: /home/habibahassan/project/install/moveit_msgs/include/moveit_msgs/moveit_msgs/action/detail/local_planner__struct.hpp
[2.170s] -- Up-to-date: /home/habibahassan/project/install/moveit_msgs/include/moveit_msgs/moveit_msgs/action/detail/execute_trajectory__struct.hpp
[2.173s] -- Up-to-date: /home/habibahassan/project/install/moveit_msgs/include/moveit_msgs/moveit_msgs/action/detail/local_planner__type_support.hpp
[2.174s] -- Up-to-date: /home/habibahassan/project/install/moveit_msgs/include/moveit_msgs/moveit_msgs/action/detail/global_planner__type_support.hpp
[2.175s] -- Up-to-date: /home/habibahassan/project/install/moveit_msgs/include/moveit_msgs/moveit_msgs/action/detail/execute_trajectory__type_support.hpp
[2.175s] -- Up-to-date: /home/habibahassan/project/install/moveit_msgs/include/moveit_msgs/moveit_msgs/action/detail/local_planner__traits.hpp
[2.175s] -- Up-to-date: /home/habibahassan/project/install/moveit_msgs/include/moveit_msgs/moveit_msgs/action/detail/place__type_support.hpp
[2.175s] -- Up-to-date: /home/habibahassan/project/install/moveit_msgs/include/moveit_msgs/moveit_msgs/action/detail/global_planner__traits.hpp
[2.176s] -- Up-to-date: /home/habibahassan/project/install/moveit_msgs/include/moveit_msgs/moveit_msgs/action/detail/move_group_sequence__type_support.hpp
[2.176s] -- Up-to-date: /home/habibahassan/project/install/moveit_msgs/include/moveit_msgs/moveit_msgs/action/detail/move_group__struct.hpp
[2.176s] -- Up-to-date: /home/habibahassan/project/install/moveit_msgs/include/moveit_msgs/moveit_msgs/action/move_group_sequence.hpp
[2.176s] -- Up-to-date: /home/habibahassan/project/install/moveit_msgs/include/moveit_msgs/moveit_msgs/msg
[2.176s] -- Up-to-date: /home/habibahassan/project/install/moveit_msgs/include/moveit_msgs/moveit_msgs/msg/motion_plan_detailed_response.hpp
[2.176s] -- Up-to-date: /home/habibahassan/project/install/moveit_msgs/include/moveit_msgs/moveit_msgs/msg/robot_trajectory.hpp
[2.176s] -- Up-to-date: /home/habibahassan/project/install/moveit_msgs/include/moveit_msgs/moveit_msgs/msg/cartesian_trajectory_point.hpp
[2.176s] -- Up-to-date: /home/habibahassan/project/install/moveit_msgs/include/moveit_msgs/moveit_msgs/msg/collision_object.hpp
[2.176s] -- Up-to-date: /home/habibahassan/project/install/moveit_msgs/include/moveit_msgs/moveit_msgs/msg/position_ik_request.hpp
[2.176s] -- Up-to-date: /home/habibahassan/project/install/moveit_msgs/include/moveit_msgs/moveit_msgs/msg/contact_information.hpp
[2.177s] -- Up-to-date: /home/habibahassan/project/install/moveit_msgs/include/moveit_msgs/moveit_msgs/msg/visibility_constraint.hpp
[2.177s] -- Up-to-date: /home/habibahassan/project/install/moveit_msgs/include/moveit_msgs/moveit_msgs/msg/kinematic_solver_info.hpp
[2.177s] -- Up-to-date: /home/habibahassan/project/install/moveit_msgs/include/moveit_msgs/moveit_msgs/msg/generic_trajectory.hpp
[2.177s] -- Up-to-date: /home/habibahassan/project/install/moveit_msgs/include/moveit_msgs/moveit_msgs/msg/grasp.hpp
[2.177s] -- Up-to-date: /home/habibahassan/project/install/moveit_msgs/include/moveit_msgs/moveit_msgs/msg/planning_scene.hpp
[2.177s] -- Up-to-date: /home/habibahassan/project/install/moveit_msgs/include/moveit_msgs/moveit_msgs/msg/gripper_translation.hpp
[2.177s] -- Up-to-date: /home/habibahassan/project/install/moveit_msgs/include/moveit_msgs/moveit_msgs/msg/joint_limits.hpp
[2.177s] -- Up-to-date: /home/habibahassan/project/install/moveit_msgs/include/moveit_msgs/moveit_msgs/msg/cartesian_point.hpp
[2.178s] -- Up-to-date: /home/habibahassan/project/install/moveit_msgs/include/moveit_msgs/moveit_msgs/msg/attached_collision_object.hpp
[2.178s] -- Up-to-date: /home/habibahassan/project/install/moveit_msgs/include/moveit_msgs/moveit_msgs/msg/planner_params.hpp
[2.178s] -- Up-to-date: /home/habibahassan/project/install/moveit_msgs/include/moveit_msgs/moveit_msgs/msg/display_robot_state.hpp
[2.178s] -- Up-to-date: /home/habibahassan/project/install/moveit_msgs/include/moveit_msgs/moveit_msgs/msg/constraints.hpp
[2.178s] -- Up-to-date: /home/habibahassan/project/install/moveit_msgs/include/moveit_msgs/moveit_msgs/msg/move_it_error_codes.hpp
[2.178s] -- Up-to-date: /home/habibahassan/project/install/moveit_msgs/include/moveit_msgs/moveit_msgs/msg/display_trajectory.hpp
[2.178s] -- Up-to-date: /home/habibahassan/project/install/moveit_msgs/include/moveit_msgs/moveit_msgs/msg/joint_constraint.hpp
[2.178s] -- Up-to-date: /home/habibahassan/project/install/moveit_msgs/include/moveit_msgs/moveit_msgs/msg/planning_scene_components.hpp
[2.178s] -- Up-to-date: /home/habibahassan/project/install/moveit_msgs/include/moveit_msgs/moveit_msgs/msg/link_scale.hpp
[2.178s] -- Up-to-date: /home/habibahassan/project/install/moveit_msgs/include/moveit_msgs/moveit_msgs/msg/planner_interface_description.hpp
[2.179s] -- Up-to-date: /home/habibahassan/project/install/moveit_msgs/include/moveit_msgs/moveit_msgs/msg/servo_status.hpp
[2.179s] -- Up-to-date: /home/habibahassan/project/install/moveit_msgs/include/moveit_msgs/moveit_msgs/msg/motion_sequence_response.hpp
[2.179s] -- Up-to-date: /home/habibahassan/project/install/moveit_msgs/include/moveit_msgs/moveit_msgs/msg/allowed_collision_entry.hpp
[2.179s] -- Up-to-date: /home/habibahassan/project/install/moveit_msgs/include/moveit_msgs/moveit_msgs/msg/orientation_constraint.hpp
[2.179s] -- Up-to-date: /home/habibahassan/project/install/moveit_msgs/include/moveit_msgs/moveit_msgs/msg/cost_source.hpp
[2.179s] -- Up-to-date: /home/habibahassan/project/install/moveit_msgs/include/moveit_msgs/moveit_msgs/msg/rosidl_generator_cpp__visibility_control.hpp
[2.179s] -- Up-to-date: /home/habibahassan/project/install/moveit_msgs/include/moveit_msgs/moveit_msgs/msg/detail
[2.179s] -- Up-to-date: /home/habibahassan/project/install/moveit_msgs/include/moveit_msgs/moveit_msgs/msg/detail/joint_limits__struct.hpp
[2.179s] -- Up-to-date: /home/habibahassan/project/install/moveit_msgs/include/moveit_msgs/moveit_msgs/msg/detail/constraint_eval_result__builder.hpp
[2.180s] -- Up-to-date: /home/habibahassan/project/install/moveit_msgs/include/moveit_msgs/moveit_msgs/msg/detail/place_location__builder.hpp
[2.180s] -- Up-to-date: /home/habibahassan/project/install/moveit_msgs/include/moveit_msgs/moveit_msgs/msg/detail/joint_limits__builder.hpp
[2.180s] -- Up-to-date: /home/habibahassan/project/install/moveit_msgs/include/moveit_msgs/moveit_msgs/msg/detail/motion_sequence_request__traits.hpp
[2.180s] -- Up-to-date: /home/habibahassan/project/install/moveit_msgs/include/moveit_msgs/moveit_msgs/msg/detail/gripper_translation__builder.hpp
[2.180s] -- Up-to-date: /home/habibahassan/project/install/moveit_msgs/include/moveit_msgs/moveit_msgs/msg/detail/joint_limits__type_support.hpp
[2.180s] -- Up-to-date: /home/habibahassan/project/install/moveit_msgs/include/moveit_msgs/moveit_msgs/msg/detail/planning_options__traits.hpp
[2.181s] -- Up-to-date: /home/habibahassan/project/install/moveit_msgs/include/moveit_msgs/moveit_msgs/msg/detail/planner_interface_description__type_support.hpp
[2.181s] -- Up-to-date: /home/habibahassan/project/install/moveit_msgs/include/moveit_msgs/moveit_msgs/msg/detail/allowed_collision_entry__type_support.hpp
[2.181s] -- Up-to-date: /home/habibahassan/project/install/moveit_msgs/include/moveit_msgs/moveit_msgs/msg/detail/orientation_constraint__builder.hpp
[2.181s] -- Up-to-date: /home/habibahassan/project/install/moveit_msgs/include/moveit_msgs/moveit_msgs/msg/detail/position_ik_request__builder.hpp
[2.181s] -- Up-to-date: /home/habibahassan/project/install/moveit_msgs/include/moveit_msgs/moveit_msgs/msg/detail/grasp__type_support.hpp
[2.182s] -- Up-to-date: /home/habibahassan/project/install/moveit_msgs/include/moveit_msgs/moveit_msgs/msg/detail/display_trajectory__traits.hpp
[2.182s] -- Up-to-date: /home/habibahassan/project/install/moveit_msgs/include/moveit_msgs/moveit_msgs/msg/detail/planner_params__type_support.hpp
[2.196s] -- Up-to-date: /home/habibahassan/project/install/moveit_msgs/include/moveit_msgs/moveit_msgs/msg/detail/move_it_error_codes__builder.hpp
[2.196s] -- Up-to-date: /home/habibahassan/project/install/moveit_msgs/include/moveit_msgs/moveit_msgs/msg/detail/grasp__struct.hpp
[2.196s] -- Up-to-date: /home/habibahassan/project/install/moveit_msgs/include/moveit_msgs/moveit_msgs/msg/detail/display_trajectory__builder.hpp
[2.196s] -- Up-to-date: /home/habibahassan/project/install/moveit_msgs/include/moveit_msgs/moveit_msgs/msg/detail/generic_trajectory__traits.hpp
[2.197s] -- Up-to-date: /home/habibahassan/project/install/moveit_msgs/include/moveit_msgs/moveit_msgs/msg/detail/motion_plan_request__builder.hpp
[2.197s] -- Up-to-date: /home/habibahassan/project/install/moveit_msgs/include/moveit_msgs/moveit_msgs/msg/detail/link_padding__traits.hpp
[2.197s] -- Up-to-date: /home/habibahassan/project/install/moveit_msgs/include/moveit_msgs/moveit_msgs/msg/detail/planner_interface_description__traits.hpp
[2.197s] -- Up-to-date: /home/habibahassan/project/install/moveit_msgs/include/moveit_msgs/moveit_msgs/msg/detail/workspace_parameters__type_support.hpp
[2.197s] -- Up-to-date: /home/habibahassan/project/install/moveit_msgs/include/moveit_msgs/moveit_msgs/msg/detail/collision_object__builder.hpp
[2.197s] -- Up-to-date: /home/habibahassan/project/install/moveit_msgs/include/moveit_msgs/moveit_msgs/msg/detail/robot_state__type_support.hpp
[2.197s] -- Up-to-date: /home/habibahassan/project/install/moveit_msgs/include/moveit_msgs/moveit_msgs/msg/detail/robot_state__struct.hpp
[2.197s] -- Up-to-date: /home/habibahassan/project/install/moveit_msgs/include/moveit_msgs/moveit_msgs/msg/detail/object_color__type_support.hpp
[2.198s] -- Up-to-date: /home/habibahassan/project/install/moveit_msgs/include/moveit_msgs/moveit_msgs/msg/detail/motion_sequence_request__builder.hpp
[2.198s] -- Up-to-date: /home/habibahassan/project/install/moveit_msgs/include/moveit_msgs/moveit_msgs/msg/detail/link_padding__struct.hpp
[2.198s] -- Up-to-date: /home/habibahassan/project/install/moveit_msgs/include/moveit_msgs/moveit_msgs/msg/detail/planning_scene_world__builder.hpp
[2.198s] -- Up-to-date: /home/habibahassan/project/install/moveit_msgs/include/moveit_msgs/moveit_msgs/msg/detail/planning_scene__traits.hpp
[2.198s] -- Up-to-date: /home/habibahassan/project/install/moveit_msgs/include/moveit_msgs/moveit_msgs/msg/detail/motion_plan_detailed_response__traits.hpp
[2.198s] -- Up-to-date: /home/habibahassan/project/install/moveit_msgs/include/moveit_msgs/moveit_msgs/msg/detail/planning_options__type_support.hpp
[2.198s] -- Up-to-date: /home/habibahassan/project/install/moveit_msgs/include/moveit_msgs/moveit_msgs/msg/detail/cartesian_trajectory__type_support.hpp
[2.198s] -- Up-to-date: /home/habibahassan/project/install/moveit_msgs/include/moveit_msgs/moveit_msgs/msg/detail/trajectory_constraints__builder.hpp
[2.199s] -- Up-to-date: /home/habibahassan/project/install/moveit_msgs/include/moveit_msgs/moveit_msgs/msg/detail/robot_trajectory__struct.hpp
[2.199s] -- Up-to-date: /home/habibahassan/project/install/moveit_msgs/include/moveit_msgs/moveit_msgs/msg/detail/motion_plan_response__type_support.hpp
[2.199s] -- Up-to-date: /home/habibahassan/project/install/moveit_msgs/include/moveit_msgs/moveit_msgs/msg/detail/collision_object__traits.hpp
[2.199s] -- Up-to-date: /home/habibahassan/project/install/moveit_msgs/include/moveit_msgs/moveit_msgs/msg/detail/planning_scene_world__struct.hpp
[2.199s] -- Up-to-date: /home/habibahassan/project/install/moveit_msgs/include/moveit_msgs/moveit_msgs/msg/detail/allowed_collision_matrix__builder.hpp
[2.199s] -- Up-to-date: /home/habibahassan/project/install/moveit_msgs/include/moveit_msgs/moveit_msgs/msg/detail/orientation_constraint__struct.hpp
[2.199s] -- Up-to-date: /home/habibahassan/project/install/moveit_msgs/include/moveit_msgs/moveit_msgs/msg/detail/robot_state__builder.hpp
[2.199s] -- Up-to-date: /home/habibahassan/project/install/moveit_msgs/include/moveit_msgs/moveit_msgs/msg/detail/oriented_bounding_box__builder.hpp
[2.199s] -- Up-to-date: /home/habibahassan/project/install/moveit_msgs/include/moveit_msgs/moveit_msgs/msg/detail/link_scale__type_support.hpp
[2.200s] -- Up-to-date: /home/habibahassan/project/install/moveit_msgs/include/moveit_msgs/moveit_msgs/msg/detail/planning_scene__type_support.hpp
[2.200s] -- Up-to-date: /home/habibahassan/project/install/moveit_msgs/include/moveit_msgs/moveit_msgs/msg/detail/attached_collision_object__traits.hpp
[2.200s] -- Up-to-date: /home/habibahassan/project/install/moveit_msgs/include/moveit_msgs/moveit_msgs/msg/detail/planning_scene_components__traits.hpp
[2.200s] -- Up-to-date: /home/habibahassan/project/install/moveit_msgs/include/moveit_msgs/moveit_msgs/msg/detail/cartesian_trajectory__traits.hpp
[2.217s] -- Up-to-date: /home/habibahassan/project/install/moveit_msgs/include/moveit_msgs/moveit_msgs/msg/detail/cartesian_trajectory_point__type_support.hpp
[2.217s] -- Up-to-date: /home/habibahassan/project/install/moveit_msgs/include/moveit_msgs/moveit_msgs/msg/detail/motion_plan_request__type_support.hpp
[2.217s] -- Up-to-date: /home/habibahassan/project/install/moveit_msgs/include/moveit_msgs/moveit_msgs/msg/detail/oriented_bounding_box__traits.hpp
[2.217s] -- Up-to-date: /home/habibahassan/project/install/moveit_msgs/include/moveit_msgs/moveit_msgs/msg/detail/motion_plan_detailed_response__type_support.hpp
[2.217s] -- Up-to-date: /home/habibahassan/project/install/moveit_msgs/include/moveit_msgs/moveit_msgs/msg/detail/trajectory_constraints__type_support.hpp
[2.217s] -- Up-to-date: /home/habibahassan/project/install/moveit_msgs/include/moveit_msgs/moveit_msgs/msg/detail/move_it_error_codes__traits.hpp
[2.217s] -- Up-to-date: /home/habibahassan/project/install/moveit_msgs/include/moveit_msgs/moveit_msgs/msg/detail/cost_source__traits.hpp
[2.217s] -- Up-to-date: /home/habibahassan/project/install/moveit_msgs/include/moveit_msgs/moveit_msgs/msg/detail/generic_trajectory__builder.hpp
[2.217s] -- Up-to-date: /home/habibahassan/project/install/moveit_msgs/include/moveit_msgs/moveit_msgs/msg/detail/allowed_collision_matrix__type_support.hpp
[2.217s] -- Up-to-date: /home/habibahassan/project/install/moveit_msgs/include/moveit_msgs/moveit_msgs/msg/detail/planner_params__builder.hpp
[2.218s] -- Up-to-date: /home/habibahassan/project/install/moveit_msgs/include/moveit_msgs/moveit_msgs/msg/detail/contact_information__type_support.hpp
[2.218s] -- Up-to-date: /home/habibahassan/project/install/moveit_msgs/include/moveit_msgs/moveit_msgs/msg/detail/position_constraint__type_support.hpp
[2.218s] -- Up-to-date: /home/habibahassan/project/install/moveit_msgs/include/moveit_msgs/moveit_msgs/msg/detail/cartesian_trajectory_point__traits.hpp
[2.218s] -- Up-to-date: /home/habibahassan/project/install/moveit_msgs/include/moveit_msgs/moveit_msgs/msg/detail/trajectory_constraints__traits.hpp
[2.218s] -- Up-to-date: /home/habibahassan/project/install/moveit_msgs/include/moveit_msgs/moveit_msgs/msg/detail/grasp__builder.hpp
[2.218s] -- Up-to-date: /home/habibahassan/project/install/moveit_msgs/include/moveit_msgs/moveit_msgs/msg/detail/constraint_eval_result__type_support.hpp
[2.218s] -- Up-to-date: /home/habibahassan/project/install/moveit_msgs/include/moveit_msgs/moveit_msgs/msg/detail/visibility_constraint__traits.hpp
[2.219s] -- Up-to-date: /home/habibahassan/project/install/moveit_msgs/include/moveit_msgs/moveit_msgs/msg/detail/cost_source__builder.hpp
[2.219s] -- Up-to-date: /home/habibahassan/project/install/moveit_msgs/include/moveit_msgs/moveit_msgs/msg/detail/collision_object__type_support.hpp
[2.219s] -- Up-to-date: /home/habibahassan/project/install/moveit_msgs/include/moveit_msgs/moveit_msgs/msg/detail/visibility_constraint__type_support.hpp
[2.251s] -- Up-to-date: /home/habibahassan/project/install/moveit_msgs/include/moveit_msgs/moveit_msgs/msg/detail/link_scale__traits.hpp
[2.252s] -- Up-to-date: /home/habibahassan/project/install/moveit_msgs/include/moveit_msgs/moveit_msgs/msg/detail/move_it_error_codes__struct.hpp
[2.252s] -- Up-to-date: /home/habibahassan/project/install/moveit_msgs/include/moveit_msgs/moveit_msgs/msg/detail/display_robot_state__struct.hpp
[2.252s] -- Up-to-date: /home/habibahassan/project/install/moveit_msgs/include/moveit_msgs/moveit_msgs/msg/detail/motion_plan_detailed_response__struct.hpp
[2.252s] -- Up-to-date: /home/habibahassan/project/install/moveit_msgs/include/moveit_msgs/moveit_msgs/msg/detail/motion_sequence_response__type_support.hpp
[2.252s] -- Up-to-date: /home/habibahassan/project/install/moveit_msgs/include/moveit_msgs/moveit_msgs/msg/detail/planning_scene_components__struct.hpp
[2.252s] -- Up-to-date: /home/habibahassan/project/install/moveit_msgs/include/moveit_msgs/moveit_msgs/msg/detail/allowed_collision_entry__traits.hpp
[2.252s] -- Up-to-date: /home/habibahassan/project/install/moveit_msgs/include/moveit_msgs/moveit_msgs/msg/detail/constraints__builder.hpp
[2.253s] -- Up-to-date: /home/habibahassan/project/install/moveit_msgs/include/moveit_msgs/moveit_msgs/msg/detail/display_robot_state__builder.hpp
[2.253s] -- Up-to-date: /home/habibahassan/project/install/moveit_msgs/include/moveit_msgs/moveit_msgs/msg/detail/contact_information__builder.hpp
[2.253s] -- Up-to-date: /home/habibahassan/project/install/moveit_msgs/include/moveit_msgs/moveit_msgs/msg/detail/motion_sequence_item__builder.hpp
[2.253s] -- Up-to-date: /home/habibahassan/project/install/moveit_msgs/include/moveit_msgs/moveit_msgs/msg/detail/display_robot_state__traits.hpp
[2.253s] -- Up-to-date: /home/habibahassan/project/install/moveit_msgs/include/moveit_msgs/moveit_msgs/msg/detail/place_location__traits.hpp
[2.253s] -- Up-to-date: /home/habibahassan/project/install/moveit_msgs/include/moveit_msgs/moveit_msgs/msg/detail/planning_scene_world__traits.hpp
[2.254s] -- Up-to-date: /home/habibahassan/project/install/moveit_msgs/include/moveit_msgs/moveit_msgs/msg/detail/motion_plan_response__traits.hpp
[2.254s] -- Up-to-date: /home/habibahassan/project/install/moveit_msgs/include/moveit_msgs/moveit_msgs/msg/detail/display_trajectory__type_support.hpp
[2.254s] -- Up-to-date: /home/habibahassan/project/install/moveit_msgs/include/moveit_msgs/moveit_msgs/msg/detail/position_constraint__builder.hpp
[2.254s] -- Up-to-date: /home/habibahassan/project/install/moveit_msgs/include/moveit_msgs/moveit_msgs/msg/detail/bounding_volume__type_support.hpp
[2.254s] -- Up-to-date: /home/habibahassan/project/install/moveit_msgs/include/moveit_msgs/moveit_msgs/msg/detail/display_robot_state__type_support.hpp
[2.255s] -- Up-to-date: /home/habibahassan/project/install/moveit_msgs/include/moveit_msgs/moveit_msgs/msg/detail/place_location__struct.hpp
[2.255s] -- Up-to-date: /home/habibahassan/project/install/moveit_msgs/include/moveit_msgs/moveit_msgs/msg/detail/position_constraint__traits.hpp
[2.255s] -- Up-to-date: /home/habibahassan/project/install/moveit_msgs/include/moveit_msgs/moveit_msgs/msg/detail/planning_scene_components__type_support.hpp
[2.255s] -- Up-to-date: /home/habibahassan/project/install/moveit_msgs/include/moveit_msgs/moveit_msgs/msg/detail/kinematic_solver_info__type_support.hpp
[2.255s] -- Up-to-date: /home/habibahassan/project/install/moveit_msgs/include/moveit_msgs/moveit_msgs/msg/detail/contact_information__traits.hpp
[2.255s] -- Up-to-date: /home/habibahassan/project/install/moveit_msgs/include/moveit_msgs/moveit_msgs/msg/detail/allowed_collision_matrix__traits.hpp
[2.255s] -- Up-to-date: /home/habibahassan/project/install/moveit_msgs/include/moveit_msgs/moveit_msgs/msg/detail/cartesian_trajectory_point__builder.hpp
[2.255s] -- Up-to-date: /home/habibahassan/project/install/moveit_msgs/include/moveit_msgs/moveit_msgs/msg/detail/workspace_parameters__builder.hpp
[2.255s] -- Up-to-date: /home/habibahassan/project/install/moveit_msgs/include/moveit_msgs/moveit_msgs/msg/detail/link_scale__builder.hpp
[2.255s] -- Up-to-date: /home/habibahassan/project/install/moveit_msgs/include/moveit_msgs/moveit_msgs/msg/detail/object_color__builder.hpp
[2.256s] -- Up-to-date: /home/habibahassan/project/install/moveit_msgs/include/moveit_msgs/moveit_msgs/msg/detail/pipeline_state__struct.hpp
[2.256s] -- Up-to-date: /home/habibahassan/project/install/moveit_msgs/include/moveit_msgs/moveit_msgs/msg/detail/cartesian_point__struct.hpp
[2.256s] -- Up-to-date: /home/habibahassan/project/install/moveit_msgs/include/moveit_msgs/moveit_msgs/msg/detail/bounding_volume__struct.hpp
[2.256s] -- Up-to-date: /home/habibahassan/project/install/moveit_msgs/include/moveit_msgs/moveit_msgs/msg/detail/planning_scene__struct.hpp
[2.256s] -- Up-to-date: /home/habibahassan/project/install/moveit_msgs/include/moveit_msgs/moveit_msgs/msg/detail/servo_status__type_support.hpp
[2.256s] -- Up-to-date: /home/habibahassan/project/install/moveit_msgs/include/moveit_msgs/moveit_msgs/msg/detail/cost_source__type_support.hpp
[2.256s] -- Up-to-date: /home/habibahassan/project/install/moveit_msgs/include/moveit_msgs/moveit_msgs/msg/detail/planning_options__struct.hpp
[2.256s] -- Up-to-date: /home/habibahassan/project/install/moveit_msgs/include/moveit_msgs/moveit_msgs/msg/detail/display_trajectory__struct.hpp
[2.256s] -- Up-to-date: /home/habibahassan/project/install/moveit_msgs/include/moveit_msgs/moveit_msgs/msg/detail/motion_plan_request__traits.hpp
[2.257s] -- Up-to-date: /home/habibahassan/project/install/moveit_msgs/include/moveit_msgs/moveit_msgs/msg/detail/attached_collision_object__struct.hpp
[2.260s] -- Up-to-date: /home/habibahassan/project/install/moveit_msgs/include/moveit_msgs/moveit_msgs/msg/detail/cartesian_point__type_support.hpp
[2.268s] -- Up-to-date: /home/habibahassan/project/install/moveit_msgs/include/moveit_msgs/moveit_msgs/msg/detail/joint_constraint__traits.hpp
[2.268s] -- Up-to-date: /home/habibahassan/project/install/moveit_msgs/include/moveit_msgs/moveit_msgs/msg/detail/gripper_translation__traits.hpp
[2.268s] -- Up-to-date: /home/habibahassan/project/install/moveit_msgs/include/moveit_msgs/moveit_msgs/msg/detail/collision_object__struct.hpp
[2.268s] -- Up-to-date: /home/habibahassan/project/install/moveit_msgs/include/moveit_msgs/moveit_msgs/msg/detail/motion_plan_response__builder.hpp
[2.268s] -- Up-to-date: /home/habibahassan/project/install/moveit_msgs/include/moveit_msgs/moveit_msgs/msg/detail/position_ik_request__struct.hpp
[2.268s] -- Up-to-date: /home/habibahassan/project/install/moveit_msgs/include/moveit_msgs/moveit_msgs/msg/detail/grasp__traits.hpp
[2.269s] -- Up-to-date: /home/habibahassan/project/install/moveit_msgs/include/moveit_msgs/moveit_msgs/msg/detail/pipeline_state__type_support.hpp
[2.269s] -- Up-to-date: /home/habibahassan/project/install/moveit_msgs/include/moveit_msgs/moveit_msgs/msg/detail/bounding_volume__builder.hpp
[2.269s] -- Up-to-date: /home/habibahassan/project/install/moveit_msgs/include/moveit_msgs/moveit_msgs/msg/detail/workspace_parameters__struct.hpp
[2.269s] -- Up-to-date: /home/habibahassan/project/install/moveit_msgs/include/moveit_msgs/moveit_msgs/msg/detail/cartesian_trajectory_point__struct.hpp
[2.269s] -- Up-to-date: /home/habibahassan/project/install/moveit_msgs/include/moveit_msgs/moveit_msgs/msg/detail/cartesian_point__traits.hpp
[2.269s] -- Up-to-date: /home/habibahassan/project/install/moveit_msgs/include/moveit_msgs/moveit_msgs/msg/detail/motion_sequence_item__struct.hpp
[2.269s] -- Up-to-date: /home/habibahassan/project/install/moveit_msgs/include/moveit_msgs/moveit_msgs/msg/detail/pipeline_state__traits.hpp
[2.274s] -- Up-to-date: /home/habibahassan/project/install/moveit_msgs/include/moveit_msgs/moveit_msgs/msg/detail/planner_params__struct.hpp
[2.274s] -- Up-to-date: /home/habibahassan/project/install/moveit_msgs/include/moveit_msgs/moveit_msgs/msg/detail/constraints__struct.hpp
[2.274s] -- Up-to-date: /home/habibahassan/project/install/moveit_msgs/include/moveit_msgs/moveit_msgs/msg/detail/servo_status__struct.hpp
[2.274s] -- Up-to-date: /home/habibahassan/project/install/moveit_msgs/include/moveit_msgs/moveit_msgs/msg/detail/planning_scene_world__type_support.hpp
[2.274s] -- Up-to-date: /home/habibahassan/project/install/moveit_msgs/include/moveit_msgs/moveit_msgs/msg/detail/allowed_collision_entry__struct.hpp
[2.274s] -- Up-to-date: /home/habibahassan/project/install/moveit_msgs/include/moveit_msgs/moveit_msgs/msg/detail/constraints__type_support.hpp
[2.274s] -- Up-to-date: /home/habibahassan/project/install/moveit_msgs/include/moveit_msgs/moveit_msgs/msg/detail/bounding_volume__traits.hpp
[2.274s] -- Up-to-date: /home/habibahassan/project/install/moveit_msgs/include/moveit_msgs/moveit_msgs/msg/detail/allowed_collision_entry__builder.hpp
[2.274s] -- Up-to-date: /home/habibahassan/project/install/moveit_msgs/include/moveit_msgs/moveit_msgs/msg/detail/motion_plan_detailed_response__builder.hpp
[2.274s] -- Up-to-date: /home/habibahassan/project/install/moveit_msgs/include/moveit_msgs/moveit_msgs/msg/detail/object_color__struct.hpp
[2.275s] -- Up-to-date: /home/habibahassan/project/install/moveit_msgs/include/moveit_msgs/moveit_msgs/msg/detail/position_constraint__struct.hpp
[2.275s] -- Up-to-date: /home/habibahassan/project/install/moveit_msgs/include/moveit_msgs/moveit_msgs/msg/detail/motion_plan_request__struct.hpp
[2.275s] -- Up-to-date: /home/habibahassan/project/install/moveit_msgs/include/moveit_msgs/moveit_msgs/msg/detail/servo_status__builder.hpp
[2.275s] -- Up-to-date: /home/habibahassan/project/install/moveit_msgs/include/moveit_msgs/moveit_msgs/msg/detail/planner_params__traits.hpp
[2.275s] -- Up-to-date: /home/habibahassan/project/install/moveit_msgs/include/moveit_msgs/moveit_msgs/msg/detail/constraints__traits.hpp
[2.275s] -- Up-to-date: /home/habibahassan/project/install/moveit_msgs/include/moveit_msgs/moveit_msgs/msg/detail/generic_trajectory__struct.hpp
[2.275s] -- Up-to-date: /home/habibahassan/project/install/moveit_msgs/include/moveit_msgs/moveit_msgs/msg/detail/kinematic_solver_info__struct.hpp
[2.275s] -- Up-to-date: /home/habibahassan/project/install/moveit_msgs/include/moveit_msgs/moveit_msgs/msg/detail/joint_limits__traits.hpp
[2.275s] -- Up-to-date: /home/habibahassan/project/install/moveit_msgs/include/moveit_msgs/moveit_msgs/msg/detail/joint_constraint__type_support.hpp
[2.275s] -- Up-to-date: /home/habibahassan/project/install/moveit_msgs/include/moveit_msgs/moveit_msgs/msg/detail/orientation_constraint__type_support.hpp
[2.276s] -- Up-to-date: /home/habibahassan/project/install/moveit_msgs/include/moveit_msgs/moveit_msgs/msg/detail/motion_plan_response__struct.hpp
[2.276s] -- Up-to-date: /home/habibahassan/project/install/moveit_msgs/include/moveit_msgs/moveit_msgs/msg/detail/link_padding__type_support.hpp
[2.276s] -- Up-to-date: /home/habibahassan/project/install/moveit_msgs/include/moveit_msgs/moveit_msgs/msg/detail/allowed_collision_matrix__struct.hpp
[2.276s] -- Up-to-date: /home/habibahassan/project/install/moveit_msgs/include/moveit_msgs/moveit_msgs/msg/detail/kinematic_solver_info__traits.hpp
[2.276s] -- Up-to-date: /home/habibahassan/project/install/moveit_msgs/include/moveit_msgs/moveit_msgs/msg/detail/attached_collision_object__builder.hpp
[2.276s] -- Up-to-date: /home/habibahassan/project/install/moveit_msgs/include/moveit_msgs/moveit_msgs/msg/detail/workspace_parameters__traits.hpp
[2.276s] -- Up-to-date: /home/habibahassan/project/install/moveit_msgs/include/moveit_msgs/moveit_msgs/msg/detail/move_it_error_codes__type_support.hpp
[2.276s] -- Up-to-date: /home/habibahassan/project/install/moveit_msgs/include/moveit_msgs/moveit_msgs/msg/detail/robot_trajectory__traits.hpp
[2.277s] -- Up-to-date: /home/habibahassan/project/install/moveit_msgs/include/moveit_msgs/moveit_msgs/msg/detail/gripper_translation__type_support.hpp
[2.278s] -- Up-to-date: /home/habibahassan/project/install/moveit_msgs/include/moveit_msgs/moveit_msgs/msg/detail/oriented_bounding_box__struct.hpp
[2.278s] -- Up-to-date: /home/habibahassan/project/install/moveit_msgs/include/moveit_msgs/moveit_msgs/msg/detail/robot_trajectory__type_support.hpp
[2.278s] -- Up-to-date: /home/habibahassan/project/install/moveit_msgs/include/moveit_msgs/moveit_msgs/msg/detail/visibility_constraint__builder.hpp
[2.278s] -- Up-to-date: /home/habibahassan/project/install/moveit_msgs/include/moveit_msgs/moveit_msgs/msg/detail/motion_sequence_request__struct.hpp
[2.278s] -- Up-to-date: /home/habibahassan/project/install/moveit_msgs/include/moveit_msgs/moveit_msgs/msg/detail/orientation_constraint__traits.hpp
[2.284s] -- Up-to-date: /home/habibahassan/project/install/moveit_msgs/include/moveit_msgs/moveit_msgs/msg/detail/object_color__traits.hpp
[2.284s] -- Up-to-date: /home/habibahassan/project/install/moveit_msgs/include/moveit_msgs/moveit_msgs/msg/detail/planning_scene__builder.hpp
[2.284s] -- Up-to-date: /home/habibahassan/project/install/moveit_msgs/include/moveit_msgs/moveit_msgs/msg/detail/cartesian_point__builder.hpp
[2.284s] -- Up-to-date: /home/habibahassan/project/install/moveit_msgs/include/moveit_msgs/moveit_msgs/msg/detail/planner_interface_description__builder.hpp
[2.284s] -- Up-to-date: /home/habibahassan/project/install/moveit_msgs/include/moveit_msgs/moveit_msgs/msg/detail/cartesian_trajectory__builder.hpp
[2.284s] -- Up-to-date: /home/habibahassan/project/install/moveit_msgs/include/moveit_msgs/moveit_msgs/msg/detail/planning_scene_components__builder.hpp
[2.284s] -- Up-to-date: /home/habibahassan/project/install/moveit_msgs/include/moveit_msgs/moveit_msgs/msg/detail/robot_state__traits.hpp
[2.285s] -- Up-to-date: /home/habibahassan/project/install/moveit_msgs/include/moveit_msgs/moveit_msgs/msg/detail/joint_constraint__struct.hpp
[2.285s] -- Up-to-date: /home/habibahassan/project/install/moveit_msgs/include/moveit_msgs/moveit_msgs/msg/detail/planning_options__builder.hpp
[2.285s] -- Up-to-date: /home/habibahassan/project/install/moveit_msgs/include/moveit_msgs/moveit_msgs/msg/detail/robot_trajectory__builder.hpp
[2.285s] -- Up-to-date: /home/habibahassan/project/install/moveit_msgs/include/moveit_msgs/moveit_msgs/msg/detail/planner_interface_description__struct.hpp
[2.285s] -- Up-to-date: /home/habibahassan/project/install/moveit_msgs/include/moveit_msgs/moveit_msgs/msg/detail/position_ik_request__type_support.hpp
[2.285s] -- Up-to-date: /home/habibahassan/project/install/moveit_msgs/include/moveit_msgs/moveit_msgs/msg/detail/joint_constraint__builder.hpp
[2.285s] -- Up-to-date: /home/habibahassan/project/install/moveit_msgs/include/moveit_msgs/moveit_msgs/msg/detail/motion_sequence_item__type_support.hpp
[2.285s] -- Up-to-date: /home/habibahassan/project/install/moveit_msgs/include/moveit_msgs/moveit_msgs/msg/detail/position_ik_request__traits.hpp
[2.286s] -- Up-to-date: /home/habibahassan/project/install/moveit_msgs/include/moveit_msgs/moveit_msgs/msg/detail/generic_trajectory__type_support.hpp
[2.286s] -- Up-to-date: /home/habibahassan/project/install/moveit_msgs/include/moveit_msgs/moveit_msgs/msg/detail/trajectory_constraints__struct.hpp
[2.286s] -- Up-to-date: /home/habibahassan/project/install/moveit_msgs/include/moveit_msgs/moveit_msgs/msg/detail/link_padding__builder.hpp
[2.286s] -- Up-to-date: /home/habibahassan/project/install/moveit_msgs/include/moveit_msgs/moveit_msgs/msg/detail/motion_sequence_request__type_support.hpp
[2.286s] -- Up-to-date: /home/habibahassan/project/install/moveit_msgs/include/moveit_msgs/moveit_msgs/msg/detail/servo_status__traits.hpp
[2.286s] -- Up-to-date: /home/habibahassan/project/install/moveit_msgs/include/moveit_msgs/moveit_msgs/msg/detail/constraint_eval_result__traits.hpp
[2.286s] -- Up-to-date: /home/habibahassan/project/install/moveit_msgs/include/moveit_msgs/moveit_msgs/msg/detail/visibility_constraint__struct.hpp
[2.286s] -- Up-to-date: /home/habibahassan/project/install/moveit_msgs/include/moveit_msgs/moveit_msgs/msg/detail/constraint_eval_result__struct.hpp
[2.287s] -- Up-to-date: /home/habibahassan/project/install/moveit_msgs/include/moveit_msgs/moveit_msgs/msg/detail/motion_sequence_response__traits.hpp
[2.287s] -- Up-to-date: /home/habibahassan/project/install/moveit_msgs/include/moveit_msgs/moveit_msgs/msg/detail/motion_sequence_item__traits.hpp
[2.287s] -- Up-to-date: /home/habibahassan/project/install/moveit_msgs/include/moveit_msgs/moveit_msgs/msg/detail/place_location__type_support.hpp
[2.287s] -- Up-to-date: /home/habibahassan/project/install/moveit_msgs/include/moveit_msgs/moveit_msgs/msg/detail/motion_sequence_response__struct.hpp
[2.287s] -- Up-to-date: /home/habibahassan/project/install/moveit_msgs/include/moveit_msgs/moveit_msgs/msg/detail/gripper_translation__struct.hpp
[2.287s] -- Up-to-date: /home/habibahassan/project/install/moveit_msgs/include/moveit_msgs/moveit_msgs/msg/detail/pipeline_state__builder.hpp
[2.287s] -- Up-to-date: /home/habibahassan/project/install/moveit_msgs/include/moveit_msgs/moveit_msgs/msg/detail/link_scale__struct.hpp
[2.288s] -- Up-to-date: /home/habibahassan/project/install/moveit_msgs/include/moveit_msgs/moveit_msgs/msg/detail/oriented_bounding_box__type_support.hpp
[2.288s] -- Up-to-date: /home/habibahassan/project/install/moveit_msgs/include/moveit_msgs/moveit_msgs/msg/detail/cartesian_trajectory__struct.hpp
[2.288s] -- Up-to-date: /home/habibahassan/project/install/moveit_msgs/include/moveit_msgs/moveit_msgs/msg/detail/cost_source__struct.hpp
[2.288s] -- Up-to-date: /home/habibahassan/project/install/moveit_msgs/include/moveit_msgs/moveit_msgs/msg/detail/contact_information__struct.hpp
[2.288s] -- Up-to-date: /home/habibahassan/project/install/moveit_msgs/include/moveit_msgs/moveit_msgs/msg/detail/attached_collision_object__type_support.hpp
[2.288s] -- Up-to-date: /home/habibahassan/project/install/moveit_msgs/include/moveit_msgs/moveit_msgs/msg/detail/kinematic_solver_info__builder.hpp
[2.288s] -- Up-to-date: /home/habibahassan/project/install/moveit_msgs/include/moveit_msgs/moveit_msgs/msg/detail/motion_sequence_response__builder.hpp
[2.289s] -- Up-to-date: /home/habibahassan/project/install/moveit_msgs/include/moveit_msgs/moveit_msgs/msg/oriented_bounding_box.hpp
[2.289s] -- Up-to-date: /home/habibahassan/project/install/moveit_msgs/include/moveit_msgs/moveit_msgs/msg/workspace_parameters.hpp
[2.289s] -- Up-to-date: /home/habibahassan/project/install/moveit_msgs/include/moveit_msgs/moveit_msgs/msg/planning_scene_world.hpp
[2.296s] -- Up-to-date: /home/habibahassan/project/install/moveit_msgs/include/moveit_msgs/moveit_msgs/msg/motion_plan_response.hpp
[2.300s] -- Up-to-date: /home/habibahassan/project/install/moveit_msgs/include/moveit_msgs/moveit_msgs/msg/allowed_collision_matrix.hpp
[2.300s] -- Up-to-date: /home/habibahassan/project/install/moveit_msgs/include/moveit_msgs/moveit_msgs/msg/pipeline_state.hpp
[2.300s] -- Up-to-date: /home/habibahassan/project/install/moveit_msgs/include/moveit_msgs/moveit_msgs/msg/trajectory_constraints.hpp
[2.300s] -- Up-to-date: /home/habibahassan/project/install/moveit_msgs/include/moveit_msgs/moveit_msgs/msg/motion_sequence_request.hpp
[2.301s] -- Up-to-date: /home/habibahassan/project/install/moveit_msgs/include/moveit_msgs/moveit_msgs/msg/robot_state.hpp
[2.301s] -- Up-to-date: /home/habibahassan/project/install/moveit_msgs/include/moveit_msgs/moveit_msgs/msg/object_color.hpp
[2.301s] -- Up-to-date: /home/habibahassan/project/install/moveit_msgs/include/moveit_msgs/moveit_msgs/msg/planning_options.hpp
[2.301s] -- Up-to-date: /home/habibahassan/project/install/moveit_msgs/include/moveit_msgs/moveit_msgs/msg/bounding_volume.hpp
[2.301s] -- Up-to-date: /home/habibahassan/project/install/moveit_msgs/include/moveit_msgs/moveit_msgs/msg/constraint_eval_result.hpp
[2.301s] -- Up-to-date: /home/habibahassan/project/install/moveit_msgs/include/moveit_msgs/moveit_msgs/msg/cartesian_trajectory.hpp
[2.301s] -- Up-to-date: /home/habibahassan/project/install/moveit_msgs/include/moveit_msgs/moveit_msgs/msg/position_constraint.hpp
[2.301s] -- Up-to-date: /home/habibahassan/project/install/moveit_msgs/include/moveit_msgs/moveit_msgs/msg/motion_plan_request.hpp
[2.302s] -- Up-to-date: /home/habibahassan/project/install/moveit_msgs/include/moveit_msgs/moveit_msgs/msg/link_padding.hpp
[2.302s] -- Up-to-date: /home/habibahassan/project/install/moveit_msgs/include/moveit_msgs/moveit_msgs/msg/motion_sequence_item.hpp
[2.302s] -- Up-to-date: /home/habibahassan/project/install/moveit_msgs/include/moveit_msgs/moveit_msgs/msg/place_location.hpp
[2.302s] -- Up-to-date: /home/habibahassan/project/install/moveit_msgs/include/moveit_msgs/moveit_msgs
[2.302s] -- Up-to-date: /home/habibahassan/project/install/moveit_msgs/include/moveit_msgs/moveit_msgs/srv
[2.302s] -- Up-to-date: /home/habibahassan/project/install/moveit_msgs/include/moveit_msgs/moveit_msgs/srv/detail
[2.302s] -- Up-to-date: /home/habibahassan/project/install/moveit_msgs/include/moveit_msgs/moveit_msgs/srv/detail/apply_planning_scene__rosidl_typesupport_fastrtps_cpp.hpp
[2.302s] -- Up-to-date: /home/habibahassan/project/install/moveit_msgs/include/moveit_msgs/moveit_msgs/srv/detail/save_geometry_to_file__rosidl_typesupport_fastrtps_cpp.hpp
[2.303s] -- Up-to-date: /home/habibahassan/project/install/moveit_msgs/include/moveit_msgs/moveit_msgs/srv/detail/check_if_robot_state_exists_in_warehouse__rosidl_typesupport_fastrtps_cpp.hpp
[2.303s] -- Up-to-date: /home/habibahassan/project/install/moveit_msgs/include/moveit_msgs/moveit_msgs/srv/detail/get_position_ik__rosidl_typesupport_fastrtps_cpp.hpp
[2.303s] -- Up-to-date: /home/habibahassan/project/install/moveit_msgs/include/moveit_msgs/moveit_msgs/srv/detail/get_cartesian_path__rosidl_typesupport_fastrtps_cpp.hpp
[2.303s] -- Up-to-date: /home/habibahassan/project/install/moveit_msgs/include/moveit_msgs/moveit_msgs/srv/detail/servo_command_type__rosidl_typesupport_fastrtps_cpp.hpp
[2.303s] -- Up-to-date: /home/habibahassan/project/install/moveit_msgs/include/moveit_msgs/moveit_msgs/srv/detail/get_group_urdf__rosidl_typesupport_fastrtps_cpp.hpp
[2.303s] -- Up-to-date: /home/habibahassan/project/install/moveit_msgs/include/moveit_msgs/moveit_msgs/srv/detail/get_motion_plan__rosidl_typesupport_fastrtps_cpp.hpp
[2.303s] -- Up-to-date: /home/habibahassan/project/install/moveit_msgs/include/moveit_msgs/moveit_msgs/srv/detail/query_planner_interfaces__rosidl_typesupport_fastrtps_cpp.hpp
[2.303s] -- Up-to-date: /home/habibahassan/project/install/moveit_msgs/include/moveit_msgs/moveit_msgs/srv/detail/get_planner_params__rosidl_typesupport_fastrtps_cpp.hpp
[2.304s] -- Up-to-date: /home/habibahassan/project/install/moveit_msgs/include/moveit_msgs/moveit_msgs/srv/detail/save_robot_state_to_warehouse__rosidl_typesupport_fastrtps_cpp.hpp
[2.304s] -- Up-to-date: /home/habibahassan/project/install/moveit_msgs/include/moveit_msgs/moveit_msgs/srv/detail/delete_robot_state_from_warehouse__rosidl_typesupport_fastrtps_cpp.hpp
[2.304s] -- Up-to-date: /home/habibahassan/project/install/moveit_msgs/include/moveit_msgs/moveit_msgs/srv/detail/get_motion_sequence__rosidl_typesupport_fastrtps_cpp.hpp
[2.304s] -- Up-to-date: /home/habibahassan/project/install/moveit_msgs/include/moveit_msgs/moveit_msgs/srv/detail/load_map__rosidl_typesupport_fastrtps_cpp.hpp
[2.304s] -- Up-to-date: /home/habibahassan/project/install/moveit_msgs/include/moveit_msgs/moveit_msgs/srv/detail/get_state_validity__rosidl_typesupport_fastrtps_cpp.hpp
[2.304s] -- Up-to-date: /home/habibahassan/project/install/moveit_msgs/include/moveit_msgs/moveit_msgs/srv/detail/save_map__rosidl_typesupport_fastrtps_cpp.hpp
[2.304s] -- Up-to-date: /home/habibahassan/project/install/moveit_msgs/include/moveit_msgs/moveit_msgs/srv/detail/update_pointcloud_octomap__rosidl_typesupport_fastrtps_cpp.hpp
[2.304s] -- Up-to-date: /home/habibahassan/project/install/moveit_msgs/include/moveit_msgs/moveit_msgs/srv/detail/load_geometry_from_file__rosidl_typesupport_fastrtps_cpp.hpp
[2.305s] -- Up-to-date: /home/habibahassan/project/install/moveit_msgs/include/moveit_msgs/moveit_msgs/srv/detail/get_position_fk__rosidl_typesupport_fastrtps_cpp.hpp
[2.305s] -- Up-to-date: /home/habibahassan/project/install/moveit_msgs/include/moveit_msgs/moveit_msgs/srv/detail/grasp_planning__rosidl_typesupport_fastrtps_cpp.hpp
[2.305s] -- Up-to-date: /home/habibahassan/project/install/moveit_msgs/include/moveit_msgs/moveit_msgs/srv/detail/set_planner_params__rosidl_typesupport_fastrtps_cpp.hpp
[2.305s] -- Up-to-date: /home/habibahassan/project/install/moveit_msgs/include/moveit_msgs/moveit_msgs/srv/detail/list_robot_states_in_warehouse__rosidl_typesupport_fastrtps_cpp.hpp
[2.347s] -- Up-to-date: /home/habibahassan/project/install/moveit_msgs/include/moveit_msgs/moveit_msgs/srv/detail/get_robot_state_from_warehouse__rosidl_typesupport_fastrtps_cpp.hpp
[2.347s] -- Up-to-date: /home/habibahassan/project/install/moveit_msgs/include/moveit_msgs/moveit_msgs/srv/detail/get_planning_scene__rosidl_typesupport_fastrtps_cpp.hpp
[2.348s] -- Up-to-date: /home/habibahassan/project/install/moveit_msgs/include/moveit_msgs/moveit_msgs/srv/detail/dds_fastrtps
[2.348s] -- Up-to-date: /home/habibahassan/project/install/moveit_msgs/include/moveit_msgs/moveit_msgs/srv/detail/rename_robot_state_in_warehouse__rosidl_typesupport_fastrtps_cpp.hpp
[2.348s] -- Up-to-date: /home/habibahassan/project/install/moveit_msgs/include/moveit_msgs/moveit_msgs/action
[2.348s] -- Up-to-date: /home/habibahassan/project/install/moveit_msgs/include/moveit_msgs/moveit_msgs/action/detail
[2.348s] -- Up-to-date: /home/habibahassan/project/install/moveit_msgs/include/moveit_msgs/moveit_msgs/action/detail/execute_trajectory__rosidl_typesupport_fastrtps_cpp.hpp
[2.348s] -- Up-to-date: /home/habibahassan/project/install/moveit_msgs/include/moveit_msgs/moveit_msgs/action/detail/local_planner__rosidl_typesupport_fastrtps_cpp.hpp
[2.348s] -- Up-to-date: /home/habibahassan/project/install/moveit_msgs/include/moveit_msgs/moveit_msgs/action/detail/move_group__rosidl_typesupport_fastrtps_cpp.hpp
[2.349s] -- Up-to-date: /home/habibahassan/project/install/moveit_msgs/include/moveit_msgs/moveit_msgs/action/detail/move_group_sequence__rosidl_typesupport_fastrtps_cpp.hpp
[2.349s] -- Up-to-date: /home/habibahassan/project/install/moveit_msgs/include/moveit_msgs/moveit_msgs/action/detail/place__rosidl_typesupport_fastrtps_cpp.hpp
[2.349s] -- Up-to-date: /home/habibahassan/project/install/moveit_msgs/include/moveit_msgs/moveit_msgs/action/detail/hybrid_planner__rosidl_typesupport_fastrtps_cpp.hpp
[2.349s] -- Up-to-date: /home/habibahassan/project/install/moveit_msgs/include/moveit_msgs/moveit_msgs/action/detail/global_planner__rosidl_typesupport_fastrtps_cpp.hpp
[2.349s] -- Up-to-date: /home/habibahassan/project/install/moveit_msgs/include/moveit_msgs/moveit_msgs/action/detail/pickup__rosidl_typesupport_fastrtps_cpp.hpp
[2.349s] -- Up-to-date: /home/habibahassan/project/install/moveit_msgs/include/moveit_msgs/moveit_msgs/action/detail/dds_fastrtps
[2.349s] -- Up-to-date: /home/habibahassan/project/install/moveit_msgs/include/moveit_msgs/moveit_msgs/msg
[2.349s] -- Up-to-date: /home/habibahassan/project/install/moveit_msgs/include/moveit_msgs/moveit_msgs/msg/rosidl_typesupport_fastrtps_cpp__visibility_control.h
[2.350s] -- Up-to-date: /home/habibahassan/project/install/moveit_msgs/include/moveit_msgs/moveit_msgs/msg/detail
[2.350s] -- Up-to-date: /home/habibahassan/project/install/moveit_msgs/include/moveit_msgs/moveit_msgs/msg/detail/bounding_volume__rosidl_typesupport_fastrtps_cpp.hpp
[2.350s] -- Up-to-date: /home/habibahassan/project/install/moveit_msgs/include/moveit_msgs/moveit_msgs/msg/detail/joint_limits__rosidl_typesupport_fastrtps_cpp.hpp
[2.350s] -- Up-to-date: /home/habibahassan/project/install/moveit_msgs/include/moveit_msgs/moveit_msgs/msg/detail/place_location__rosidl_typesupport_fastrtps_cpp.hpp
[2.350s] -- Up-to-date: /home/habibahassan/project/install/moveit_msgs/include/moveit_msgs/moveit_msgs/msg/detail/object_color__rosidl_typesupport_fastrtps_cpp.hpp
[2.350s] -- Up-to-date: /home/habibahassan/project/install/moveit_msgs/include/moveit_msgs/moveit_msgs/msg/detail/joint_constraint__rosidl_typesupport_fastrtps_cpp.hpp
[2.350s] -- Up-to-date: /home/habibahassan/project/install/moveit_msgs/include/moveit_msgs/moveit_msgs/msg/detail/constraint_eval_result__rosidl_typesupport_fastrtps_cpp.hpp
[2.351s] -- Up-to-date: /home/habibahassan/project/install/moveit_msgs/include/moveit_msgs/moveit_msgs/msg/detail/display_trajectory__rosidl_typesupport_fastrtps_cpp.hpp
[2.362s] -- Up-to-date: /home/habibahassan/project/install/moveit_msgs/include/moveit_msgs/moveit_msgs/msg/detail/visibility_constraint__rosidl_typesupport_fastrtps_cpp.hpp
[2.368s] -- Up-to-date: /home/habibahassan/project/install/moveit_msgs/include/moveit_msgs/moveit_msgs/msg/detail/allowed_collision_matrix__rosidl_typesupport_fastrtps_cpp.hpp
[2.369s] -- Up-to-date: /home/habibahassan/project/install/moveit_msgs/include/moveit_msgs/moveit_msgs/msg/detail/motion_plan_request__rosidl_typesupport_fastrtps_cpp.hpp
[2.369s] -- Up-to-date: /home/habibahassan/project/install/moveit_msgs/include/moveit_msgs/moveit_msgs/msg/detail/move_it_error_codes__rosidl_typesupport_fastrtps_cpp.hpp
[2.369s] -- Up-to-date: /home/habibahassan/project/install/moveit_msgs/include/moveit_msgs/moveit_msgs/msg/detail/motion_plan_response__rosidl_typesupport_fastrtps_cpp.hpp
[2.369s] -- Up-to-date: /home/habibahassan/project/install/moveit_msgs/include/moveit_msgs/moveit_msgs/msg/detail/planning_scene_world__rosidl_typesupport_fastrtps_cpp.hpp
[2.369s] -- Up-to-date: /home/habibahassan/project/install/moveit_msgs/include/moveit_msgs/moveit_msgs/msg/detail/robot_state__rosidl_typesupport_fastrtps_cpp.hpp
[2.369s] -- Up-to-date: /home/habibahassan/project/install/moveit_msgs/include/moveit_msgs/moveit_msgs/msg/detail/planning_scene__rosidl_typesupport_fastrtps_cpp.hpp
[2.369s] -- Up-to-date: /home/habibahassan/project/install/moveit_msgs/include/moveit_msgs/moveit_msgs/msg/detail/constraints__rosidl_typesupport_fastrtps_cpp.hpp
[2.369s] -- Up-to-date: /home/habibahassan/project/install/moveit_msgs/include/moveit_msgs/moveit_msgs/msg/detail/grasp__rosidl_typesupport_fastrtps_cpp.hpp
[2.370s] -- Up-to-date: /home/habibahassan/project/install/moveit_msgs/include/moveit_msgs/moveit_msgs/msg/detail/position_ik_request__rosidl_typesupport_fastrtps_cpp.hpp
[2.370s] -- Up-to-date: /home/habibahassan/project/install/moveit_msgs/include/moveit_msgs/moveit_msgs/msg/detail/position_constraint__rosidl_typesupport_fastrtps_cpp.hpp
[2.370s] -- Up-to-date: /home/habibahassan/project/install/moveit_msgs/include/moveit_msgs/moveit_msgs/msg/detail/planner_params__rosidl_typesupport_fastrtps_cpp.hpp
[2.370s] -- Up-to-date: /home/habibahassan/project/install/moveit_msgs/include/moveit_msgs/moveit_msgs/msg/detail/allowed_collision_entry__rosidl_typesupport_fastrtps_cpp.hpp
[2.370s] -- Up-to-date: /home/habibahassan/project/install/moveit_msgs/include/moveit_msgs/moveit_msgs/msg/detail/trajectory_constraints__rosidl_typesupport_fastrtps_cpp.hpp
[2.370s] -- Up-to-date: /home/habibahassan/project/install/moveit_msgs/include/moveit_msgs/moveit_msgs/msg/detail/orientation_constraint__rosidl_typesupport_fastrtps_cpp.hpp
[2.370s] -- Up-to-date: /home/habibahassan/project/install/moveit_msgs/include/moveit_msgs/moveit_msgs/msg/detail/planning_scene_components__rosidl_typesupport_fastrtps_cpp.hpp
[2.370s] -- Up-to-date: /home/habibahassan/project/install/moveit_msgs/include/moveit_msgs/moveit_msgs/msg/detail/gripper_translation__rosidl_typesupport_fastrtps_cpp.hpp
[2.371s] -- Up-to-date: /home/habibahassan/project/install/moveit_msgs/include/moveit_msgs/moveit_msgs/msg/detail/workspace_parameters__rosidl_typesupport_fastrtps_cpp.hpp
[2.371s] -- Up-to-date: /home/habibahassan/project/install/moveit_msgs/include/moveit_msgs/moveit_msgs/msg/detail/contact_information__rosidl_typesupport_fastrtps_cpp.hpp
[2.371s] -- Up-to-date: /home/habibahassan/project/install/moveit_msgs/include/moveit_msgs/moveit_msgs/msg/detail/planning_options__rosidl_typesupport_fastrtps_cpp.hpp
[2.371s] -- Up-to-date: /home/habibahassan/project/install/moveit_msgs/include/moveit_msgs/moveit_msgs/msg/detail/generic_trajectory__rosidl_typesupport_fastrtps_cpp.hpp
[2.371s] -- Up-to-date: /home/habibahassan/project/install/moveit_msgs/include/moveit_msgs/moveit_msgs/msg/detail/oriented_bounding_box__rosidl_typesupport_fastrtps_cpp.hpp
[2.371s] -- Up-to-date: /home/habibahassan/project/install/moveit_msgs/include/moveit_msgs/moveit_msgs/msg/detail/motion_sequence_response__rosidl_typesupport_fastrtps_cpp.hpp
[2.371s] -- Up-to-date: /home/habibahassan/project/install/moveit_msgs/include/moveit_msgs/moveit_msgs/msg/detail/kinematic_solver_info__rosidl_typesupport_fastrtps_cpp.hpp
[2.371s] -- Up-to-date: /home/habibahassan/project/install/moveit_msgs/include/moveit_msgs/moveit_msgs/msg/detail/cartesian_point__rosidl_typesupport_fastrtps_cpp.hpp
[2.372s] -- Up-to-date: /home/habibahassan/project/install/moveit_msgs/include/moveit_msgs/moveit_msgs/msg/detail/cost_source__rosidl_typesupport_fastrtps_cpp.hpp
[2.372s] -- Up-to-date: /home/habibahassan/project/install/moveit_msgs/include/moveit_msgs/moveit_msgs/msg/detail/display_robot_state__rosidl_typesupport_fastrtps_cpp.hpp
[2.372s] -- Up-to-date: /home/habibahassan/project/install/moveit_msgs/include/moveit_msgs/moveit_msgs/msg/detail/robot_trajectory__rosidl_typesupport_fastrtps_cpp.hpp
[2.372s] -- Up-to-date: /home/habibahassan/project/install/moveit_msgs/include/moveit_msgs/moveit_msgs/msg/detail/planner_interface_description__rosidl_typesupport_fastrtps_cpp.hpp
[2.372s] -- Up-to-date: /home/habibahassan/project/install/moveit_msgs/include/moveit_msgs/moveit_msgs/msg/detail/pipeline_state__rosidl_typesupport_fastrtps_cpp.hpp
[2.372s] -- Up-to-date: /home/habibahassan/project/install/moveit_msgs/include/moveit_msgs/moveit_msgs/msg/detail/motion_sequence_request__rosidl_typesupport_fastrtps_cpp.hpp
[2.372s] -- Up-to-date: /home/habibahassan/project/install/moveit_msgs/include/moveit_msgs/moveit_msgs/msg/detail/link_padding__rosidl_typesupport_fastrtps_cpp.hpp
[2.373s] -- Up-to-date: /home/habibahassan/project/install/moveit_msgs/include/moveit_msgs/moveit_msgs/msg/detail/cartesian_trajectory__rosidl_typesupport_fastrtps_cpp.hpp
[2.373s] -- Up-to-date: /home/habibahassan/project/install/moveit_msgs/include/moveit_msgs/moveit_msgs/msg/detail/attached_collision_object__rosidl_typesupport_fastrtps_cpp.hpp
[2.373s] -- Up-to-date: /home/habibahassan/project/install/moveit_msgs/include/moveit_msgs/moveit_msgs/msg/detail/servo_status__rosidl_typesupport_fastrtps_cpp.hpp
[2.373s] -- Up-to-date: /home/habibahassan/project/install/moveit_msgs/include/moveit_msgs/moveit_msgs/msg/detail/collision_object__rosidl_typesupport_fastrtps_cpp.hpp
[2.373s] -- Up-to-date: /home/habibahassan/project/install/moveit_msgs/include/moveit_msgs/moveit_msgs/msg/detail/link_scale__rosidl_typesupport_fastrtps_cpp.hpp
[2.373s] -- Up-to-date: /home/habibahassan/project/install/moveit_msgs/include/moveit_msgs/moveit_msgs/msg/detail/motion_plan_detailed_response__rosidl_typesupport_fastrtps_cpp.hpp
[2.373s] -- Up-to-date: /home/habibahassan/project/install/moveit_msgs/include/moveit_msgs/moveit_msgs/msg/detail/motion_sequence_item__rosidl_typesupport_fastrtps_cpp.hpp
[2.373s] -- Up-to-date: /home/habibahassan/project/install/moveit_msgs/include/moveit_msgs/moveit_msgs/msg/detail/cartesian_trajectory_point__rosidl_typesupport_fastrtps_cpp.hpp
[2.374s] -- Up-to-date: /home/habibahassan/project/install/moveit_msgs/include/moveit_msgs/moveit_msgs/msg/detail/dds_fastrtps
[2.374s] -- Up-to-date: /home/habibahassan/project/install/moveit_msgs/lib/libmoveit_msgs__rosidl_typesupport_fastrtps_cpp.so
[2.374s] -- Up-to-date: /home/habibahassan/project/install/moveit_msgs/include/moveit_msgs/moveit_msgs
[2.374s] -- Up-to-date: /home/habibahassan/project/install/moveit_msgs/include/moveit_msgs/moveit_msgs/srv
[2.374s] -- Up-to-date: /home/habibahassan/project/install/moveit_msgs/include/moveit_msgs/moveit_msgs/srv/detail
[2.374s] -- Up-to-date: /home/habibahassan/project/install/moveit_msgs/include/moveit_msgs/moveit_msgs/srv/detail/grasp_planning__type_support.cpp
[2.374s] -- Up-to-date: /home/habibahassan/project/install/moveit_msgs/include/moveit_msgs/moveit_msgs/srv/detail/get_motion_plan__type_support.cpp
[2.374s] -- Up-to-date: /home/habibahassan/project/install/moveit_msgs/include/moveit_msgs/moveit_msgs/srv/detail/grasp_planning__rosidl_typesupport_introspection_cpp.hpp
[2.375s] -- Up-to-date: /home/habibahassan/project/install/moveit_msgs/include/moveit_msgs/moveit_msgs/srv/detail/load_map__type_support.cpp
[2.375s] -- Up-to-date: /home/habibahassan/project/install/moveit_msgs/include/moveit_msgs/moveit_msgs/srv/detail/save_robot_state_to_warehouse__type_support.cpp
[2.375s] -- Up-to-date: /home/habibahassan/project/install/moveit_msgs/include/moveit_msgs/moveit_msgs/srv/detail/delete_robot_state_from_warehouse__type_support.cpp
[2.375s] -- Up-to-date: /home/habibahassan/project/install/moveit_msgs/include/moveit_msgs/moveit_msgs/srv/detail/query_planner_interfaces__rosidl_typesupport_introspection_cpp.hpp
[2.375s] -- Up-to-date: /home/habibahassan/project/install/moveit_msgs/include/moveit_msgs/moveit_msgs/srv/detail/set_planner_params__rosidl_typesupport_introspection_cpp.hpp
[2.379s] -- Up-to-date: /home/habibahassan/project/install/moveit_msgs/include/moveit_msgs/moveit_msgs/srv/detail/save_geometry_to_file__rosidl_typesupport_introspection_cpp.hpp
[2.379s] -- Up-to-date: /home/habibahassan/project/install/moveit_msgs/include/moveit_msgs/moveit_msgs/srv/detail/update_pointcloud_octomap__rosidl_typesupport_introspection_cpp.hpp
[2.379s] -- Up-to-date: /home/habibahassan/project/install/moveit_msgs/include/moveit_msgs/moveit_msgs/srv/detail/get_planning_scene__rosidl_typesupport_introspection_cpp.hpp
[2.379s] -- Up-to-date: /home/habibahassan/project/install/moveit_msgs/include/moveit_msgs/moveit_msgs/srv/detail/save_geometry_to_file__type_support.cpp
[2.379s] -- Up-to-date: /home/habibahassan/project/install/moveit_msgs/include/moveit_msgs/moveit_msgs/srv/detail/apply_planning_scene__type_support.cpp
[2.380s] -- Up-to-date: /home/habibahassan/project/install/moveit_msgs/include/moveit_msgs/moveit_msgs/srv/detail/get_motion_sequence__rosidl_typesupport_introspection_cpp.hpp
[2.380s] -- Up-to-date: /home/habibahassan/project/install/moveit_msgs/include/moveit_msgs/moveit_msgs/srv/detail/apply_planning_scene__rosidl_typesupport_introspection_cpp.hpp
[2.380s] -- Up-to-date: /home/habibahassan/project/install/moveit_msgs/include/moveit_msgs/moveit_msgs/srv/detail/check_if_robot_state_exists_in_warehouse__type_support.cpp
[2.380s] -- Up-to-date: /home/habibahassan/project/install/moveit_msgs/include/moveit_msgs/moveit_msgs/srv/detail/get_cartesian_path__rosidl_typesupport_introspection_cpp.hpp
[2.380s] -- Up-to-date: /home/habibahassan/project/install/moveit_msgs/include/moveit_msgs/moveit_msgs/srv/detail/get_motion_plan__rosidl_typesupport_introspection_cpp.hpp
[2.380s] -- Up-to-date: /home/habibahassan/project/install/moveit_msgs/include/moveit_msgs/moveit_msgs/srv/detail/list_robot_states_in_warehouse__type_support.cpp
[2.380s] -- Up-to-date: /home/habibahassan/project/install/moveit_msgs/include/moveit_msgs/moveit_msgs/srv/detail/save_robot_state_to_warehouse__rosidl_typesupport_introspection_cpp.hpp
[2.380s] -- Up-to-date: /home/habibahassan/project/install/moveit_msgs/include/moveit_msgs/moveit_msgs/srv/detail/list_robot_states_in_warehouse__rosidl_typesupport_introspection_cpp.hpp
[2.381s] -- Up-to-date: /home/habibahassan/project/install/moveit_msgs/include/moveit_msgs/moveit_msgs/srv/detail/get_position_ik__rosidl_typesupport_introspection_cpp.hpp
[2.397s] -- Up-to-date: /home/habibahassan/project/install/moveit_msgs/include/moveit_msgs/moveit_msgs/srv/detail/get_state_validity__rosidl_typesupport_introspection_cpp.hpp
[2.397s] -- Up-to-date: /home/habibahassan/project/install/moveit_msgs/include/moveit_msgs/moveit_msgs/srv/detail/get_motion_sequence__type_support.cpp
[2.397s] -- Up-to-date: /home/habibahassan/project/install/moveit_msgs/include/moveit_msgs/moveit_msgs/srv/detail/get_state_validity__type_support.cpp
[2.397s] -- Up-to-date: /home/habibahassan/project/install/moveit_msgs/include/moveit_msgs/moveit_msgs/srv/detail/rename_robot_state_in_warehouse__rosidl_typesupport_introspection_cpp.hpp
[2.397s] -- Up-to-date: /home/habibahassan/project/install/moveit_msgs/include/moveit_msgs/moveit_msgs/srv/detail/get_position_ik__type_support.cpp
[2.398s] -- Up-to-date: /home/habibahassan/project/install/moveit_msgs/include/moveit_msgs/moveit_msgs/srv/detail/get_planner_params__rosidl_typesupport_introspection_cpp.hpp
[2.398s] -- Up-to-date: /home/habibahassan/project/install/moveit_msgs/include/moveit_msgs/moveit_msgs/srv/detail/get_position_fk__type_support.cpp
[2.398s] -- Up-to-date: /home/habibahassan/project/install/moveit_msgs/include/moveit_msgs/moveit_msgs/srv/detail/servo_command_type__type_support.cpp
[2.398s] -- Up-to-date: /home/habibahassan/project/install/moveit_msgs/include/moveit_msgs/moveit_msgs/srv/detail/delete_robot_state_from_warehouse__rosidl_typesupport_introspection_cpp.hpp
[2.398s] -- Up-to-date: /home/habibahassan/project/install/moveit_msgs/include/moveit_msgs/moveit_msgs/srv/detail/get_group_urdf__rosidl_typesupport_introspection_cpp.hpp
[2.398s] -- Up-to-date: /home/habibahassan/project/install/moveit_msgs/include/moveit_msgs/moveit_msgs/srv/detail/load_geometry_from_file__rosidl_typesupport_introspection_cpp.hpp
[2.398s] -- Up-to-date: /home/habibahassan/project/install/moveit_msgs/include/moveit_msgs/moveit_msgs/srv/detail/load_map__rosidl_typesupport_introspection_cpp.hpp
[2.399s] -- Up-to-date: /home/habibahassan/project/install/moveit_msgs/include/moveit_msgs/moveit_msgs/srv/detail/get_planner_params__type_support.cpp
[2.399s] -- Up-to-date: /home/habibahassan/project/install/moveit_msgs/include/moveit_msgs/moveit_msgs/srv/detail/set_planner_params__type_support.cpp
[2.399s] -- Up-to-date: /home/habibahassan/project/install/moveit_msgs/include/moveit_msgs/moveit_msgs/srv/detail/get_group_urdf__type_support.cpp
[2.399s] -- Up-to-date: /home/habibahassan/project/install/moveit_msgs/include/moveit_msgs/moveit_msgs/srv/detail/update_pointcloud_octomap__type_support.cpp
[2.399s] -- Up-to-date: /home/habibahassan/project/install/moveit_msgs/include/moveit_msgs/moveit_msgs/srv/detail/save_map__rosidl_typesupport_introspection_cpp.hpp
[2.399s] -- Up-to-date: /home/habibahassan/project/install/moveit_msgs/include/moveit_msgs/moveit_msgs/srv/detail/get_position_fk__rosidl_typesupport_introspection_cpp.hpp
[2.400s] -- Up-to-date: /home/habibahassan/project/install/moveit_msgs/include/moveit_msgs/moveit_msgs/srv/detail/save_map__type_support.cpp
[2.400s] -- Up-to-date: /home/habibahassan/project/install/moveit_msgs/include/moveit_msgs/moveit_msgs/srv/detail/rename_robot_state_in_warehouse__type_support.cpp
[2.401s] -- Up-to-date: /home/habibahassan/project/install/moveit_msgs/include/moveit_msgs/moveit_msgs/srv/detail/servo_command_type__rosidl_typesupport_introspection_cpp.hpp
[2.405s] -- Up-to-date: /home/habibahassan/project/install/moveit_msgs/include/moveit_msgs/moveit_msgs/srv/detail/load_geometry_from_file__type_support.cpp
[2.406s] -- Up-to-date: /home/habibahassan/project/install/moveit_msgs/include/moveit_msgs/moveit_msgs/srv/detail/check_if_robot_state_exists_in_warehouse__rosidl_typesupport_introspection_cpp.hpp
[2.406s] -- Up-to-date: /home/habibahassan/project/install/moveit_msgs/include/moveit_msgs/moveit_msgs/srv/detail/get_robot_state_from_warehouse__type_support.cpp
[2.406s] -- Up-to-date: /home/habibahassan/project/install/moveit_msgs/include/moveit_msgs/moveit_msgs/srv/detail/get_cartesian_path__type_support.cpp
[2.407s] -- Up-to-date: /home/habibahassan/project/install/moveit_msgs/include/moveit_msgs/moveit_msgs/srv/detail/get_planning_scene__type_support.cpp
[2.407s] -- Up-to-date: /home/habibahassan/project/install/moveit_msgs/include/moveit_msgs/moveit_msgs/srv/detail/get_robot_state_from_warehouse__rosidl_typesupport_introspection_cpp.hpp
[2.407s] -- Up-to-date: /home/habibahassan/project/install/moveit_msgs/include/moveit_msgs/moveit_msgs/srv/detail/query_planner_interfaces__type_support.cpp
[2.407s] -- Up-to-date: /home/habibahassan/project/install/moveit_msgs/include/moveit_msgs/moveit_msgs/action
[2.407s] -- Up-to-date: /home/habibahassan/project/install/moveit_msgs/include/moveit_msgs/moveit_msgs/action/detail
[2.408s] -- Up-to-date: /home/habibahassan/project/install/moveit_msgs/include/moveit_msgs/moveit_msgs/action/detail/pickup__rosidl_typesupport_introspection_cpp.hpp
[2.408s] -- Up-to-date: /home/habibahassan/project/install/moveit_msgs/include/moveit_msgs/moveit_msgs/action/detail/execute_trajectory__type_support.cpp
[2.409s] -- Up-to-date: /home/habibahassan/project/install/moveit_msgs/include/moveit_msgs/moveit_msgs/action/detail/local_planner__rosidl_typesupport_introspection_cpp.hpp
[2.409s] -- Up-to-date: /home/habibahassan/project/install/moveit_msgs/include/moveit_msgs/moveit_msgs/action/detail/hybrid_planner__type_support.cpp
[2.416s] -- Up-to-date: /home/habibahassan/project/install/moveit_msgs/include/moveit_msgs/moveit_msgs/action/detail/move_group__rosidl_typesupport_introspection_cpp.hpp
[2.416s] -- Up-to-date: /home/habibahassan/project/install/moveit_msgs/include/moveit_msgs/moveit_msgs/action/detail/global_planner__rosidl_typesupport_introspection_cpp.hpp
[2.416s] -- Up-to-date: /home/habibahassan/project/install/moveit_msgs/include/moveit_msgs/moveit_msgs/action/detail/place__rosidl_typesupport_introspection_cpp.hpp
[2.416s] -- Up-to-date: /home/habibahassan/project/install/moveit_msgs/include/moveit_msgs/moveit_msgs/action/detail/place__type_support.cpp
[2.417s] -- Up-to-date: /home/habibahassan/project/install/moveit_msgs/include/moveit_msgs/moveit_msgs/action/detail/move_group_sequence__type_support.cpp
[2.417s] -- Up-to-date: /home/habibahassan/project/install/moveit_msgs/include/moveit_msgs/moveit_msgs/action/detail/local_planner__type_support.cpp
[2.417s] -- Up-to-date: /home/habibahassan/project/install/moveit_msgs/include/moveit_msgs/moveit_msgs/action/detail/move_group__type_support.cpp
[2.417s] -- Up-to-date: /home/habibahassan/project/install/moveit_msgs/include/moveit_msgs/moveit_msgs/action/detail/global_planner__type_support.cpp
[2.417s] -- Up-to-date: /home/habibahassan/project/install/moveit_msgs/include/moveit_msgs/moveit_msgs/action/detail/execute_trajectory__rosidl_typesupport_introspection_cpp.hpp
[2.417s] -- Up-to-date: /home/habibahassan/project/install/moveit_msgs/include/moveit_msgs/moveit_msgs/action/detail/hybrid_planner__rosidl_typesupport_introspection_cpp.hpp
[2.417s] -- Up-to-date: /home/habibahassan/project/install/moveit_msgs/include/moveit_msgs/moveit_msgs/action/detail/pickup__type_support.cpp
[2.417s] -- Up-to-date: /home/habibahassan/project/install/moveit_msgs/include/moveit_msgs/moveit_msgs/action/detail/move_group_sequence__rosidl_typesupport_introspection_cpp.hpp
[2.418s] -- Up-to-date: /home/habibahassan/project/install/moveit_msgs/include/moveit_msgs/moveit_msgs/msg
[2.418s] -- Up-to-date: /home/habibahassan/project/install/moveit_msgs/include/moveit_msgs/moveit_msgs/msg/detail
[2.418s] -- Up-to-date: /home/habibahassan/project/install/moveit_msgs/include/moveit_msgs/moveit_msgs/msg/detail/link_padding__type_support.cpp
[2.418s] -- Up-to-date: /home/habibahassan/project/install/moveit_msgs/include/moveit_msgs/moveit_msgs/msg/detail/cost_source__rosidl_typesupport_introspection_cpp.hpp
[2.418s] -- Up-to-date: /home/habibahassan/project/install/moveit_msgs/include/moveit_msgs/moveit_msgs/msg/detail/bounding_volume__type_support.cpp
[2.418s] -- Up-to-date: /home/habibahassan/project/install/moveit_msgs/include/moveit_msgs/moveit_msgs/msg/detail/robot_state__rosidl_typesupport_introspection_cpp.hpp
[2.418s] -- Up-to-date: /home/habibahassan/project/install/moveit_msgs/include/moveit_msgs/moveit_msgs/msg/detail/oriented_bounding_box__type_support.cpp
[2.418s] -- Up-to-date: /home/habibahassan/project/install/moveit_msgs/include/moveit_msgs/moveit_msgs/msg/detail/joint_limits__type_support.cpp
[2.422s] -- Up-to-date: /home/habibahassan/project/install/moveit_msgs/include/moveit_msgs/moveit_msgs/msg/detail/motion_sequence_response__type_support.cpp
[2.423s] -- Up-to-date: /home/habibahassan/project/install/moveit_msgs/include/moveit_msgs/moveit_msgs/msg/detail/display_robot_state__type_support.cpp
[2.424s] -- Up-to-date: /home/habibahassan/project/install/moveit_msgs/include/moveit_msgs/moveit_msgs/msg/detail/planning_options__rosidl_typesupport_introspection_cpp.hpp
[2.424s] -- Up-to-date: /home/habibahassan/project/install/moveit_msgs/include/moveit_msgs/moveit_msgs/msg/detail/motion_plan_detailed_response__type_support.cpp
[2.425s] -- Up-to-date: /home/habibahassan/project/install/moveit_msgs/include/moveit_msgs/moveit_msgs/msg/detail/place_location__rosidl_typesupport_introspection_cpp.hpp
[2.426s] -- Up-to-date: /home/habibahassan/project/install/moveit_msgs/include/moveit_msgs/moveit_msgs/msg/detail/kinematic_solver_info__type_support.cpp
[2.431s] -- Up-to-date: /home/habibahassan/project/install/moveit_msgs/include/moveit_msgs/moveit_msgs/msg/detail/display_trajectory__rosidl_typesupport_introspection_cpp.hpp
[2.432s] -- Up-to-date: /home/habibahassan/project/install/moveit_msgs/include/moveit_msgs/moveit_msgs/msg/detail/allowed_collision_entry__type_support.cpp
[2.432s] -- Up-to-date: /home/habibahassan/project/install/moveit_msgs/include/moveit_msgs/moveit_msgs/msg/detail/position_constraint__rosidl_typesupport_introspection_cpp.hpp
[2.432s] -- Up-to-date: /home/habibahassan/project/install/moveit_msgs/include/moveit_msgs/moveit_msgs/msg/detail/motion_plan_detailed_response__rosidl_typesupport_introspection_cpp.hpp
[2.433s] -- Up-to-date: /home/habibahassan/project/install/moveit_msgs/include/moveit_msgs/moveit_msgs/msg/detail/oriented_bounding_box__rosidl_typesupport_introspection_cpp.hpp
[2.433s] -- Up-to-date: /home/habibahassan/project/install/moveit_msgs/include/moveit_msgs/moveit_msgs/msg/detail/motion_sequence_item__type_support.cpp
[2.434s] -- Up-to-date: /home/habibahassan/project/install/moveit_msgs/include/moveit_msgs/moveit_msgs/msg/detail/planning_scene_world__rosidl_typesupport_introspection_cpp.hpp
[2.434s] -- Up-to-date: /home/habibahassan/project/install/moveit_msgs/include/moveit_msgs/moveit_msgs/msg/detail/attached_collision_object__type_support.cpp
[2.435s] -- Up-to-date: /home/habibahassan/project/install/moveit_msgs/include/moveit_msgs/moveit_msgs/msg/detail/workspace_parameters__rosidl_typesupport_introspection_cpp.hpp
[2.440s] -- Up-to-date: /home/habibahassan/project/install/moveit_msgs/include/moveit_msgs/moveit_msgs/msg/detail/servo_status__rosidl_typesupport_introspection_cpp.hpp
[2.441s] -- Up-to-date: /home/habibahassan/project/install/moveit_msgs/include/moveit_msgs/moveit_msgs/msg/detail/motion_plan_response__type_support.cpp
[2.441s] -- Up-to-date: /home/habibahassan/project/install/moveit_msgs/include/moveit_msgs/moveit_msgs/msg/detail/constraints__type_support.cpp
[2.441s] -- Up-to-date: /home/habibahassan/project/install/moveit_msgs/include/moveit_msgs/moveit_msgs/msg/detail/planning_options__type_support.cpp
[2.441s] -- Up-to-date: /home/habibahassan/project/install/moveit_msgs/include/moveit_msgs/moveit_msgs/msg/detail/generic_trajectory__type_support.cpp
[2.441s] -- Up-to-date: /home/habibahassan/project/install/moveit_msgs/include/moveit_msgs/moveit_msgs/msg/detail/cartesian_trajectory__rosidl_typesupport_introspection_cpp.hpp
[2.442s] -- Up-to-date: /home/habibahassan/project/install/moveit_msgs/include/moveit_msgs/moveit_msgs/msg/detail/link_scale__rosidl_typesupport_introspection_cpp.hpp
[2.442s] -- Up-to-date: /home/habibahassan/project/install/moveit_msgs/include/moveit_msgs/moveit_msgs/msg/detail/orientation_constraint__type_support.cpp
[2.442s] -- Up-to-date: /home/habibahassan/project/install/moveit_msgs/include/moveit_msgs/moveit_msgs/msg/detail/motion_sequence_item__rosidl_typesupport_introspection_cpp.hpp
[2.442s] -- Up-to-date: /home/habibahassan/project/install/moveit_msgs/include/moveit_msgs/moveit_msgs/msg/detail/planning_scene_components__rosidl_typesupport_introspection_cpp.hpp
[2.442s] -- Up-to-date: /home/habibahassan/project/install/moveit_msgs/include/moveit_msgs/moveit_msgs/msg/detail/orientation_constraint__rosidl_typesupport_introspection_cpp.hpp
[2.442s] -- Up-to-date: /home/habibahassan/project/install/moveit_msgs/include/moveit_msgs/moveit_msgs/msg/detail/planner_interface_description__type_support.cpp
[2.442s] -- Up-to-date: /home/habibahassan/project/install/moveit_msgs/include/moveit_msgs/moveit_msgs/msg/detail/planning_scene_components__type_support.cpp
[2.442s] -- Up-to-date: /home/habibahassan/project/install/moveit_msgs/include/moveit_msgs/moveit_msgs/msg/detail/grasp__rosidl_typesupport_introspection_cpp.hpp
[2.443s] -- Up-to-date: /home/habibahassan/project/install/moveit_msgs/include/moveit_msgs/moveit_msgs/msg/detail/servo_status__type_support.cpp
[2.443s] -- Up-to-date: /home/habibahassan/project/install/moveit_msgs/include/moveit_msgs/moveit_msgs/msg/detail/robot_trajectory__type_support.cpp
[2.443s] -- Up-to-date: /home/habibahassan/project/install/moveit_msgs/include/moveit_msgs/moveit_msgs/msg/detail/object_color__type_support.cpp
[2.443s] -- Up-to-date: /home/habibahassan/project/install/moveit_msgs/include/moveit_msgs/moveit_msgs/msg/detail/move_it_error_codes__type_support.cpp
[2.444s] -- Up-to-date: /home/habibahassan/project/install/moveit_msgs/include/moveit_msgs/moveit_msgs/msg/detail/attached_collision_object__rosidl_typesupport_introspection_cpp.hpp
[2.444s] -- Up-to-date: /home/habibahassan/project/install/moveit_msgs/include/moveit_msgs/moveit_msgs/msg/detail/planner_params__type_support.cpp
[2.444s] -- Up-to-date: /home/habibahassan/project/install/moveit_msgs/include/moveit_msgs/moveit_msgs/msg/detail/position_ik_request__type_support.cpp
[2.445s] -- Up-to-date: /home/habibahassan/project/install/moveit_msgs/include/moveit_msgs/moveit_msgs/msg/detail/motion_sequence_request__rosidl_typesupport_introspection_cpp.hpp
[2.446s] -- Up-to-date: /home/habibahassan/project/install/moveit_msgs/include/moveit_msgs/moveit_msgs/msg/detail/cartesian_trajectory__type_support.cpp
[2.446s] -- Up-to-date: /home/habibahassan/project/install/moveit_msgs/include/moveit_msgs/moveit_msgs/msg/detail/planning_scene_world__type_support.cpp
[2.447s] -- Up-to-date: /home/habibahassan/project/install/moveit_msgs/include/moveit_msgs/moveit_msgs/msg/detail/link_scale__type_support.cpp
[2.447s] -- Up-to-date: /home/habibahassan/project/install/moveit_msgs/include/moveit_msgs/moveit_msgs/msg/detail/motion_sequence_request__type_support.cpp
[2.447s] -- Up-to-date: /home/habibahassan/project/install/moveit_msgs/include/moveit_msgs/moveit_msgs/msg/detail/kinematic_solver_info__rosidl_typesupport_introspection_cpp.hpp
[2.447s] -- Up-to-date: /home/habibahassan/project/install/moveit_msgs/include/moveit_msgs/moveit_msgs/msg/detail/contact_information__rosidl_typesupport_introspection_cpp.hpp
[2.447s] -- Up-to-date: /home/habibahassan/project/install/moveit_msgs/include/moveit_msgs/moveit_msgs/msg/detail/planner_interface_description__rosidl_typesupport_introspection_cpp.hpp
[2.447s] -- Up-to-date: /home/habibahassan/project/install/moveit_msgs/include/moveit_msgs/moveit_msgs/msg/detail/grasp__type_support.cpp
[2.447s] -- Up-to-date: /home/habibahassan/project/install/moveit_msgs/include/moveit_msgs/moveit_msgs/msg/detail/collision_object__rosidl_typesupport_introspection_cpp.hpp
[2.447s] -- Up-to-date: /home/habibahassan/project/install/moveit_msgs/include/moveit_msgs/moveit_msgs/msg/detail/allowed_collision_entry__rosidl_typesupport_introspection_cpp.hpp
[2.448s] -- Up-to-date: /home/habibahassan/project/install/moveit_msgs/include/moveit_msgs/moveit_msgs/msg/detail/trajectory_constraints__rosidl_typesupport_introspection_cpp.hpp
[2.448s] -- Up-to-date: /home/habibahassan/project/install/moveit_msgs/include/moveit_msgs/moveit_msgs/msg/detail/robot_trajectory__rosidl_typesupport_introspection_cpp.hpp
[2.448s] -- Up-to-date: /home/habibahassan/project/install/moveit_msgs/include/moveit_msgs/moveit_msgs/msg/detail/joint_constraint__rosidl_typesupport_introspection_cpp.hpp
[2.448s] -- Up-to-date: /home/habibahassan/project/install/moveit_msgs/include/moveit_msgs/moveit_msgs/msg/detail/place_location__type_support.cpp
[2.448s] -- Up-to-date: /home/habibahassan/project/install/moveit_msgs/include/moveit_msgs/moveit_msgs/msg/detail/motion_plan_request__type_support.cpp
[2.448s] -- Up-to-date: /home/habibahassan/project/install/moveit_msgs/include/moveit_msgs/moveit_msgs/msg/detail/constraints__rosidl_typesupport_introspection_cpp.hpp
[2.448s] -- Up-to-date: /home/habibahassan/project/install/moveit_msgs/include/moveit_msgs/moveit_msgs/msg/detail/link_padding__rosidl_typesupport_introspection_cpp.hpp
[2.448s] -- Up-to-date: /home/habibahassan/project/install/moveit_msgs/include/moveit_msgs/moveit_msgs/msg/detail/workspace_parameters__type_support.cpp
[2.449s] -- Up-to-date: /home/habibahassan/project/install/moveit_msgs/include/moveit_msgs/moveit_msgs/msg/detail/position_constraint__type_support.cpp
[2.449s] -- Up-to-date: /home/habibahassan/project/install/moveit_msgs/include/moveit_msgs/moveit_msgs/msg/detail/bounding_volume__rosidl_typesupport_introspection_cpp.hpp
[2.449s] -- Up-to-date: /home/habibahassan/project/install/moveit_msgs/include/moveit_msgs/moveit_msgs/msg/detail/planner_params__rosidl_typesupport_introspection_cpp.hpp
[2.449s] -- Up-to-date: /home/habibahassan/project/install/moveit_msgs/include/moveit_msgs/moveit_msgs/msg/detail/position_ik_request__rosidl_typesupport_introspection_cpp.hpp
[2.449s] -- Up-to-date: /home/habibahassan/project/install/moveit_msgs/include/moveit_msgs/moveit_msgs/msg/detail/generic_trajectory__rosidl_typesupport_introspection_cpp.hpp
[2.449s] -- Up-to-date: /home/habibahassan/project/install/moveit_msgs/include/moveit_msgs/moveit_msgs/msg/detail/planning_scene__type_support.cpp
[2.450s] -- Up-to-date: /home/habibahassan/project/install/moveit_msgs/include/moveit_msgs/moveit_msgs/msg/detail/trajectory_constraints__type_support.cpp
[2.450s] -- Up-to-date: /home/habibahassan/project/install/moveit_msgs/include/moveit_msgs/moveit_msgs/msg/detail/object_color__rosidl_typesupport_introspection_cpp.hpp
[2.450s] -- Up-to-date: /home/habibahassan/project/install/moveit_msgs/include/moveit_msgs/moveit_msgs/msg/detail/display_trajectory__type_support.cpp
[2.450s] -- Up-to-date: /home/habibahassan/project/install/moveit_msgs/include/moveit_msgs/moveit_msgs/msg/detail/cartesian_point__rosidl_typesupport_introspection_cpp.hpp
[2.450s] -- Up-to-date: /home/habibahassan/project/install/moveit_msgs/include/moveit_msgs/moveit_msgs/msg/detail/joint_limits__rosidl_typesupport_introspection_cpp.hpp
[2.450s] -- Up-to-date: /home/habibahassan/project/install/moveit_msgs/include/moveit_msgs/moveit_msgs/msg/detail/motion_plan_response__rosidl_typesupport_introspection_cpp.hpp
[2.451s] -- Up-to-date: /home/habibahassan/project/install/moveit_msgs/include/moveit_msgs/moveit_msgs/msg/detail/motion_sequence_response__rosidl_typesupport_introspection_cpp.hpp
[2.451s] -- Up-to-date: /home/habibahassan/project/install/moveit_msgs/include/moveit_msgs/moveit_msgs/msg/detail/planning_scene__rosidl_typesupport_introspection_cpp.hpp
[2.451s] -- Up-to-date: /home/habibahassan/project/install/moveit_msgs/include/moveit_msgs/moveit_msgs/msg/detail/pipeline_state__type_support.cpp
[2.451s] -- Up-to-date: /home/habibahassan/project/install/moveit_msgs/include/moveit_msgs/moveit_msgs/msg/detail/move_it_error_codes__rosidl_typesupport_introspection_cpp.hpp
[2.451s] -- Up-to-date: /home/habibahassan/project/install/moveit_msgs/include/moveit_msgs/moveit_msgs/msg/detail/cartesian_trajectory_point__type_support.cpp
[2.451s] -- Up-to-date: /home/habibahassan/project/install/moveit_msgs/include/moveit_msgs/moveit_msgs/msg/detail/robot_state__type_support.cpp
[2.452s] -- Up-to-date: /home/habibahassan/project/install/moveit_msgs/include/moveit_msgs/moveit_msgs/msg/detail/display_robot_state__rosidl_typesupport_introspection_cpp.hpp
[2.452s] -- Up-to-date: /home/habibahassan/project/install/moveit_msgs/include/moveit_msgs/moveit_msgs/msg/detail/allowed_collision_matrix__rosidl_typesupport_introspection_cpp.hpp
[2.452s] -- Up-to-date: /home/habibahassan/project/install/moveit_msgs/include/moveit_msgs/moveit_msgs/msg/detail/gripper_translation__type_support.cpp
[2.452s] -- Up-to-date: /home/habibahassan/project/install/moveit_msgs/include/moveit_msgs/moveit_msgs/msg/detail/gripper_translation__rosidl_typesupport_introspection_cpp.hpp
[2.452s] -- Up-to-date: /home/habibahassan/project/install/moveit_msgs/include/moveit_msgs/moveit_msgs/msg/detail/visibility_constraint__rosidl_typesupport_introspection_cpp.hpp
[2.452s] -- Up-to-date: /home/habibahassan/project/install/moveit_msgs/include/moveit_msgs/moveit_msgs/msg/detail/cost_source__type_support.cpp
[2.452s] -- Up-to-date: /home/habibahassan/project/install/moveit_msgs/include/moveit_msgs/moveit_msgs/msg/detail/motion_plan_request__rosidl_typesupport_introspection_cpp.hpp
[2.453s] -- Up-to-date: /home/habibahassan/project/install/moveit_msgs/include/moveit_msgs/moveit_msgs/msg/detail/cartesian_point__type_support.cpp
[2.453s] -- Up-to-date: /home/habibahassan/project/install/moveit_msgs/include/moveit_msgs/moveit_msgs/msg/detail/allowed_collision_matrix__type_support.cpp
[2.453s] -- Up-to-date: /home/habibahassan/project/install/moveit_msgs/include/moveit_msgs/moveit_msgs/msg/detail/constraint_eval_result__type_support.cpp
[2.453s] -- Up-to-date: /home/habibahassan/project/install/moveit_msgs/include/moveit_msgs/moveit_msgs/msg/detail/joint_constraint__type_support.cpp
[2.453s] -- Up-to-date: /home/habibahassan/project/install/moveit_msgs/include/moveit_msgs/moveit_msgs/msg/detail/pipeline_state__rosidl_typesupport_introspection_cpp.hpp
[2.453s] -- Up-to-date: /home/habibahassan/project/install/moveit_msgs/include/moveit_msgs/moveit_msgs/msg/detail/collision_object__type_support.cpp
[2.454s] -- Up-to-date: /home/habibahassan/project/install/moveit_msgs/include/moveit_msgs/moveit_msgs/msg/detail/contact_information__type_support.cpp
[2.455s] -- Up-to-date: /home/habibahassan/project/install/moveit_msgs/include/moveit_msgs/moveit_msgs/msg/detail/constraint_eval_result__rosidl_typesupport_introspection_cpp.hpp
[2.455s] -- Up-to-date: /home/habibahassan/project/install/moveit_msgs/include/moveit_msgs/moveit_msgs/msg/detail/cartesian_trajectory_point__rosidl_typesupport_introspection_cpp.hpp
[2.456s] -- Up-to-date: /home/habibahassan/project/install/moveit_msgs/include/moveit_msgs/moveit_msgs/msg/detail/visibility_constraint__type_support.cpp
[2.456s] -- Up-to-date: /home/habibahassan/project/install/moveit_msgs/lib/libmoveit_msgs__rosidl_typesupport_introspection_cpp.so
[2.457s] -- Up-to-date: /home/habibahassan/project/install/moveit_msgs/lib/libmoveit_msgs__rosidl_typesupport_cpp.so
[2.457s] -- Up-to-date: /home/habibahassan/project/install/moveit_msgs/share/moveit_msgs/environment/pythonpath.sh
[2.457s] -- Up-to-date: /home/habibahassan/project/install/moveit_msgs/share/moveit_msgs/environment/pythonpath.dsv
[2.458s] -- Up-to-date: /home/habibahassan/project/install/moveit_msgs/lib/python3.12/site-packages/moveit_msgs-2.6.0-py3.12.egg-info
[2.458s] -- Installing: /home/habibahassan/project/install/moveit_msgs/lib/python3.12/site-packages/moveit_msgs-2.6.0-py3.12.egg-info/SOURCES.txt
[2.458s] -- Installing: /home/habibahassan/project/install/moveit_msgs/lib/python3.12/site-packages/moveit_msgs-2.6.0-py3.12.egg-info/top_level.txt
[2.458s] -- Installing: /home/habibahassan/project/install/moveit_msgs/lib/python3.12/site-packages/moveit_msgs-2.6.0-py3.12.egg-info/dependency_links.txt
[2.458s] -- Installing: /home/habibahassan/project/install/moveit_msgs/lib/python3.12/site-packages/moveit_msgs-2.6.0-py3.12.egg-info/PKG-INFO
[2.458s] -- Up-to-date: /home/habibahassan/project/install/moveit_msgs/lib/python3.12/site-packages/moveit_msgs
[2.458s] -- Up-to-date: /home/habibahassan/project/install/moveit_msgs/lib/python3.12/site-packages/moveit_msgs/srv
[2.458s] -- Up-to-date: /home/habibahassan/project/install/moveit_msgs/lib/python3.12/site-packages/moveit_msgs/srv/_get_planner_params_s.c
[2.458s] -- Up-to-date: /home/habibahassan/project/install/moveit_msgs/lib/python3.12/site-packages/moveit_msgs/srv/_get_group_urdf.py
[2.459s] -- Up-to-date: /home/habibahassan/project/install/moveit_msgs/lib/python3.12/site-packages/moveit_msgs/srv/_load_map.py
[2.461s] -- Up-to-date: /home/habibahassan/project/install/moveit_msgs/lib/python3.12/site-packages/moveit_msgs/srv/_get_planning_scene.py
[2.463s] -- Up-to-date: /home/habibahassan/project/install/moveit_msgs/lib/python3.12/site-packages/moveit_msgs/srv/_get_motion_plan.py
[2.464s] -- Up-to-date: /home/habibahassan/project/install/moveit_msgs/lib/python3.12/site-packages/moveit_msgs/srv/_load_map_s.c
[2.465s] -- Up-to-date: /home/habibahassan/project/install/moveit_msgs/lib/python3.12/site-packages/moveit_msgs/srv/_update_pointcloud_octomap_s.c
[2.465s] -- Up-to-date: /home/habibahassan/project/install/moveit_msgs/lib/python3.12/site-packages/moveit_msgs/srv/_rename_robot_state_in_warehouse.py
[2.465s] -- Up-to-date: /home/habibahassan/project/install/moveit_msgs/lib/python3.12/site-packages/moveit_msgs/srv/__init__.py
[2.465s] -- Up-to-date: /home/habibahassan/project/install/moveit_msgs/lib/python3.12/site-packages/moveit_msgs/srv/_check_if_robot_state_exists_in_warehouse.py
[2.466s] -- Up-to-date: /home/habibahassan/project/install/moveit_msgs/lib/python3.12/site-packages/moveit_msgs/srv/_delete_robot_state_from_warehouse_s.c
[2.466s] -- Up-to-date: /home/habibahassan/project/install/moveit_msgs/lib/python3.12/site-packages/moveit_msgs/srv/_get_planning_scene_s.c
[2.466s] -- Up-to-date: /home/habibahassan/project/install/moveit_msgs/lib/python3.12/site-packages/moveit_msgs/srv/_save_map.py
[2.467s] -- Up-to-date: /home/habibahassan/project/install/moveit_msgs/lib/python3.12/site-packages/moveit_msgs/srv/_grasp_planning_s.c
[2.467s] -- Up-to-date: /home/habibahassan/project/install/moveit_msgs/lib/python3.12/site-packages/moveit_msgs/srv/_grasp_planning.py
[2.467s] -- Up-to-date: /home/habibahassan/project/install/moveit_msgs/lib/python3.12/site-packages/moveit_msgs/srv/_list_robot_states_in_warehouse_s.c
[2.467s] -- Up-to-date: /home/habibahassan/project/install/moveit_msgs/lib/python3.12/site-packages/moveit_msgs/srv/_apply_planning_scene_s.c
[2.503s] -- Up-to-date: /home/habibahassan/project/install/moveit_msgs/lib/python3.12/site-packages/moveit_msgs/srv/_load_geometry_from_file.py
[2.504s] -- Up-to-date: /home/habibahassan/project/install/moveit_msgs/lib/python3.12/site-packages/moveit_msgs/srv/_get_state_validity.py
[2.504s] -- Up-to-date: /home/habibahassan/project/install/moveit_msgs/lib/python3.12/site-packages/moveit_msgs/srv/_set_planner_params_s.c
[2.504s] -- Up-to-date: /home/habibahassan/project/install/moveit_msgs/lib/python3.12/site-packages/moveit_msgs/srv/_servo_command_type_s.c
[2.504s] -- Up-to-date: /home/habibahassan/project/install/moveit_msgs/lib/python3.12/site-packages/moveit_msgs/srv/_get_motion_sequence_s.c
[2.504s] -- Up-to-date: /home/habibahassan/project/install/moveit_msgs/lib/python3.12/site-packages/moveit_msgs/srv/_load_geometry_from_file_s.c
[2.504s] -- Up-to-date: /home/habibahassan/project/install/moveit_msgs/lib/python3.12/site-packages/moveit_msgs/srv/_query_planner_interfaces.py
[2.504s] -- Up-to-date: /home/habibahassan/project/install/moveit_msgs/lib/python3.12/site-packages/moveit_msgs/srv/_query_planner_interfaces_s.c
[2.505s] -- Up-to-date: /home/habibahassan/project/install/moveit_msgs/lib/python3.12/site-packages/moveit_msgs/srv/_save_robot_state_to_warehouse.py
[2.505s] -- Up-to-date: /home/habibahassan/project/install/moveit_msgs/lib/python3.12/site-packages/moveit_msgs/srv/_get_motion_sequence.py
[2.505s] -- Up-to-date: /home/habibahassan/project/install/moveit_msgs/lib/python3.12/site-packages/moveit_msgs/srv/_save_geometry_to_file_s.c
[2.505s] -- Up-to-date: /home/habibahassan/project/install/moveit_msgs/lib/python3.12/site-packages/moveit_msgs/srv/_update_pointcloud_octomap.py
[2.505s] -- Up-to-date: /home/habibahassan/project/install/moveit_msgs/lib/python3.12/site-packages/moveit_msgs/srv/_list_robot_states_in_warehouse.py
[2.505s] -- Up-to-date: /home/habibahassan/project/install/moveit_msgs/lib/python3.12/site-packages/moveit_msgs/srv/_apply_planning_scene.py
[2.505s] -- Up-to-date: /home/habibahassan/project/install/moveit_msgs/lib/python3.12/site-packages/moveit_msgs/srv/_servo_command_type.py
[2.505s] -- Up-to-date: /home/habibahassan/project/install/moveit_msgs/lib/python3.12/site-packages/moveit_msgs/srv/_delete_robot_state_from_warehouse.py
[2.506s] -- Up-to-date: /home/habibahassan/project/install/moveit_msgs/lib/python3.12/site-packages/moveit_msgs/srv/_get_cartesian_path.py
[2.506s] -- Up-to-date: /home/habibahassan/project/install/moveit_msgs/lib/python3.12/site-packages/moveit_msgs/srv/_save_map_s.c
[2.506s] -- Up-to-date: /home/habibahassan/project/install/moveit_msgs/lib/python3.12/site-packages/moveit_msgs/srv/_get_group_urdf_s.c
[2.506s] -- Up-to-date: /home/habibahassan/project/install/moveit_msgs/lib/python3.12/site-packages/moveit_msgs/srv/_rename_robot_state_in_warehouse_s.c
[2.506s] -- Up-to-date: /home/habibahassan/project/install/moveit_msgs/lib/python3.12/site-packages/moveit_msgs/srv/_get_cartesian_path_s.c
[2.506s] -- Up-to-date: /home/habibahassan/project/install/moveit_msgs/lib/python3.12/site-packages/moveit_msgs/srv/_get_position_fk_s.c
[2.506s] -- Up-to-date: /home/habibahassan/project/install/moveit_msgs/lib/python3.12/site-packages/moveit_msgs/srv/_get_robot_state_from_warehouse.py
[2.506s] -- Up-to-date: /home/habibahassan/project/install/moveit_msgs/lib/python3.12/site-packages/moveit_msgs/srv/_check_if_robot_state_exists_in_warehouse_s.c
[2.507s] -- Up-to-date: /home/habibahassan/project/install/moveit_msgs/lib/python3.12/site-packages/moveit_msgs/srv/_get_robot_state_from_warehouse_s.c
[2.507s] -- Up-to-date: /home/habibahassan/project/install/moveit_msgs/lib/python3.12/site-packages/moveit_msgs/srv/_get_planner_params.py
[2.507s] -- Up-to-date: /home/habibahassan/project/install/moveit_msgs/lib/python3.12/site-packages/moveit_msgs/srv/_get_position_ik_s.c
[2.507s] -- Up-to-date: /home/habibahassan/project/install/moveit_msgs/lib/python3.12/site-packages/moveit_msgs/srv/_get_motion_plan_s.c
[2.507s] -- Up-to-date: /home/habibahassan/project/install/moveit_msgs/lib/python3.12/site-packages/moveit_msgs/srv/_get_position_fk.py
[2.507s] -- Up-to-date: /home/habibahassan/project/install/moveit_msgs/lib/python3.12/site-packages/moveit_msgs/srv/_get_state_validity_s.c
[2.507s] -- Up-to-date: /home/habibahassan/project/install/moveit_msgs/lib/python3.12/site-packages/moveit_msgs/srv/_save_geometry_to_file.py
[2.507s] -- Up-to-date: /home/habibahassan/project/install/moveit_msgs/lib/python3.12/site-packages/moveit_msgs/srv/_save_robot_state_to_warehouse_s.c
[2.507s] -- Up-to-date: /home/habibahassan/project/install/moveit_msgs/lib/python3.12/site-packages/moveit_msgs/srv/_get_position_ik.py
[2.507s] -- Up-to-date: /home/habibahassan/project/install/moveit_msgs/lib/python3.12/site-packages/moveit_msgs/srv/_set_planner_params.py
[2.508s] -- Up-to-date: /home/habibahassan/project/install/moveit_msgs/lib/python3.12/site-packages/moveit_msgs/action
[2.508s] -- Up-to-date: /home/habibahassan/project/install/moveit_msgs/lib/python3.12/site-packages/moveit_msgs/action/_local_planner_s.c
[2.508s] -- Up-to-date: /home/habibahassan/project/install/moveit_msgs/lib/python3.12/site-packages/moveit_msgs/action/_global_planner.py
[2.508s] -- Up-to-date: /home/habibahassan/project/install/moveit_msgs/lib/python3.12/site-packages/moveit_msgs/action/_move_group_sequence.py
[2.508s] -- Up-to-date: /home/habibahassan/project/install/moveit_msgs/lib/python3.12/site-packages/moveit_msgs/action/__init__.py
[2.508s] -- Up-to-date: /home/habibahassan/project/install/moveit_msgs/lib/python3.12/site-packages/moveit_msgs/action/_hybrid_planner_s.c
[2.508s] -- Up-to-date: /home/habibahassan/project/install/moveit_msgs/lib/python3.12/site-packages/moveit_msgs/action/_move_group.py
[2.508s] -- Up-to-date: /home/habibahassan/project/install/moveit_msgs/lib/python3.12/site-packages/moveit_msgs/action/_place.py
[2.508s] -- Up-to-date: /home/habibahassan/project/install/moveit_msgs/lib/python3.12/site-packages/moveit_msgs/action/_move_group_sequence_s.c
[2.509s] -- Up-to-date: /home/habibahassan/project/install/moveit_msgs/lib/python3.12/site-packages/moveit_msgs/action/_local_planner.py
[2.509s] -- Up-to-date: /home/habibahassan/project/install/moveit_msgs/lib/python3.12/site-packages/moveit_msgs/action/_pickup_s.c
[2.509s] -- Up-to-date: /home/habibahassan/project/install/moveit_msgs/lib/python3.12/site-packages/moveit_msgs/action/_global_planner_s.c
[2.509s] -- Up-to-date: /home/habibahassan/project/install/moveit_msgs/lib/python3.12/site-packages/moveit_msgs/action/_hybrid_planner.py
[2.509s] -- Up-to-date: /home/habibahassan/project/install/moveit_msgs/lib/python3.12/site-packages/moveit_msgs/action/_execute_trajectory_s.c
[2.509s] -- Up-to-date: /home/habibahassan/project/install/moveit_msgs/lib/python3.12/site-packages/moveit_msgs/action/_move_group_s.c
[2.509s] -- Up-to-date: /home/habibahassan/project/install/moveit_msgs/lib/python3.12/site-packages/moveit_msgs/action/_execute_trajectory.py
[2.509s] -- Up-to-date: /home/habibahassan/project/install/moveit_msgs/lib/python3.12/site-packages/moveit_msgs/action/_place_s.c
[2.509s] -- Up-to-date: /home/habibahassan/project/install/moveit_msgs/lib/python3.12/site-packages/moveit_msgs/action/_pickup.py
[2.509s] -- Up-to-date: /home/habibahassan/project/install/moveit_msgs/lib/python3.12/site-packages/moveit_msgs/__init__.py
[2.510s] -- Up-to-date: /home/habibahassan/project/install/moveit_msgs/lib/python3.12/site-packages/moveit_msgs/moveit_msgs_s__rosidl_typesupport_introspection_c.so
[2.510s] -- Up-to-date: /home/habibahassan/project/install/moveit_msgs/lib/python3.12/site-packages/moveit_msgs/_moveit_msgs_s.ep.rosidl_typesupport_fastrtps_c.c
[2.511s] -- Up-to-date: /home/habibahassan/project/install/moveit_msgs/lib/python3.12/site-packages/moveit_msgs/msg
[2.511s] -- Up-to-date: /home/habibahassan/project/install/moveit_msgs/lib/python3.12/site-packages/moveit_msgs/msg/_motion_sequence_response.py
[2.511s] -- Up-to-date: /home/habibahassan/project/install/moveit_msgs/lib/python3.12/site-packages/moveit_msgs/msg/_robot_trajectory_s.c
[2.511s] -- Up-to-date: /home/habibahassan/project/install/moveit_msgs/lib/python3.12/site-packages/moveit_msgs/msg/_display_trajectory.py
[2.511s] -- Up-to-date: /home/habibahassan/project/install/moveit_msgs/lib/python3.12/site-packages/moveit_msgs/msg/_kinematic_solver_info.py
[2.511s] -- Up-to-date: /home/habibahassan/project/install/moveit_msgs/lib/python3.12/site-packages/moveit_msgs/msg/_oriented_bounding_box.py
[2.511s] -- Up-to-date: /home/habibahassan/project/install/moveit_msgs/lib/python3.12/site-packages/moveit_msgs/msg/_joint_limits.py
[2.511s] -- Up-to-date: /home/habibahassan/project/install/moveit_msgs/lib/python3.12/site-packages/moveit_msgs/msg/_cartesian_trajectory_point_s.c
[2.512s] -- Up-to-date: /home/habibahassan/project/install/moveit_msgs/lib/python3.12/site-packages/moveit_msgs/msg/_planning_scene_components.py
[2.512s] -- Up-to-date: /home/habibahassan/project/install/moveit_msgs/lib/python3.12/site-packages/moveit_msgs/msg/_allowed_collision_entry.py
[2.512s] -- Up-to-date: /home/habibahassan/project/install/moveit_msgs/lib/python3.12/site-packages/moveit_msgs/msg/_visibility_constraint_s.c
[2.512s] -- Up-to-date: /home/habibahassan/project/install/moveit_msgs/lib/python3.12/site-packages/moveit_msgs/msg/_allowed_collision_entry_s.c
[2.512s] -- Up-to-date: /home/habibahassan/project/install/moveit_msgs/lib/python3.12/site-packages/moveit_msgs/msg/_position_constraint.py
[2.512s] -- Up-to-date: /home/habibahassan/project/install/moveit_msgs/lib/python3.12/site-packages/moveit_msgs/msg/_gripper_translation.py
[2.512s] -- Up-to-date: /home/habibahassan/project/install/moveit_msgs/lib/python3.12/site-packages/moveit_msgs/msg/_planning_scene_world.py
[2.513s] -- Up-to-date: /home/habibahassan/project/install/moveit_msgs/lib/python3.12/site-packages/moveit_msgs/msg/__init__.py
[2.513s] -- Up-to-date: /home/habibahassan/project/install/moveit_msgs/lib/python3.12/site-packages/moveit_msgs/msg/_planner_interface_description.py
[2.513s] -- Up-to-date: /home/habibahassan/project/install/moveit_msgs/lib/python3.12/site-packages/moveit_msgs/msg/_display_trajectory_s.c
[2.513s] -- Up-to-date: /home/habibahassan/project/install/moveit_msgs/lib/python3.12/site-packages/moveit_msgs/msg/_cartesian_trajectory_point.py
[2.513s] -- Up-to-date: /home/habibahassan/project/install/moveit_msgs/lib/python3.12/site-packages/moveit_msgs/msg/_generic_trajectory.py
[2.513s] -- Up-to-date: /home/habibahassan/project/install/moveit_msgs/lib/python3.12/site-packages/moveit_msgs/msg/_grasp.py
[2.513s] -- Up-to-date: /home/habibahassan/project/install/moveit_msgs/lib/python3.12/site-packages/moveit_msgs/msg/_orientation_constraint.py
[2.513s] -- Up-to-date: /home/habibahassan/project/install/moveit_msgs/lib/python3.12/site-packages/moveit_msgs/msg/_pipeline_state.py
[2.513s] -- Up-to-date: /home/habibahassan/project/install/moveit_msgs/lib/python3.12/site-packages/moveit_msgs/msg/_link_padding_s.c
[2.513s] -- Up-to-date: /home/habibahassan/project/install/moveit_msgs/lib/python3.12/site-packages/moveit_msgs/msg/_pipeline_state_s.c
[2.514s] -- Up-to-date: /home/habibahassan/project/install/moveit_msgs/lib/python3.12/site-packages/moveit_msgs/msg/_bounding_volume.py
[2.514s] -- Up-to-date: /home/habibahassan/project/install/moveit_msgs/lib/python3.12/site-packages/moveit_msgs/msg/_collision_object_s.c
[2.514s] -- Up-to-date: /home/habibahassan/project/install/moveit_msgs/lib/python3.12/site-packages/moveit_msgs/msg/_motion_sequence_item_s.c
[2.514s] -- Up-to-date: /home/habibahassan/project/install/moveit_msgs/lib/python3.12/site-packages/moveit_msgs/msg/_attached_collision_object_s.c
[2.514s] -- Up-to-date: /home/habibahassan/project/install/moveit_msgs/lib/python3.12/site-packages/moveit_msgs/msg/_joint_limits_s.c
[2.514s] -- Up-to-date: /home/habibahassan/project/install/moveit_msgs/lib/python3.12/site-packages/moveit_msgs/msg/_trajectory_constraints_s.c
[2.515s] -- Up-to-date: /home/habibahassan/project/install/moveit_msgs/lib/python3.12/site-packages/moveit_msgs/msg/_grasp_s.c
[2.515s] -- Up-to-date: /home/habibahassan/project/install/moveit_msgs/lib/python3.12/site-packages/moveit_msgs/msg/_allowed_collision_matrix.py
[2.515s] -- Up-to-date: /home/habibahassan/project/install/moveit_msgs/lib/python3.12/site-packages/moveit_msgs/msg/_cartesian_point.py
[2.515s] -- Up-to-date: /home/habibahassan/project/install/moveit_msgs/lib/python3.12/site-packages/moveit_msgs/msg/_motion_sequence_request_s.c
[2.515s] -- Up-to-date: /home/habibahassan/project/install/moveit_msgs/lib/python3.12/site-packages/moveit_msgs/msg/_motion_plan_detailed_response.py
[2.515s] -- Up-to-date: /home/habibahassan/project/install/moveit_msgs/lib/python3.12/site-packages/moveit_msgs/msg/_move_it_error_codes_s.c
[2.515s] -- Up-to-date: /home/habibahassan/project/install/moveit_msgs/lib/python3.12/site-packages/moveit_msgs/msg/_planner_interface_description_s.c
[2.515s] -- Up-to-date: /home/habibahassan/project/install/moveit_msgs/lib/python3.12/site-packages/moveit_msgs/msg/_constraints.py
[2.515s] -- Up-to-date: /home/habibahassan/project/install/moveit_msgs/lib/python3.12/site-packages/moveit_msgs/msg/_place_location_s.c
[2.516s] -- Up-to-date: /home/habibahassan/project/install/moveit_msgs/lib/python3.12/site-packages/moveit_msgs/msg/_planning_options_s.c
[2.516s] -- Up-to-date: /home/habibahassan/project/install/moveit_msgs/lib/python3.12/site-packages/moveit_msgs/msg/_workspace_parameters_s.c
[2.516s] -- Up-to-date: /home/habibahassan/project/install/moveit_msgs/lib/python3.12/site-packages/moveit_msgs/msg/_constraint_eval_result_s.c
[2.516s] -- Up-to-date: /home/habibahassan/project/install/moveit_msgs/lib/python3.12/site-packages/moveit_msgs/msg/_position_ik_request_s.c
[2.516s] -- Up-to-date: /home/habibahassan/project/install/moveit_msgs/lib/python3.12/site-packages/moveit_msgs/msg/_planning_scene.py
[2.516s] -- Up-to-date: /home/habibahassan/project/install/moveit_msgs/lib/python3.12/site-packages/moveit_msgs/msg/_attached_collision_object.py
[2.516s] -- Up-to-date: /home/habibahassan/project/install/moveit_msgs/lib/python3.12/site-packages/moveit_msgs/msg/_collision_object.py
[2.516s] -- Up-to-date: /home/habibahassan/project/install/moveit_msgs/lib/python3.12/site-packages/moveit_msgs/msg/_servo_status.py
[2.516s] -- Up-to-date: /home/habibahassan/project/install/moveit_msgs/lib/python3.12/site-packages/moveit_msgs/msg/_place_location.py
[2.517s] -- Up-to-date: /home/habibahassan/project/install/moveit_msgs/lib/python3.12/site-packages/moveit_msgs/msg/_joint_constraint_s.c
[2.517s] -- Up-to-date: /home/habibahassan/project/install/moveit_msgs/lib/python3.12/site-packages/moveit_msgs/msg/_motion_plan_detailed_response_s.c
[2.517s] -- Up-to-date: /home/habibahassan/project/install/moveit_msgs/lib/python3.12/site-packages/moveit_msgs/msg/_cartesian_trajectory.py
[2.517s] -- Up-to-date: /home/habibahassan/project/install/moveit_msgs/lib/python3.12/site-packages/moveit_msgs/msg/_position_ik_request.py
[2.517s] -- Up-to-date: /home/habibahassan/project/install/moveit_msgs/lib/python3.12/site-packages/moveit_msgs/msg/_link_padding.py
[2.517s] -- Up-to-date: /home/habibahassan/project/install/moveit_msgs/lib/python3.12/site-packages/moveit_msgs/msg/_joint_constraint.py
[2.517s] -- Up-to-date: /home/habibahassan/project/install/moveit_msgs/lib/python3.12/site-packages/moveit_msgs/msg/_motion_plan_response_s.c
[2.517s] -- Up-to-date: /home/habibahassan/project/install/moveit_msgs/lib/python3.12/site-packages/moveit_msgs/msg/_cost_source_s.c
[2.517s] -- Up-to-date: /home/habibahassan/project/install/moveit_msgs/lib/python3.12/site-packages/moveit_msgs/msg/_contact_information_s.c
[2.517s] -- Up-to-date: /home/habibahassan/project/install/moveit_msgs/lib/python3.12/site-packages/moveit_msgs/msg/_move_it_error_codes.py
[2.517s] -- Up-to-date: /home/habibahassan/project/install/moveit_msgs/lib/python3.12/site-packages/moveit_msgs/msg/_link_scale_s.c
[2.518s] -- Up-to-date: /home/habibahassan/project/install/moveit_msgs/lib/python3.12/site-packages/moveit_msgs/msg/_oriented_bounding_box_s.c
[2.518s] -- Up-to-date: /home/habibahassan/project/install/moveit_msgs/lib/python3.12/site-packages/moveit_msgs/msg/_kinematic_solver_info_s.c
[2.518s] -- Up-to-date: /home/habibahassan/project/install/moveit_msgs/lib/python3.12/site-packages/moveit_msgs/msg/_cost_source.py
[2.518s] -- Up-to-date: /home/habibahassan/project/install/moveit_msgs/lib/python3.12/site-packages/moveit_msgs/msg/_planner_params.py
[2.518s] -- Up-to-date: /home/habibahassan/project/install/moveit_msgs/lib/python3.12/site-packages/moveit_msgs/msg/_workspace_parameters.py
[2.518s] -- Up-to-date: /home/habibahassan/project/install/moveit_msgs/lib/python3.12/site-packages/moveit_msgs/msg/_contact_information.py
[2.518s] -- Up-to-date: /home/habibahassan/project/install/moveit_msgs/lib/python3.12/site-packages/moveit_msgs/msg/_gripper_translation_s.c
[2.518s] -- Up-to-date: /home/habibahassan/project/install/moveit_msgs/lib/python3.12/site-packages/moveit_msgs/msg/_constraint_eval_result.py
[2.518s] -- Up-to-date: /home/habibahassan/project/install/moveit_msgs/lib/python3.12/site-packages/moveit_msgs/msg/_cartesian_point_s.c
[2.518s] -- Up-to-date: /home/habibahassan/project/install/moveit_msgs/lib/python3.12/site-packages/moveit_msgs/msg/_cartesian_trajectory_s.c
[2.519s] -- Up-to-date: /home/habibahassan/project/install/moveit_msgs/lib/python3.12/site-packages/moveit_msgs/msg/_display_robot_state_s.c
[2.519s] -- Up-to-date: /home/habibahassan/project/install/moveit_msgs/lib/python3.12/site-packages/moveit_msgs/msg/_orientation_constraint_s.c
[2.519s] -- Up-to-date: /home/habibahassan/project/install/moveit_msgs/lib/python3.12/site-packages/moveit_msgs/msg/_motion_sequence_item.py
[2.519s] -- Up-to-date: /home/habibahassan/project/install/moveit_msgs/lib/python3.12/site-packages/moveit_msgs/msg/_allowed_collision_matrix_s.c
[2.519s] -- Up-to-date: /home/habibahassan/project/install/moveit_msgs/lib/python3.12/site-packages/moveit_msgs/msg/_constraints_s.c
[2.519s] -- Up-to-date: /home/habibahassan/project/install/moveit_msgs/lib/python3.12/site-packages/moveit_msgs/msg/_motion_sequence_request.py
[2.519s] -- Up-to-date: /home/habibahassan/project/install/moveit_msgs/lib/python3.12/site-packages/moveit_msgs/msg/_visibility_constraint.py
[2.519s] -- Up-to-date: /home/habibahassan/project/install/moveit_msgs/lib/python3.12/site-packages/moveit_msgs/msg/_motion_plan_request_s.c
[2.519s] -- Up-to-date: /home/habibahassan/project/install/moveit_msgs/lib/python3.12/site-packages/moveit_msgs/msg/_robot_state_s.c
[2.519s] -- Up-to-date: /home/habibahassan/project/install/moveit_msgs/lib/python3.12/site-packages/moveit_msgs/msg/_bounding_volume_s.c
[2.520s] -- Up-to-date: /home/habibahassan/project/install/moveit_msgs/lib/python3.12/site-packages/moveit_msgs/msg/_planner_params_s.c
[2.520s] -- Up-to-date: /home/habibahassan/project/install/moveit_msgs/lib/python3.12/site-packages/moveit_msgs/msg/_robot_state.py
[2.520s] -- Up-to-date: /home/habibahassan/project/install/moveit_msgs/lib/python3.12/site-packages/moveit_msgs/msg/_display_robot_state.py
[2.520s] -- Up-to-date: /home/habibahassan/project/install/moveit_msgs/lib/python3.12/site-packages/moveit_msgs/msg/_servo_status_s.c
[2.520s] -- Up-to-date: /home/habibahassan/project/install/moveit_msgs/lib/python3.12/site-packages/moveit_msgs/msg/_object_color.py
[2.520s] -- Up-to-date: /home/habibahassan/project/install/moveit_msgs/lib/python3.12/site-packages/moveit_msgs/msg/_position_constraint_s.c
[2.520s] -- Up-to-date: /home/habibahassan/project/install/moveit_msgs/lib/python3.12/site-packages/moveit_msgs/msg/_planning_scene_s.c
[2.520s] -- Up-to-date: /home/habibahassan/project/install/moveit_msgs/lib/python3.12/site-packages/moveit_msgs/msg/_object_color_s.c
[2.520s] -- Up-to-date: /home/habibahassan/project/install/moveit_msgs/lib/python3.12/site-packages/moveit_msgs/msg/_motion_plan_request.py
[2.520s] -- Up-to-date: /home/habibahassan/project/install/moveit_msgs/lib/python3.12/site-packages/moveit_msgs/msg/_robot_trajectory.py
[2.521s] -- Up-to-date: /home/habibahassan/project/install/moveit_msgs/lib/python3.12/site-packages/moveit_msgs/msg/_planning_options.py
[2.521s] -- Up-to-date: /home/habibahassan/project/install/moveit_msgs/lib/python3.12/site-packages/moveit_msgs/msg/_motion_plan_response.py
[2.521s] -- Up-to-date: /home/habibahassan/project/install/moveit_msgs/lib/python3.12/site-packages/moveit_msgs/msg/_motion_sequence_response_s.c
[2.521s] -- Up-to-date: /home/habibahassan/project/install/moveit_msgs/lib/python3.12/site-packages/moveit_msgs/msg/_planning_scene_world_s.c
[2.536s] -- Up-to-date: /home/habibahassan/project/install/moveit_msgs/lib/python3.12/site-packages/moveit_msgs/msg/_trajectory_constraints.py
[2.537s] -- Up-to-date: /home/habibahassan/project/install/moveit_msgs/lib/python3.12/site-packages/moveit_msgs/msg/_planning_scene_components_s.c
[2.537s] -- Up-to-date: /home/habibahassan/project/install/moveit_msgs/lib/python3.12/site-packages/moveit_msgs/msg/_generic_trajectory_s.c
[2.537s] -- Up-to-date: /home/habibahassan/project/install/moveit_msgs/lib/python3.12/site-packages/moveit_msgs/msg/_link_scale.py
[2.537s] -- Up-to-date: /home/habibahassan/project/install/moveit_msgs/lib/python3.12/site-packages/moveit_msgs/_moveit_msgs_s.ep.rosidl_typesupport_c.c
[2.537s] -- Up-to-date: /home/habibahassan/project/install/moveit_msgs/lib/python3.12/site-packages/moveit_msgs/_moveit_msgs_s.ep.rosidl_typesupport_introspection_c.c
[2.538s] -- Up-to-date: /home/habibahassan/project/install/moveit_msgs/lib/python3.12/site-packages/moveit_msgs/moveit_msgs_s__rosidl_typesupport_c.so
[2.538s] -- Up-to-date: /home/habibahassan/project/install/moveit_msgs/lib/python3.12/site-packages/moveit_msgs/moveit_msgs_s__rosidl_typesupport_fastrtps_c.so
[2.591s] Listing '/home/habibahassan/project/install/moveit_msgs/lib/python3.12/site-packages/moveit_msgs'...
[2.592s] Listing '/home/habibahassan/project/install/moveit_msgs/lib/python3.12/site-packages/moveit_msgs/action'...
[2.592s] Listing '/home/habibahassan/project/install/moveit_msgs/lib/python3.12/site-packages/moveit_msgs/msg'...
[2.592s] Listing '/home/habibahassan/project/install/moveit_msgs/lib/python3.12/site-packages/moveit_msgs/srv'...
[2.592s] -- Up-to-date: /home/habibahassan/project/install/moveit_msgs/lib/python3.12/site-packages/moveit_msgs/moveit_msgs_s__rosidl_typesupport_fastrtps_c.so
[2.592s] -- Up-to-date: /home/habibahassan/project/install/moveit_msgs/lib/python3.12/site-packages/moveit_msgs/moveit_msgs_s__rosidl_typesupport_introspection_c.so
[2.592s] -- Up-to-date: /home/habibahassan/project/install/moveit_msgs/lib/python3.12/site-packages/moveit_msgs/moveit_msgs_s__rosidl_typesupport_c.so
[2.592s] -- Up-to-date: /home/habibahassan/project/install/moveit_msgs/lib/libmoveit_msgs__rosidl_generator_py.so
[2.593s] -- Up-to-date: /home/habibahassan/project/install/moveit_msgs/share/moveit_msgs/msg/AllowedCollisionEntry.idl
[2.593s] -- Up-to-date: /home/habibahassan/project/install/moveit_msgs/share/moveit_msgs/msg/AllowedCollisionMatrix.idl
[2.593s] -- Up-to-date: /home/habibahassan/project/install/moveit_msgs/share/moveit_msgs/msg/AttachedCollisionObject.idl
[2.593s] -- Up-to-date: /home/habibahassan/project/install/moveit_msgs/share/moveit_msgs/msg/BoundingVolume.idl
[2.593s] -- Up-to-date: /home/habibahassan/project/install/moveit_msgs/share/moveit_msgs/msg/CartesianPoint.idl
[2.593s] -- Up-to-date: /home/habibahassan/project/install/moveit_msgs/share/moveit_msgs/msg/CartesianTrajectory.idl
[2.593s] -- Up-to-date: /home/habibahassan/project/install/moveit_msgs/share/moveit_msgs/msg/CartesianTrajectoryPoint.idl
[2.593s] -- Up-to-date: /home/habibahassan/project/install/moveit_msgs/share/moveit_msgs/msg/CollisionObject.idl
[2.593s] -- Up-to-date: /home/habibahassan/project/install/moveit_msgs/share/moveit_msgs/msg/ConstraintEvalResult.idl
[2.594s] -- Up-to-date: /home/habibahassan/project/install/moveit_msgs/share/moveit_msgs/msg/Constraints.idl
[2.594s] -- Up-to-date: /home/habibahassan/project/install/moveit_msgs/share/moveit_msgs/msg/CostSource.idl
[2.594s] -- Up-to-date: /home/habibahassan/project/install/moveit_msgs/share/moveit_msgs/msg/ContactInformation.idl
[2.594s] -- Up-to-date: /home/habibahassan/project/install/moveit_msgs/share/moveit_msgs/msg/DisplayTrajectory.idl
[2.594s] -- Up-to-date: /home/habibahassan/project/install/moveit_msgs/share/moveit_msgs/msg/DisplayRobotState.idl
[2.594s] -- Up-to-date: /home/habibahassan/project/install/moveit_msgs/share/moveit_msgs/msg/GenericTrajectory.idl
[2.594s] -- Up-to-date: /home/habibahassan/project/install/moveit_msgs/share/moveit_msgs/msg/Grasp.idl
[2.594s] -- Up-to-date: /home/habibahassan/project/install/moveit_msgs/share/moveit_msgs/msg/GripperTranslation.idl
[2.594s] -- Up-to-date: /home/habibahassan/project/install/moveit_msgs/share/moveit_msgs/msg/JointConstraint.idl
[2.594s] -- Up-to-date: /home/habibahassan/project/install/moveit_msgs/share/moveit_msgs/msg/JointLimits.idl
[2.595s] -- Up-to-date: /home/habibahassan/project/install/moveit_msgs/share/moveit_msgs/msg/LinkPadding.idl
[2.595s] -- Up-to-date: /home/habibahassan/project/install/moveit_msgs/share/moveit_msgs/msg/LinkScale.idl
[2.595s] -- Up-to-date: /home/habibahassan/project/install/moveit_msgs/share/moveit_msgs/msg/MotionPlanRequest.idl
[2.595s] -- Up-to-date: /home/habibahassan/project/install/moveit_msgs/share/moveit_msgs/msg/MotionPlanResponse.idl
[2.595s] -- Up-to-date: /home/habibahassan/project/install/moveit_msgs/share/moveit_msgs/msg/MotionPlanDetailedResponse.idl
[2.595s] -- Up-to-date: /home/habibahassan/project/install/moveit_msgs/share/moveit_msgs/msg/MotionSequenceItem.idl
[2.595s] -- Up-to-date: /home/habibahassan/project/install/moveit_msgs/share/moveit_msgs/msg/MotionSequenceRequest.idl
[2.595s] -- Up-to-date: /home/habibahassan/project/install/moveit_msgs/share/moveit_msgs/msg/MotionSequenceResponse.idl
[2.595s] -- Up-to-date: /home/habibahassan/project/install/moveit_msgs/share/moveit_msgs/msg/MoveItErrorCodes.idl
[2.596s] -- Up-to-date: /home/habibahassan/project/install/moveit_msgs/share/moveit_msgs/msg/TrajectoryConstraints.idl
[2.596s] -- Up-to-date: /home/habibahassan/project/install/moveit_msgs/share/moveit_msgs/msg/ObjectColor.idl
[2.596s] -- Up-to-date: /home/habibahassan/project/install/moveit_msgs/share/moveit_msgs/msg/OrientationConstraint.idl
[2.596s] -- Up-to-date: /home/habibahassan/project/install/moveit_msgs/share/moveit_msgs/msg/OrientedBoundingBox.idl
[2.596s] -- Up-to-date: /home/habibahassan/project/install/moveit_msgs/share/moveit_msgs/msg/PlaceLocation.idl
[2.596s] -- Up-to-date: /home/habibahassan/project/install/moveit_msgs/share/moveit_msgs/msg/PlannerInterfaceDescription.idl
[2.596s] -- Up-to-date: /home/habibahassan/project/install/moveit_msgs/share/moveit_msgs/msg/PlannerParams.idl
[2.596s] -- Up-to-date: /home/habibahassan/project/install/moveit_msgs/share/moveit_msgs/msg/PlanningScene.idl
[2.596s] -- Up-to-date: /home/habibahassan/project/install/moveit_msgs/share/moveit_msgs/msg/PlanningSceneComponents.idl
[2.597s] -- Up-to-date: /home/habibahassan/project/install/moveit_msgs/share/moveit_msgs/msg/PlanningSceneWorld.idl
[2.597s] -- Up-to-date: /home/habibahassan/project/install/moveit_msgs/share/moveit_msgs/msg/PlanningOptions.idl
[2.597s] -- Up-to-date: /home/habibahassan/project/install/moveit_msgs/share/moveit_msgs/msg/PositionConstraint.idl
[2.597s] -- Up-to-date: /home/habibahassan/project/install/moveit_msgs/share/moveit_msgs/msg/RobotState.idl
[2.597s] -- Up-to-date: /home/habibahassan/project/install/moveit_msgs/share/moveit_msgs/msg/RobotTrajectory.idl
[2.598s] -- Up-to-date: /home/habibahassan/project/install/moveit_msgs/share/moveit_msgs/msg/VisibilityConstraint.idl
[2.598s] -- Up-to-date: /home/habibahassan/project/install/moveit_msgs/share/moveit_msgs/msg/WorkspaceParameters.idl
[2.598s] -- Up-to-date: /home/habibahassan/project/install/moveit_msgs/share/moveit_msgs/msg/KinematicSolverInfo.idl
[2.598s] -- Up-to-date: /home/habibahassan/project/install/moveit_msgs/share/moveit_msgs/msg/PositionIKRequest.idl
[2.598s] -- Up-to-date: /home/habibahassan/project/install/moveit_msgs/share/moveit_msgs/msg/PipelineState.idl
[2.598s] -- Up-to-date: /home/habibahassan/project/install/moveit_msgs/share/moveit_msgs/msg/ServoStatus.idl
[2.598s] -- Up-to-date: /home/habibahassan/project/install/moveit_msgs/share/moveit_msgs/srv/GetMotionPlan.idl
[2.598s] -- Up-to-date: /home/habibahassan/project/install/moveit_msgs/share/moveit_msgs/srv/GetStateValidity.idl
[2.599s] -- Up-to-date: /home/habibahassan/project/install/moveit_msgs/share/moveit_msgs/srv/GetCartesianPath.idl
[2.599s] -- Up-to-date: /home/habibahassan/project/install/moveit_msgs/share/moveit_msgs/srv/GetPlanningScene.idl
[2.599s] -- Up-to-date: /home/habibahassan/project/install/moveit_msgs/share/moveit_msgs/srv/GraspPlanning.idl
[2.599s] -- Up-to-date: /home/habibahassan/project/install/moveit_msgs/share/moveit_msgs/srv/ApplyPlanningScene.idl
[2.599s] -- Up-to-date: /home/habibahassan/project/install/moveit_msgs/share/moveit_msgs/srv/QueryPlannerInterfaces.idl
[2.599s] -- Up-to-date: /home/habibahassan/project/install/moveit_msgs/share/moveit_msgs/srv/GetMotionSequence.idl
[2.599s] -- Up-to-date: /home/habibahassan/project/install/moveit_msgs/share/moveit_msgs/srv/GetPositionFK.idl
[2.599s] -- Up-to-date: /home/habibahassan/project/install/moveit_msgs/share/moveit_msgs/srv/GetPositionIK.idl
[2.599s] -- Up-to-date: /home/habibahassan/project/install/moveit_msgs/share/moveit_msgs/srv/GetPlannerParams.idl
[2.599s] -- Up-to-date: /home/habibahassan/project/install/moveit_msgs/share/moveit_msgs/srv/SetPlannerParams.idl
[2.600s] -- Up-to-date: /home/habibahassan/project/install/moveit_msgs/share/moveit_msgs/srv/UpdatePointcloudOctomap.idl
[2.600s] -- Up-to-date: /home/habibahassan/project/install/moveit_msgs/share/moveit_msgs/srv/SaveGeometryToFile.idl
[2.601s] -- Up-to-date: /home/habibahassan/project/install/moveit_msgs/share/moveit_msgs/srv/SaveMap.idl
[2.601s] -- Up-to-date: /home/habibahassan/project/install/moveit_msgs/share/moveit_msgs/srv/LoadGeometryFromFile.idl
[2.601s] -- Up-to-date: /home/habibahassan/project/install/moveit_msgs/share/moveit_msgs/srv/LoadMap.idl
[2.601s] -- Up-to-date: /home/habibahassan/project/install/moveit_msgs/share/moveit_msgs/srv/SaveRobotStateToWarehouse.idl
[2.601s] -- Up-to-date: /home/habibahassan/project/install/moveit_msgs/share/moveit_msgs/srv/ListRobotStatesInWarehouse.idl
[2.601s] -- Up-to-date: /home/habibahassan/project/install/moveit_msgs/share/moveit_msgs/srv/GetRobotStateFromWarehouse.idl
[2.602s] -- Up-to-date: /home/habibahassan/project/install/moveit_msgs/share/moveit_msgs/srv/CheckIfRobotStateExistsInWarehouse.idl
[2.602s] -- Up-to-date: /home/habibahassan/project/install/moveit_msgs/share/moveit_msgs/srv/RenameRobotStateInWarehouse.idl
[2.602s] -- Up-to-date: /home/habibahassan/project/install/moveit_msgs/share/moveit_msgs/srv/DeleteRobotStateFromWarehouse.idl
[2.602s] -- Up-to-date: /home/habibahassan/project/install/moveit_msgs/share/moveit_msgs/srv/ServoCommandType.idl
[2.602s] -- Up-to-date: /home/habibahassan/project/install/moveit_msgs/share/moveit_msgs/srv/GetGroupUrdf.idl
[2.602s] -- Up-to-date: /home/habibahassan/project/install/moveit_msgs/share/moveit_msgs/action/ExecuteTrajectory.idl
[2.602s] -- Up-to-date: /home/habibahassan/project/install/moveit_msgs/share/moveit_msgs/action/MoveGroup.idl
[2.602s] -- Up-to-date: /home/habibahassan/project/install/moveit_msgs/share/moveit_msgs/action/MoveGroupSequence.idl
[2.603s] -- Up-to-date: /home/habibahassan/project/install/moveit_msgs/share/moveit_msgs/action/Pickup.idl
[2.625s] -- Up-to-date: /home/habibahassan/project/install/moveit_msgs/share/moveit_msgs/action/Place.idl
[2.625s] -- Up-to-date: /home/habibahassan/project/install/moveit_msgs/share/moveit_msgs/action/LocalPlanner.idl
[2.625s] -- Up-to-date: /home/habibahassan/project/install/moveit_msgs/share/moveit_msgs/action/GlobalPlanner.idl
[2.625s] -- Up-to-date: /home/habibahassan/project/install/moveit_msgs/share/moveit_msgs/action/HybridPlanner.idl
[2.626s] -- Up-to-date: /home/habibahassan/project/install/moveit_msgs/share/moveit_msgs/msg/AllowedCollisionEntry.msg
[2.626s] -- Up-to-date: /home/habibahassan/project/install/moveit_msgs/share/moveit_msgs/msg/AllowedCollisionMatrix.msg
[2.626s] -- Up-to-date: /home/habibahassan/project/install/moveit_msgs/share/moveit_msgs/msg/AttachedCollisionObject.msg
[2.626s] -- Up-to-date: /home/habibahassan/project/install/moveit_msgs/share/moveit_msgs/msg/BoundingVolume.msg
[2.626s] -- Up-to-date: /home/habibahassan/project/install/moveit_msgs/share/moveit_msgs/msg/CartesianPoint.msg
[2.627s] -- Up-to-date: /home/habibahassan/project/install/moveit_msgs/share/moveit_msgs/msg/CartesianTrajectory.msg
[2.627s] -- Up-to-date: /home/habibahassan/project/install/moveit_msgs/share/moveit_msgs/msg/CartesianTrajectoryPoint.msg
[2.627s] -- Up-to-date: /home/habibahassan/project/install/moveit_msgs/share/moveit_msgs/msg/CollisionObject.msg
[2.627s] -- Up-to-date: /home/habibahassan/project/install/moveit_msgs/share/moveit_msgs/msg/ConstraintEvalResult.msg
[2.627s] -- Up-to-date: /home/habibahassan/project/install/moveit_msgs/share/moveit_msgs/msg/Constraints.msg
[2.627s] -- Up-to-date: /home/habibahassan/project/install/moveit_msgs/share/moveit_msgs/msg/CostSource.msg
[2.627s] -- Up-to-date: /home/habibahassan/project/install/moveit_msgs/share/moveit_msgs/msg/ContactInformation.msg
[2.627s] -- Up-to-date: /home/habibahassan/project/install/moveit_msgs/share/moveit_msgs/msg/DisplayTrajectory.msg
[2.628s] -- Up-to-date: /home/habibahassan/project/install/moveit_msgs/share/moveit_msgs/msg/DisplayRobotState.msg
[2.628s] -- Up-to-date: /home/habibahassan/project/install/moveit_msgs/share/moveit_msgs/msg/GenericTrajectory.msg
[2.628s] -- Up-to-date: /home/habibahassan/project/install/moveit_msgs/share/moveit_msgs/msg/Grasp.msg
[2.628s] -- Up-to-date: /home/habibahassan/project/install/moveit_msgs/share/moveit_msgs/msg/GripperTranslation.msg
[2.628s] -- Up-to-date: /home/habibahassan/project/install/moveit_msgs/share/moveit_msgs/msg/JointConstraint.msg
[2.628s] -- Up-to-date: /home/habibahassan/project/install/moveit_msgs/share/moveit_msgs/msg/JointLimits.msg
[2.628s] -- Up-to-date: /home/habibahassan/project/install/moveit_msgs/share/moveit_msgs/msg/LinkPadding.msg
[2.628s] -- Up-to-date: /home/habibahassan/project/install/moveit_msgs/share/moveit_msgs/msg/LinkScale.msg
[2.628s] -- Up-to-date: /home/habibahassan/project/install/moveit_msgs/share/moveit_msgs/msg/MotionPlanRequest.msg
[2.629s] -- Up-to-date: /home/habibahassan/project/install/moveit_msgs/share/moveit_msgs/msg/MotionPlanResponse.msg
[2.629s] -- Up-to-date: /home/habibahassan/project/install/moveit_msgs/share/moveit_msgs/msg/MotionPlanDetailedResponse.msg
[2.629s] -- Up-to-date: /home/habibahassan/project/install/moveit_msgs/share/moveit_msgs/msg/MotionSequenceItem.msg
[2.629s] -- Up-to-date: /home/habibahassan/project/install/moveit_msgs/share/moveit_msgs/msg/MotionSequenceRequest.msg
[2.629s] -- Up-to-date: /home/habibahassan/project/install/moveit_msgs/share/moveit_msgs/msg/MotionSequenceResponse.msg
[2.630s] -- Up-to-date: /home/habibahassan/project/install/moveit_msgs/share/moveit_msgs/msg/MoveItErrorCodes.msg
[2.630s] -- Up-to-date: /home/habibahassan/project/install/moveit_msgs/share/moveit_msgs/msg/TrajectoryConstraints.msg
[2.630s] -- Up-to-date: /home/habibahassan/project/install/moveit_msgs/share/moveit_msgs/msg/ObjectColor.msg
[2.631s] -- Up-to-date: /home/habibahassan/project/install/moveit_msgs/share/moveit_msgs/msg/OrientationConstraint.msg
[2.631s] -- Up-to-date: /home/habibahassan/project/install/moveit_msgs/share/moveit_msgs/msg/OrientedBoundingBox.msg
[2.631s] -- Up-to-date: /home/habibahassan/project/install/moveit_msgs/share/moveit_msgs/msg/PlaceLocation.msg
[2.631s] -- Up-to-date: /home/habibahassan/project/install/moveit_msgs/share/moveit_msgs/msg/PlannerInterfaceDescription.msg
[2.631s] -- Up-to-date: /home/habibahassan/project/install/moveit_msgs/share/moveit_msgs/msg/PlannerParams.msg
[2.631s] -- Up-to-date: /home/habibahassan/project/install/moveit_msgs/share/moveit_msgs/msg/PlanningScene.msg
[2.631s] -- Up-to-date: /home/habibahassan/project/install/moveit_msgs/share/moveit_msgs/msg/PlanningSceneComponents.msg
[2.631s] -- Up-to-date: /home/habibahassan/project/install/moveit_msgs/share/moveit_msgs/msg/PlanningSceneWorld.msg
[2.631s] -- Up-to-date: /home/habibahassan/project/install/moveit_msgs/share/moveit_msgs/msg/PlanningOptions.msg
[2.632s] -- Up-to-date: /home/habibahassan/project/install/moveit_msgs/share/moveit_msgs/msg/PositionConstraint.msg
[2.632s] -- Up-to-date: /home/habibahassan/project/install/moveit_msgs/share/moveit_msgs/msg/RobotState.msg
[2.632s] -- Up-to-date: /home/habibahassan/project/install/moveit_msgs/share/moveit_msgs/msg/RobotTrajectory.msg
[2.632s] -- Up-to-date: /home/habibahassan/project/install/moveit_msgs/share/moveit_msgs/msg/VisibilityConstraint.msg
[2.632s] -- Up-to-date: /home/habibahassan/project/install/moveit_msgs/share/moveit_msgs/msg/WorkspaceParameters.msg
[2.632s] -- Up-to-date: /home/habibahassan/project/install/moveit_msgs/share/moveit_msgs/msg/KinematicSolverInfo.msg
[2.632s] -- Up-to-date: /home/habibahassan/project/install/moveit_msgs/share/moveit_msgs/msg/PositionIKRequest.msg
[2.632s] -- Up-to-date: /home/habibahassan/project/install/moveit_msgs/share/moveit_msgs/msg/PipelineState.msg
[2.632s] -- Up-to-date: /home/habibahassan/project/install/moveit_msgs/share/moveit_msgs/msg/ServoStatus.msg
[2.633s] -- Up-to-date: /home/habibahassan/project/install/moveit_msgs/share/moveit_msgs/srv/GetMotionPlan.srv
[2.633s] -- Up-to-date: /home/habibahassan/project/install/moveit_msgs/share/moveit_msgs/srv/GetStateValidity.srv
[2.633s] -- Up-to-date: /home/habibahassan/project/install/moveit_msgs/share/moveit_msgs/srv/GetCartesianPath.srv
[2.633s] -- Up-to-date: /home/habibahassan/project/install/moveit_msgs/share/moveit_msgs/srv/GetPlanningScene.srv
[2.633s] -- Up-to-date: /home/habibahassan/project/install/moveit_msgs/share/moveit_msgs/srv/GraspPlanning.srv
[2.633s] -- Up-to-date: /home/habibahassan/project/install/moveit_msgs/share/moveit_msgs/srv/ApplyPlanningScene.srv
[2.633s] -- Up-to-date: /home/habibahassan/project/install/moveit_msgs/share/moveit_msgs/srv/QueryPlannerInterfaces.srv
[2.633s] -- Up-to-date: /home/habibahassan/project/install/moveit_msgs/share/moveit_msgs/srv/GetMotionSequence.srv
[2.633s] -- Up-to-date: /home/habibahassan/project/install/moveit_msgs/share/moveit_msgs/srv/GetPositionFK.srv
[2.634s] -- Up-to-date: /home/habibahassan/project/install/moveit_msgs/share/moveit_msgs/srv/GetPositionIK.srv
[2.634s] -- Up-to-date: /home/habibahassan/project/install/moveit_msgs/share/moveit_msgs/srv/GetPlannerParams.srv
[2.634s] -- Up-to-date: /home/habibahassan/project/install/moveit_msgs/share/moveit_msgs/srv/SetPlannerParams.srv
[2.634s] -- Up-to-date: /home/habibahassan/project/install/moveit_msgs/share/moveit_msgs/srv/UpdatePointcloudOctomap.srv
[2.634s] -- Up-to-date: /home/habibahassan/project/install/moveit_msgs/share/moveit_msgs/srv/SaveGeometryToFile.srv
[2.634s] -- Up-to-date: /home/habibahassan/project/install/moveit_msgs/share/moveit_msgs/srv/SaveMap.srv
[2.634s] -- Up-to-date: /home/habibahassan/project/install/moveit_msgs/share/moveit_msgs/srv/LoadGeometryFromFile.srv
[2.634s] -- Up-to-date: /home/habibahassan/project/install/moveit_msgs/share/moveit_msgs/srv/LoadMap.srv
[2.634s] -- Up-to-date: /home/habibahassan/project/install/moveit_msgs/share/moveit_msgs/srv/SaveRobotStateToWarehouse.srv
[2.635s] -- Up-to-date: /home/habibahassan/project/install/moveit_msgs/share/moveit_msgs/srv/ListRobotStatesInWarehouse.srv
[2.635s] -- Up-to-date: /home/habibahassan/project/install/moveit_msgs/share/moveit_msgs/srv/GetRobotStateFromWarehouse.srv
[2.635s] -- Up-to-date: /home/habibahassan/project/install/moveit_msgs/share/moveit_msgs/srv/CheckIfRobotStateExistsInWarehouse.srv
[2.635s] -- Up-to-date: /home/habibahassan/project/install/moveit_msgs/share/moveit_msgs/srv/RenameRobotStateInWarehouse.srv
[2.635s] -- Up-to-date: /home/habibahassan/project/install/moveit_msgs/share/moveit_msgs/srv/DeleteRobotStateFromWarehouse.srv
[2.635s] -- Up-to-date: /home/habibahassan/project/install/moveit_msgs/share/moveit_msgs/srv/ServoCommandType.srv
[2.635s] -- Up-to-date: /home/habibahassan/project/install/moveit_msgs/share/moveit_msgs/srv/GetGroupUrdf.srv
[2.635s] -- Up-to-date: /home/habibahassan/project/install/moveit_msgs/share/moveit_msgs/action/ExecuteTrajectory.action
[2.636s] -- Up-to-date: /home/habibahassan/project/install/moveit_msgs/share/moveit_msgs/action/MoveGroup.action
[2.636s] -- Up-to-date: /home/habibahassan/project/install/moveit_msgs/share/moveit_msgs/action/MoveGroupSequence.action
[2.636s] -- Up-to-date: /home/habibahassan/project/install/moveit_msgs/share/moveit_msgs/action/Pickup.action
[2.636s] -- Up-to-date: /home/habibahassan/project/install/moveit_msgs/share/moveit_msgs/action/Place.action
[2.636s] -- Up-to-date: /home/habibahassan/project/install/moveit_msgs/share/moveit_msgs/action/LocalPlanner.action
[2.636s] -- Up-to-date: /home/habibahassan/project/install/moveit_msgs/share/moveit_msgs/action/GlobalPlanner.action
[2.636s] -- Up-to-date: /home/habibahassan/project/install/moveit_msgs/share/moveit_msgs/action/HybridPlanner.action
[2.636s] -- Up-to-date: /home/habibahassan/project/install/moveit_msgs/share/ament_index/resource_index/package_run_dependencies/moveit_msgs
[2.636s] -- Up-to-date: /home/habibahassan/project/install/moveit_msgs/share/ament_index/resource_index/parent_prefix_path/moveit_msgs
[2.637s] -- Up-to-date: /home/habibahassan/project/install/moveit_msgs/share/moveit_msgs/environment/ament_prefix_path.sh
[2.637s] -- Up-to-date: /home/habibahassan/project/install/moveit_msgs/share/moveit_msgs/environment/ament_prefix_path.dsv
[2.637s] -- Up-to-date: /home/habibahassan/project/install/moveit_msgs/share/moveit_msgs/environment/path.sh
[2.637s] -- Up-to-date: /home/habibahassan/project/install/moveit_msgs/share/moveit_msgs/environment/path.dsv
[2.637s] -- Up-to-date: /home/habibahassan/project/install/moveit_msgs/share/moveit_msgs/local_setup.bash
[2.637s] -- Up-to-date: /home/habibahassan/project/install/moveit_msgs/share/moveit_msgs/local_setup.sh
[2.637s] -- Up-to-date: /home/habibahassan/project/install/moveit_msgs/share/moveit_msgs/local_setup.zsh
[2.637s] -- Up-to-date: /home/habibahassan/project/install/moveit_msgs/share/moveit_msgs/local_setup.dsv
[2.637s] -- Installing: /home/habibahassan/project/install/moveit_msgs/share/moveit_msgs/package.dsv
[2.638s] -- Up-to-date: /home/habibahassan/project/install/moveit_msgs/share/ament_index/resource_index/packages/moveit_msgs
[2.638s] -- Up-to-date: /home/habibahassan/project/install/moveit_msgs/share/moveit_msgs/cmake/export_moveit_msgs__rosidl_generator_cExport.cmake
[2.639s] -- Up-to-date: /home/habibahassan/project/install/moveit_msgs/share/moveit_msgs/cmake/export_moveit_msgs__rosidl_generator_cExport-noconfig.cmake
[2.639s] -- Up-to-date: /home/habibahassan/project/install/moveit_msgs/share/moveit_msgs/cmake/export_moveit_msgs__rosidl_typesupport_fastrtps_cExport.cmake
[2.640s] -- Up-to-date: /home/habibahassan/project/install/moveit_msgs/share/moveit_msgs/cmake/export_moveit_msgs__rosidl_typesupport_fastrtps_cExport-noconfig.cmake
[2.640s] -- Up-to-date: /home/habibahassan/project/install/moveit_msgs/share/moveit_msgs/cmake/moveit_msgs__rosidl_typesupport_introspection_cExport.cmake
[2.640s] -- Up-to-date: /home/habibahassan/project/install/moveit_msgs/share/moveit_msgs/cmake/moveit_msgs__rosidl_typesupport_introspection_cExport-noconfig.cmake
[2.641s] -- Up-to-date: /home/habibahassan/project/install/moveit_msgs/share/moveit_msgs/cmake/moveit_msgs__rosidl_typesupport_cExport.cmake
[2.642s] -- Up-to-date: /home/habibahassan/project/install/moveit_msgs/share/moveit_msgs/cmake/moveit_msgs__rosidl_typesupport_cExport-noconfig.cmake
[2.642s] -- Up-to-date: /home/habibahassan/project/install/moveit_msgs/share/moveit_msgs/cmake/export_moveit_msgs__rosidl_generator_cppExport.cmake
[2.643s] -- Up-to-date: /home/habibahassan/project/install/moveit_msgs/share/moveit_msgs/cmake/export_moveit_msgs__rosidl_typesupport_fastrtps_cppExport.cmake
[2.644s] -- Up-to-date: /home/habibahassan/project/install/moveit_msgs/share/moveit_msgs/cmake/export_moveit_msgs__rosidl_typesupport_fastrtps_cppExport-noconfig.cmake
[2.644s] -- Up-to-date: /home/habibahassan/project/install/moveit_msgs/share/moveit_msgs/cmake/moveit_msgs__rosidl_typesupport_introspection_cppExport.cmake
[2.645s] -- Up-to-date: /home/habibahassan/project/install/moveit_msgs/share/moveit_msgs/cmake/moveit_msgs__rosidl_typesupport_introspection_cppExport-noconfig.cmake
[2.645s] -- Up-to-date: /home/habibahassan/project/install/moveit_msgs/share/moveit_msgs/cmake/moveit_msgs__rosidl_typesupport_cppExport.cmake
[2.645s] -- Up-to-date: /home/habibahassan/project/install/moveit_msgs/share/moveit_msgs/cmake/moveit_msgs__rosidl_typesupport_cppExport-noconfig.cmake
[2.645s] -- Up-to-date: /home/habibahassan/project/install/moveit_msgs/share/moveit_msgs/cmake/export_moveit_msgs__rosidl_generator_pyExport.cmake
[2.646s] -- Up-to-date: /home/habibahassan/project/install/moveit_msgs/share/moveit_msgs/cmake/export_moveit_msgs__rosidl_generator_pyExport-noconfig.cmake
[2.646s] -- Up-to-date: /home/habibahassan/project/install/moveit_msgs/share/moveit_msgs/cmake/rosidl_cmake-extras.cmake
[2.646s] -- Up-to-date: /home/habibahassan/project/install/moveit_msgs/share/moveit_msgs/cmake/ament_cmake_export_dependencies-extras.cmake
[2.646s] -- Up-to-date: /home/habibahassan/project/install/moveit_msgs/share/moveit_msgs/cmake/ament_cmake_export_include_directories-extras.cmake
[2.646s] -- Up-to-date: /home/habibahassan/project/install/moveit_msgs/share/moveit_msgs/cmake/ament_cmake_export_libraries-extras.cmake
[2.646s] -- Up-to-date: /home/habibahassan/project/install/moveit_msgs/share/moveit_msgs/cmake/ament_cmake_export_targets-extras.cmake
[2.646s] -- Up-to-date: /home/habibahassan/project/install/moveit_msgs/share/moveit_msgs/cmake/rosidl_cmake_export_typesupport_targets-extras.cmake
[2.646s] -- Up-to-date: /home/habibahassan/project/install/moveit_msgs/share/moveit_msgs/cmake/rosidl_cmake_export_typesupport_libraries-extras.cmake
[2.646s] -- Up-to-date: /home/habibahassan/project/install/moveit_msgs/share/moveit_msgs/cmake/moveit_msgsConfig.cmake
[2.647s] -- Up-to-date: /home/habibahassan/project/install/moveit_msgs/share/moveit_msgs/cmake/moveit_msgsConfig-version.cmake
[2.647s] -- Up-to-date: /home/habibahassan/project/install/moveit_msgs/share/moveit_msgs/package.xml
[2.653s] Invoked command in '/home/habibahassan/project/build/moveit_msgs' returned '0': CMAKE_PREFIX_PATH=${CMAKE_PREFIX_PATH}:/home/habibahassan/project/install/moveit_configs_utils:/opt/ros/jazzy DEBUGINFOD_URLS=https://debuginfod.ubuntu.com /usr/bin/cmake --install /home/habibahassan/project/build/moveit_msgs
