[0.140s] Invoking command in '/home/habibahassan/project/build/moveit_msgs': CMAKE_PREFIX_PATH=${CMAKE_PREFIX_PATH}:/home/habibahassan/project/install/moveit_configs_utils:/opt/ros/jazzy DEBUGINFOD_URLS=https://debuginfod.ubuntu.com /usr/bin/cmake --build /home/habibahassan/project/build/moveit_msgs -- -j8 -l8
[0.780s] [  0%] Built target moveit_msgs__rosidl_generator_type_description
[0.780s] [  0%] Built target ament_cmake_python_copy_moveit_msgs
[0.862s] [ 29%] Built target moveit_msgs__rosidl_generator_c
[1.739s] running egg_info
[1.842s] writing moveit_msgs.egg-info/PKG-INFO
[1.844s] writing dependency_links to moveit_msgs.egg-info/dependency_links.txt
[1.846s] writing top-level names to moveit_msgs.egg-info/top_level.txt
[2.310s] reading manifest file 'moveit_msgs.egg-info/SOURCES.txt'
[2.319s] writing manifest file 'moveit_msgs.egg-info/SOURCES.txt'
[2.527s] [ 29%] Built target ament_cmake_python_build_moveit_msgs_egg
[2.886s] [ 39%] Built target moveit_msgs__rosidl_typesupport_c
[3.194s] [ 49%] Built target moveit_msgs__rosidl_typesupport_introspection_c
[3.601s] [ 59%] Built target moveit_msgs__rosidl_typesupport_fastrtps_c
[3.854s] [ 59%] Built target moveit_msgs__cpp
[4.135s] [ 69%] Built target moveit_msgs__rosidl_typesupport_cpp
[4.518s] [ 79%] Built target moveit_msgs__rosidl_typesupport_introspection_cpp
[4.870s] [ 89%] Built target moveit_msgs__rosidl_typesupport_fastrtps_cpp
[4.986s] [ 89%] Built target moveit_msgs
[5.114s] [ 89%] Built target moveit_msgs__py
[5.388s] [ 99%] Built target moveit_msgs__rosidl_generator_py
[5.558s] [ 99%] Built target moveit_msgs_s__rosidl_typesupport_fastrtps_c
[5.682s] [ 99%] Built target moveit_msgs_s__rosidl_typesupport_c
[5.804s] [100%] Built target moveit_msgs_s__rosidl_typesupport_introspection_c
[5.883s] Invoked command in '/home/habibahassan/project/build/moveit_msgs' returned '0': CMAKE_PREFIX_PATH=${CMAKE_PREFIX_PATH}:/home/habibahassan/project/install/moveit_configs_utils:/opt/ros/jazzy DEBUGINFOD_URLS=https://debuginfod.ubuntu.com /usr/bin/cmake --build /home/habibahassan/project/build/moveit_msgs -- -j8 -l8
[5.886s] Invoking command in '/home/habibahassan/project/build/moveit_msgs': CMAKE_PREFIX_PATH=${CMAKE_PREFIX_PATH}:/home/habibahassan/project/install/moveit_configs_utils:/opt/ros/jazzy DEBUGINFOD_URLS=https://debuginfod.ubuntu.com /usr/bin/cmake --install /home/habibahassan/project/build/moveit_msgs
[5.935s] -- Install configuration: ""
[5.936s] -- Up-to-date: /home/habibahassan/project/install/moveit_msgs/share/ament_index/resource_index/rosidl_interfaces/moveit_msgs
[5.936s] -- Up-to-date: /home/habibahassan/project/install/moveit_msgs/share/moveit_msgs/msg/AllowedCollisionEntry.json
[5.937s] -- Up-to-date: /home/habibahassan/project/install/moveit_msgs/share/moveit_msgs/msg/AllowedCollisionMatrix.json
[5.937s] -- Up-to-date: /home/habibahassan/project/install/moveit_msgs/share/moveit_msgs/msg/AttachedCollisionObject.json
[5.938s] -- Up-to-date: /home/habibahassan/project/install/moveit_msgs/share/moveit_msgs/msg/BoundingVolume.json
[5.938s] -- Up-to-date: /home/habibahassan/project/install/moveit_msgs/share/moveit_msgs/msg/CartesianPoint.json
[5.938s] -- Up-to-date: /home/habibahassan/project/install/moveit_msgs/share/moveit_msgs/msg/CartesianTrajectory.json
[5.938s] -- Up-to-date: /home/habibahassan/project/install/moveit_msgs/share/moveit_msgs/msg/CartesianTrajectoryPoint.json
[5.958s] -- Up-to-date: /home/habibahassan/project/install/moveit_msgs/share/moveit_msgs/msg/CollisionObject.json
[5.959s] -- Up-to-date: /home/habibahassan/project/install/moveit_msgs/share/moveit_msgs/msg/ConstraintEvalResult.json
[5.959s] -- Up-to-date: /home/habibahassan/project/install/moveit_msgs/share/moveit_msgs/msg/Constraints.json
[5.960s] -- Up-to-date: /home/habibahassan/project/install/moveit_msgs/share/moveit_msgs/msg/CostSource.json
[5.961s] -- Up-to-date: /home/habibahassan/project/install/moveit_msgs/share/moveit_msgs/msg/ContactInformation.json
[5.965s] -- Up-to-date: /home/habibahassan/project/install/moveit_msgs/share/moveit_msgs/msg/DisplayTrajectory.json
[5.966s] -- Up-to-date: /home/habibahassan/project/install/moveit_msgs/share/moveit_msgs/msg/DisplayRobotState.json
[5.969s] -- Up-to-date: /home/habibahassan/project/install/moveit_msgs/share/moveit_msgs/msg/GenericTrajectory.json
[5.972s] -- Up-to-date: /home/habibahassan/project/install/moveit_msgs/share/moveit_msgs/msg/Grasp.json
[5.972s] -- Up-to-date: /home/habibahassan/project/install/moveit_msgs/share/moveit_msgs/msg/GripperTranslation.json
[5.972s] -- Up-to-date: /home/habibahassan/project/install/moveit_msgs/share/moveit_msgs/msg/JointConstraint.json
[5.973s] -- Up-to-date: /home/habibahassan/project/install/moveit_msgs/share/moveit_msgs/msg/JointLimits.json
[5.974s] -- Up-to-date: /home/habibahassan/project/install/moveit_msgs/share/moveit_msgs/msg/LinkPadding.json
[5.989s] -- Up-to-date: /home/habibahassan/project/install/moveit_msgs/share/moveit_msgs/msg/LinkScale.json
[6.015s] -- Up-to-date: /home/habibahassan/project/install/moveit_msgs/share/moveit_msgs/msg/MotionPlanRequest.json
[6.016s] -- Up-to-date: /home/habibahassan/project/install/moveit_msgs/share/moveit_msgs/msg/MotionPlanResponse.json
[6.017s] -- Up-to-date: /home/habibahassan/project/install/moveit_msgs/share/moveit_msgs/msg/MotionPlanDetailedResponse.json
[6.019s] -- Up-to-date: /home/habibahassan/project/install/moveit_msgs/share/moveit_msgs/msg/MotionSequenceItem.json
[6.023s] -- Up-to-date: /home/habibahassan/project/install/moveit_msgs/share/moveit_msgs/msg/MotionSequenceRequest.json
[6.027s] -- Up-to-date: /home/habibahassan/project/install/moveit_msgs/share/moveit_msgs/msg/MotionSequenceResponse.json
[6.028s] -- Up-to-date: /home/habibahassan/project/install/moveit_msgs/share/moveit_msgs/msg/MoveItErrorCodes.json
[6.028s] -- Up-to-date: /home/habibahassan/project/install/moveit_msgs/share/moveit_msgs/msg/TrajectoryConstraints.json
[6.029s] -- Up-to-date: /home/habibahassan/project/install/moveit_msgs/share/moveit_msgs/msg/ObjectColor.json
[6.029s] -- Up-to-date: /home/habibahassan/project/install/moveit_msgs/share/moveit_msgs/msg/OrientationConstraint.json
[6.029s] -- Up-to-date: /home/habibahassan/project/install/moveit_msgs/share/moveit_msgs/msg/OrientedBoundingBox.json
[6.030s] -- Up-to-date: /home/habibahassan/project/install/moveit_msgs/share/moveit_msgs/msg/PlaceLocation.json
[6.030s] -- Up-to-date: /home/habibahassan/project/install/moveit_msgs/share/moveit_msgs/msg/PlannerInterfaceDescription.json
[6.031s] -- Up-to-date: /home/habibahassan/project/install/moveit_msgs/share/moveit_msgs/msg/PlannerParams.json
[6.031s] -- Up-to-date: /home/habibahassan/project/install/moveit_msgs/share/moveit_msgs/msg/PlanningScene.json
[6.032s] -- Up-to-date: /home/habibahassan/project/install/moveit_msgs/share/moveit_msgs/msg/PlanningSceneComponents.json
[6.032s] -- Up-to-date: /home/habibahassan/project/install/moveit_msgs/share/moveit_msgs/msg/PlanningSceneWorld.json
[6.033s] -- Up-to-date: /home/habibahassan/project/install/moveit_msgs/share/moveit_msgs/msg/PlanningOptions.json
[6.033s] -- Up-to-date: /home/habibahassan/project/install/moveit_msgs/share/moveit_msgs/msg/PositionConstraint.json
[6.034s] -- Up-to-date: /home/habibahassan/project/install/moveit_msgs/share/moveit_msgs/msg/RobotState.json
[6.034s] -- Up-to-date: /home/habibahassan/project/install/moveit_msgs/share/moveit_msgs/msg/RobotTrajectory.json
[6.034s] -- Up-to-date: /home/habibahassan/project/install/moveit_msgs/share/moveit_msgs/msg/VisibilityConstraint.json
[6.035s] -- Up-to-date: /home/habibahassan/project/install/moveit_msgs/share/moveit_msgs/msg/WorkspaceParameters.json
[6.044s] -- Up-to-date: /home/habibahassan/project/install/moveit_msgs/share/moveit_msgs/msg/KinematicSolverInfo.json
[6.047s] -- Up-to-date: /home/habibahassan/project/install/moveit_msgs/share/moveit_msgs/msg/PositionIKRequest.json
[6.049s] -- Up-to-date: /home/habibahassan/project/install/moveit_msgs/share/moveit_msgs/msg/PipelineState.json
[6.050s] -- Up-to-date: /home/habibahassan/project/install/moveit_msgs/share/moveit_msgs/msg/ServoStatus.json
[6.052s] -- Up-to-date: /home/habibahassan/project/install/moveit_msgs/share/moveit_msgs/srv/GetMotionPlan.json
[6.054s] -- Up-to-date: /home/habibahassan/project/install/moveit_msgs/share/moveit_msgs/srv/GetStateValidity.json
[6.055s] -- Up-to-date: /home/habibahassan/project/install/moveit_msgs/share/moveit_msgs/srv/GetCartesianPath.json
[6.055s] -- Up-to-date: /home/habibahassan/project/install/moveit_msgs/share/moveit_msgs/srv/GetPlanningScene.json
[6.056s] -- Up-to-date: /home/habibahassan/project/install/moveit_msgs/share/moveit_msgs/srv/GraspPlanning.json
[6.056s] -- Up-to-date: /home/habibahassan/project/install/moveit_msgs/share/moveit_msgs/srv/ApplyPlanningScene.json
[6.059s] -- Up-to-date: /home/habibahassan/project/install/moveit_msgs/share/moveit_msgs/srv/QueryPlannerInterfaces.json
[6.063s] -- Up-to-date: /home/habibahassan/project/install/moveit_msgs/share/moveit_msgs/srv/GetMotionSequence.json
[6.064s] -- Up-to-date: /home/habibahassan/project/install/moveit_msgs/share/moveit_msgs/srv/GetPositionFK.json
[6.065s] -- Up-to-date: /home/habibahassan/project/install/moveit_msgs/share/moveit_msgs/srv/GetPositionIK.json
[6.065s] -- Up-to-date: /home/habibahassan/project/install/moveit_msgs/share/moveit_msgs/srv/GetPlannerParams.json
[6.065s] -- Up-to-date: /home/habibahassan/project/install/moveit_msgs/share/moveit_msgs/srv/SetPlannerParams.json
[6.066s] -- Up-to-date: /home/habibahassan/project/install/moveit_msgs/share/moveit_msgs/srv/UpdatePointcloudOctomap.json
[6.066s] -- Up-to-date: /home/habibahassan/project/install/moveit_msgs/share/moveit_msgs/srv/SaveGeometryToFile.json
[6.066s] -- Up-to-date: /home/habibahassan/project/install/moveit_msgs/share/moveit_msgs/srv/SaveMap.json
[6.066s] -- Up-to-date: /home/habibahassan/project/install/moveit_msgs/share/moveit_msgs/srv/LoadGeometryFromFile.json
[6.067s] -- Up-to-date: /home/habibahassan/project/install/moveit_msgs/share/moveit_msgs/srv/LoadMap.json
[6.067s] -- Up-to-date: /home/habibahassan/project/install/moveit_msgs/share/moveit_msgs/srv/SaveRobotStateToWarehouse.json
[6.067s] -- Up-to-date: /home/habibahassan/project/install/moveit_msgs/share/moveit_msgs/srv/ListRobotStatesInWarehouse.json
[6.067s] -- Up-to-date: /home/habibahassan/project/install/moveit_msgs/share/moveit_msgs/srv/GetRobotStateFromWarehouse.json
[6.067s] -- Up-to-date: /home/habibahassan/project/install/moveit_msgs/share/moveit_msgs/srv/CheckIfRobotStateExistsInWarehouse.json
[6.068s] -- Up-to-date: /home/habibahassan/project/install/moveit_msgs/share/moveit_msgs/srv/RenameRobotStateInWarehouse.json
[6.069s] -- Up-to-date: /home/habibahassan/project/install/moveit_msgs/share/moveit_msgs/srv/DeleteRobotStateFromWarehouse.json
[6.070s] -- Up-to-date: /home/habibahassan/project/install/moveit_msgs/share/moveit_msgs/srv/ServoCommandType.json
[6.070s] -- Up-to-date: /home/habibahassan/project/install/moveit_msgs/share/moveit_msgs/srv/GetGroupUrdf.json
[6.070s] -- Up-to-date: /home/habibahassan/project/install/moveit_msgs/share/moveit_msgs/action/ExecuteTrajectory.json
[6.071s] -- Up-to-date: /home/habibahassan/project/install/moveit_msgs/share/moveit_msgs/action/MoveGroup.json
[6.071s] -- Up-to-date: /home/habibahassan/project/install/moveit_msgs/share/moveit_msgs/action/MoveGroupSequence.json
[6.072s] -- Up-to-date: /home/habibahassan/project/install/moveit_msgs/share/moveit_msgs/action/Pickup.json
[6.072s] -- Up-to-date: /home/habibahassan/project/install/moveit_msgs/share/moveit_msgs/action/Place.json
[6.072s] -- Up-to-date: /home/habibahassan/project/install/moveit_msgs/share/moveit_msgs/action/LocalPlanner.json
[6.072s] -- Up-to-date: /home/habibahassan/project/install/moveit_msgs/share/moveit_msgs/action/GlobalPlanner.json
[6.072s] -- Up-to-date: /home/habibahassan/project/install/moveit_msgs/share/moveit_msgs/action/HybridPlanner.json
[6.073s] -- Up-to-date: /home/habibahassan/project/install/moveit_msgs/include/moveit_msgs/moveit_msgs
[6.073s] -- Up-to-date: /home/habibahassan/project/install/moveit_msgs/include/moveit_msgs/moveit_msgs/srv
[6.074s] -- Up-to-date: /home/habibahassan/project/install/moveit_msgs/include/moveit_msgs/moveit_msgs/srv/get_planning_scene.h
[6.075s] -- Up-to-date: /home/habibahassan/project/install/moveit_msgs/include/moveit_msgs/moveit_msgs/srv/get_position_ik.h
[6.075s] -- Up-to-date: /home/habibahassan/project/install/moveit_msgs/include/moveit_msgs/moveit_msgs/srv/save_robot_state_to_warehouse.h
[6.076s] -- Up-to-date: /home/habibahassan/project/install/moveit_msgs/include/moveit_msgs/moveit_msgs/srv/update_pointcloud_octomap.h
[6.077s] -- Up-to-date: /home/habibahassan/project/install/moveit_msgs/include/moveit_msgs/moveit_msgs/srv/list_robot_states_in_warehouse.h
[6.077s] -- Up-to-date: /home/habibahassan/project/install/moveit_msgs/include/moveit_msgs/moveit_msgs/srv/save_geometry_to_file.h
[6.077s] -- Up-to-date: /home/habibahassan/project/install/moveit_msgs/include/moveit_msgs/moveit_msgs/srv/delete_robot_state_from_warehouse.h
[6.078s] -- Up-to-date: /home/habibahassan/project/install/moveit_msgs/include/moveit_msgs/moveit_msgs/srv/get_robot_state_from_warehouse.h
[6.078s] -- Up-to-date: /home/habibahassan/project/install/moveit_msgs/include/moveit_msgs/moveit_msgs/srv/get_cartesian_path.h
[6.078s] -- Up-to-date: /home/habibahassan/project/install/moveit_msgs/include/moveit_msgs/moveit_msgs/srv/save_map.h
[6.078s] -- Up-to-date: /home/habibahassan/project/install/moveit_msgs/include/moveit_msgs/moveit_msgs/srv/load_map.h
[6.079s] -- Up-to-date: /home/habibahassan/project/install/moveit_msgs/include/moveit_msgs/moveit_msgs/srv/get_position_fk.h
[6.079s] -- Up-to-date: /home/habibahassan/project/install/moveit_msgs/include/moveit_msgs/moveit_msgs/srv/detail
[6.079s] -- Installing: /home/habibahassan/project/install/moveit_msgs/include/moveit_msgs/moveit_msgs/srv/detail/get_cartesian_path__type_support.c
[6.079s] -- Up-to-date: /home/habibahassan/project/install/moveit_msgs/include/moveit_msgs/moveit_msgs/srv/detail/servo_command_type__type_support.h
[6.080s] -- Installing: /home/habibahassan/project/install/moveit_msgs/include/moveit_msgs/moveit_msgs/srv/detail/save_geometry_to_file__type_support.c
[6.080s] -- Up-to-date: /home/habibahassan/project/install/moveit_msgs/include/moveit_msgs/moveit_msgs/srv/detail/get_position_ik__functions.h
[6.080s] -- Installing: /home/habibahassan/project/install/moveit_msgs/include/moveit_msgs/moveit_msgs/srv/detail/load_geometry_from_file__type_support.c
[6.080s] -- Up-to-date: /home/habibahassan/project/install/moveit_msgs/include/moveit_msgs/moveit_msgs/srv/detail/grasp_planning__type_support.h
[6.081s] -- Up-to-date: /home/habibahassan/project/install/moveit_msgs/include/moveit_msgs/moveit_msgs/srv/detail/get_motion_plan__type_support.h
[6.081s] -- Up-to-date: /home/habibahassan/project/install/moveit_msgs/include/moveit_msgs/moveit_msgs/srv/detail/save_robot_state_to_warehouse__description.c
[6.088s] -- Up-to-date: /home/habibahassan/project/install/moveit_msgs/include/moveit_msgs/moveit_msgs/srv/detail/get_cartesian_path__description.c
[6.089s] -- Up-to-date: /home/habibahassan/project/install/moveit_msgs/include/moveit_msgs/moveit_msgs/srv/detail/get_state_validity__functions.c
[6.089s] -- Installing: /home/habibahassan/project/install/moveit_msgs/include/moveit_msgs/moveit_msgs/srv/detail/get_motion_plan__type_support.c
[6.089s] -- Up-to-date: /home/habibahassan/project/install/moveit_msgs/include/moveit_msgs/moveit_msgs/srv/detail/get_cartesian_path__type_support.h
[6.090s] -- Up-to-date: /home/habibahassan/project/install/moveit_msgs/include/moveit_msgs/moveit_msgs/srv/detail/get_planner_params__functions.h
[6.090s] -- Up-to-date: /home/habibahassan/project/install/moveit_msgs/include/moveit_msgs/moveit_msgs/srv/detail/delete_robot_state_from_warehouse__description.c
[6.091s] -- Installing: /home/habibahassan/project/install/moveit_msgs/include/moveit_msgs/moveit_msgs/srv/detail/get_position_fk__type_support.c
[6.091s] -- Up-to-date: /home/habibahassan/project/install/moveit_msgs/include/moveit_msgs/moveit_msgs/srv/detail/grasp_planning__functions.h
[6.091s] -- Up-to-date: /home/habibahassan/project/install/moveit_msgs/include/moveit_msgs/moveit_msgs/srv/detail/get_position_ik__type_support.h
[6.091s] -- Up-to-date: /home/habibahassan/project/install/moveit_msgs/include/moveit_msgs/moveit_msgs/srv/detail/update_pointcloud_octomap__description.c
[6.092s] -- Installing: /home/habibahassan/project/install/moveit_msgs/include/moveit_msgs/moveit_msgs/srv/detail/servo_command_type__type_support.c
[6.092s] -- Installing: /home/habibahassan/project/install/moveit_msgs/include/moveit_msgs/moveit_msgs/srv/detail/grasp_planning__type_support.c
[6.092s] -- Up-to-date: /home/habibahassan/project/install/moveit_msgs/include/moveit_msgs/moveit_msgs/srv/detail/get_position_fk__functions.c
[6.094s] -- Up-to-date: /home/habibahassan/project/install/moveit_msgs/include/moveit_msgs/moveit_msgs/srv/detail/load_geometry_from_file__struct.h
[6.096s] -- Up-to-date: /home/habibahassan/project/install/moveit_msgs/include/moveit_msgs/moveit_msgs/srv/detail/get_motion_plan__struct.h
[6.097s] -- Up-to-date: /home/habibahassan/project/install/moveit_msgs/include/moveit_msgs/moveit_msgs/srv/detail/get_motion_sequence__functions.c
[6.097s] -- Up-to-date: /home/habibahassan/project/install/moveit_msgs/include/moveit_msgs/moveit_msgs/srv/detail/get_planning_scene__functions.c
[6.097s] -- Up-to-date: /home/habibahassan/project/install/moveit_msgs/include/moveit_msgs/moveit_msgs/srv/detail/servo_command_type__struct.h
[6.098s] -- Installing: /home/habibahassan/project/install/moveit_msgs/include/moveit_msgs/moveit_msgs/srv/detail/get_planner_params__type_support.c
[6.098s] -- Up-to-date: /home/habibahassan/project/install/moveit_msgs/include/moveit_msgs/moveit_msgs/srv/detail/get_group_urdf__functions.h
[6.098s] -- Up-to-date: /home/habibahassan/project/install/moveit_msgs/include/moveit_msgs/moveit_msgs/srv/detail/load_map__type_support.h
[6.098s] -- Up-to-date: /home/habibahassan/project/install/moveit_msgs/include/moveit_msgs/moveit_msgs/srv/detail/get_state_validity__description.c
[6.098s] -- Up-to-date: /home/habibahassan/project/install/moveit_msgs/include/moveit_msgs/moveit_msgs/srv/detail/check_if_robot_state_exists_in_warehouse__type_support.h
[6.098s] -- Up-to-date: /home/habibahassan/project/install/moveit_msgs/include/moveit_msgs/moveit_msgs/srv/detail/get_planner_params__description.c
[6.099s] -- Up-to-date: /home/habibahassan/project/install/moveit_msgs/include/moveit_msgs/moveit_msgs/srv/detail/update_pointcloud_octomap__functions.h
[6.099s] -- Up-to-date: /home/habibahassan/project/install/moveit_msgs/include/moveit_msgs/moveit_msgs/srv/detail/list_robot_states_in_warehouse__struct.h
[6.099s] -- Up-to-date: /home/habibahassan/project/install/moveit_msgs/include/moveit_msgs/moveit_msgs/srv/detail/save_map__struct.h
[6.099s] -- Up-to-date: /home/habibahassan/project/install/moveit_msgs/include/moveit_msgs/moveit_msgs/srv/detail/get_cartesian_path__struct.h
[6.099s] -- Up-to-date: /home/habibahassan/project/install/moveit_msgs/include/moveit_msgs/moveit_msgs/srv/detail/get_motion_sequence__type_support.h
[6.100s] -- Up-to-date: /home/habibahassan/project/install/moveit_msgs/include/moveit_msgs/moveit_msgs/srv/detail/query_planner_interfaces__functions.h
[6.100s] -- Installing: /home/habibahassan/project/install/moveit_msgs/include/moveit_msgs/moveit_msgs/srv/detail/set_planner_params__type_support.c
[6.100s] -- Installing: /home/habibahassan/project/install/moveit_msgs/include/moveit_msgs/moveit_msgs/srv/detail/query_planner_interfaces__type_support.c
[6.100s] -- Up-to-date: /home/habibahassan/project/install/moveit_msgs/include/moveit_msgs/moveit_msgs/srv/detail/update_pointcloud_octomap__struct.h
[6.100s] -- Up-to-date: /home/habibahassan/project/install/moveit_msgs/include/moveit_msgs/moveit_msgs/srv/detail/servo_command_type__functions.c
[6.100s] -- Up-to-date: /home/habibahassan/project/install/moveit_msgs/include/moveit_msgs/moveit_msgs/srv/detail/get_planner_params__functions.c
[6.101s] -- Up-to-date: /home/habibahassan/project/install/moveit_msgs/include/moveit_msgs/moveit_msgs/srv/detail/check_if_robot_state_exists_in_warehouse__functions.h
[6.115s] -- Up-to-date: /home/habibahassan/project/install/moveit_msgs/include/moveit_msgs/moveit_msgs/srv/detail/apply_planning_scene__description.c
[6.116s] -- Up-to-date: /home/habibahassan/project/install/moveit_msgs/include/moveit_msgs/moveit_msgs/srv/detail/get_planner_params__type_support.h
[6.116s] -- Installing: /home/habibahassan/project/install/moveit_msgs/include/moveit_msgs/moveit_msgs/srv/detail/rename_robot_state_in_warehouse__type_support.c
[6.116s] -- Up-to-date: /home/habibahassan/project/install/moveit_msgs/include/moveit_msgs/moveit_msgs/srv/detail/save_robot_state_to_warehouse__functions.h
[6.117s] -- Up-to-date: /home/habibahassan/project/install/moveit_msgs/include/moveit_msgs/moveit_msgs/srv/detail/update_pointcloud_octomap__functions.c
[6.117s] -- Up-to-date: /home/habibahassan/project/install/moveit_msgs/include/moveit_msgs/moveit_msgs/srv/detail/list_robot_states_in_warehouse__description.c
[6.117s] -- Up-to-date: /home/habibahassan/project/install/moveit_msgs/include/moveit_msgs/moveit_msgs/srv/detail/get_planning_scene__functions.h
[6.117s] -- Up-to-date: /home/habibahassan/project/install/moveit_msgs/include/moveit_msgs/moveit_msgs/srv/detail/get_group_urdf__struct.h
[6.118s] -- Up-to-date: /home/habibahassan/project/install/moveit_msgs/include/moveit_msgs/moveit_msgs/srv/detail/rename_robot_state_in_warehouse__type_support.h
[6.118s] -- Up-to-date: /home/habibahassan/project/install/moveit_msgs/include/moveit_msgs/moveit_msgs/srv/detail/get_planning_scene__struct.h
[6.119s] -- Up-to-date: /home/habibahassan/project/install/moveit_msgs/include/moveit_msgs/moveit_msgs/srv/detail/get_position_fk__type_support.h
[6.119s] -- Up-to-date: /home/habibahassan/project/install/moveit_msgs/include/moveit_msgs/moveit_msgs/srv/detail/load_geometry_from_file__functions.c
[6.119s] -- Up-to-date: /home/habibahassan/project/install/moveit_msgs/include/moveit_msgs/moveit_msgs/srv/detail/get_state_validity__type_support.h
[6.119s] -- Up-to-date: /home/habibahassan/project/install/moveit_msgs/include/moveit_msgs/moveit_msgs/srv/detail/save_geometry_to_file__functions.c
[6.120s] -- Up-to-date: /home/habibahassan/project/install/moveit_msgs/include/moveit_msgs/moveit_msgs/srv/detail/load_map__struct.h
[6.120s] -- Up-to-date: /home/habibahassan/project/install/moveit_msgs/include/moveit_msgs/moveit_msgs/srv/detail/set_planner_params__functions.c
[6.120s] -- Up-to-date: /home/habibahassan/project/install/moveit_msgs/include/moveit_msgs/moveit_msgs/srv/detail/rename_robot_state_in_warehouse__struct.h
[6.120s] -- Up-to-date: /home/habibahassan/project/install/moveit_msgs/include/moveit_msgs/moveit_msgs/srv/detail/check_if_robot_state_exists_in_warehouse__description.c
[6.121s] -- Up-to-date: /home/habibahassan/project/install/moveit_msgs/include/moveit_msgs/moveit_msgs/srv/detail/list_robot_states_in_warehouse__functions.c
[6.122s] -- Up-to-date: /home/habibahassan/project/install/moveit_msgs/include/moveit_msgs/moveit_msgs/srv/detail/get_position_fk__description.c
[6.122s] -- Up-to-date: /home/habibahassan/project/install/moveit_msgs/include/moveit_msgs/moveit_msgs/srv/detail/get_state_validity__struct.h
[6.122s] -- Up-to-date: /home/habibahassan/project/install/moveit_msgs/include/moveit_msgs/moveit_msgs/srv/detail/apply_planning_scene__struct.h
[6.122s] -- Installing: /home/habibahassan/project/install/moveit_msgs/include/moveit_msgs/moveit_msgs/srv/detail/save_robot_state_to_warehouse__type_support.c
[6.123s] -- Up-to-date: /home/habibahassan/project/install/moveit_msgs/include/moveit_msgs/moveit_msgs/srv/detail/list_robot_states_in_warehouse__type_support.h
[6.124s] -- Up-to-date: /home/habibahassan/project/install/moveit_msgs/include/moveit_msgs/moveit_msgs/srv/detail/set_planner_params__functions.h
[6.124s] -- Up-to-date: /home/habibahassan/project/install/moveit_msgs/include/moveit_msgs/moveit_msgs/srv/detail/get_planning_scene__type_support.h
[6.125s] -- Up-to-date: /home/habibahassan/project/install/moveit_msgs/include/moveit_msgs/moveit_msgs/srv/detail/get_motion_sequence__struct.h
[6.126s] -- Up-to-date: /home/habibahassan/project/install/moveit_msgs/include/moveit_msgs/moveit_msgs/srv/detail/delete_robot_state_from_warehouse__struct.h
[6.127s] -- Up-to-date: /home/habibahassan/project/install/moveit_msgs/include/moveit_msgs/moveit_msgs/srv/detail/query_planner_interfaces__struct.h
[6.127s] -- Up-to-date: /home/habibahassan/project/install/moveit_msgs/include/moveit_msgs/moveit_msgs/srv/detail/check_if_robot_state_exists_in_warehouse__functions.c
[6.127s] -- Up-to-date: /home/habibahassan/project/install/moveit_msgs/include/moveit_msgs/moveit_msgs/srv/detail/apply_planning_scene__type_support.h
[6.128s] -- Up-to-date: /home/habibahassan/project/install/moveit_msgs/include/moveit_msgs/moveit_msgs/srv/detail/get_motion_sequence__description.c
[6.128s] -- Up-to-date: /home/habibahassan/project/install/moveit_msgs/include/moveit_msgs/moveit_msgs/srv/detail/get_robot_state_from_warehouse__description.c
[6.128s] -- Up-to-date: /home/habibahassan/project/install/moveit_msgs/include/moveit_msgs/moveit_msgs/srv/detail/get_planner_params__struct.h
[6.128s] -- Up-to-date: /home/habibahassan/project/install/moveit_msgs/include/moveit_msgs/moveit_msgs/srv/detail/save_geometry_to_file__struct.h
[6.129s] -- Installing: /home/habibahassan/project/install/moveit_msgs/include/moveit_msgs/moveit_msgs/srv/detail/get_state_validity__type_support.c
[6.129s] -- Up-to-date: /home/habibahassan/project/install/moveit_msgs/include/moveit_msgs/moveit_msgs/srv/detail/save_map__description.c
[6.130s] -- Installing: /home/habibahassan/project/install/moveit_msgs/include/moveit_msgs/moveit_msgs/srv/detail/get_motion_sequence__type_support.c
[6.130s] -- Up-to-date: /home/habibahassan/project/install/moveit_msgs/include/moveit_msgs/moveit_msgs/srv/detail/get_motion_plan__functions.c
[6.131s] -- Installing: /home/habibahassan/project/install/moveit_msgs/include/moveit_msgs/moveit_msgs/srv/detail/check_if_robot_state_exists_in_warehouse__type_support.c
[6.151s] -- Up-to-date: /home/habibahassan/project/install/moveit_msgs/include/moveit_msgs/moveit_msgs/srv/detail/save_geometry_to_file__functions.h
[6.160s] -- Up-to-date: /home/habibahassan/project/install/moveit_msgs/include/moveit_msgs/moveit_msgs/srv/detail/get_robot_state_from_warehouse__functions.h
[6.164s] -- Up-to-date: /home/habibahassan/project/install/moveit_msgs/include/moveit_msgs/moveit_msgs/srv/detail/servo_command_type__description.c
[6.165s] -- Up-to-date: /home/habibahassan/project/install/moveit_msgs/include/moveit_msgs/moveit_msgs/srv/detail/set_planner_params__struct.h
[6.165s] -- Installing: /home/habibahassan/project/install/moveit_msgs/include/moveit_msgs/moveit_msgs/srv/detail/list_robot_states_in_warehouse__type_support.c
[6.166s] -- Installing: /home/habibahassan/project/install/moveit_msgs/include/moveit_msgs/moveit_msgs/srv/detail/save_map__type_support.c
[6.166s] -- Up-to-date: /home/habibahassan/project/install/moveit_msgs/include/moveit_msgs/moveit_msgs/srv/detail/get_position_fk__functions.h
[6.166s] -- Up-to-date: /home/habibahassan/project/install/moveit_msgs/include/moveit_msgs/moveit_msgs/srv/detail/get_motion_sequence__functions.h
[6.166s] -- Up-to-date: /home/habibahassan/project/install/moveit_msgs/include/moveit_msgs/moveit_msgs/srv/detail/get_state_validity__functions.h
[6.166s] -- Installing: /home/habibahassan/project/install/moveit_msgs/include/moveit_msgs/moveit_msgs/srv/detail/update_pointcloud_octomap__type_support.c
[6.166s] -- Up-to-date: /home/habibahassan/project/install/moveit_msgs/include/moveit_msgs/moveit_msgs/srv/detail/load_geometry_from_file__functions.h
[6.167s] -- Installing: /home/habibahassan/project/install/moveit_msgs/include/moveit_msgs/moveit_msgs/srv/detail/get_planning_scene__type_support.c
[6.167s] -- Up-to-date: /home/habibahassan/project/install/moveit_msgs/include/moveit_msgs/moveit_msgs/srv/detail/rename_robot_state_in_warehouse__description.c
[6.167s] -- Up-to-date: /home/habibahassan/project/install/moveit_msgs/include/moveit_msgs/moveit_msgs/srv/detail/get_motion_plan__functions.h
[6.167s] -- Up-to-date: /home/habibahassan/project/install/moveit_msgs/include/moveit_msgs/moveit_msgs/srv/detail/get_group_urdf__description.c
[6.167s] -- Up-to-date: /home/habibahassan/project/install/moveit_msgs/include/moveit_msgs/moveit_msgs/srv/detail/get_robot_state_from_warehouse__struct.h
[6.168s] -- Up-to-date: /home/habibahassan/project/install/moveit_msgs/include/moveit_msgs/moveit_msgs/srv/detail/load_geometry_from_file__description.c
[6.168s] -- Up-to-date: /home/habibahassan/project/install/moveit_msgs/include/moveit_msgs/moveit_msgs/srv/detail/save_map__functions.h
[6.168s] -- Up-to-date: /home/habibahassan/project/install/moveit_msgs/include/moveit_msgs/moveit_msgs/srv/detail/get_robot_state_from_warehouse__type_support.h
[6.168s] -- Up-to-date: /home/habibahassan/project/install/moveit_msgs/include/moveit_msgs/moveit_msgs/srv/detail/save_geometry_to_file__description.c
[6.168s] -- Up-to-date: /home/habibahassan/project/install/moveit_msgs/include/moveit_msgs/moveit_msgs/srv/detail/apply_planning_scene__functions.h
[6.169s] -- Up-to-date: /home/habibahassan/project/install/moveit_msgs/include/moveit_msgs/moveit_msgs/srv/detail/query_planner_interfaces__type_support.h
[6.169s] -- Up-to-date: /home/habibahassan/project/install/moveit_msgs/include/moveit_msgs/moveit_msgs/srv/detail/get_position_fk__struct.h
[6.169s] -- Installing: /home/habibahassan/project/install/moveit_msgs/include/moveit_msgs/moveit_msgs/srv/detail/delete_robot_state_from_warehouse__type_support.c
[6.169s] -- Up-to-date: /home/habibahassan/project/install/moveit_msgs/include/moveit_msgs/moveit_msgs/srv/detail/rename_robot_state_in_warehouse__functions.c
[6.169s] -- Up-to-date: /home/habibahassan/project/install/moveit_msgs/include/moveit_msgs/moveit_msgs/srv/detail/load_map__functions.h
[6.170s] -- Installing: /home/habibahassan/project/install/moveit_msgs/include/moveit_msgs/moveit_msgs/srv/detail/get_group_urdf__type_support.c
[6.170s] -- Up-to-date: /home/habibahassan/project/install/moveit_msgs/include/moveit_msgs/moveit_msgs/srv/detail/check_if_robot_state_exists_in_warehouse__struct.h
[6.170s] -- Up-to-date: /home/habibahassan/project/install/moveit_msgs/include/moveit_msgs/moveit_msgs/srv/detail/load_geometry_from_file__type_support.h
[6.170s] -- Up-to-date: /home/habibahassan/project/install/moveit_msgs/include/moveit_msgs/moveit_msgs/srv/detail/query_planner_interfaces__description.c
[6.170s] -- Installing: /home/habibahassan/project/install/moveit_msgs/include/moveit_msgs/moveit_msgs/srv/detail/load_map__type_support.c
[6.171s] -- Up-to-date: /home/habibahassan/project/install/moveit_msgs/include/moveit_msgs/moveit_msgs/srv/detail/set_planner_params__type_support.h
[6.171s] -- Up-to-date: /home/habibahassan/project/install/moveit_msgs/include/moveit_msgs/moveit_msgs/srv/detail/update_pointcloud_octomap__type_support.h
[6.191s] -- Up-to-date: /home/habibahassan/project/install/moveit_msgs/include/moveit_msgs/moveit_msgs/srv/detail/delete_robot_state_from_warehouse__functions.c
[6.192s] -- Up-to-date: /home/habibahassan/project/install/moveit_msgs/include/moveit_msgs/moveit_msgs/srv/detail/rename_robot_state_in_warehouse__functions.h
[6.192s] -- Installing: /home/habibahassan/project/install/moveit_msgs/include/moveit_msgs/moveit_msgs/srv/detail/get_robot_state_from_warehouse__type_support.c
[6.193s] -- Up-to-date: /home/habibahassan/project/install/moveit_msgs/include/moveit_msgs/moveit_msgs/srv/detail/delete_robot_state_from_warehouse__functions.h
[6.194s] -- Up-to-date: /home/habibahassan/project/install/moveit_msgs/include/moveit_msgs/moveit_msgs/srv/detail/load_map__functions.c
[6.196s] -- Up-to-date: /home/habibahassan/project/install/moveit_msgs/include/moveit_msgs/moveit_msgs/srv/detail/grasp_planning__struct.h
[6.196s] -- Up-to-date: /home/habibahassan/project/install/moveit_msgs/include/moveit_msgs/moveit_msgs/srv/detail/get_cartesian_path__functions.h
[6.197s] -- Up-to-date: /home/habibahassan/project/install/moveit_msgs/include/moveit_msgs/moveit_msgs/srv/detail/save_map__functions.c
[6.198s] -- Up-to-date: /home/habibahassan/project/install/moveit_msgs/include/moveit_msgs/moveit_msgs/srv/detail/save_robot_state_to_warehouse__functions.c
[6.199s] -- Up-to-date: /home/habibahassan/project/install/moveit_msgs/include/moveit_msgs/moveit_msgs/srv/detail/save_map__type_support.h
[6.199s] -- Up-to-date: /home/habibahassan/project/install/moveit_msgs/include/moveit_msgs/moveit_msgs/srv/detail/get_robot_state_from_warehouse__functions.c
[6.199s] -- Up-to-date: /home/habibahassan/project/install/moveit_msgs/include/moveit_msgs/moveit_msgs/srv/detail/save_robot_state_to_warehouse__type_support.h
[6.199s] -- Up-to-date: /home/habibahassan/project/install/moveit_msgs/include/moveit_msgs/moveit_msgs/srv/detail/get_motion_plan__description.c
[6.200s] -- Installing: /home/habibahassan/project/install/moveit_msgs/include/moveit_msgs/moveit_msgs/srv/detail/get_position_ik__type_support.c
[6.200s] -- Up-to-date: /home/habibahassan/project/install/moveit_msgs/include/moveit_msgs/moveit_msgs/srv/detail/get_position_ik__description.c
[6.200s] -- Up-to-date: /home/habibahassan/project/install/moveit_msgs/include/moveit_msgs/moveit_msgs/srv/detail/grasp_planning__functions.c
[6.200s] -- Up-to-date: /home/habibahassan/project/install/moveit_msgs/include/moveit_msgs/moveit_msgs/srv/detail/get_group_urdf__type_support.h
[6.201s] -- Up-to-date: /home/habibahassan/project/install/moveit_msgs/include/moveit_msgs/moveit_msgs/srv/detail/save_geometry_to_file__type_support.h
[6.201s] -- Up-to-date: /home/habibahassan/project/install/moveit_msgs/include/moveit_msgs/moveit_msgs/srv/detail/list_robot_states_in_warehouse__functions.h
[6.201s] -- Up-to-date: /home/habibahassan/project/install/moveit_msgs/include/moveit_msgs/moveit_msgs/srv/detail/apply_planning_scene__functions.c
[6.201s] -- Up-to-date: /home/habibahassan/project/install/moveit_msgs/include/moveit_msgs/moveit_msgs/srv/detail/get_position_ik__functions.c
[6.201s] -- Up-to-date: /home/habibahassan/project/install/moveit_msgs/include/moveit_msgs/moveit_msgs/srv/detail/grasp_planning__description.c
[6.202s] -- Up-to-date: /home/habibahassan/project/install/moveit_msgs/include/moveit_msgs/moveit_msgs/srv/detail/set_planner_params__description.c
[6.202s] -- Up-to-date: /home/habibahassan/project/install/moveit_msgs/include/moveit_msgs/moveit_msgs/srv/detail/get_group_urdf__functions.c
[6.202s] -- Up-to-date: /home/habibahassan/project/install/moveit_msgs/include/moveit_msgs/moveit_msgs/srv/detail/get_cartesian_path__functions.c
[6.202s] -- Up-to-date: /home/habibahassan/project/install/moveit_msgs/include/moveit_msgs/moveit_msgs/srv/detail/get_planning_scene__description.c
[6.202s] -- Up-to-date: /home/habibahassan/project/install/moveit_msgs/include/moveit_msgs/moveit_msgs/srv/detail/load_map__description.c
[6.203s] -- Up-to-date: /home/habibahassan/project/install/moveit_msgs/include/moveit_msgs/moveit_msgs/srv/detail/get_position_ik__struct.h
[6.203s] -- Up-to-date: /home/habibahassan/project/install/moveit_msgs/include/moveit_msgs/moveit_msgs/srv/detail/query_planner_interfaces__functions.c
[6.203s] -- Up-to-date: /home/habibahassan/project/install/moveit_msgs/include/moveit_msgs/moveit_msgs/srv/detail/servo_command_type__functions.h
[6.203s] -- Up-to-date: /home/habibahassan/project/install/moveit_msgs/include/moveit_msgs/moveit_msgs/srv/detail/save_robot_state_to_warehouse__struct.h
[6.204s] -- Up-to-date: /home/habibahassan/project/install/moveit_msgs/include/moveit_msgs/moveit_msgs/srv/detail/delete_robot_state_from_warehouse__type_support.h
[6.204s] -- Installing: /home/habibahassan/project/install/moveit_msgs/include/moveit_msgs/moveit_msgs/srv/detail/apply_planning_scene__type_support.c
[6.204s] -- Up-to-date: /home/habibahassan/project/install/moveit_msgs/include/moveit_msgs/moveit_msgs/srv/apply_planning_scene.h
[6.204s] -- Up-to-date: /home/habibahassan/project/install/moveit_msgs/include/moveit_msgs/moveit_msgs/srv/query_planner_interfaces.h
[6.205s] -- Up-to-date: /home/habibahassan/project/install/moveit_msgs/include/moveit_msgs/moveit_msgs/srv/get_planner_params.h
[6.205s] -- Up-to-date: /home/habibahassan/project/install/moveit_msgs/include/moveit_msgs/moveit_msgs/srv/servo_command_type.h
[6.205s] -- Up-to-date: /home/habibahassan/project/install/moveit_msgs/include/moveit_msgs/moveit_msgs/srv/grasp_planning.h
[6.205s] -- Up-to-date: /home/habibahassan/project/install/moveit_msgs/include/moveit_msgs/moveit_msgs/srv/rename_robot_state_in_warehouse.h
[6.205s] -- Up-to-date: /home/habibahassan/project/install/moveit_msgs/include/moveit_msgs/moveit_msgs/srv/check_if_robot_state_exists_in_warehouse.h
[6.206s] -- Up-to-date: /home/habibahassan/project/install/moveit_msgs/include/moveit_msgs/moveit_msgs/srv/get_motion_plan.h
[6.206s] -- Up-to-date: /home/habibahassan/project/install/moveit_msgs/include/moveit_msgs/moveit_msgs/srv/set_planner_params.h
[6.206s] -- Up-to-date: /home/habibahassan/project/install/moveit_msgs/include/moveit_msgs/moveit_msgs/srv/get_motion_sequence.h
[6.206s] -- Up-to-date: /home/habibahassan/project/install/moveit_msgs/include/moveit_msgs/moveit_msgs/srv/get_group_urdf.h
[6.206s] -- Up-to-date: /home/habibahassan/project/install/moveit_msgs/include/moveit_msgs/moveit_msgs/srv/get_state_validity.h
[6.207s] -- Up-to-date: /home/habibahassan/project/install/moveit_msgs/include/moveit_msgs/moveit_msgs/srv/load_geometry_from_file.h
[6.207s] -- Up-to-date: /home/habibahassan/project/install/moveit_msgs/include/moveit_msgs/moveit_msgs/action
[6.207s] -- Up-to-date: /home/habibahassan/project/install/moveit_msgs/include/moveit_msgs/moveit_msgs/action/pickup.h
[6.207s] -- Up-to-date: /home/habibahassan/project/install/moveit_msgs/include/moveit_msgs/moveit_msgs/action/local_planner.h
[6.208s] -- Up-to-date: /home/habibahassan/project/install/moveit_msgs/include/moveit_msgs/moveit_msgs/action/execute_trajectory.h
[6.208s] -- Up-to-date: /home/habibahassan/project/install/moveit_msgs/include/moveit_msgs/moveit_msgs/action/hybrid_planner.h
[6.208s] -- Up-to-date: /home/habibahassan/project/install/moveit_msgs/include/moveit_msgs/moveit_msgs/action/move_group_sequence.h
[6.208s] -- Up-to-date: /home/habibahassan/project/install/moveit_msgs/include/moveit_msgs/moveit_msgs/action/detail
[6.209s] -- Up-to-date: /home/habibahassan/project/install/moveit_msgs/include/moveit_msgs/moveit_msgs/action/detail/pickup__functions.h
[6.209s] -- Up-to-date: /home/habibahassan/project/install/moveit_msgs/include/moveit_msgs/moveit_msgs/action/detail/move_group__type_support.h
[6.209s] -- Up-to-date: /home/habibahassan/project/install/moveit_msgs/include/moveit_msgs/moveit_msgs/action/detail/place__functions.c
[6.209s] -- Up-to-date: /home/habibahassan/project/install/moveit_msgs/include/moveit_msgs/moveit_msgs/action/detail/pickup__type_support.h
[6.209s] -- Up-to-date: /home/habibahassan/project/install/moveit_msgs/include/moveit_msgs/moveit_msgs/action/detail/local_planner__functions.c
[6.210s] -- Up-to-date: /home/habibahassan/project/install/moveit_msgs/include/moveit_msgs/moveit_msgs/action/detail/move_group__functions.h
[6.210s] -- Installing: /home/habibahassan/project/install/moveit_msgs/include/moveit_msgs/moveit_msgs/action/detail/place__type_support.c
[6.210s] -- Up-to-date: /home/habibahassan/project/install/moveit_msgs/include/moveit_msgs/moveit_msgs/action/detail/local_planner__description.c
[6.210s] -- Up-to-date: /home/habibahassan/project/install/moveit_msgs/include/moveit_msgs/moveit_msgs/action/detail/execute_trajectory__description.c
[6.210s] -- Up-to-date: /home/habibahassan/project/install/moveit_msgs/include/moveit_msgs/moveit_msgs/action/detail/place__description.c
[6.211s] -- Up-to-date: /home/habibahassan/project/install/moveit_msgs/include/moveit_msgs/moveit_msgs/action/detail/hybrid_planner__description.c
[6.211s] -- Installing: /home/habibahassan/project/install/moveit_msgs/include/moveit_msgs/moveit_msgs/action/detail/hybrid_planner__type_support.c
[6.222s] -- Up-to-date: /home/habibahassan/project/install/moveit_msgs/include/moveit_msgs/moveit_msgs/action/detail/global_planner__functions.c
[6.222s] -- Installing: /home/habibahassan/project/install/moveit_msgs/include/moveit_msgs/moveit_msgs/action/detail/execute_trajectory__type_support.c
[6.222s] -- Installing: /home/habibahassan/project/install/moveit_msgs/include/moveit_msgs/moveit_msgs/action/detail/local_planner__type_support.c
[6.223s] -- Up-to-date: /home/habibahassan/project/install/moveit_msgs/include/moveit_msgs/moveit_msgs/action/detail/pickup__description.c
[6.223s] -- Up-to-date: /home/habibahassan/project/install/moveit_msgs/include/moveit_msgs/moveit_msgs/action/detail/execute_trajectory__type_support.h
[6.223s] -- Up-to-date: /home/habibahassan/project/install/moveit_msgs/include/moveit_msgs/moveit_msgs/action/detail/move_group__description.c
[6.223s] -- Up-to-date: /home/habibahassan/project/install/moveit_msgs/include/moveit_msgs/moveit_msgs/action/detail/move_group_sequence__functions.h
[6.241s] -- Up-to-date: /home/habibahassan/project/install/moveit_msgs/include/moveit_msgs/moveit_msgs/action/detail/place__functions.h
[6.242s] -- Up-to-date: /home/habibahassan/project/install/moveit_msgs/include/moveit_msgs/moveit_msgs/action/detail/execute_trajectory__functions.c
[6.243s] -- Up-to-date: /home/habibahassan/project/install/moveit_msgs/include/moveit_msgs/moveit_msgs/action/detail/execute_trajectory__struct.h
[6.243s] -- Up-to-date: /home/habibahassan/project/install/moveit_msgs/include/moveit_msgs/moveit_msgs/action/detail/execute_trajectory__functions.h
[6.244s] -- Installing: /home/habibahassan/project/install/moveit_msgs/include/moveit_msgs/moveit_msgs/action/detail/pickup__type_support.c
[6.244s] -- Up-to-date: /home/habibahassan/project/install/moveit_msgs/include/moveit_msgs/moveit_msgs/action/detail/global_planner__functions.h
[6.245s] -- Up-to-date: /home/habibahassan/project/install/moveit_msgs/include/moveit_msgs/moveit_msgs/action/detail/move_group_sequence__type_support.h
[6.245s] -- Up-to-date: /home/habibahassan/project/install/moveit_msgs/include/moveit_msgs/moveit_msgs/action/detail/global_planner__description.c
[6.249s] -- Up-to-date: /home/habibahassan/project/install/moveit_msgs/include/moveit_msgs/moveit_msgs/action/detail/local_planner__type_support.h
[6.250s] -- Up-to-date: /home/habibahassan/project/install/moveit_msgs/include/moveit_msgs/moveit_msgs/action/detail/hybrid_planner__functions.c
[6.251s] -- Up-to-date: /home/habibahassan/project/install/moveit_msgs/include/moveit_msgs/moveit_msgs/action/detail/local_planner__struct.h
[6.251s] -- Installing: /home/habibahassan/project/install/moveit_msgs/include/moveit_msgs/moveit_msgs/action/detail/move_group__type_support.c
[6.251s] -- Up-to-date: /home/habibahassan/project/install/moveit_msgs/include/moveit_msgs/moveit_msgs/action/detail/pickup__functions.c
[6.251s] -- Up-to-date: /home/habibahassan/project/install/moveit_msgs/include/moveit_msgs/moveit_msgs/action/detail/move_group__functions.c
[6.251s] -- Up-to-date: /home/habibahassan/project/install/moveit_msgs/include/moveit_msgs/moveit_msgs/action/detail/place__struct.h
[6.252s] -- Up-to-date: /home/habibahassan/project/install/moveit_msgs/include/moveit_msgs/moveit_msgs/action/detail/global_planner__type_support.h
[6.252s] -- Up-to-date: /home/habibahassan/project/install/moveit_msgs/include/moveit_msgs/moveit_msgs/action/detail/pickup__struct.h
[6.252s] -- Up-to-date: /home/habibahassan/project/install/moveit_msgs/include/moveit_msgs/moveit_msgs/action/detail/move_group__struct.h
[6.252s] -- Installing: /home/habibahassan/project/install/moveit_msgs/include/moveit_msgs/moveit_msgs/action/detail/global_planner__type_support.c
[6.253s] -- Up-to-date: /home/habibahassan/project/install/moveit_msgs/include/moveit_msgs/moveit_msgs/action/detail/place__type_support.h
[6.253s] -- Up-to-date: /home/habibahassan/project/install/moveit_msgs/include/moveit_msgs/moveit_msgs/action/detail/local_planner__functions.h
[6.253s] -- Up-to-date: /home/habibahassan/project/install/moveit_msgs/include/moveit_msgs/moveit_msgs/action/detail/move_group_sequence__struct.h
[6.253s] -- Up-to-date: /home/habibahassan/project/install/moveit_msgs/include/moveit_msgs/moveit_msgs/action/detail/hybrid_planner__type_support.h
[6.253s] -- Up-to-date: /home/habibahassan/project/install/moveit_msgs/include/moveit_msgs/moveit_msgs/action/detail/hybrid_planner__functions.h
[6.253s] -- Up-to-date: /home/habibahassan/project/install/moveit_msgs/include/moveit_msgs/moveit_msgs/action/detail/global_planner__struct.h
[6.254s] -- Installing: /home/habibahassan/project/install/moveit_msgs/include/moveit_msgs/moveit_msgs/action/detail/move_group_sequence__type_support.c
[6.254s] -- Up-to-date: /home/habibahassan/project/install/moveit_msgs/include/moveit_msgs/moveit_msgs/action/detail/hybrid_planner__struct.h
[6.254s] -- Up-to-date: /home/habibahassan/project/install/moveit_msgs/include/moveit_msgs/moveit_msgs/action/detail/move_group_sequence__description.c
[6.254s] -- Up-to-date: /home/habibahassan/project/install/moveit_msgs/include/moveit_msgs/moveit_msgs/action/detail/move_group_sequence__functions.c
[6.255s] -- Up-to-date: /home/habibahassan/project/install/moveit_msgs/include/moveit_msgs/moveit_msgs/action/global_planner.h
[6.255s] -- Up-to-date: /home/habibahassan/project/install/moveit_msgs/include/moveit_msgs/moveit_msgs/action/place.h
[6.255s] -- Up-to-date: /home/habibahassan/project/install/moveit_msgs/include/moveit_msgs/moveit_msgs/action/move_group.h
[6.255s] -- Up-to-date: /home/habibahassan/project/install/moveit_msgs/include/moveit_msgs/moveit_msgs/msg
[6.256s] -- Up-to-date: /home/habibahassan/project/install/moveit_msgs/include/moveit_msgs/moveit_msgs/msg/cartesian_trajectory_point.h
[6.256s] -- Up-to-date: /home/habibahassan/project/install/moveit_msgs/include/moveit_msgs/moveit_msgs/msg/joint_constraint.h
[6.256s] -- Up-to-date: /home/habibahassan/project/install/moveit_msgs/include/moveit_msgs/moveit_msgs/msg/constraints.h
[6.256s] -- Up-to-date: /home/habibahassan/project/install/moveit_msgs/include/moveit_msgs/moveit_msgs/msg/motion_plan_detailed_response.h
[6.256s] -- Up-to-date: /home/habibahassan/project/install/moveit_msgs/include/moveit_msgs/moveit_msgs/msg/grasp.h
[6.257s] -- Up-to-date: /home/habibahassan/project/install/moveit_msgs/include/moveit_msgs/moveit_msgs/msg/allowed_collision_entry.h
[6.257s] -- Up-to-date: /home/habibahassan/project/install/moveit_msgs/include/moveit_msgs/moveit_msgs/msg/cartesian_point.h
[6.257s] -- Up-to-date: /home/habibahassan/project/install/moveit_msgs/include/moveit_msgs/moveit_msgs/msg/cartesian_trajectory.h
[6.257s] -- Up-to-date: /home/habibahassan/project/install/moveit_msgs/include/moveit_msgs/moveit_msgs/msg/robot_state.h
[6.257s] -- Up-to-date: /home/habibahassan/project/install/moveit_msgs/include/moveit_msgs/moveit_msgs/msg/planner_interface_description.h
[6.258s] -- Up-to-date: /home/habibahassan/project/install/moveit_msgs/include/moveit_msgs/moveit_msgs/msg/orientation_constraint.h
[6.258s] -- Up-to-date: /home/habibahassan/project/install/moveit_msgs/include/moveit_msgs/moveit_msgs/msg/contact_information.h
[6.258s] -- Up-to-date: /home/habibahassan/project/install/moveit_msgs/include/moveit_msgs/moveit_msgs/msg/display_robot_state.h
[6.258s] -- Up-to-date: /home/habibahassan/project/install/moveit_msgs/include/moveit_msgs/moveit_msgs/msg/oriented_bounding_box.h
[6.259s] -- Up-to-date: /home/habibahassan/project/install/moveit_msgs/include/moveit_msgs/moveit_msgs/msg/servo_status.h
[6.259s] -- Up-to-date: /home/habibahassan/project/install/moveit_msgs/include/moveit_msgs/moveit_msgs/msg/pipeline_state.h
[6.259s] -- Up-to-date: /home/habibahassan/project/install/moveit_msgs/include/moveit_msgs/moveit_msgs/msg/motion_sequence_response.h
[6.259s] -- Up-to-date: /home/habibahassan/project/install/moveit_msgs/include/moveit_msgs/moveit_msgs/msg/attached_collision_object.h
[6.259s] -- Up-to-date: /home/habibahassan/project/install/moveit_msgs/include/moveit_msgs/moveit_msgs/msg/visibility_constraint.h
[6.260s] -- Up-to-date: /home/habibahassan/project/install/moveit_msgs/include/moveit_msgs/moveit_msgs/msg/bounding_volume.h
[6.260s] -- Up-to-date: /home/habibahassan/project/install/moveit_msgs/include/moveit_msgs/moveit_msgs/msg/object_color.h
[6.260s] -- Up-to-date: /home/habibahassan/project/install/moveit_msgs/include/moveit_msgs/moveit_msgs/msg/planning_scene_world.h
[6.261s] -- Up-to-date: /home/habibahassan/project/install/moveit_msgs/include/moveit_msgs/moveit_msgs/msg/link_scale.h
[6.261s] -- Up-to-date: /home/habibahassan/project/install/moveit_msgs/include/moveit_msgs/moveit_msgs/msg/link_padding.h
[6.261s] -- Up-to-date: /home/habibahassan/project/install/moveit_msgs/include/moveit_msgs/moveit_msgs/msg/gripper_translation.h
[6.261s] -- Up-to-date: /home/habibahassan/project/install/moveit_msgs/include/moveit_msgs/moveit_msgs/msg/allowed_collision_matrix.h
[6.262s] -- Up-to-date: /home/habibahassan/project/install/moveit_msgs/include/moveit_msgs/moveit_msgs/msg/position_constraint.h
[6.262s] -- Up-to-date: /home/habibahassan/project/install/moveit_msgs/include/moveit_msgs/moveit_msgs/msg/motion_plan_response.h
[6.262s] -- Up-to-date: /home/habibahassan/project/install/moveit_msgs/include/moveit_msgs/moveit_msgs/msg/trajectory_constraints.h
[6.262s] -- Up-to-date: /home/habibahassan/project/install/moveit_msgs/include/moveit_msgs/moveit_msgs/msg/motion_plan_request.h
[6.262s] -- Up-to-date: /home/habibahassan/project/install/moveit_msgs/include/moveit_msgs/moveit_msgs/msg/cost_source.h
[6.263s] -- Up-to-date: /home/habibahassan/project/install/moveit_msgs/include/moveit_msgs/moveit_msgs/msg/planning_scene.h
[6.263s] -- Up-to-date: /home/habibahassan/project/install/moveit_msgs/include/moveit_msgs/moveit_msgs/msg/planner_params.h
[6.263s] -- Up-to-date: /home/habibahassan/project/install/moveit_msgs/include/moveit_msgs/moveit_msgs/msg/workspace_parameters.h
[6.267s] -- Up-to-date: /home/habibahassan/project/install/moveit_msgs/include/moveit_msgs/moveit_msgs/msg/generic_trajectory.h
[6.267s] -- Up-to-date: /home/habibahassan/project/install/moveit_msgs/include/moveit_msgs/moveit_msgs/msg/joint_limits.h
[6.268s] -- Up-to-date: /home/habibahassan/project/install/moveit_msgs/include/moveit_msgs/moveit_msgs/msg/robot_trajectory.h
[6.268s] -- Up-to-date: /home/habibahassan/project/install/moveit_msgs/include/moveit_msgs/moveit_msgs/msg/detail
[6.268s] -- Up-to-date: /home/habibahassan/project/install/moveit_msgs/include/moveit_msgs/moveit_msgs/msg/detail/planner_params__functions.c
[6.268s] -- Installing: /home/habibahassan/project/install/moveit_msgs/include/moveit_msgs/moveit_msgs/msg/detail/link_scale__type_support.c
[6.268s] -- Up-to-date: /home/habibahassan/project/install/moveit_msgs/include/moveit_msgs/moveit_msgs/msg/detail/link_padding__functions.c
[6.269s] -- Up-to-date: /home/habibahassan/project/install/moveit_msgs/include/moveit_msgs/moveit_msgs/msg/detail/cost_source__type_support.h
[6.269s] -- Up-to-date: /home/habibahassan/project/install/moveit_msgs/include/moveit_msgs/moveit_msgs/msg/detail/place_location__type_support.h
[6.269s] -- Installing: /home/habibahassan/project/install/moveit_msgs/include/moveit_msgs/moveit_msgs/msg/detail/link_padding__type_support.c
[6.269s] -- Up-to-date: /home/habibahassan/project/install/moveit_msgs/include/moveit_msgs/moveit_msgs/msg/detail/servo_status__type_support.h
[6.269s] -- Up-to-date: /home/habibahassan/project/install/moveit_msgs/include/moveit_msgs/moveit_msgs/msg/detail/motion_plan_response__struct.h
[6.269s] -- Installing: /home/habibahassan/project/install/moveit_msgs/include/moveit_msgs/moveit_msgs/msg/detail/workspace_parameters__type_support.c
[6.270s] -- Up-to-date: /home/habibahassan/project/install/moveit_msgs/include/moveit_msgs/moveit_msgs/msg/detail/contact_information__functions.h
[6.270s] -- Up-to-date: /home/habibahassan/project/install/moveit_msgs/include/moveit_msgs/moveit_msgs/msg/detail/cartesian_trajectory__functions.h
[6.270s] -- Installing: /home/habibahassan/project/install/moveit_msgs/include/moveit_msgs/moveit_msgs/msg/detail/attached_collision_object__type_support.c
[6.270s] -- Up-to-date: /home/habibahassan/project/install/moveit_msgs/include/moveit_msgs/moveit_msgs/msg/detail/kinematic_solver_info__type_support.h
[6.270s] -- Up-to-date: /home/habibahassan/project/install/moveit_msgs/include/moveit_msgs/moveit_msgs/msg/detail/link_scale__type_support.h
[6.270s] -- Up-to-date: /home/habibahassan/project/install/moveit_msgs/include/moveit_msgs/moveit_msgs/msg/detail/object_color__functions.h
[6.273s] -- Installing: /home/habibahassan/project/install/moveit_msgs/include/moveit_msgs/moveit_msgs/msg/detail/cost_source__type_support.c
[6.274s] -- Installing: /home/habibahassan/project/install/moveit_msgs/include/moveit_msgs/moveit_msgs/msg/detail/planning_scene__type_support.c
[6.274s] -- Installing: /home/habibahassan/project/install/moveit_msgs/include/moveit_msgs/moveit_msgs/msg/detail/cartesian_trajectory_point__type_support.c
[6.274s] -- Up-to-date: /home/habibahassan/project/install/moveit_msgs/include/moveit_msgs/moveit_msgs/msg/detail/position_constraint__struct.h
[6.275s] -- Up-to-date: /home/habibahassan/project/install/moveit_msgs/include/moveit_msgs/moveit_msgs/msg/detail/motion_sequence_request__functions.h
[6.275s] -- Up-to-date: /home/habibahassan/project/install/moveit_msgs/include/moveit_msgs/moveit_msgs/msg/detail/gripper_translation__struct.h
[6.275s] -- Up-to-date: /home/habibahassan/project/install/moveit_msgs/include/moveit_msgs/moveit_msgs/msg/detail/allowed_collision_entry__functions.c
[6.276s] -- Up-to-date: /home/habibahassan/project/install/moveit_msgs/include/moveit_msgs/moveit_msgs/msg/detail/allowed_collision_entry__functions.h
[6.276s] -- Up-to-date: /home/habibahassan/project/install/moveit_msgs/include/moveit_msgs/moveit_msgs/msg/detail/robot_state__functions.c
[6.276s] -- Up-to-date: /home/habibahassan/project/install/moveit_msgs/include/moveit_msgs/moveit_msgs/msg/detail/planning_scene_world__description.c
[6.277s] -- Up-to-date: /home/habibahassan/project/install/moveit_msgs/include/moveit_msgs/moveit_msgs/msg/detail/motion_plan_detailed_response__functions.c
[6.277s] -- Up-to-date: /home/habibahassan/project/install/moveit_msgs/include/moveit_msgs/moveit_msgs/msg/detail/oriented_bounding_box__functions.h
[6.277s] -- Up-to-date: /home/habibahassan/project/install/moveit_msgs/include/moveit_msgs/moveit_msgs/msg/detail/allowed_collision_entry__struct.h
[6.277s] -- Up-to-date: /home/habibahassan/project/install/moveit_msgs/include/moveit_msgs/moveit_msgs/msg/detail/joint_constraint__struct.h
[6.278s] -- Up-to-date: /home/habibahassan/project/install/moveit_msgs/include/moveit_msgs/moveit_msgs/msg/detail/generic_trajectory__struct.h
[6.278s] -- Up-to-date: /home/habibahassan/project/install/moveit_msgs/include/moveit_msgs/moveit_msgs/msg/detail/collision_object__description.c
[6.278s] -- Up-to-date: /home/habibahassan/project/install/moveit_msgs/include/moveit_msgs/moveit_msgs/msg/detail/grasp__description.c
[6.279s] -- Up-to-date: /home/habibahassan/project/install/moveit_msgs/include/moveit_msgs/moveit_msgs/msg/detail/cartesian_trajectory_point__type_support.h
[6.279s] -- Up-to-date: /home/habibahassan/project/install/moveit_msgs/include/moveit_msgs/moveit_msgs/msg/detail/display_robot_state__functions.h
[6.279s] -- Up-to-date: /home/habibahassan/project/install/moveit_msgs/include/moveit_msgs/moveit_msgs/msg/detail/orientation_constraint__struct.h
[6.279s] -- Installing: /home/habibahassan/project/install/moveit_msgs/include/moveit_msgs/moveit_msgs/msg/detail/generic_trajectory__type_support.c
[6.279s] -- Up-to-date: /home/habibahassan/project/install/moveit_msgs/include/moveit_msgs/moveit_msgs/msg/detail/gripper_translation__description.c
[6.280s] -- Up-to-date: /home/habibahassan/project/install/moveit_msgs/include/moveit_msgs/moveit_msgs/msg/detail/collision_object__struct.h
[6.280s] -- Up-to-date: /home/habibahassan/project/install/moveit_msgs/include/moveit_msgs/moveit_msgs/msg/detail/pipeline_state__functions.c
[6.280s] -- Up-to-date: /home/habibahassan/project/install/moveit_msgs/include/moveit_msgs/moveit_msgs/msg/detail/link_scale__description.c
[6.280s] -- Up-to-date: /home/habibahassan/project/install/moveit_msgs/include/moveit_msgs/moveit_msgs/msg/detail/allowed_collision_matrix__type_support.h
[6.281s] -- Installing: /home/habibahassan/project/install/moveit_msgs/include/moveit_msgs/moveit_msgs/msg/detail/gripper_translation__type_support.c
[6.281s] -- Up-to-date: /home/habibahassan/project/install/moveit_msgs/include/moveit_msgs/moveit_msgs/msg/detail/planning_scene__type_support.h
[6.282s] -- Up-to-date: /home/habibahassan/project/install/moveit_msgs/include/moveit_msgs/moveit_msgs/msg/detail/orientation_constraint__functions.c
[6.282s] -- Up-to-date: /home/habibahassan/project/install/moveit_msgs/include/moveit_msgs/moveit_msgs/msg/detail/orientation_constraint__description.c
[6.282s] -- Up-to-date: /home/habibahassan/project/install/moveit_msgs/include/moveit_msgs/moveit_msgs/msg/detail/motion_sequence_request__description.c
[6.283s] -- Up-to-date: /home/habibahassan/project/install/moveit_msgs/include/moveit_msgs/moveit_msgs/msg/detail/motion_plan_request__type_support.h
[6.284s] -- Up-to-date: /home/habibahassan/project/install/moveit_msgs/include/moveit_msgs/moveit_msgs/msg/detail/position_constraint__functions.c
[6.284s] -- Up-to-date: /home/habibahassan/project/install/moveit_msgs/include/moveit_msgs/moveit_msgs/msg/detail/visibility_constraint__description.c
[6.284s] -- Up-to-date: /home/habibahassan/project/install/moveit_msgs/include/moveit_msgs/moveit_msgs/msg/detail/generic_trajectory__type_support.h
[6.285s] -- Up-to-date: /home/habibahassan/project/install/moveit_msgs/include/moveit_msgs/moveit_msgs/msg/detail/attached_collision_object__type_support.h
[6.286s] -- Up-to-date: /home/habibahassan/project/install/moveit_msgs/include/moveit_msgs/moveit_msgs/msg/detail/cartesian_trajectory__functions.c
[6.286s] -- Up-to-date: /home/habibahassan/project/install/moveit_msgs/include/moveit_msgs/moveit_msgs/msg/detail/kinematic_solver_info__struct.h
[6.287s] -- Up-to-date: /home/habibahassan/project/install/moveit_msgs/include/moveit_msgs/moveit_msgs/msg/detail/cartesian_point__type_support.h
[6.287s] -- Up-to-date: /home/habibahassan/project/install/moveit_msgs/include/moveit_msgs/moveit_msgs/msg/detail/joint_limits__struct.h
[6.287s] -- Up-to-date: /home/habibahassan/project/install/moveit_msgs/include/moveit_msgs/moveit_msgs/msg/detail/position_ik_request__struct.h
[6.287s] -- Up-to-date: /home/habibahassan/project/install/moveit_msgs/include/moveit_msgs/moveit_msgs/msg/detail/constraint_eval_result__functions.c
[6.288s] -- Up-to-date: /home/habibahassan/project/install/moveit_msgs/include/moveit_msgs/moveit_msgs/msg/detail/cost_source__struct.h
[6.288s] -- Installing: /home/habibahassan/project/install/moveit_msgs/include/moveit_msgs/moveit_msgs/msg/detail/visibility_constraint__type_support.c
[6.296s] -- Up-to-date: /home/habibahassan/project/install/moveit_msgs/include/moveit_msgs/moveit_msgs/msg/detail/robot_state__functions.h
[6.296s] -- Up-to-date: /home/habibahassan/project/install/moveit_msgs/include/moveit_msgs/moveit_msgs/msg/detail/generic_trajectory__functions.h
[6.296s] -- Installing: /home/habibahassan/project/install/moveit_msgs/include/moveit_msgs/moveit_msgs/msg/detail/pipeline_state__type_support.c
[6.297s] -- Up-to-date: /home/habibahassan/project/install/moveit_msgs/include/moveit_msgs/moveit_msgs/msg/detail/motion_plan_request__functions.c
[6.297s] -- Installing: /home/habibahassan/project/install/moveit_msgs/include/moveit_msgs/moveit_msgs/msg/detail/display_robot_state__type_support.c
[6.297s] -- Installing: /home/habibahassan/project/install/moveit_msgs/include/moveit_msgs/moveit_msgs/msg/detail/motion_plan_response__type_support.c
[6.297s] -- Installing: /home/habibahassan/project/install/moveit_msgs/include/moveit_msgs/moveit_msgs/msg/detail/allowed_collision_matrix__type_support.c
[6.298s] -- Up-to-date: /home/habibahassan/project/install/moveit_msgs/include/moveit_msgs/moveit_msgs/msg/detail/motion_plan_detailed_response__functions.h
[6.298s] -- Up-to-date: /home/habibahassan/project/install/moveit_msgs/include/moveit_msgs/moveit_msgs/msg/detail/constraints__description.c
[6.298s] -- Up-to-date: /home/habibahassan/project/install/moveit_msgs/include/moveit_msgs/moveit_msgs/msg/detail/constraint_eval_result__functions.h
[6.298s] -- Up-to-date: /home/habibahassan/project/install/moveit_msgs/include/moveit_msgs/moveit_msgs/msg/detail/bounding_volume__functions.c
[6.299s] -- Up-to-date: /home/habibahassan/project/install/moveit_msgs/include/moveit_msgs/moveit_msgs/msg/detail/planning_scene_world__struct.h
[6.300s] -- Up-to-date: /home/habibahassan/project/install/moveit_msgs/include/moveit_msgs/moveit_msgs/msg/detail/workspace_parameters__type_support.h
[6.300s] -- Up-to-date: /home/habibahassan/project/install/moveit_msgs/include/moveit_msgs/moveit_msgs/msg/detail/cartesian_trajectory_point__functions.h
[6.300s] -- Up-to-date: /home/habibahassan/project/install/moveit_msgs/include/moveit_msgs/moveit_msgs/msg/detail/bounding_volume__struct.h
[6.300s] -- Up-to-date: /home/habibahassan/project/install/moveit_msgs/include/moveit_msgs/moveit_msgs/msg/detail/planner_interface_description__description.c
[6.301s] -- Up-to-date: /home/habibahassan/project/install/moveit_msgs/include/moveit_msgs/moveit_msgs/msg/detail/planning_scene_components__functions.c
[6.301s] -- Up-to-date: /home/habibahassan/project/install/moveit_msgs/include/moveit_msgs/moveit_msgs/msg/detail/visibility_constraint__functions.h
[6.301s] -- Up-to-date: /home/habibahassan/project/install/moveit_msgs/include/moveit_msgs/moveit_msgs/msg/detail/trajectory_constraints__struct.h
[6.301s] -- Up-to-date: /home/habibahassan/project/install/moveit_msgs/include/moveit_msgs/moveit_msgs/msg/detail/cartesian_point__struct.h
[6.301s] -- Up-to-date: /home/habibahassan/project/install/moveit_msgs/include/moveit_msgs/moveit_msgs/msg/detail/object_color__functions.c
[6.302s] -- Up-to-date: /home/habibahassan/project/install/moveit_msgs/include/moveit_msgs/moveit_msgs/msg/detail/object_color__struct.h
[6.302s] -- Up-to-date: /home/habibahassan/project/install/moveit_msgs/include/moveit_msgs/moveit_msgs/msg/detail/visibility_constraint__functions.c
[6.302s] -- Installing: /home/habibahassan/project/install/moveit_msgs/include/moveit_msgs/moveit_msgs/msg/detail/place_location__type_support.c
[6.302s] -- Up-to-date: /home/habibahassan/project/install/moveit_msgs/include/moveit_msgs/moveit_msgs/msg/detail/joint_constraint__functions.h
[6.302s] -- Up-to-date: /home/habibahassan/project/install/moveit_msgs/include/moveit_msgs/moveit_msgs/msg/detail/planning_scene__struct.h
[6.303s] -- Up-to-date: /home/habibahassan/project/install/moveit_msgs/include/moveit_msgs/moveit_msgs/msg/detail/display_robot_state__struct.h
[6.303s] -- Installing: /home/habibahassan/project/install/moveit_msgs/include/moveit_msgs/moveit_msgs/msg/detail/motion_sequence_request__type_support.c
[6.303s] -- Up-to-date: /home/habibahassan/project/install/moveit_msgs/include/moveit_msgs/moveit_msgs/msg/detail/contact_information__type_support.h
[6.303s] -- Up-to-date: /home/habibahassan/project/install/moveit_msgs/include/moveit_msgs/moveit_msgs/msg/detail/motion_sequence_item__type_support.h
[6.303s] -- Up-to-date: /home/habibahassan/project/install/moveit_msgs/include/moveit_msgs/moveit_msgs/msg/detail/workspace_parameters__description.c
[6.304s] -- Up-to-date: /home/habibahassan/project/install/moveit_msgs/include/moveit_msgs/moveit_msgs/msg/detail/motion_sequence_item__functions.h
[6.304s] -- Installing: /home/habibahassan/project/install/moveit_msgs/include/moveit_msgs/moveit_msgs/msg/detail/object_color__type_support.c
[6.305s] -- Up-to-date: /home/habibahassan/project/install/moveit_msgs/include/moveit_msgs/moveit_msgs/msg/detail/motion_plan_detailed_response__struct.h
[6.305s] -- Up-to-date: /home/habibahassan/project/install/moveit_msgs/include/moveit_msgs/moveit_msgs/msg/detail/motion_sequence_request__type_support.h
[6.306s] -- Up-to-date: /home/habibahassan/project/install/moveit_msgs/include/moveit_msgs/moveit_msgs/msg/detail/display_trajectory__struct.h
[6.306s] -- Up-to-date: /home/habibahassan/project/install/moveit_msgs/include/moveit_msgs/moveit_msgs/msg/detail/planning_scene_components__type_support.h
[6.307s] -- Up-to-date: /home/habibahassan/project/install/moveit_msgs/include/moveit_msgs/moveit_msgs/msg/detail/motion_sequence_request__struct.h
[6.307s] -- Up-to-date: /home/habibahassan/project/install/moveit_msgs/include/moveit_msgs/moveit_msgs/msg/detail/motion_plan_response__functions.h
[6.307s] -- Up-to-date: /home/habibahassan/project/install/moveit_msgs/include/moveit_msgs/moveit_msgs/msg/detail/display_trajectory__description.c
[6.307s] -- Up-to-date: /home/habibahassan/project/install/moveit_msgs/include/moveit_msgs/moveit_msgs/msg/detail/motion_sequence_response__type_support.h
[6.307s] -- Up-to-date: /home/habibahassan/project/install/moveit_msgs/include/moveit_msgs/moveit_msgs/msg/detail/cost_source__functions.c
[6.308s] -- Up-to-date: /home/habibahassan/project/install/moveit_msgs/include/moveit_msgs/moveit_msgs/msg/detail/pipeline_state__type_support.h
[6.308s] -- Installing: /home/habibahassan/project/install/moveit_msgs/include/moveit_msgs/moveit_msgs/msg/detail/constraints__type_support.c
[6.308s] -- Up-to-date: /home/habibahassan/project/install/moveit_msgs/include/moveit_msgs/moveit_msgs/msg/detail/allowed_collision_matrix__description.c
[6.308s] -- Installing: /home/habibahassan/project/install/moveit_msgs/include/moveit_msgs/moveit_msgs/msg/detail/planner_params__type_support.c
[6.308s] -- Up-to-date: /home/habibahassan/project/install/moveit_msgs/include/moveit_msgs/moveit_msgs/msg/detail/joint_limits__functions.c
[6.309s] -- Up-to-date: /home/habibahassan/project/install/moveit_msgs/include/moveit_msgs/moveit_msgs/msg/detail/collision_object__functions.h
[6.309s] -- Up-to-date: /home/habibahassan/project/install/moveit_msgs/include/moveit_msgs/moveit_msgs/msg/detail/constraints__type_support.h
[6.309s] -- Up-to-date: /home/habibahassan/project/install/moveit_msgs/include/moveit_msgs/moveit_msgs/msg/detail/contact_information__description.c
[6.309s] -- Up-to-date: /home/habibahassan/project/install/moveit_msgs/include/moveit_msgs/moveit_msgs/msg/detail/cartesian_trajectory__struct.h
[6.309s] -- Installing: /home/habibahassan/project/install/moveit_msgs/include/moveit_msgs/moveit_msgs/msg/detail/bounding_volume__type_support.c
[6.310s] -- Up-to-date: /home/habibahassan/project/install/moveit_msgs/include/moveit_msgs/moveit_msgs/msg/detail/planner_params__functions.h
[6.310s] -- Installing: /home/habibahassan/project/install/moveit_msgs/include/moveit_msgs/moveit_msgs/msg/detail/planning_options__type_support.c
[6.310s] -- Up-to-date: /home/habibahassan/project/install/moveit_msgs/include/moveit_msgs/moveit_msgs/msg/detail/cartesian_point__functions.h
[6.310s] -- Up-to-date: /home/habibahassan/project/install/moveit_msgs/include/moveit_msgs/moveit_msgs/msg/detail/grasp__struct.h
[6.310s] -- Up-to-date: /home/habibahassan/project/install/moveit_msgs/include/moveit_msgs/moveit_msgs/msg/detail/motion_sequence_response__functions.h
[6.311s] -- Up-to-date: /home/habibahassan/project/install/moveit_msgs/include/moveit_msgs/moveit_msgs/msg/detail/move_it_error_codes__type_support.h
[6.311s] -- Up-to-date: /home/habibahassan/project/install/moveit_msgs/include/moveit_msgs/moveit_msgs/msg/detail/grasp__functions.c
[6.311s] -- Up-to-date: /home/habibahassan/project/install/moveit_msgs/include/moveit_msgs/moveit_msgs/msg/detail/generic_trajectory__description.c
[6.311s] -- Up-to-date: /home/habibahassan/project/install/moveit_msgs/include/moveit_msgs/moveit_msgs/msg/detail/constraints__functions.h
[6.311s] -- Up-to-date: /home/habibahassan/project/install/moveit_msgs/include/moveit_msgs/moveit_msgs/msg/detail/motion_plan_request__description.c
[6.312s] -- Up-to-date: /home/habibahassan/project/install/moveit_msgs/include/moveit_msgs/moveit_msgs/msg/detail/motion_plan_request__struct.h
[6.312s] -- Up-to-date: /home/habibahassan/project/install/moveit_msgs/include/moveit_msgs/moveit_msgs/msg/detail/planning_options__functions.h
[6.312s] -- Up-to-date: /home/habibahassan/project/install/moveit_msgs/include/moveit_msgs/moveit_msgs/msg/detail/display_trajectory__functions.h
[6.312s] -- Up-to-date: /home/habibahassan/project/install/moveit_msgs/include/moveit_msgs/moveit_msgs/msg/detail/trajectory_constraints__description.c
[6.313s] -- Installing: /home/habibahassan/project/install/moveit_msgs/include/moveit_msgs/moveit_msgs/msg/detail/contact_information__type_support.c
[6.313s] -- Up-to-date: /home/habibahassan/project/install/moveit_msgs/include/moveit_msgs/moveit_msgs/msg/detail/trajectory_constraints__functions.h
[6.313s] -- Up-to-date: /home/habibahassan/project/install/moveit_msgs/include/moveit_msgs/moveit_msgs/msg/detail/visibility_constraint__type_support.h
[6.313s] -- Up-to-date: /home/habibahassan/project/install/moveit_msgs/include/moveit_msgs/moveit_msgs/msg/detail/joint_constraint__functions.c
[6.313s] -- Up-to-date: /home/habibahassan/project/install/moveit_msgs/include/moveit_msgs/moveit_msgs/msg/detail/cartesian_trajectory__type_support.h
[6.314s] -- Installing: /home/habibahassan/project/install/moveit_msgs/include/moveit_msgs/moveit_msgs/msg/detail/planning_scene_components__type_support.c
[6.314s] -- Up-to-date: /home/habibahassan/project/install/moveit_msgs/include/moveit_msgs/moveit_msgs/msg/detail/move_it_error_codes__description.c
[6.314s] -- Up-to-date: /home/habibahassan/project/install/moveit_msgs/include/moveit_msgs/moveit_msgs/msg/detail/motion_plan_response__functions.c
[6.315s] -- Up-to-date: /home/habibahassan/project/install/moveit_msgs/include/moveit_msgs/moveit_msgs/msg/detail/servo_status__functions.c
[6.315s] -- Installing: /home/habibahassan/project/install/moveit_msgs/include/moveit_msgs/moveit_msgs/msg/detail/trajectory_constraints__type_support.c
[6.315s] -- Up-to-date: /home/habibahassan/project/install/moveit_msgs/include/moveit_msgs/moveit_msgs/msg/detail/constraint_eval_result__type_support.h
[6.315s] -- Up-to-date: /home/habibahassan/project/install/moveit_msgs/include/moveit_msgs/moveit_msgs/msg/detail/workspace_parameters__functions.h
[6.315s] -- Up-to-date: /home/habibahassan/project/install/moveit_msgs/include/moveit_msgs/moveit_msgs/msg/detail/position_ik_request__description.c
[6.316s] -- Up-to-date: /home/habibahassan/project/install/moveit_msgs/include/moveit_msgs/moveit_msgs/msg/detail/planner_interface_description__functions.h
[6.316s] -- Up-to-date: /home/habibahassan/project/install/moveit_msgs/include/moveit_msgs/moveit_msgs/msg/detail/constraints__struct.h
[6.316s] -- Up-to-date: /home/habibahassan/project/install/moveit_msgs/include/moveit_msgs/moveit_msgs/msg/detail/cartesian_trajectory_point__description.c
[6.316s] -- Up-to-date: /home/habibahassan/project/install/moveit_msgs/include/moveit_msgs/moveit_msgs/msg/detail/display_robot_state__description.c
[6.316s] -- Up-to-date: /home/habibahassan/project/install/moveit_msgs/include/moveit_msgs/moveit_msgs/msg/detail/cartesian_trajectory_point__functions.c
[6.317s] -- Up-to-date: /home/habibahassan/project/install/moveit_msgs/include/moveit_msgs/moveit_msgs/msg/detail/planner_interface_description__functions.c
[6.317s] -- Up-to-date: /home/habibahassan/project/install/moveit_msgs/include/moveit_msgs/moveit_msgs/msg/detail/gripper_translation__type_support.h
[6.317s] -- Up-to-date: /home/habibahassan/project/install/moveit_msgs/include/moveit_msgs/moveit_msgs/msg/detail/link_padding__type_support.h
[6.317s] -- Up-to-date: /home/habibahassan/project/install/moveit_msgs/include/moveit_msgs/moveit_msgs/msg/detail/motion_plan_detailed_response__type_support.h
[6.317s] -- Up-to-date: /home/habibahassan/project/install/moveit_msgs/include/moveit_msgs/moveit_msgs/msg/detail/display_robot_state__type_support.h
[6.318s] -- Up-to-date: /home/habibahassan/project/install/moveit_msgs/include/moveit_msgs/moveit_msgs/msg/detail/bounding_volume__description.c
[6.318s] -- Up-to-date: /home/habibahassan/project/install/moveit_msgs/include/moveit_msgs/moveit_msgs/msg/detail/joint_constraint__type_support.h
[6.318s] -- Up-to-date: /home/habibahassan/project/install/moveit_msgs/include/moveit_msgs/moveit_msgs/msg/detail/object_color__description.c
[6.320s] -- Up-to-date: /home/habibahassan/project/install/moveit_msgs/include/moveit_msgs/moveit_msgs/msg/detail/generic_trajectory__functions.c
[6.321s] -- Up-to-date: /home/habibahassan/project/install/moveit_msgs/include/moveit_msgs/moveit_msgs/msg/detail/orientation_constraint__functions.h
[6.322s] -- Up-to-date: /home/habibahassan/project/install/moveit_msgs/include/moveit_msgs/moveit_msgs/msg/detail/servo_status__description.c
[6.322s] -- Installing: /home/habibahassan/project/install/moveit_msgs/include/moveit_msgs/moveit_msgs/msg/detail/motion_sequence_response__type_support.c
[6.323s] -- Up-to-date: /home/habibahassan/project/install/moveit_msgs/include/moveit_msgs/moveit_msgs/msg/detail/planner_params__description.c
[6.323s] -- Up-to-date: /home/habibahassan/project/install/moveit_msgs/include/moveit_msgs/moveit_msgs/msg/detail/pipeline_state__functions.h
[6.323s] -- Up-to-date: /home/habibahassan/project/install/moveit_msgs/include/moveit_msgs/moveit_msgs/msg/detail/object_color__type_support.h
[6.324s] -- Up-to-date: /home/habibahassan/project/install/moveit_msgs/include/moveit_msgs/moveit_msgs/msg/detail/joint_limits__functions.h
[6.324s] -- Up-to-date: /home/habibahassan/project/install/moveit_msgs/include/moveit_msgs/moveit_msgs/msg/detail/place_location__struct.h
[6.325s] -- Installing: /home/habibahassan/project/install/moveit_msgs/include/moveit_msgs/moveit_msgs/msg/detail/motion_sequence_item__type_support.c
[6.325s] -- Up-to-date: /home/habibahassan/project/install/moveit_msgs/include/moveit_msgs/moveit_msgs/msg/detail/place_location__functions.c
[6.325s] -- Installing: /home/habibahassan/project/install/moveit_msgs/include/moveit_msgs/moveit_msgs/msg/detail/oriented_bounding_box__type_support.c
[6.326s] -- Installing: /home/habibahassan/project/install/moveit_msgs/include/moveit_msgs/moveit_msgs/msg/detail/allowed_collision_entry__type_support.c
[6.327s] -- Up-to-date: /home/habibahassan/project/install/moveit_msgs/include/moveit_msgs/moveit_msgs/msg/detail/link_scale__functions.c
[6.328s] -- Up-to-date: /home/habibahassan/project/install/moveit_msgs/include/moveit_msgs/moveit_msgs/msg/detail/planning_options__type_support.h
[6.328s] -- Up-to-date: /home/habibahassan/project/install/moveit_msgs/include/moveit_msgs/moveit_msgs/msg/detail/contact_information__struct.h
[6.328s] -- Up-to-date: /home/habibahassan/project/install/moveit_msgs/include/moveit_msgs/moveit_msgs/msg/detail/motion_sequence_request__functions.c
[6.329s] -- Up-to-date: /home/habibahassan/project/install/moveit_msgs/include/moveit_msgs/moveit_msgs/msg/detail/motion_plan_detailed_response__description.c
[6.329s] -- Up-to-date: /home/habibahassan/project/install/moveit_msgs/include/moveit_msgs/moveit_msgs/msg/detail/grasp__type_support.h
[6.329s] -- Up-to-date: /home/habibahassan/project/install/moveit_msgs/include/moveit_msgs/moveit_msgs/msg/detail/grasp__functions.h
[6.329s] -- Up-to-date: /home/habibahassan/project/install/moveit_msgs/include/moveit_msgs/moveit_msgs/msg/detail/planning_options__description.c
[6.329s] -- Installing: /home/habibahassan/project/install/moveit_msgs/include/moveit_msgs/moveit_msgs/msg/detail/orientation_constraint__type_support.c
[6.330s] -- Installing: /home/habibahassan/project/install/moveit_msgs/include/moveit_msgs/moveit_msgs/msg/detail/move_it_error_codes__type_support.c
[6.330s] -- Up-to-date: /home/habibahassan/project/install/moveit_msgs/include/moveit_msgs/moveit_msgs/msg/detail/display_trajectory__functions.c
[6.330s] -- Up-to-date: /home/habibahassan/project/install/moveit_msgs/include/moveit_msgs/moveit_msgs/msg/detail/trajectory_constraints__type_support.h
[6.330s] -- Up-to-date: /home/habibahassan/project/install/moveit_msgs/include/moveit_msgs/moveit_msgs/msg/detail/position_ik_request__functions.c
[6.330s] -- Up-to-date: /home/habibahassan/project/install/moveit_msgs/include/moveit_msgs/moveit_msgs/msg/detail/constraints__functions.c
[6.331s] -- Up-to-date: /home/habibahassan/project/install/moveit_msgs/include/moveit_msgs/moveit_msgs/msg/detail/display_trajectory__type_support.h
[6.331s] -- Installing: /home/habibahassan/project/install/moveit_msgs/include/moveit_msgs/moveit_msgs/msg/detail/joint_constraint__type_support.c
[6.331s] -- Up-to-date: /home/habibahassan/project/install/moveit_msgs/include/moveit_msgs/moveit_msgs/msg/detail/bounding_volume__type_support.h
[6.331s] -- Up-to-date: /home/habibahassan/project/install/moveit_msgs/include/moveit_msgs/moveit_msgs/msg/detail/cartesian_point__functions.c
[6.332s] -- Up-to-date: /home/habibahassan/project/install/moveit_msgs/include/moveit_msgs/moveit_msgs/msg/detail/attached_collision_object__functions.h
[6.332s] -- Up-to-date: /home/habibahassan/project/install/moveit_msgs/include/moveit_msgs/moveit_msgs/msg/detail/cost_source__functions.h
[6.332s] -- Up-to-date: /home/habibahassan/project/install/moveit_msgs/include/moveit_msgs/moveit_msgs/msg/detail/planner_interface_description__type_support.h
[6.332s] -- Up-to-date: /home/habibahassan/project/install/moveit_msgs/include/moveit_msgs/moveit_msgs/msg/detail/gripper_translation__functions.h
[6.332s] -- Up-to-date: /home/habibahassan/project/install/moveit_msgs/include/moveit_msgs/moveit_msgs/msg/detail/motion_plan_response__type_support.h
[6.332s] -- Up-to-date: /home/habibahassan/project/install/moveit_msgs/include/moveit_msgs/moveit_msgs/msg/detail/pipeline_state__description.c
[6.333s] -- Up-to-date: /home/habibahassan/project/install/moveit_msgs/include/moveit_msgs/moveit_msgs/msg/detail/robot_trajectory__functions.h
[6.333s] -- Up-to-date: /home/habibahassan/project/install/moveit_msgs/include/moveit_msgs/moveit_msgs/msg/detail/workspace_parameters__struct.h
[6.333s] -- Up-to-date: /home/habibahassan/project/install/moveit_msgs/include/moveit_msgs/moveit_msgs/msg/detail/position_constraint__description.c
[6.333s] -- Up-to-date: /home/habibahassan/project/install/moveit_msgs/include/moveit_msgs/moveit_msgs/msg/detail/move_it_error_codes__functions.h
[6.333s] -- Installing: /home/habibahassan/project/install/moveit_msgs/include/moveit_msgs/moveit_msgs/msg/detail/kinematic_solver_info__type_support.c
[6.334s] -- Up-to-date: /home/habibahassan/project/install/moveit_msgs/include/moveit_msgs/moveit_msgs/msg/detail/planning_scene__description.c
[6.334s] -- Up-to-date: /home/habibahassan/project/install/moveit_msgs/include/moveit_msgs/moveit_msgs/msg/detail/robot_trajectory__struct.h
[6.334s] -- Up-to-date: /home/habibahassan/project/install/moveit_msgs/include/moveit_msgs/moveit_msgs/msg/detail/planning_scene_components__functions.h
[6.334s] -- Up-to-date: /home/habibahassan/project/install/moveit_msgs/include/moveit_msgs/moveit_msgs/msg/detail/allowed_collision_entry__type_support.h
[6.334s] -- Installing: /home/habibahassan/project/install/moveit_msgs/include/moveit_msgs/moveit_msgs/msg/detail/planner_interface_description__type_support.c
[6.335s] -- Up-to-date: /home/habibahassan/project/install/moveit_msgs/include/moveit_msgs/moveit_msgs/msg/detail/move_it_error_codes__functions.c
[6.335s] -- Installing: /home/habibahassan/project/install/moveit_msgs/include/moveit_msgs/moveit_msgs/msg/detail/robot_state__type_support.c
[6.335s] -- Up-to-date: /home/habibahassan/project/install/moveit_msgs/include/moveit_msgs/moveit_msgs/msg/detail/motion_sequence_item__description.c
[6.335s] -- Up-to-date: /home/habibahassan/project/install/moveit_msgs/include/moveit_msgs/moveit_msgs/msg/detail/attached_collision_object__description.c
[6.335s] -- Up-to-date: /home/habibahassan/project/install/moveit_msgs/include/moveit_msgs/moveit_msgs/msg/detail/servo_status__functions.h
[6.336s] -- Up-to-date: /home/habibahassan/project/install/moveit_msgs/include/moveit_msgs/moveit_msgs/msg/detail/position_constraint__functions.h
[6.336s] -- Installing: /home/habibahassan/project/install/moveit_msgs/include/moveit_msgs/moveit_msgs/msg/detail/joint_limits__type_support.c
[6.336s] -- Up-to-date: /home/habibahassan/project/install/moveit_msgs/include/moveit_msgs/moveit_msgs/msg/detail/joint_limits__description.c
[6.336s] -- Up-to-date: /home/habibahassan/project/install/moveit_msgs/include/moveit_msgs/moveit_msgs/msg/detail/motion_sequence_response__description.c
[6.337s] -- Up-to-date: /home/habibahassan/project/install/moveit_msgs/include/moveit_msgs/moveit_msgs/msg/detail/link_scale__functions.h
[6.337s] -- Up-to-date: /home/habibahassan/project/install/moveit_msgs/include/moveit_msgs/moveit_msgs/msg/detail/planner_interface_description__struct.h
[6.337s] -- Up-to-date: /home/habibahassan/project/install/moveit_msgs/include/moveit_msgs/moveit_msgs/msg/detail/motion_sequence_response__struct.h
[6.337s] -- Up-to-date: /home/habibahassan/project/install/moveit_msgs/include/moveit_msgs/moveit_msgs/msg/detail/joint_limits__type_support.h
[6.337s] -- Up-to-date: /home/habibahassan/project/install/moveit_msgs/include/moveit_msgs/moveit_msgs/msg/detail/planning_scene_components__description.c
[6.337s] -- Up-to-date: /home/habibahassan/project/install/moveit_msgs/include/moveit_msgs/moveit_msgs/msg/detail/planning_options__struct.h
[6.338s] -- Installing: /home/habibahassan/project/install/moveit_msgs/include/moveit_msgs/moveit_msgs/msg/detail/robot_trajectory__type_support.c
[6.338s] -- Installing: /home/habibahassan/project/install/moveit_msgs/include/moveit_msgs/moveit_msgs/msg/detail/servo_status__type_support.c
[6.338s] -- Up-to-date: /home/habibahassan/project/install/moveit_msgs/include/moveit_msgs/moveit_msgs/msg/detail/planning_scene_world__type_support.h
[6.338s] -- Up-to-date: /home/habibahassan/project/install/moveit_msgs/include/moveit_msgs/moveit_msgs/msg/detail/display_robot_state__functions.c
[6.338s] -- Up-to-date: /home/habibahassan/project/install/moveit_msgs/include/moveit_msgs/moveit_msgs/msg/detail/cartesian_trajectory__description.c
[6.338s] -- Up-to-date: /home/habibahassan/project/install/moveit_msgs/include/moveit_msgs/moveit_msgs/msg/detail/orientation_constraint__type_support.h
[6.339s] -- Up-to-date: /home/habibahassan/project/install/moveit_msgs/include/moveit_msgs/moveit_msgs/msg/detail/oriented_bounding_box__struct.h
[6.339s] -- Up-to-date: /home/habibahassan/project/install/moveit_msgs/include/moveit_msgs/moveit_msgs/msg/detail/cartesian_point__description.c
[6.352s] -- Installing: /home/habibahassan/project/install/moveit_msgs/include/moveit_msgs/moveit_msgs/msg/detail/cartesian_point__type_support.c
[6.352s] -- Up-to-date: /home/habibahassan/project/install/moveit_msgs/include/moveit_msgs/moveit_msgs/msg/detail/attached_collision_object__struct.h
[6.353s] -- Up-to-date: /home/habibahassan/project/install/moveit_msgs/include/moveit_msgs/moveit_msgs/msg/detail/link_padding__struct.h
[6.353s] -- Up-to-date: /home/habibahassan/project/install/moveit_msgs/include/moveit_msgs/moveit_msgs/msg/detail/trajectory_constraints__functions.c
[6.353s] -- Up-to-date: /home/habibahassan/project/install/moveit_msgs/include/moveit_msgs/moveit_msgs/msg/detail/oriented_bounding_box__type_support.h
[6.353s] -- Up-to-date: /home/habibahassan/project/install/moveit_msgs/include/moveit_msgs/moveit_msgs/msg/detail/robot_state__struct.h
[6.354s] -- Installing: /home/habibahassan/project/install/moveit_msgs/include/moveit_msgs/moveit_msgs/msg/detail/collision_object__type_support.c
[6.354s] -- Up-to-date: /home/habibahassan/project/install/moveit_msgs/include/moveit_msgs/moveit_msgs/msg/detail/link_padding__functions.h
[6.354s] -- Up-to-date: /home/habibahassan/project/install/moveit_msgs/include/moveit_msgs/moveit_msgs/msg/detail/robot_state__type_support.h
[6.354s] -- Installing: /home/habibahassan/project/install/moveit_msgs/include/moveit_msgs/moveit_msgs/msg/detail/grasp__type_support.c
[6.355s] -- Installing: /home/habibahassan/project/install/moveit_msgs/include/moveit_msgs/moveit_msgs/msg/detail/motion_plan_detailed_response__type_support.c
[6.381s] -- Up-to-date: /home/habibahassan/project/install/moveit_msgs/include/moveit_msgs/moveit_msgs/msg/detail/robot_state__description.c
[6.382s] -- Up-to-date: /home/habibahassan/project/install/moveit_msgs/include/moveit_msgs/moveit_msgs/msg/detail/kinematic_solver_info__description.c
[6.382s] -- Up-to-date: /home/habibahassan/project/install/moveit_msgs/include/moveit_msgs/moveit_msgs/msg/detail/collision_object__functions.c
[6.382s] -- Up-to-date: /home/habibahassan/project/install/moveit_msgs/include/moveit_msgs/moveit_msgs/msg/detail/bounding_volume__functions.h
[6.384s] -- Up-to-date: /home/habibahassan/project/install/moveit_msgs/include/moveit_msgs/moveit_msgs/msg/detail/robot_trajectory__type_support.h
[6.384s] -- Up-to-date: /home/habibahassan/project/install/moveit_msgs/include/moveit_msgs/moveit_msgs/msg/detail/kinematic_solver_info__functions.h
[6.384s] -- Up-to-date: /home/habibahassan/project/install/moveit_msgs/include/moveit_msgs/moveit_msgs/msg/detail/move_it_error_codes__struct.h
[6.384s] -- Up-to-date: /home/habibahassan/project/install/moveit_msgs/include/moveit_msgs/moveit_msgs/msg/detail/cost_source__description.c
[6.384s] -- Up-to-date: /home/habibahassan/project/install/moveit_msgs/include/moveit_msgs/moveit_msgs/msg/detail/position_ik_request__functions.h
[6.385s] -- Up-to-date: /home/habibahassan/project/install/moveit_msgs/include/moveit_msgs/moveit_msgs/msg/detail/motion_plan_request__functions.h
[6.385s] -- Up-to-date: /home/habibahassan/project/install/moveit_msgs/include/moveit_msgs/moveit_msgs/msg/detail/planning_scene__functions.h
[6.385s] -- Up-to-date: /home/habibahassan/project/install/moveit_msgs/include/moveit_msgs/moveit_msgs/msg/detail/position_constraint__type_support.h
[6.385s] -- Up-to-date: /home/habibahassan/project/install/moveit_msgs/include/moveit_msgs/moveit_msgs/msg/detail/gripper_translation__functions.c
[6.386s] -- Installing: /home/habibahassan/project/install/moveit_msgs/include/moveit_msgs/moveit_msgs/msg/detail/constraint_eval_result__type_support.c
[6.386s] -- Up-to-date: /home/habibahassan/project/install/moveit_msgs/include/moveit_msgs/moveit_msgs/msg/detail/allowed_collision_matrix__functions.h
[6.386s] -- Up-to-date: /home/habibahassan/project/install/moveit_msgs/include/moveit_msgs/moveit_msgs/msg/detail/oriented_bounding_box__description.c
[6.386s] -- Installing: /home/habibahassan/project/install/moveit_msgs/include/moveit_msgs/moveit_msgs/msg/detail/cartesian_trajectory__type_support.c
[6.387s] -- Up-to-date: /home/habibahassan/project/install/moveit_msgs/include/moveit_msgs/moveit_msgs/msg/detail/constraint_eval_result__description.c
[6.387s] -- Up-to-date: /home/habibahassan/project/install/moveit_msgs/include/moveit_msgs/moveit_msgs/msg/detail/motion_plan_response__description.c
[6.387s] -- Up-to-date: /home/habibahassan/project/install/moveit_msgs/include/moveit_msgs/moveit_msgs/msg/detail/planning_scene_components__struct.h
[6.387s] -- Up-to-date: /home/habibahassan/project/install/moveit_msgs/include/moveit_msgs/moveit_msgs/msg/detail/collision_object__type_support.h
[6.387s] -- Up-to-date: /home/habibahassan/project/install/moveit_msgs/include/moveit_msgs/moveit_msgs/msg/detail/planner_params__struct.h
[6.388s] -- Up-to-date: /home/habibahassan/project/install/moveit_msgs/include/moveit_msgs/moveit_msgs/msg/detail/motion_sequence_item__functions.c
[6.388s] -- Up-to-date: /home/habibahassan/project/install/moveit_msgs/include/moveit_msgs/moveit_msgs/msg/detail/allowed_collision_entry__description.c
[6.388s] -- Installing: /home/habibahassan/project/install/moveit_msgs/include/moveit_msgs/moveit_msgs/msg/detail/position_ik_request__type_support.c
[6.388s] -- Up-to-date: /home/habibahassan/project/install/moveit_msgs/include/moveit_msgs/moveit_msgs/msg/detail/link_scale__struct.h
[6.389s] -- Installing: /home/habibahassan/project/install/moveit_msgs/include/moveit_msgs/moveit_msgs/msg/detail/display_trajectory__type_support.c
[6.389s] -- Up-to-date: /home/habibahassan/project/install/moveit_msgs/include/moveit_msgs/moveit_msgs/msg/detail/attached_collision_object__functions.c
[6.389s] -- Up-to-date: /home/habibahassan/project/install/moveit_msgs/include/moveit_msgs/moveit_msgs/msg/detail/allowed_collision_matrix__struct.h
[6.389s] -- Up-to-date: /home/habibahassan/project/install/moveit_msgs/include/moveit_msgs/moveit_msgs/msg/detail/place_location__description.c
[6.389s] -- Up-to-date: /home/habibahassan/project/install/moveit_msgs/include/moveit_msgs/moveit_msgs/msg/detail/planning_options__functions.c
[6.390s] -- Up-to-date: /home/habibahassan/project/install/moveit_msgs/include/moveit_msgs/moveit_msgs/msg/detail/motion_sequence_item__struct.h
[6.390s] -- Up-to-date: /home/habibahassan/project/install/moveit_msgs/include/moveit_msgs/moveit_msgs/msg/detail/constraint_eval_result__struct.h
[6.390s] -- Installing: /home/habibahassan/project/install/moveit_msgs/include/moveit_msgs/moveit_msgs/msg/detail/position_constraint__type_support.c
[6.390s] -- Up-to-date: /home/habibahassan/project/install/moveit_msgs/include/moveit_msgs/moveit_msgs/msg/detail/allowed_collision_matrix__functions.c
[6.391s] -- Up-to-date: /home/habibahassan/project/install/moveit_msgs/include/moveit_msgs/moveit_msgs/msg/detail/kinematic_solver_info__functions.c
[6.391s] -- Up-to-date: /home/habibahassan/project/install/moveit_msgs/include/moveit_msgs/moveit_msgs/msg/detail/robot_trajectory__functions.c
[6.391s] -- Up-to-date: /home/habibahassan/project/install/moveit_msgs/include/moveit_msgs/moveit_msgs/msg/detail/workspace_parameters__functions.c
[6.391s] -- Up-to-date: /home/habibahassan/project/install/moveit_msgs/include/moveit_msgs/moveit_msgs/msg/detail/planner_params__type_support.h
[6.391s] -- Up-to-date: /home/habibahassan/project/install/moveit_msgs/include/moveit_msgs/moveit_msgs/msg/detail/planning_scene__functions.c
[6.392s] -- Up-to-date: /home/habibahassan/project/install/moveit_msgs/include/moveit_msgs/moveit_msgs/msg/detail/pipeline_state__struct.h
[6.392s] -- Up-to-date: /home/habibahassan/project/install/moveit_msgs/include/moveit_msgs/moveit_msgs/msg/detail/contact_information__functions.c
[6.392s] -- Up-to-date: /home/habibahassan/project/install/moveit_msgs/include/moveit_msgs/moveit_msgs/msg/detail/position_ik_request__type_support.h
[6.392s] -- Up-to-date: /home/habibahassan/project/install/moveit_msgs/include/moveit_msgs/moveit_msgs/msg/detail/cartesian_trajectory_point__struct.h
[6.392s] -- Up-to-date: /home/habibahassan/project/install/moveit_msgs/include/moveit_msgs/moveit_msgs/msg/detail/place_location__functions.h
[6.393s] -- Up-to-date: /home/habibahassan/project/install/moveit_msgs/include/moveit_msgs/moveit_msgs/msg/detail/link_padding__description.c
[6.393s] -- Up-to-date: /home/habibahassan/project/install/moveit_msgs/include/moveit_msgs/moveit_msgs/msg/detail/oriented_bounding_box__functions.c
[6.393s] -- Up-to-date: /home/habibahassan/project/install/moveit_msgs/include/moveit_msgs/moveit_msgs/msg/detail/planning_scene_world__functions.c
[6.393s] -- Installing: /home/habibahassan/project/install/moveit_msgs/include/moveit_msgs/moveit_msgs/msg/detail/motion_plan_request__type_support.c
[6.394s] -- Up-to-date: /home/habibahassan/project/install/moveit_msgs/include/moveit_msgs/moveit_msgs/msg/detail/motion_sequence_response__functions.c
[6.394s] -- Up-to-date: /home/habibahassan/project/install/moveit_msgs/include/moveit_msgs/moveit_msgs/msg/detail/visibility_constraint__struct.h
[6.395s] -- Up-to-date: /home/habibahassan/project/install/moveit_msgs/include/moveit_msgs/moveit_msgs/msg/detail/joint_constraint__description.c
[6.397s] -- Installing: /home/habibahassan/project/install/moveit_msgs/include/moveit_msgs/moveit_msgs/msg/detail/planning_scene_world__type_support.c
[6.397s] -- Up-to-date: /home/habibahassan/project/install/moveit_msgs/include/moveit_msgs/moveit_msgs/msg/detail/robot_trajectory__description.c
[6.398s] -- Up-to-date: /home/habibahassan/project/install/moveit_msgs/include/moveit_msgs/moveit_msgs/msg/detail/servo_status__struct.h
[6.398s] -- Up-to-date: /home/habibahassan/project/install/moveit_msgs/include/moveit_msgs/moveit_msgs/msg/detail/planning_scene_world__functions.h
[6.398s] -- Up-to-date: /home/habibahassan/project/install/moveit_msgs/include/moveit_msgs/moveit_msgs/msg/kinematic_solver_info.h
[6.399s] -- Up-to-date: /home/habibahassan/project/install/moveit_msgs/include/moveit_msgs/moveit_msgs/msg/planning_options.h
[6.400s] -- Up-to-date: /home/habibahassan/project/install/moveit_msgs/include/moveit_msgs/moveit_msgs/msg/rosidl_generator_c__visibility_control.h
[6.400s] -- Up-to-date: /home/habibahassan/project/install/moveit_msgs/include/moveit_msgs/moveit_msgs/msg/collision_object.h
[6.401s] -- Up-to-date: /home/habibahassan/project/install/moveit_msgs/include/moveit_msgs/moveit_msgs/msg/constraint_eval_result.h
[6.417s] -- Up-to-date: /home/habibahassan/project/install/moveit_msgs/include/moveit_msgs/moveit_msgs/msg/motion_sequence_item.h
[6.418s] -- Up-to-date: /home/habibahassan/project/install/moveit_msgs/include/moveit_msgs/moveit_msgs/msg/planning_scene_components.h
[6.418s] -- Up-to-date: /home/habibahassan/project/install/moveit_msgs/include/moveit_msgs/moveit_msgs/msg/place_location.h
[6.418s] -- Up-to-date: /home/habibahassan/project/install/moveit_msgs/include/moveit_msgs/moveit_msgs/msg/position_ik_request.h
[6.418s] -- Up-to-date: /home/habibahassan/project/install/moveit_msgs/include/moveit_msgs/moveit_msgs/msg/move_it_error_codes.h
[6.419s] -- Up-to-date: /home/habibahassan/project/install/moveit_msgs/include/moveit_msgs/moveit_msgs/msg/motion_sequence_request.h
[6.419s] -- Up-to-date: /home/habibahassan/project/install/moveit_msgs/include/moveit_msgs/moveit_msgs/msg/display_trajectory.h
[6.419s] -- Up-to-date: /home/habibahassan/project/install/moveit_msgs/share/moveit_msgs/environment/library_path.sh
[6.419s] -- Up-to-date: /home/habibahassan/project/install/moveit_msgs/share/moveit_msgs/environment/library_path.dsv
[6.419s] -- Up-to-date: /home/habibahassan/project/install/moveit_msgs/lib/libmoveit_msgs__rosidl_generator_c.so
[6.420s] -- Up-to-date: /home/habibahassan/project/install/moveit_msgs/include/moveit_msgs/moveit_msgs
[6.420s] -- Up-to-date: /home/habibahassan/project/install/moveit_msgs/include/moveit_msgs/moveit_msgs/srv
[6.420s] -- Up-to-date: /home/habibahassan/project/install/moveit_msgs/include/moveit_msgs/moveit_msgs/srv/detail
[6.420s] -- Up-to-date: /home/habibahassan/project/install/moveit_msgs/include/moveit_msgs/moveit_msgs/srv/detail/get_planner_params__rosidl_typesupport_fastrtps_c.h
[6.420s] -- Up-to-date: /home/habibahassan/project/install/moveit_msgs/include/moveit_msgs/moveit_msgs/srv/detail/list_robot_states_in_warehouse__rosidl_typesupport_fastrtps_c.h
[6.420s] -- Up-to-date: /home/habibahassan/project/install/moveit_msgs/include/moveit_msgs/moveit_msgs/srv/detail/save_robot_state_to_warehouse__rosidl_typesupport_fastrtps_c.h
[6.421s] -- Up-to-date: /home/habibahassan/project/install/moveit_msgs/include/moveit_msgs/moveit_msgs/srv/detail/delete_robot_state_from_warehouse__rosidl_typesupport_fastrtps_c.h
[6.421s] -- Up-to-date: /home/habibahassan/project/install/moveit_msgs/include/moveit_msgs/moveit_msgs/srv/detail/grasp_planning__rosidl_typesupport_fastrtps_c.h
[6.421s] -- Up-to-date: /home/habibahassan/project/install/moveit_msgs/include/moveit_msgs/moveit_msgs/srv/detail/save_geometry_to_file__rosidl_typesupport_fastrtps_c.h
[6.421s] -- Up-to-date: /home/habibahassan/project/install/moveit_msgs/include/moveit_msgs/moveit_msgs/srv/detail/get_robot_state_from_warehouse__rosidl_typesupport_fastrtps_c.h
[6.421s] -- Up-to-date: /home/habibahassan/project/install/moveit_msgs/include/moveit_msgs/moveit_msgs/srv/detail/check_if_robot_state_exists_in_warehouse__rosidl_typesupport_fastrtps_c.h
[6.422s] -- Up-to-date: /home/habibahassan/project/install/moveit_msgs/include/moveit_msgs/moveit_msgs/srv/detail/get_position_ik__rosidl_typesupport_fastrtps_c.h
[6.422s] -- Up-to-date: /home/habibahassan/project/install/moveit_msgs/include/moveit_msgs/moveit_msgs/srv/detail/get_planning_scene__rosidl_typesupport_fastrtps_c.h
[6.422s] -- Up-to-date: /home/habibahassan/project/install/moveit_msgs/include/moveit_msgs/moveit_msgs/srv/detail/load_map__rosidl_typesupport_fastrtps_c.h
[6.422s] -- Up-to-date: /home/habibahassan/project/install/moveit_msgs/include/moveit_msgs/moveit_msgs/srv/detail/get_state_validity__rosidl_typesupport_fastrtps_c.h
[6.422s] -- Up-to-date: /home/habibahassan/project/install/moveit_msgs/include/moveit_msgs/moveit_msgs/srv/detail/rename_robot_state_in_warehouse__rosidl_typesupport_fastrtps_c.h
[6.423s] -- Up-to-date: /home/habibahassan/project/install/moveit_msgs/include/moveit_msgs/moveit_msgs/srv/detail/apply_planning_scene__rosidl_typesupport_fastrtps_c.h
[6.423s] -- Up-to-date: /home/habibahassan/project/install/moveit_msgs/include/moveit_msgs/moveit_msgs/srv/detail/set_planner_params__rosidl_typesupport_fastrtps_c.h
[6.423s] -- Up-to-date: /home/habibahassan/project/install/moveit_msgs/include/moveit_msgs/moveit_msgs/srv/detail/get_cartesian_path__rosidl_typesupport_fastrtps_c.h
[6.423s] -- Up-to-date: /home/habibahassan/project/install/moveit_msgs/include/moveit_msgs/moveit_msgs/srv/detail/get_motion_sequence__rosidl_typesupport_fastrtps_c.h
[6.423s] -- Up-to-date: /home/habibahassan/project/install/moveit_msgs/include/moveit_msgs/moveit_msgs/srv/detail/save_map__rosidl_typesupport_fastrtps_c.h
[6.423s] -- Up-to-date: /home/habibahassan/project/install/moveit_msgs/include/moveit_msgs/moveit_msgs/srv/detail/get_position_fk__rosidl_typesupport_fastrtps_c.h
[6.424s] -- Up-to-date: /home/habibahassan/project/install/moveit_msgs/include/moveit_msgs/moveit_msgs/srv/detail/query_planner_interfaces__rosidl_typesupport_fastrtps_c.h
[6.424s] -- Up-to-date: /home/habibahassan/project/install/moveit_msgs/include/moveit_msgs/moveit_msgs/srv/detail/get_group_urdf__rosidl_typesupport_fastrtps_c.h
[6.424s] -- Up-to-date: /home/habibahassan/project/install/moveit_msgs/include/moveit_msgs/moveit_msgs/srv/detail/load_geometry_from_file__rosidl_typesupport_fastrtps_c.h
[6.424s] -- Up-to-date: /home/habibahassan/project/install/moveit_msgs/include/moveit_msgs/moveit_msgs/srv/detail/get_motion_plan__rosidl_typesupport_fastrtps_c.h
[6.424s] -- Up-to-date: /home/habibahassan/project/install/moveit_msgs/include/moveit_msgs/moveit_msgs/srv/detail/servo_command_type__rosidl_typesupport_fastrtps_c.h
[6.425s] -- Up-to-date: /home/habibahassan/project/install/moveit_msgs/include/moveit_msgs/moveit_msgs/srv/detail/update_pointcloud_octomap__rosidl_typesupport_fastrtps_c.h
[6.425s] -- Up-to-date: /home/habibahassan/project/install/moveit_msgs/include/moveit_msgs/moveit_msgs/action
[6.425s] -- Up-to-date: /home/habibahassan/project/install/moveit_msgs/include/moveit_msgs/moveit_msgs/action/detail
[6.425s] -- Up-to-date: /home/habibahassan/project/install/moveit_msgs/include/moveit_msgs/moveit_msgs/action/detail/hybrid_planner__rosidl_typesupport_fastrtps_c.h
[6.425s] -- Up-to-date: /home/habibahassan/project/install/moveit_msgs/include/moveit_msgs/moveit_msgs/action/detail/global_planner__rosidl_typesupport_fastrtps_c.h
[6.425s] -- Up-to-date: /home/habibahassan/project/install/moveit_msgs/include/moveit_msgs/moveit_msgs/action/detail/move_group_sequence__rosidl_typesupport_fastrtps_c.h
[6.426s] -- Up-to-date: /home/habibahassan/project/install/moveit_msgs/include/moveit_msgs/moveit_msgs/action/detail/place__rosidl_typesupport_fastrtps_c.h
[6.426s] -- Up-to-date: /home/habibahassan/project/install/moveit_msgs/include/moveit_msgs/moveit_msgs/action/detail/execute_trajectory__rosidl_typesupport_fastrtps_c.h
[6.426s] -- Up-to-date: /home/habibahassan/project/install/moveit_msgs/include/moveit_msgs/moveit_msgs/action/detail/move_group__rosidl_typesupport_fastrtps_c.h
[6.426s] -- Up-to-date: /home/habibahassan/project/install/moveit_msgs/include/moveit_msgs/moveit_msgs/action/detail/local_planner__rosidl_typesupport_fastrtps_c.h
[6.427s] -- Up-to-date: /home/habibahassan/project/install/moveit_msgs/include/moveit_msgs/moveit_msgs/action/detail/pickup__rosidl_typesupport_fastrtps_c.h
[6.427s] -- Up-to-date: /home/habibahassan/project/install/moveit_msgs/include/moveit_msgs/moveit_msgs/msg
[6.427s] -- Up-to-date: /home/habibahassan/project/install/moveit_msgs/include/moveit_msgs/moveit_msgs/msg/detail
[6.427s] -- Up-to-date: /home/habibahassan/project/install/moveit_msgs/include/moveit_msgs/moveit_msgs/msg/detail/joint_limits__rosidl_typesupport_fastrtps_c.h
[6.427s] -- Up-to-date: /home/habibahassan/project/install/moveit_msgs/include/moveit_msgs/moveit_msgs/msg/detail/pipeline_state__rosidl_typesupport_fastrtps_c.h
[6.428s] -- Up-to-date: /home/habibahassan/project/install/moveit_msgs/include/moveit_msgs/moveit_msgs/msg/detail/joint_constraint__rosidl_typesupport_fastrtps_c.h
[6.428s] -- Up-to-date: /home/habibahassan/project/install/moveit_msgs/include/moveit_msgs/moveit_msgs/msg/detail/servo_status__rosidl_typesupport_fastrtps_c.h
[6.428s] -- Up-to-date: /home/habibahassan/project/install/moveit_msgs/include/moveit_msgs/moveit_msgs/msg/detail/planning_options__rosidl_typesupport_fastrtps_c.h
[6.428s] -- Up-to-date: /home/habibahassan/project/install/moveit_msgs/include/moveit_msgs/moveit_msgs/msg/detail/link_padding__rosidl_typesupport_fastrtps_c.h
[6.428s] -- Up-to-date: /home/habibahassan/project/install/moveit_msgs/include/moveit_msgs/moveit_msgs/msg/detail/planning_scene_world__rosidl_typesupport_fastrtps_c.h
[6.429s] -- Up-to-date: /home/habibahassan/project/install/moveit_msgs/include/moveit_msgs/moveit_msgs/msg/detail/contact_information__rosidl_typesupport_fastrtps_c.h
[6.429s] -- Up-to-date: /home/habibahassan/project/install/moveit_msgs/include/moveit_msgs/moveit_msgs/msg/detail/generic_trajectory__rosidl_typesupport_fastrtps_c.h
[6.429s] -- Up-to-date: /home/habibahassan/project/install/moveit_msgs/include/moveit_msgs/moveit_msgs/msg/detail/object_color__rosidl_typesupport_fastrtps_c.h
[6.442s] -- Up-to-date: /home/habibahassan/project/install/moveit_msgs/include/moveit_msgs/moveit_msgs/msg/detail/motion_plan_request__rosidl_typesupport_fastrtps_c.h
[6.443s] -- Up-to-date: /home/habibahassan/project/install/moveit_msgs/include/moveit_msgs/moveit_msgs/msg/detail/kinematic_solver_info__rosidl_typesupport_fastrtps_c.h
[6.443s] -- Up-to-date: /home/habibahassan/project/install/moveit_msgs/include/moveit_msgs/moveit_msgs/msg/detail/motion_plan_response__rosidl_typesupport_fastrtps_c.h
[6.443s] -- Up-to-date: /home/habibahassan/project/install/moveit_msgs/include/moveit_msgs/moveit_msgs/msg/detail/gripper_translation__rosidl_typesupport_fastrtps_c.h
[6.443s] -- Up-to-date: /home/habibahassan/project/install/moveit_msgs/include/moveit_msgs/moveit_msgs/msg/detail/constraint_eval_result__rosidl_typesupport_fastrtps_c.h
[6.444s] -- Up-to-date: /home/habibahassan/project/install/moveit_msgs/include/moveit_msgs/moveit_msgs/msg/detail/robot_trajectory__rosidl_typesupport_fastrtps_c.h
[6.444s] -- Up-to-date: /home/habibahassan/project/install/moveit_msgs/include/moveit_msgs/moveit_msgs/msg/detail/display_robot_state__rosidl_typesupport_fastrtps_c.h
[6.444s] -- Up-to-date: /home/habibahassan/project/install/moveit_msgs/include/moveit_msgs/moveit_msgs/msg/detail/bounding_volume__rosidl_typesupport_fastrtps_c.h
[6.444s] -- Up-to-date: /home/habibahassan/project/install/moveit_msgs/include/moveit_msgs/moveit_msgs/msg/detail/workspace_parameters__rosidl_typesupport_fastrtps_c.h
[6.444s] -- Up-to-date: /home/habibahassan/project/install/moveit_msgs/include/moveit_msgs/moveit_msgs/msg/detail/visibility_constraint__rosidl_typesupport_fastrtps_c.h
[6.444s] -- Up-to-date: /home/habibahassan/project/install/moveit_msgs/include/moveit_msgs/moveit_msgs/msg/detail/place_location__rosidl_typesupport_fastrtps_c.h
[6.445s] -- Up-to-date: /home/habibahassan/project/install/moveit_msgs/include/moveit_msgs/moveit_msgs/msg/detail/move_it_error_codes__rosidl_typesupport_fastrtps_c.h
[6.445s] -- Up-to-date: /home/habibahassan/project/install/moveit_msgs/include/moveit_msgs/moveit_msgs/msg/detail/motion_sequence_request__rosidl_typesupport_fastrtps_c.h
[6.445s] -- Up-to-date: /home/habibahassan/project/install/moveit_msgs/include/moveit_msgs/moveit_msgs/msg/detail/planning_scene_components__rosidl_typesupport_fastrtps_c.h
[6.445s] -- Up-to-date: /home/habibahassan/project/install/moveit_msgs/include/moveit_msgs/moveit_msgs/msg/detail/collision_object__rosidl_typesupport_fastrtps_c.h
[6.446s] -- Up-to-date: /home/habibahassan/project/install/moveit_msgs/include/moveit_msgs/moveit_msgs/msg/detail/link_scale__rosidl_typesupport_fastrtps_c.h
[6.446s] -- Up-to-date: /home/habibahassan/project/install/moveit_msgs/include/moveit_msgs/moveit_msgs/msg/detail/planner_interface_description__rosidl_typesupport_fastrtps_c.h
[6.446s] -- Up-to-date: /home/habibahassan/project/install/moveit_msgs/include/moveit_msgs/moveit_msgs/msg/detail/cartesian_point__rosidl_typesupport_fastrtps_c.h
[6.446s] -- Up-to-date: /home/habibahassan/project/install/moveit_msgs/include/moveit_msgs/moveit_msgs/msg/detail/constraints__rosidl_typesupport_fastrtps_c.h
[6.446s] -- Up-to-date: /home/habibahassan/project/install/moveit_msgs/include/moveit_msgs/moveit_msgs/msg/detail/grasp__rosidl_typesupport_fastrtps_c.h
[6.447s] -- Up-to-date: /home/habibahassan/project/install/moveit_msgs/include/moveit_msgs/moveit_msgs/msg/detail/cartesian_trajectory__rosidl_typesupport_fastrtps_c.h
[6.451s] -- Up-to-date: /home/habibahassan/project/install/moveit_msgs/include/moveit_msgs/moveit_msgs/msg/detail/robot_state__rosidl_typesupport_fastrtps_c.h
[6.452s] -- Up-to-date: /home/habibahassan/project/install/moveit_msgs/include/moveit_msgs/moveit_msgs/msg/detail/position_constraint__rosidl_typesupport_fastrtps_c.h
[6.452s] -- Up-to-date: /home/habibahassan/project/install/moveit_msgs/include/moveit_msgs/moveit_msgs/msg/detail/orientation_constraint__rosidl_typesupport_fastrtps_c.h
[6.452s] -- Up-to-date: /home/habibahassan/project/install/moveit_msgs/include/moveit_msgs/moveit_msgs/msg/detail/attached_collision_object__rosidl_typesupport_fastrtps_c.h
[6.452s] -- Up-to-date: /home/habibahassan/project/install/moveit_msgs/include/moveit_msgs/moveit_msgs/msg/detail/cost_source__rosidl_typesupport_fastrtps_c.h
[6.452s] -- Up-to-date: /home/habibahassan/project/install/moveit_msgs/include/moveit_msgs/moveit_msgs/msg/detail/allowed_collision_matrix__rosidl_typesupport_fastrtps_c.h
[6.452s] -- Up-to-date: /home/habibahassan/project/install/moveit_msgs/include/moveit_msgs/moveit_msgs/msg/detail/oriented_bounding_box__rosidl_typesupport_fastrtps_c.h
[6.453s] -- Up-to-date: /home/habibahassan/project/install/moveit_msgs/include/moveit_msgs/moveit_msgs/msg/detail/trajectory_constraints__rosidl_typesupport_fastrtps_c.h
[6.453s] -- Up-to-date: /home/habibahassan/project/install/moveit_msgs/include/moveit_msgs/moveit_msgs/msg/detail/position_ik_request__rosidl_typesupport_fastrtps_c.h
[6.453s] -- Up-to-date: /home/habibahassan/project/install/moveit_msgs/include/moveit_msgs/moveit_msgs/msg/detail/motion_sequence_item__rosidl_typesupport_fastrtps_c.h
[6.453s] -- Up-to-date: /home/habibahassan/project/install/moveit_msgs/include/moveit_msgs/moveit_msgs/msg/detail/planner_params__rosidl_typesupport_fastrtps_c.h
[6.453s] -- Up-to-date: /home/habibahassan/project/install/moveit_msgs/include/moveit_msgs/moveit_msgs/msg/detail/motion_plan_detailed_response__rosidl_typesupport_fastrtps_c.h
[6.454s] -- Up-to-date: /home/habibahassan/project/install/moveit_msgs/include/moveit_msgs/moveit_msgs/msg/detail/planning_scene__rosidl_typesupport_fastrtps_c.h
[6.454s] -- Up-to-date: /home/habibahassan/project/install/moveit_msgs/include/moveit_msgs/moveit_msgs/msg/detail/display_trajectory__rosidl_typesupport_fastrtps_c.h
[6.454s] -- Up-to-date: /home/habibahassan/project/install/moveit_msgs/include/moveit_msgs/moveit_msgs/msg/detail/cartesian_trajectory_point__rosidl_typesupport_fastrtps_c.h
[6.454s] -- Up-to-date: /home/habibahassan/project/install/moveit_msgs/include/moveit_msgs/moveit_msgs/msg/detail/allowed_collision_entry__rosidl_typesupport_fastrtps_c.h
[6.454s] -- Up-to-date: /home/habibahassan/project/install/moveit_msgs/include/moveit_msgs/moveit_msgs/msg/detail/motion_sequence_response__rosidl_typesupport_fastrtps_c.h
[6.454s] -- Up-to-date: /home/habibahassan/project/install/moveit_msgs/include/moveit_msgs/moveit_msgs/msg/rosidl_typesupport_fastrtps_c__visibility_control.h
[6.455s] -- Up-to-date: /home/habibahassan/project/install/moveit_msgs/lib/libmoveit_msgs__rosidl_typesupport_fastrtps_c.so
[6.458s] -- Up-to-date: /home/habibahassan/project/install/moveit_msgs/include/moveit_msgs/moveit_msgs
[6.458s] -- Up-to-date: /home/habibahassan/project/install/moveit_msgs/include/moveit_msgs/moveit_msgs/srv
[6.459s] -- Up-to-date: /home/habibahassan/project/install/moveit_msgs/include/moveit_msgs/moveit_msgs/srv/detail
[6.459s] -- Installing: /home/habibahassan/project/install/moveit_msgs/include/moveit_msgs/moveit_msgs/srv/detail/get_cartesian_path__type_support.c
[6.459s] -- Up-to-date: /home/habibahassan/project/install/moveit_msgs/include/moveit_msgs/moveit_msgs/srv/detail/get_cartesian_path__rosidl_typesupport_introspection_c.h
[6.459s] -- Installing: /home/habibahassan/project/install/moveit_msgs/include/moveit_msgs/moveit_msgs/srv/detail/save_geometry_to_file__type_support.c
[6.460s] -- Installing: /home/habibahassan/project/install/moveit_msgs/include/moveit_msgs/moveit_msgs/srv/detail/load_geometry_from_file__type_support.c
[6.460s] -- Installing: /home/habibahassan/project/install/moveit_msgs/include/moveit_msgs/moveit_msgs/srv/detail/get_motion_plan__type_support.c
[6.460s] -- Up-to-date: /home/habibahassan/project/install/moveit_msgs/include/moveit_msgs/moveit_msgs/srv/detail/query_planner_interfaces__rosidl_typesupport_introspection_c.h
[6.460s] -- Installing: /home/habibahassan/project/install/moveit_msgs/include/moveit_msgs/moveit_msgs/srv/detail/get_position_fk__type_support.c
[6.461s] -- Installing: /home/habibahassan/project/install/moveit_msgs/include/moveit_msgs/moveit_msgs/srv/detail/servo_command_type__type_support.c
[6.461s] -- Installing: /home/habibahassan/project/install/moveit_msgs/include/moveit_msgs/moveit_msgs/srv/detail/grasp_planning__type_support.c
[6.461s] -- Installing: /home/habibahassan/project/install/moveit_msgs/include/moveit_msgs/moveit_msgs/srv/detail/get_planner_params__type_support.c
[6.462s] -- Installing: /home/habibahassan/project/install/moveit_msgs/include/moveit_msgs/moveit_msgs/srv/detail/set_planner_params__type_support.c
[6.462s] -- Installing: /home/habibahassan/project/install/moveit_msgs/include/moveit_msgs/moveit_msgs/srv/detail/query_planner_interfaces__type_support.c
[6.462s] -- Installing: /home/habibahassan/project/install/moveit_msgs/include/moveit_msgs/moveit_msgs/srv/detail/rename_robot_state_in_warehouse__type_support.c
[6.462s] -- Up-to-date: /home/habibahassan/project/install/moveit_msgs/include/moveit_msgs/moveit_msgs/srv/detail/get_motion_sequence__rosidl_typesupport_introspection_c.h
[6.462s] -- Up-to-date: /home/habibahassan/project/install/moveit_msgs/include/moveit_msgs/moveit_msgs/srv/detail/get_position_ik__rosidl_typesupport_introspection_c.h
[6.463s] -- Installing: /home/habibahassan/project/install/moveit_msgs/include/moveit_msgs/moveit_msgs/srv/detail/save_robot_state_to_warehouse__type_support.c
[6.463s] -- Up-to-date: /home/habibahassan/project/install/moveit_msgs/include/moveit_msgs/moveit_msgs/srv/detail/get_group_urdf__rosidl_typesupport_introspection_c.h
[6.463s] -- Up-to-date: /home/habibahassan/project/install/moveit_msgs/include/moveit_msgs/moveit_msgs/srv/detail/get_state_validity__rosidl_typesupport_introspection_c.h
[6.463s] -- Up-to-date: /home/habibahassan/project/install/moveit_msgs/include/moveit_msgs/moveit_msgs/srv/detail/check_if_robot_state_exists_in_warehouse__rosidl_typesupport_introspection_c.h
[6.464s] -- Installing: /home/habibahassan/project/install/moveit_msgs/include/moveit_msgs/moveit_msgs/srv/detail/get_state_validity__type_support.c
[6.464s] -- Installing: /home/habibahassan/project/install/moveit_msgs/include/moveit_msgs/moveit_msgs/srv/detail/get_motion_sequence__type_support.c
[6.464s] -- Installing: /home/habibahassan/project/install/moveit_msgs/include/moveit_msgs/moveit_msgs/srv/detail/check_if_robot_state_exists_in_warehouse__type_support.c
[6.464s] -- Installing: /home/habibahassan/project/install/moveit_msgs/include/moveit_msgs/moveit_msgs/srv/detail/list_robot_states_in_warehouse__type_support.c
[6.465s] -- Installing: /home/habibahassan/project/install/moveit_msgs/include/moveit_msgs/moveit_msgs/srv/detail/save_map__type_support.c
[6.465s] -- Up-to-date: /home/habibahassan/project/install/moveit_msgs/include/moveit_msgs/moveit_msgs/srv/detail/load_map__rosidl_typesupport_introspection_c.h
[6.465s] -- Up-to-date: /home/habibahassan/project/install/moveit_msgs/include/moveit_msgs/moveit_msgs/srv/detail/delete_robot_state_from_warehouse__rosidl_typesupport_introspection_c.h
[6.466s] -- Installing: /home/habibahassan/project/install/moveit_msgs/include/moveit_msgs/moveit_msgs/srv/detail/update_pointcloud_octomap__type_support.c
[6.467s] -- Installing: /home/habibahassan/project/install/moveit_msgs/include/moveit_msgs/moveit_msgs/srv/detail/get_planning_scene__type_support.c
[6.467s] -- Up-to-date: /home/habibahassan/project/install/moveit_msgs/include/moveit_msgs/moveit_msgs/srv/detail/list_robot_states_in_warehouse__rosidl_typesupport_introspection_c.h
[6.469s] -- Up-to-date: /home/habibahassan/project/install/moveit_msgs/include/moveit_msgs/moveit_msgs/srv/detail/load_geometry_from_file__rosidl_typesupport_introspection_c.h
[6.470s] -- Up-to-date: /home/habibahassan/project/install/moveit_msgs/include/moveit_msgs/moveit_msgs/srv/detail/apply_planning_scene__rosidl_typesupport_introspection_c.h
[6.470s] -- Installing: /home/habibahassan/project/install/moveit_msgs/include/moveit_msgs/moveit_msgs/srv/detail/delete_robot_state_from_warehouse__type_support.c
[6.470s] -- Up-to-date: /home/habibahassan/project/install/moveit_msgs/include/moveit_msgs/moveit_msgs/srv/detail/get_position_fk__rosidl_typesupport_introspection_c.h
[6.471s] -- Installing: /home/habibahassan/project/install/moveit_msgs/include/moveit_msgs/moveit_msgs/srv/detail/get_group_urdf__type_support.c
[6.472s] -- Installing: /home/habibahassan/project/install/moveit_msgs/include/moveit_msgs/moveit_msgs/srv/detail/load_map__type_support.c
[6.472s] -- Up-to-date: /home/habibahassan/project/install/moveit_msgs/include/moveit_msgs/moveit_msgs/srv/detail/get_planner_params__rosidl_typesupport_introspection_c.h
[6.473s] -- Up-to-date: /home/habibahassan/project/install/moveit_msgs/include/moveit_msgs/moveit_msgs/srv/detail/rename_robot_state_in_warehouse__rosidl_typesupport_introspection_c.h
[6.474s] -- Up-to-date: /home/habibahassan/project/install/moveit_msgs/include/moveit_msgs/moveit_msgs/srv/detail/update_pointcloud_octomap__rosidl_typesupport_introspection_c.h
[6.474s] -- Installing: /home/habibahassan/project/install/moveit_msgs/include/moveit_msgs/moveit_msgs/srv/detail/get_robot_state_from_warehouse__type_support.c
[6.475s] -- Up-to-date: /home/habibahassan/project/install/moveit_msgs/include/moveit_msgs/moveit_msgs/srv/detail/save_map__rosidl_typesupport_introspection_c.h
[6.476s] -- Up-to-date: /home/habibahassan/project/install/moveit_msgs/include/moveit_msgs/moveit_msgs/srv/detail/get_motion_plan__rosidl_typesupport_introspection_c.h
[6.477s] -- Up-to-date: /home/habibahassan/project/install/moveit_msgs/include/moveit_msgs/moveit_msgs/srv/detail/save_geometry_to_file__rosidl_typesupport_introspection_c.h
[6.478s] -- Up-to-date: /home/habibahassan/project/install/moveit_msgs/include/moveit_msgs/moveit_msgs/srv/detail/get_robot_state_from_warehouse__rosidl_typesupport_introspection_c.h
[6.478s] -- Up-to-date: /home/habibahassan/project/install/moveit_msgs/include/moveit_msgs/moveit_msgs/srv/detail/save_robot_state_to_warehouse__rosidl_typesupport_introspection_c.h
[6.478s] -- Installing: /home/habibahassan/project/install/moveit_msgs/include/moveit_msgs/moveit_msgs/srv/detail/get_position_ik__type_support.c
[6.478s] -- Up-to-date: /home/habibahassan/project/install/moveit_msgs/include/moveit_msgs/moveit_msgs/srv/detail/grasp_planning__rosidl_typesupport_introspection_c.h
[6.479s] -- Up-to-date: /home/habibahassan/project/install/moveit_msgs/include/moveit_msgs/moveit_msgs/srv/detail/servo_command_type__rosidl_typesupport_introspection_c.h
[6.479s] -- Up-to-date: /home/habibahassan/project/install/moveit_msgs/include/moveit_msgs/moveit_msgs/srv/detail/set_planner_params__rosidl_typesupport_introspection_c.h
[6.479s] -- Up-to-date: /home/habibahassan/project/install/moveit_msgs/include/moveit_msgs/moveit_msgs/srv/detail/get_planning_scene__rosidl_typesupport_introspection_c.h
[6.479s] -- Installing: /home/habibahassan/project/install/moveit_msgs/include/moveit_msgs/moveit_msgs/srv/detail/apply_planning_scene__type_support.c
[6.479s] -- Up-to-date: /home/habibahassan/project/install/moveit_msgs/include/moveit_msgs/moveit_msgs/action
[6.480s] -- Up-to-date: /home/habibahassan/project/install/moveit_msgs/include/moveit_msgs/moveit_msgs/action/detail
[6.481s] -- Installing: /home/habibahassan/project/install/moveit_msgs/include/moveit_msgs/moveit_msgs/action/detail/place__type_support.c
[6.481s] -- Up-to-date: /home/habibahassan/project/install/moveit_msgs/include/moveit_msgs/moveit_msgs/action/detail/pickup__rosidl_typesupport_introspection_c.h
[6.483s] -- Up-to-date: /home/habibahassan/project/install/moveit_msgs/include/moveit_msgs/moveit_msgs/action/detail/local_planner__rosidl_typesupport_introspection_c.h
[6.483s] -- Installing: /home/habibahassan/project/install/moveit_msgs/include/moveit_msgs/moveit_msgs/action/detail/hybrid_planner__type_support.c
[6.484s] -- Up-to-date: /home/habibahassan/project/install/moveit_msgs/include/moveit_msgs/moveit_msgs/action/detail/global_planner__rosidl_typesupport_introspection_c.h
[6.484s] -- Installing: /home/habibahassan/project/install/moveit_msgs/include/moveit_msgs/moveit_msgs/action/detail/execute_trajectory__type_support.c
[6.484s] -- Installing: /home/habibahassan/project/install/moveit_msgs/include/moveit_msgs/moveit_msgs/action/detail/local_planner__type_support.c
[6.485s] -- Up-to-date: /home/habibahassan/project/install/moveit_msgs/include/moveit_msgs/moveit_msgs/action/detail/move_group__rosidl_typesupport_introspection_c.h
[6.485s] -- Installing: /home/habibahassan/project/install/moveit_msgs/include/moveit_msgs/moveit_msgs/action/detail/pickup__type_support.c
[6.486s] -- Up-to-date: /home/habibahassan/project/install/moveit_msgs/include/moveit_msgs/moveit_msgs/action/detail/execute_trajectory__rosidl_typesupport_introspection_c.h
[6.486s] -- Up-to-date: /home/habibahassan/project/install/moveit_msgs/include/moveit_msgs/moveit_msgs/action/detail/place__rosidl_typesupport_introspection_c.h
[6.486s] -- Installing: /home/habibahassan/project/install/moveit_msgs/include/moveit_msgs/moveit_msgs/action/detail/move_group__type_support.c
[6.487s] -- Installing: /home/habibahassan/project/install/moveit_msgs/include/moveit_msgs/moveit_msgs/action/detail/global_planner__type_support.c
[6.487s] -- Up-to-date: /home/habibahassan/project/install/moveit_msgs/include/moveit_msgs/moveit_msgs/action/detail/hybrid_planner__rosidl_typesupport_introspection_c.h
[6.488s] -- Installing: /home/habibahassan/project/install/moveit_msgs/include/moveit_msgs/moveit_msgs/action/detail/move_group_sequence__type_support.c
[6.488s] -- Up-to-date: /home/habibahassan/project/install/moveit_msgs/include/moveit_msgs/moveit_msgs/action/detail/move_group_sequence__rosidl_typesupport_introspection_c.h
[6.488s] -- Up-to-date: /home/habibahassan/project/install/moveit_msgs/include/moveit_msgs/moveit_msgs/msg
[6.489s] -- Up-to-date: /home/habibahassan/project/install/moveit_msgs/include/moveit_msgs/moveit_msgs/msg/detail
[6.489s] -- Installing: /home/habibahassan/project/install/moveit_msgs/include/moveit_msgs/moveit_msgs/msg/detail/link_scale__type_support.c
[6.489s] -- Installing: /home/habibahassan/project/install/moveit_msgs/include/moveit_msgs/moveit_msgs/msg/detail/link_padding__type_support.c
[6.490s] -- Up-to-date: /home/habibahassan/project/install/moveit_msgs/include/moveit_msgs/moveit_msgs/msg/detail/constraints__rosidl_typesupport_introspection_c.h
[6.491s] -- Installing: /home/habibahassan/project/install/moveit_msgs/include/moveit_msgs/moveit_msgs/msg/detail/workspace_parameters__type_support.c
[6.491s] -- Installing: /home/habibahassan/project/install/moveit_msgs/include/moveit_msgs/moveit_msgs/msg/detail/attached_collision_object__type_support.c
[6.492s] -- Installing: /home/habibahassan/project/install/moveit_msgs/include/moveit_msgs/moveit_msgs/msg/detail/cost_source__type_support.c
[6.493s] -- Up-to-date: /home/habibahassan/project/install/moveit_msgs/include/moveit_msgs/moveit_msgs/msg/detail/pipeline_state__rosidl_typesupport_introspection_c.h
[6.494s] -- Installing: /home/habibahassan/project/install/moveit_msgs/include/moveit_msgs/moveit_msgs/msg/detail/planning_scene__type_support.c
[6.494s] -- Installing: /home/habibahassan/project/install/moveit_msgs/include/moveit_msgs/moveit_msgs/msg/detail/cartesian_trajectory_point__type_support.c
[6.494s] -- Up-to-date: /home/habibahassan/project/install/moveit_msgs/include/moveit_msgs/moveit_msgs/msg/detail/attached_collision_object__rosidl_typesupport_introspection_c.h
[6.495s] -- Up-to-date: /home/habibahassan/project/install/moveit_msgs/include/moveit_msgs/moveit_msgs/msg/detail/planning_scene__rosidl_typesupport_introspection_c.h
[6.495s] -- Up-to-date: /home/habibahassan/project/install/moveit_msgs/include/moveit_msgs/moveit_msgs/msg/detail/cartesian_trajectory_point__rosidl_typesupport_introspection_c.h
[6.496s] -- Up-to-date: /home/habibahassan/project/install/moveit_msgs/include/moveit_msgs/moveit_msgs/msg/detail/motion_sequence_request__rosidl_typesupport_introspection_c.h
[6.496s] -- Installing: /home/habibahassan/project/install/moveit_msgs/include/moveit_msgs/moveit_msgs/msg/detail/generic_trajectory__type_support.c
[6.496s] -- Installing: /home/habibahassan/project/install/moveit_msgs/include/moveit_msgs/moveit_msgs/msg/detail/gripper_translation__type_support.c
[6.497s] -- Installing: /home/habibahassan/project/install/moveit_msgs/include/moveit_msgs/moveit_msgs/msg/detail/visibility_constraint__type_support.c
[6.497s] -- Up-to-date: /home/habibahassan/project/install/moveit_msgs/include/moveit_msgs/moveit_msgs/msg/detail/cost_source__rosidl_typesupport_introspection_c.h
[6.497s] -- Installing: /home/habibahassan/project/install/moveit_msgs/include/moveit_msgs/moveit_msgs/msg/detail/pipeline_state__type_support.c
[6.497s] -- Installing: /home/habibahassan/project/install/moveit_msgs/include/moveit_msgs/moveit_msgs/msg/detail/display_robot_state__type_support.c
[6.498s] -- Installing: /home/habibahassan/project/install/moveit_msgs/include/moveit_msgs/moveit_msgs/msg/detail/motion_plan_response__type_support.c
[6.498s] -- Installing: /home/habibahassan/project/install/moveit_msgs/include/moveit_msgs/moveit_msgs/msg/detail/allowed_collision_matrix__type_support.c
[6.498s] -- Up-to-date: /home/habibahassan/project/install/moveit_msgs/include/moveit_msgs/moveit_msgs/msg/detail/planning_options__rosidl_typesupport_introspection_c.h
[6.498s] -- Up-to-date: /home/habibahassan/project/install/moveit_msgs/include/moveit_msgs/moveit_msgs/msg/detail/allowed_collision_matrix__rosidl_typesupport_introspection_c.h
[6.498s] -- Up-to-date: /home/habibahassan/project/install/moveit_msgs/include/moveit_msgs/moveit_msgs/msg/detail/link_padding__rosidl_typesupport_introspection_c.h
[6.499s] -- Up-to-date: /home/habibahassan/project/install/moveit_msgs/include/moveit_msgs/moveit_msgs/msg/detail/motion_sequence_item__rosidl_typesupport_introspection_c.h
[6.499s] -- Installing: /home/habibahassan/project/install/moveit_msgs/include/moveit_msgs/moveit_msgs/msg/detail/place_location__type_support.c
[6.500s] -- Installing: /home/habibahassan/project/install/moveit_msgs/include/moveit_msgs/moveit_msgs/msg/detail/motion_sequence_request__type_support.c
[6.500s] -- Up-to-date: /home/habibahassan/project/install/moveit_msgs/include/moveit_msgs/moveit_msgs/msg/detail/robot_state__rosidl_typesupport_introspection_c.h
[6.501s] -- Installing: /home/habibahassan/project/install/moveit_msgs/include/moveit_msgs/moveit_msgs/msg/detail/object_color__type_support.c
[6.501s] -- Up-to-date: /home/habibahassan/project/install/moveit_msgs/include/moveit_msgs/moveit_msgs/msg/detail/contact_information__rosidl_typesupport_introspection_c.h
[6.502s] -- Up-to-date: /home/habibahassan/project/install/moveit_msgs/include/moveit_msgs/moveit_msgs/msg/detail/constraint_eval_result__rosidl_typesupport_introspection_c.h
[6.503s] -- Up-to-date: /home/habibahassan/project/install/moveit_msgs/include/moveit_msgs/moveit_msgs/msg/detail/motion_plan_detailed_response__rosidl_typesupport_introspection_c.h
[6.503s] -- Up-to-date: /home/habibahassan/project/install/moveit_msgs/include/moveit_msgs/moveit_msgs/msg/detail/planner_params__rosidl_typesupport_introspection_c.h
[6.503s] -- Up-to-date: /home/habibahassan/project/install/moveit_msgs/include/moveit_msgs/moveit_msgs/msg/detail/planner_interface_description__rosidl_typesupport_introspection_c.h
[6.504s] -- Installing: /home/habibahassan/project/install/moveit_msgs/include/moveit_msgs/moveit_msgs/msg/detail/constraints__type_support.c
[6.504s] -- Installing: /home/habibahassan/project/install/moveit_msgs/include/moveit_msgs/moveit_msgs/msg/detail/planner_params__type_support.c
[6.504s] -- Up-to-date: /home/habibahassan/project/install/moveit_msgs/include/moveit_msgs/moveit_msgs/msg/detail/motion_plan_response__rosidl_typesupport_introspection_c.h
[6.504s] -- Installing: /home/habibahassan/project/install/moveit_msgs/include/moveit_msgs/moveit_msgs/msg/detail/bounding_volume__type_support.c
[6.505s] -- Up-to-date: /home/habibahassan/project/install/moveit_msgs/include/moveit_msgs/moveit_msgs/msg/detail/generic_trajectory__rosidl_typesupport_introspection_c.h
[6.505s] -- Up-to-date: /home/habibahassan/project/install/moveit_msgs/include/moveit_msgs/moveit_msgs/msg/detail/place_location__rosidl_typesupport_introspection_c.h
[6.505s] -- Installing: /home/habibahassan/project/install/moveit_msgs/include/moveit_msgs/moveit_msgs/msg/detail/planning_options__type_support.c
[6.505s] -- Up-to-date: /home/habibahassan/project/install/moveit_msgs/include/moveit_msgs/moveit_msgs/msg/detail/gripper_translation__rosidl_typesupport_introspection_c.h
[6.506s] -- Installing: /home/habibahassan/project/install/moveit_msgs/include/moveit_msgs/moveit_msgs/msg/detail/contact_information__type_support.c
[6.506s] -- Installing: /home/habibahassan/project/install/moveit_msgs/include/moveit_msgs/moveit_msgs/msg/detail/planning_scene_components__type_support.c
[6.506s] -- Up-to-date: /home/habibahassan/project/install/moveit_msgs/include/moveit_msgs/moveit_msgs/msg/detail/servo_status__rosidl_typesupport_introspection_c.h
[6.507s] -- Up-to-date: /home/habibahassan/project/install/moveit_msgs/include/moveit_msgs/moveit_msgs/msg/detail/robot_trajectory__rosidl_typesupport_introspection_c.h
[6.507s] -- Installing: /home/habibahassan/project/install/moveit_msgs/include/moveit_msgs/moveit_msgs/msg/detail/trajectory_constraints__type_support.c
[6.507s] -- Up-to-date: /home/habibahassan/project/install/moveit_msgs/include/moveit_msgs/moveit_msgs/msg/detail/motion_sequence_response__rosidl_typesupport_introspection_c.h
[6.507s] -- Up-to-date: /home/habibahassan/project/install/moveit_msgs/include/moveit_msgs/moveit_msgs/msg/detail/motion_plan_request__rosidl_typesupport_introspection_c.h
[6.508s] -- Installing: /home/habibahassan/project/install/moveit_msgs/include/moveit_msgs/moveit_msgs/msg/detail/motion_sequence_response__type_support.c
[6.508s] -- Installing: /home/habibahassan/project/install/moveit_msgs/include/moveit_msgs/moveit_msgs/msg/detail/motion_sequence_item__type_support.c
[6.508s] -- Installing: /home/habibahassan/project/install/moveit_msgs/include/moveit_msgs/moveit_msgs/msg/detail/oriented_bounding_box__type_support.c
[6.508s] -- Installing: /home/habibahassan/project/install/moveit_msgs/include/moveit_msgs/moveit_msgs/msg/detail/allowed_collision_entry__type_support.c
[6.508s] -- Up-to-date: /home/habibahassan/project/install/moveit_msgs/include/moveit_msgs/moveit_msgs/msg/detail/allowed_collision_entry__rosidl_typesupport_introspection_c.h
[6.511s] -- Up-to-date: /home/habibahassan/project/install/moveit_msgs/include/moveit_msgs/moveit_msgs/msg/detail/workspace_parameters__rosidl_typesupport_introspection_c.h
[6.511s] -- Installing: /home/habibahassan/project/install/moveit_msgs/include/moveit_msgs/moveit_msgs/msg/detail/orientation_constraint__type_support.c
[6.512s] -- Installing: /home/habibahassan/project/install/moveit_msgs/include/moveit_msgs/moveit_msgs/msg/detail/move_it_error_codes__type_support.c
[6.512s] -- Up-to-date: /home/habibahassan/project/install/moveit_msgs/include/moveit_msgs/moveit_msgs/msg/detail/cartesian_point__rosidl_typesupport_introspection_c.h
[6.513s] -- Installing: /home/habibahassan/project/install/moveit_msgs/include/moveit_msgs/moveit_msgs/msg/detail/joint_constraint__type_support.c
[6.513s] -- Up-to-date: /home/habibahassan/project/install/moveit_msgs/include/moveit_msgs/moveit_msgs/msg/detail/collision_object__rosidl_typesupport_introspection_c.h
[6.513s] -- Up-to-date: /home/habibahassan/project/install/moveit_msgs/include/moveit_msgs/moveit_msgs/msg/detail/bounding_volume__rosidl_typesupport_introspection_c.h
[6.513s] -- Up-to-date: /home/habibahassan/project/install/moveit_msgs/include/moveit_msgs/moveit_msgs/msg/detail/object_color__rosidl_typesupport_introspection_c.h
[6.514s] -- Up-to-date: /home/habibahassan/project/install/moveit_msgs/include/moveit_msgs/moveit_msgs/msg/detail/planning_scene_world__rosidl_typesupport_introspection_c.h
[6.514s] -- Installing: /home/habibahassan/project/install/moveit_msgs/include/moveit_msgs/moveit_msgs/msg/detail/kinematic_solver_info__type_support.c
[6.514s] -- Installing: /home/habibahassan/project/install/moveit_msgs/include/moveit_msgs/moveit_msgs/msg/detail/planner_interface_description__type_support.c
[6.515s] -- Installing: /home/habibahassan/project/install/moveit_msgs/include/moveit_msgs/moveit_msgs/msg/detail/robot_state__type_support.c
[6.515s] -- Up-to-date: /home/habibahassan/project/install/moveit_msgs/include/moveit_msgs/moveit_msgs/msg/detail/planning_scene_components__rosidl_typesupport_introspection_c.h
[6.516s] -- Installing: /home/habibahassan/project/install/moveit_msgs/include/moveit_msgs/moveit_msgs/msg/detail/joint_limits__type_support.c
[6.516s] -- Up-to-date: /home/habibahassan/project/install/moveit_msgs/include/moveit_msgs/moveit_msgs/msg/detail/orientation_constraint__rosidl_typesupport_introspection_c.h
[6.516s] -- Up-to-date: /home/habibahassan/project/install/moveit_msgs/include/moveit_msgs/moveit_msgs/msg/detail/position_ik_request__rosidl_typesupport_introspection_c.h
[6.517s] -- Up-to-date: /home/habibahassan/project/install/moveit_msgs/include/moveit_msgs/moveit_msgs/msg/detail/visibility_constraint__rosidl_typesupport_introspection_c.h
[6.517s] -- Installing: /home/habibahassan/project/install/moveit_msgs/include/moveit_msgs/moveit_msgs/msg/detail/robot_trajectory__type_support.c
[6.518s] -- Installing: /home/habibahassan/project/install/moveit_msgs/include/moveit_msgs/moveit_msgs/msg/detail/servo_status__type_support.c
[6.518s] -- Installing: /home/habibahassan/project/install/moveit_msgs/include/moveit_msgs/moveit_msgs/msg/detail/cartesian_point__type_support.c
[6.519s] -- Up-to-date: /home/habibahassan/project/install/moveit_msgs/include/moveit_msgs/moveit_msgs/msg/detail/joint_constraint__rosidl_typesupport_introspection_c.h
[6.519s] -- Installing: /home/habibahassan/project/install/moveit_msgs/include/moveit_msgs/moveit_msgs/msg/detail/collision_object__type_support.c
[6.519s] -- Installing: /home/habibahassan/project/install/moveit_msgs/include/moveit_msgs/moveit_msgs/msg/detail/grasp__type_support.c
[6.520s] -- Installing: /home/habibahassan/project/install/moveit_msgs/include/moveit_msgs/moveit_msgs/msg/detail/motion_plan_detailed_response__type_support.c
[6.520s] -- Up-to-date: /home/habibahassan/project/install/moveit_msgs/include/moveit_msgs/moveit_msgs/msg/detail/display_trajectory__rosidl_typesupport_introspection_c.h
[6.520s] -- Installing: /home/habibahassan/project/install/moveit_msgs/include/moveit_msgs/moveit_msgs/msg/detail/constraint_eval_result__type_support.c
[6.521s] -- Installing: /home/habibahassan/project/install/moveit_msgs/include/moveit_msgs/moveit_msgs/msg/detail/cartesian_trajectory__type_support.c
[6.521s] -- Up-to-date: /home/habibahassan/project/install/moveit_msgs/include/moveit_msgs/moveit_msgs/msg/detail/kinematic_solver_info__rosidl_typesupport_introspection_c.h
[6.522s] -- Up-to-date: /home/habibahassan/project/install/moveit_msgs/include/moveit_msgs/moveit_msgs/msg/detail/cartesian_trajectory__rosidl_typesupport_introspection_c.h
[6.522s] -- Up-to-date: /home/habibahassan/project/install/moveit_msgs/include/moveit_msgs/moveit_msgs/msg/detail/joint_limits__rosidl_typesupport_introspection_c.h
[6.523s] -- Up-to-date: /home/habibahassan/project/install/moveit_msgs/include/moveit_msgs/moveit_msgs/msg/detail/display_robot_state__rosidl_typesupport_introspection_c.h
[6.524s] -- Up-to-date: /home/habibahassan/project/install/moveit_msgs/include/moveit_msgs/moveit_msgs/msg/detail/position_constraint__rosidl_typesupport_introspection_c.h
[6.524s] -- Installing: /home/habibahassan/project/install/moveit_msgs/include/moveit_msgs/moveit_msgs/msg/detail/position_ik_request__type_support.c
[6.525s] -- Installing: /home/habibahassan/project/install/moveit_msgs/include/moveit_msgs/moveit_msgs/msg/detail/display_trajectory__type_support.c
[6.526s] -- Up-to-date: /home/habibahassan/project/install/moveit_msgs/include/moveit_msgs/moveit_msgs/msg/detail/grasp__rosidl_typesupport_introspection_c.h
[6.526s] -- Installing: /home/habibahassan/project/install/moveit_msgs/include/moveit_msgs/moveit_msgs/msg/detail/position_constraint__type_support.c
[6.527s] -- Up-to-date: /home/habibahassan/project/install/moveit_msgs/include/moveit_msgs/moveit_msgs/msg/detail/link_scale__rosidl_typesupport_introspection_c.h
[6.527s] -- Up-to-date: /home/habibahassan/project/install/moveit_msgs/include/moveit_msgs/moveit_msgs/msg/detail/trajectory_constraints__rosidl_typesupport_introspection_c.h
[6.528s] -- Installing: /home/habibahassan/project/install/moveit_msgs/include/moveit_msgs/moveit_msgs/msg/detail/motion_plan_request__type_support.c
[6.528s] -- Up-to-date: /home/habibahassan/project/install/moveit_msgs/include/moveit_msgs/moveit_msgs/msg/detail/move_it_error_codes__rosidl_typesupport_introspection_c.h
[6.528s] -- Up-to-date: /home/habibahassan/project/install/moveit_msgs/include/moveit_msgs/moveit_msgs/msg/detail/oriented_bounding_box__rosidl_typesupport_introspection_c.h
[6.528s] -- Installing: /home/habibahassan/project/install/moveit_msgs/include/moveit_msgs/moveit_msgs/msg/detail/planning_scene_world__type_support.c
[6.529s] -- Up-to-date: /home/habibahassan/project/install/moveit_msgs/include/moveit_msgs/moveit_msgs/msg/rosidl_typesupport_introspection_c__visibility_control.h
[6.529s] -- Up-to-date: /home/habibahassan/project/install/moveit_msgs/lib/libmoveit_msgs__rosidl_typesupport_introspection_c.so
[6.529s] -- Up-to-date: /home/habibahassan/project/install/moveit_msgs/lib/libmoveit_msgs__rosidl_typesupport_c.so
[6.529s] -- Up-to-date: /home/habibahassan/project/install/moveit_msgs/include/moveit_msgs/moveit_msgs
[6.530s] -- Up-to-date: /home/habibahassan/project/install/moveit_msgs/include/moveit_msgs/moveit_msgs/srv
[6.530s] -- Up-to-date: /home/habibahassan/project/install/moveit_msgs/include/moveit_msgs/moveit_msgs/srv/grasp_planning.hpp
[6.530s] -- Up-to-date: /home/habibahassan/project/install/moveit_msgs/include/moveit_msgs/moveit_msgs/srv/check_if_robot_state_exists_in_warehouse.hpp
[6.530s] -- Up-to-date: /home/habibahassan/project/install/moveit_msgs/include/moveit_msgs/moveit_msgs/srv/save_geometry_to_file.hpp
[6.531s] -- Up-to-date: /home/habibahassan/project/install/moveit_msgs/include/moveit_msgs/moveit_msgs/srv/get_planner_params.hpp
[6.531s] -- Up-to-date: /home/habibahassan/project/install/moveit_msgs/include/moveit_msgs/moveit_msgs/srv/get_robot_state_from_warehouse.hpp
[6.531s] -- Up-to-date: /home/habibahassan/project/install/moveit_msgs/include/moveit_msgs/moveit_msgs/srv/apply_planning_scene.hpp
[6.532s] -- Up-to-date: /home/habibahassan/project/install/moveit_msgs/include/moveit_msgs/moveit_msgs/srv/load_geometry_from_file.hpp
[6.532s] -- Up-to-date: /home/habibahassan/project/install/moveit_msgs/include/moveit_msgs/moveit_msgs/srv/get_motion_plan.hpp
[6.532s] -- Up-to-date: /home/habibahassan/project/install/moveit_msgs/include/moveit_msgs/moveit_msgs/srv/get_group_urdf.hpp
[6.532s] -- Up-to-date: /home/habibahassan/project/install/moveit_msgs/include/moveit_msgs/moveit_msgs/srv/save_map.hpp
[6.533s] -- Up-to-date: /home/habibahassan/project/install/moveit_msgs/include/moveit_msgs/moveit_msgs/srv/get_planning_scene.hpp
[6.533s] -- Up-to-date: /home/habibahassan/project/install/moveit_msgs/include/moveit_msgs/moveit_msgs/srv/load_map.hpp
[6.533s] -- Up-to-date: /home/habibahassan/project/install/moveit_msgs/include/moveit_msgs/moveit_msgs/srv/update_pointcloud_octomap.hpp
[6.533s] -- Up-to-date: /home/habibahassan/project/install/moveit_msgs/include/moveit_msgs/moveit_msgs/srv/servo_command_type.hpp
[6.534s] -- Up-to-date: /home/habibahassan/project/install/moveit_msgs/include/moveit_msgs/moveit_msgs/srv/get_state_validity.hpp
[6.534s] -- Up-to-date: /home/habibahassan/project/install/moveit_msgs/include/moveit_msgs/moveit_msgs/srv/get_position_fk.hpp
[6.534s] -- Up-to-date: /home/habibahassan/project/install/moveit_msgs/include/moveit_msgs/moveit_msgs/srv/get_cartesian_path.hpp
[6.534s] -- Up-to-date: /home/habibahassan/project/install/moveit_msgs/include/moveit_msgs/moveit_msgs/srv/save_robot_state_to_warehouse.hpp
[6.535s] -- Up-to-date: /home/habibahassan/project/install/moveit_msgs/include/moveit_msgs/moveit_msgs/srv/detail
[6.535s] -- Up-to-date: /home/habibahassan/project/install/moveit_msgs/include/moveit_msgs/moveit_msgs/srv/detail/get_motion_sequence__struct.hpp
[6.536s] -- Up-to-date: /home/habibahassan/project/install/moveit_msgs/include/moveit_msgs/moveit_msgs/srv/detail/get_state_validity__traits.hpp
[6.536s] -- Up-to-date: /home/habibahassan/project/install/moveit_msgs/include/moveit_msgs/moveit_msgs/srv/detail/get_robot_state_from_warehouse__traits.hpp
[6.537s] -- Up-to-date: /home/habibahassan/project/install/moveit_msgs/include/moveit_msgs/moveit_msgs/srv/detail/save_map__struct.hpp
[6.537s] -- Up-to-date: /home/habibahassan/project/install/moveit_msgs/include/moveit_msgs/moveit_msgs/srv/detail/apply_planning_scene__type_support.hpp
[6.538s] -- Up-to-date: /home/habibahassan/project/install/moveit_msgs/include/moveit_msgs/moveit_msgs/srv/detail/load_geometry_from_file__struct.hpp
[6.539s] -- Up-to-date: /home/habibahassan/project/install/moveit_msgs/include/moveit_msgs/moveit_msgs/srv/detail/get_motion_sequence__traits.hpp
[6.539s] -- Up-to-date: /home/habibahassan/project/install/moveit_msgs/include/moveit_msgs/moveit_msgs/srv/detail/grasp_planning__traits.hpp
[6.540s] -- Up-to-date: /home/habibahassan/project/install/moveit_msgs/include/moveit_msgs/moveit_msgs/srv/detail/list_robot_states_in_warehouse__builder.hpp
[6.541s] -- Up-to-date: /home/habibahassan/project/install/moveit_msgs/include/moveit_msgs/moveit_msgs/srv/detail/get_state_validity__type_support.hpp
[6.542s] -- Up-to-date: /home/habibahassan/project/install/moveit_msgs/include/moveit_msgs/moveit_msgs/srv/detail/set_planner_params__traits.hpp
[6.542s] -- Up-to-date: /home/habibahassan/project/install/moveit_msgs/include/moveit_msgs/moveit_msgs/srv/detail/get_cartesian_path__type_support.hpp
[6.542s] -- Up-to-date: /home/habibahassan/project/install/moveit_msgs/include/moveit_msgs/moveit_msgs/srv/detail/update_pointcloud_octomap__type_support.hpp
[6.542s] -- Up-to-date: /home/habibahassan/project/install/moveit_msgs/include/moveit_msgs/moveit_msgs/srv/detail/servo_command_type__traits.hpp
[6.543s] -- Up-to-date: /home/habibahassan/project/install/moveit_msgs/include/moveit_msgs/moveit_msgs/srv/detail/save_geometry_to_file__builder.hpp
[6.543s] -- Up-to-date: /home/habibahassan/project/install/moveit_msgs/include/moveit_msgs/moveit_msgs/srv/detail/delete_robot_state_from_warehouse__builder.hpp
[6.543s] -- Up-to-date: /home/habibahassan/project/install/moveit_msgs/include/moveit_msgs/moveit_msgs/srv/detail/servo_command_type__builder.hpp
[6.543s] -- Up-to-date: /home/habibahassan/project/install/moveit_msgs/include/moveit_msgs/moveit_msgs/srv/detail/get_group_urdf__type_support.hpp
[6.544s] -- Up-to-date: /home/habibahassan/project/install/moveit_msgs/include/moveit_msgs/moveit_msgs/srv/detail/update_pointcloud_octomap__traits.hpp
[6.544s] -- Up-to-date: /home/habibahassan/project/install/moveit_msgs/include/moveit_msgs/moveit_msgs/srv/detail/check_if_robot_state_exists_in_warehouse__struct.hpp
[6.544s] -- Up-to-date: /home/habibahassan/project/install/moveit_msgs/include/moveit_msgs/moveit_msgs/srv/detail/update_pointcloud_octomap__builder.hpp
[6.544s] -- Up-to-date: /home/habibahassan/project/install/moveit_msgs/include/moveit_msgs/moveit_msgs/srv/detail/get_state_validity__struct.hpp
[6.545s] -- Up-to-date: /home/habibahassan/project/install/moveit_msgs/include/moveit_msgs/moveit_msgs/srv/detail/get_position_ik__builder.hpp
[6.546s] -- Up-to-date: /home/habibahassan/project/install/moveit_msgs/include/moveit_msgs/moveit_msgs/srv/detail/query_planner_interfaces__struct.hpp
[6.546s] -- Up-to-date: /home/habibahassan/project/install/moveit_msgs/include/moveit_msgs/moveit_msgs/srv/detail/get_motion_sequence__builder.hpp
[6.546s] -- Up-to-date: /home/habibahassan/project/install/moveit_msgs/include/moveit_msgs/moveit_msgs/srv/detail/load_map__builder.hpp
[6.546s] -- Up-to-date: /home/habibahassan/project/install/moveit_msgs/include/moveit_msgs/moveit_msgs/srv/detail/delete_robot_state_from_warehouse__traits.hpp
[6.547s] -- Up-to-date: /home/habibahassan/project/install/moveit_msgs/include/moveit_msgs/moveit_msgs/srv/detail/get_motion_plan__struct.hpp
[6.547s] -- Up-to-date: /home/habibahassan/project/install/moveit_msgs/include/moveit_msgs/moveit_msgs/srv/detail/check_if_robot_state_exists_in_warehouse__type_support.hpp
[6.548s] -- Up-to-date: /home/habibahassan/project/install/moveit_msgs/include/moveit_msgs/moveit_msgs/srv/detail/get_position_fk__traits.hpp
[6.548s] -- Up-to-date: /home/habibahassan/project/install/moveit_msgs/include/moveit_msgs/moveit_msgs/srv/detail/get_planner_params__struct.hpp
[6.548s] -- Up-to-date: /home/habibahassan/project/install/moveit_msgs/include/moveit_msgs/moveit_msgs/srv/detail/grasp_planning__builder.hpp
[6.548s] -- Up-to-date: /home/habibahassan/project/install/moveit_msgs/include/moveit_msgs/moveit_msgs/srv/detail/save_map__builder.hpp
[6.548s] -- Up-to-date: /home/habibahassan/project/install/moveit_msgs/include/moveit_msgs/moveit_msgs/srv/detail/get_motion_sequence__type_support.hpp
[6.549s] -- Up-to-date: /home/habibahassan/project/install/moveit_msgs/include/moveit_msgs/moveit_msgs/srv/detail/get_position_fk__builder.hpp
[6.549s] -- Up-to-date: /home/habibahassan/project/install/moveit_msgs/include/moveit_msgs/moveit_msgs/srv/detail/grasp_planning__type_support.hpp
[6.549s] -- Up-to-date: /home/habibahassan/project/install/moveit_msgs/include/moveit_msgs/moveit_msgs/srv/detail/get_planning_scene__builder.hpp
[6.549s] -- Up-to-date: /home/habibahassan/project/install/moveit_msgs/include/moveit_msgs/moveit_msgs/srv/detail/get_group_urdf__struct.hpp
[6.550s] -- Up-to-date: /home/habibahassan/project/install/moveit_msgs/include/moveit_msgs/moveit_msgs/srv/detail/get_cartesian_path__struct.hpp
[6.550s] -- Up-to-date: /home/habibahassan/project/install/moveit_msgs/include/moveit_msgs/moveit_msgs/srv/detail/load_geometry_from_file__builder.hpp
[6.550s] -- Up-to-date: /home/habibahassan/project/install/moveit_msgs/include/moveit_msgs/moveit_msgs/srv/detail/load_map__type_support.hpp
[6.550s] -- Up-to-date: /home/habibahassan/project/install/moveit_msgs/include/moveit_msgs/moveit_msgs/srv/detail/save_robot_state_to_warehouse__struct.hpp
[6.550s] -- Up-to-date: /home/habibahassan/project/install/moveit_msgs/include/moveit_msgs/moveit_msgs/srv/detail/get_position_fk__type_support.hpp
[6.551s] -- Up-to-date: /home/habibahassan/project/install/moveit_msgs/include/moveit_msgs/moveit_msgs/srv/detail/load_map__struct.hpp
[6.551s] -- Up-to-date: /home/habibahassan/project/install/moveit_msgs/include/moveit_msgs/moveit_msgs/srv/detail/load_map__traits.hpp
[6.551s] -- Up-to-date: /home/habibahassan/project/install/moveit_msgs/include/moveit_msgs/moveit_msgs/srv/detail/set_planner_params__builder.hpp
[6.551s] -- Up-to-date: /home/habibahassan/project/install/moveit_msgs/include/moveit_msgs/moveit_msgs/srv/detail/load_geometry_from_file__type_support.hpp
[6.552s] -- Up-to-date: /home/habibahassan/project/install/moveit_msgs/include/moveit_msgs/moveit_msgs/srv/detail/query_planner_interfaces__traits.hpp
[6.552s] -- Up-to-date: /home/habibahassan/project/install/moveit_msgs/include/moveit_msgs/moveit_msgs/srv/detail/rename_robot_state_in_warehouse__builder.hpp
[6.552s] -- Up-to-date: /home/habibahassan/project/install/moveit_msgs/include/moveit_msgs/moveit_msgs/srv/detail/get_group_urdf__traits.hpp
[6.552s] -- Up-to-date: /home/habibahassan/project/install/moveit_msgs/include/moveit_msgs/moveit_msgs/srv/detail/get_position_fk__struct.hpp
[6.553s] -- Up-to-date: /home/habibahassan/project/install/moveit_msgs/include/moveit_msgs/moveit_msgs/srv/detail/apply_planning_scene__struct.hpp
[6.553s] -- Up-to-date: /home/habibahassan/project/install/moveit_msgs/include/moveit_msgs/moveit_msgs/srv/detail/get_planner_params__traits.hpp
[6.553s] -- Up-to-date: /home/habibahassan/project/install/moveit_msgs/include/moveit_msgs/moveit_msgs/srv/detail/get_planner_params__builder.hpp
[6.553s] -- Up-to-date: /home/habibahassan/project/install/moveit_msgs/include/moveit_msgs/moveit_msgs/srv/detail/grasp_planning__struct.hpp
[6.553s] -- Up-to-date: /home/habibahassan/project/install/moveit_msgs/include/moveit_msgs/moveit_msgs/srv/detail/get_robot_state_from_warehouse__builder.hpp
[6.554s] -- Up-to-date: /home/habibahassan/project/install/moveit_msgs/include/moveit_msgs/moveit_msgs/srv/detail/get_group_urdf__builder.hpp
[6.554s] -- Up-to-date: /home/habibahassan/project/install/moveit_msgs/include/moveit_msgs/moveit_msgs/srv/detail/check_if_robot_state_exists_in_warehouse__builder.hpp
[6.554s] -- Up-to-date: /home/habibahassan/project/install/moveit_msgs/include/moveit_msgs/moveit_msgs/srv/detail/get_planning_scene__traits.hpp
[6.554s] -- Up-to-date: /home/habibahassan/project/install/moveit_msgs/include/moveit_msgs/moveit_msgs/srv/detail/apply_planning_scene__builder.hpp
[6.554s] -- Up-to-date: /home/habibahassan/project/install/moveit_msgs/include/moveit_msgs/moveit_msgs/srv/detail/apply_planning_scene__traits.hpp
[6.555s] -- Up-to-date: /home/habibahassan/project/install/moveit_msgs/include/moveit_msgs/moveit_msgs/srv/detail/get_position_ik__struct.hpp
[6.555s] -- Up-to-date: /home/habibahassan/project/install/moveit_msgs/include/moveit_msgs/moveit_msgs/srv/detail/save_map__traits.hpp
[6.555s] -- Up-to-date: /home/habibahassan/project/install/moveit_msgs/include/moveit_msgs/moveit_msgs/srv/detail/get_robot_state_from_warehouse__type_support.hpp
[6.555s] -- Up-to-date: /home/habibahassan/project/install/moveit_msgs/include/moveit_msgs/moveit_msgs/srv/detail/get_cartesian_path__traits.hpp
[6.557s] -- Up-to-date: /home/habibahassan/project/install/moveit_msgs/include/moveit_msgs/moveit_msgs/srv/detail/delete_robot_state_from_warehouse__type_support.hpp
[6.558s] -- Up-to-date: /home/habibahassan/project/install/moveit_msgs/include/moveit_msgs/moveit_msgs/srv/detail/get_robot_state_from_warehouse__struct.hpp
[6.558s] -- Up-to-date: /home/habibahassan/project/install/moveit_msgs/include/moveit_msgs/moveit_msgs/srv/detail/query_planner_interfaces__builder.hpp
[6.558s] -- Up-to-date: /home/habibahassan/project/install/moveit_msgs/include/moveit_msgs/moveit_msgs/srv/detail/save_robot_state_to_warehouse__traits.hpp
[6.559s] -- Up-to-date: /home/habibahassan/project/install/moveit_msgs/include/moveit_msgs/moveit_msgs/srv/detail/get_cartesian_path__builder.hpp
[6.559s] -- Up-to-date: /home/habibahassan/project/install/moveit_msgs/include/moveit_msgs/moveit_msgs/srv/detail/check_if_robot_state_exists_in_warehouse__traits.hpp
[6.559s] -- Up-to-date: /home/habibahassan/project/install/moveit_msgs/include/moveit_msgs/moveit_msgs/srv/detail/save_geometry_to_file__type_support.hpp
[6.559s] -- Up-to-date: /home/habibahassan/project/install/moveit_msgs/include/moveit_msgs/moveit_msgs/srv/detail/save_geometry_to_file__struct.hpp
[6.560s] -- Up-to-date: /home/habibahassan/project/install/moveit_msgs/include/moveit_msgs/moveit_msgs/srv/detail/update_pointcloud_octomap__struct.hpp
[6.560s] -- Up-to-date: /home/habibahassan/project/install/moveit_msgs/include/moveit_msgs/moveit_msgs/srv/detail/save_robot_state_to_warehouse__builder.hpp
[6.560s] -- Up-to-date: /home/habibahassan/project/install/moveit_msgs/include/moveit_msgs/moveit_msgs/srv/detail/list_robot_states_in_warehouse__struct.hpp
[6.560s] -- Up-to-date: /home/habibahassan/project/install/moveit_msgs/include/moveit_msgs/moveit_msgs/srv/detail/rename_robot_state_in_warehouse__traits.hpp
[6.561s] -- Up-to-date: /home/habibahassan/project/install/moveit_msgs/include/moveit_msgs/moveit_msgs/srv/detail/get_motion_plan__builder.hpp
[6.561s] -- Up-to-date: /home/habibahassan/project/install/moveit_msgs/include/moveit_msgs/moveit_msgs/srv/detail/set_planner_params__type_support.hpp
[6.561s] -- Up-to-date: /home/habibahassan/project/install/moveit_msgs/include/moveit_msgs/moveit_msgs/srv/detail/servo_command_type__type_support.hpp
[6.562s] -- Up-to-date: /home/habibahassan/project/install/moveit_msgs/include/moveit_msgs/moveit_msgs/srv/detail/get_position_ik__traits.hpp
[6.562s] -- Up-to-date: /home/habibahassan/project/install/moveit_msgs/include/moveit_msgs/moveit_msgs/srv/detail/list_robot_states_in_warehouse__traits.hpp
[6.562s] -- Up-to-date: /home/habibahassan/project/install/moveit_msgs/include/moveit_msgs/moveit_msgs/srv/detail/delete_robot_state_from_warehouse__struct.hpp
[6.563s] -- Up-to-date: /home/habibahassan/project/install/moveit_msgs/include/moveit_msgs/moveit_msgs/srv/detail/load_geometry_from_file__traits.hpp
[6.563s] -- Up-to-date: /home/habibahassan/project/install/moveit_msgs/include/moveit_msgs/moveit_msgs/srv/detail/servo_command_type__struct.hpp
[6.563s] -- Up-to-date: /home/habibahassan/project/install/moveit_msgs/include/moveit_msgs/moveit_msgs/srv/detail/get_planning_scene__struct.hpp
[6.563s] -- Up-to-date: /home/habibahassan/project/install/moveit_msgs/include/moveit_msgs/moveit_msgs/srv/detail/set_planner_params__struct.hpp
[6.564s] -- Up-to-date: /home/habibahassan/project/install/moveit_msgs/include/moveit_msgs/moveit_msgs/srv/detail/get_state_validity__builder.hpp
[6.564s] -- Up-to-date: /home/habibahassan/project/install/moveit_msgs/include/moveit_msgs/moveit_msgs/srv/detail/rename_robot_state_in_warehouse__type_support.hpp
[6.564s] -- Up-to-date: /home/habibahassan/project/install/moveit_msgs/include/moveit_msgs/moveit_msgs/srv/detail/get_planning_scene__type_support.hpp
[6.564s] -- Up-to-date: /home/habibahassan/project/install/moveit_msgs/include/moveit_msgs/moveit_msgs/srv/detail/get_motion_plan__traits.hpp
[6.565s] -- Up-to-date: /home/habibahassan/project/install/moveit_msgs/include/moveit_msgs/moveit_msgs/srv/detail/get_motion_plan__type_support.hpp
[6.565s] -- Up-to-date: /home/habibahassan/project/install/moveit_msgs/include/moveit_msgs/moveit_msgs/srv/detail/get_planner_params__type_support.hpp
[6.565s] -- Up-to-date: /home/habibahassan/project/install/moveit_msgs/include/moveit_msgs/moveit_msgs/srv/detail/save_robot_state_to_warehouse__type_support.hpp
[6.565s] -- Up-to-date: /home/habibahassan/project/install/moveit_msgs/include/moveit_msgs/moveit_msgs/srv/detail/rename_robot_state_in_warehouse__struct.hpp
[6.566s] -- Up-to-date: /home/habibahassan/project/install/moveit_msgs/include/moveit_msgs/moveit_msgs/srv/detail/query_planner_interfaces__type_support.hpp
[6.566s] -- Up-to-date: /home/habibahassan/project/install/moveit_msgs/include/moveit_msgs/moveit_msgs/srv/detail/save_map__type_support.hpp
[6.567s] -- Up-to-date: /home/habibahassan/project/install/moveit_msgs/include/moveit_msgs/moveit_msgs/srv/detail/save_geometry_to_file__traits.hpp
[6.567s] -- Up-to-date: /home/habibahassan/project/install/moveit_msgs/include/moveit_msgs/moveit_msgs/srv/detail/list_robot_states_in_warehouse__type_support.hpp
[6.567s] -- Up-to-date: /home/habibahassan/project/install/moveit_msgs/include/moveit_msgs/moveit_msgs/srv/detail/get_position_ik__type_support.hpp
[6.567s] -- Up-to-date: /home/habibahassan/project/install/moveit_msgs/include/moveit_msgs/moveit_msgs/srv/list_robot_states_in_warehouse.hpp
[6.568s] -- Up-to-date: /home/habibahassan/project/install/moveit_msgs/include/moveit_msgs/moveit_msgs/srv/rename_robot_state_in_warehouse.hpp
[6.568s] -- Up-to-date: /home/habibahassan/project/install/moveit_msgs/include/moveit_msgs/moveit_msgs/srv/get_position_ik.hpp
[6.568s] -- Up-to-date: /home/habibahassan/project/install/moveit_msgs/include/moveit_msgs/moveit_msgs/srv/query_planner_interfaces.hpp
[6.568s] -- Up-to-date: /home/habibahassan/project/install/moveit_msgs/include/moveit_msgs/moveit_msgs/srv/delete_robot_state_from_warehouse.hpp
[6.568s] -- Up-to-date: /home/habibahassan/project/install/moveit_msgs/include/moveit_msgs/moveit_msgs/srv/set_planner_params.hpp
[6.569s] -- Up-to-date: /home/habibahassan/project/install/moveit_msgs/include/moveit_msgs/moveit_msgs/srv/get_motion_sequence.hpp
[6.569s] -- Up-to-date: /home/habibahassan/project/install/moveit_msgs/include/moveit_msgs/moveit_msgs/action
[6.569s] -- Up-to-date: /home/habibahassan/project/install/moveit_msgs/include/moveit_msgs/moveit_msgs/action/global_planner.hpp
[6.569s] -- Up-to-date: /home/habibahassan/project/install/moveit_msgs/include/moveit_msgs/moveit_msgs/action/place.hpp
[6.569s] -- Up-to-date: /home/habibahassan/project/install/moveit_msgs/include/moveit_msgs/moveit_msgs/action/local_planner.hpp
[6.570s] -- Up-to-date: /home/habibahassan/project/install/moveit_msgs/include/moveit_msgs/moveit_msgs/action/hybrid_planner.hpp
[6.570s] -- Up-to-date: /home/habibahassan/project/install/moveit_msgs/include/moveit_msgs/moveit_msgs/action/move_group.hpp
[6.571s] -- Up-to-date: /home/habibahassan/project/install/moveit_msgs/include/moveit_msgs/moveit_msgs/action/execute_trajectory.hpp
[6.571s] -- Up-to-date: /home/habibahassan/project/install/moveit_msgs/include/moveit_msgs/moveit_msgs/action/pickup.hpp
[6.582s] -- Up-to-date: /home/habibahassan/project/install/moveit_msgs/include/moveit_msgs/moveit_msgs/action/detail
[6.584s] -- Up-to-date: /home/habibahassan/project/install/moveit_msgs/include/moveit_msgs/moveit_msgs/action/detail/place__struct.hpp
[6.584s] -- Up-to-date: /home/habibahassan/project/install/moveit_msgs/include/moveit_msgs/moveit_msgs/action/detail/move_group_sequence__builder.hpp
[6.585s] -- Up-to-date: /home/habibahassan/project/install/moveit_msgs/include/moveit_msgs/moveit_msgs/action/detail/hybrid_planner__builder.hpp
[6.585s] -- Up-to-date: /home/habibahassan/project/install/moveit_msgs/include/moveit_msgs/moveit_msgs/action/detail/move_group_sequence__traits.hpp
[6.586s] -- Up-to-date: /home/habibahassan/project/install/moveit_msgs/include/moveit_msgs/moveit_msgs/action/detail/execute_trajectory__builder.hpp
[6.586s] -- Up-to-date: /home/habibahassan/project/install/moveit_msgs/include/moveit_msgs/moveit_msgs/action/detail/global_planner__builder.hpp
[6.587s] -- Up-to-date: /home/habibahassan/project/install/moveit_msgs/include/moveit_msgs/moveit_msgs/action/detail/local_planner__builder.hpp
[6.587s] -- Up-to-date: /home/habibahassan/project/install/moveit_msgs/include/moveit_msgs/moveit_msgs/action/detail/pickup__traits.hpp
[6.588s] -- Up-to-date: /home/habibahassan/project/install/moveit_msgs/include/moveit_msgs/moveit_msgs/action/detail/move_group__traits.hpp
[6.588s] -- Up-to-date: /home/habibahassan/project/install/moveit_msgs/include/moveit_msgs/moveit_msgs/action/detail/place__builder.hpp
[6.589s] -- Up-to-date: /home/habibahassan/project/install/moveit_msgs/include/moveit_msgs/moveit_msgs/action/detail/move_group__type_support.hpp
[6.589s] -- Up-to-date: /home/habibahassan/project/install/moveit_msgs/include/moveit_msgs/moveit_msgs/action/detail/place__traits.hpp
[6.590s] -- Up-to-date: /home/habibahassan/project/install/moveit_msgs/include/moveit_msgs/moveit_msgs/action/detail/pickup__type_support.hpp
[6.590s] -- Up-to-date: /home/habibahassan/project/install/moveit_msgs/include/moveit_msgs/moveit_msgs/action/detail/pickup__builder.hpp
[6.591s] -- Up-to-date: /home/habibahassan/project/install/moveit_msgs/include/moveit_msgs/moveit_msgs/action/detail/execute_trajectory__traits.hpp
[6.591s] -- Up-to-date: /home/habibahassan/project/install/moveit_msgs/include/moveit_msgs/moveit_msgs/action/detail/hybrid_planner__type_support.hpp
[6.591s] -- Up-to-date: /home/habibahassan/project/install/moveit_msgs/include/moveit_msgs/moveit_msgs/action/detail/hybrid_planner__struct.hpp
[6.591s] -- Up-to-date: /home/habibahassan/project/install/moveit_msgs/include/moveit_msgs/moveit_msgs/action/detail/pickup__struct.hpp
[6.591s] -- Up-to-date: /home/habibahassan/project/install/moveit_msgs/include/moveit_msgs/moveit_msgs/action/detail/global_planner__struct.hpp
[6.592s] -- Up-to-date: /home/habibahassan/project/install/moveit_msgs/include/moveit_msgs/moveit_msgs/action/detail/move_group__builder.hpp
[6.592s] -- Up-to-date: /home/habibahassan/project/install/moveit_msgs/include/moveit_msgs/moveit_msgs/action/detail/move_group_sequence__struct.hpp
[6.592s] -- Up-to-date: /home/habibahassan/project/install/moveit_msgs/include/moveit_msgs/moveit_msgs/action/detail/hybrid_planner__traits.hpp
[6.592s] -- Up-to-date: /home/habibahassan/project/install/moveit_msgs/include/moveit_msgs/moveit_msgs/action/detail/local_planner__struct.hpp
[6.593s] -- Up-to-date: /home/habibahassan/project/install/moveit_msgs/include/moveit_msgs/moveit_msgs/action/detail/execute_trajectory__struct.hpp
[6.593s] -- Up-to-date: /home/habibahassan/project/install/moveit_msgs/include/moveit_msgs/moveit_msgs/action/detail/local_planner__type_support.hpp
[6.593s] -- Up-to-date: /home/habibahassan/project/install/moveit_msgs/include/moveit_msgs/moveit_msgs/action/detail/global_planner__type_support.hpp
[6.593s] -- Up-to-date: /home/habibahassan/project/install/moveit_msgs/include/moveit_msgs/moveit_msgs/action/detail/execute_trajectory__type_support.hpp
[6.593s] -- Up-to-date: /home/habibahassan/project/install/moveit_msgs/include/moveit_msgs/moveit_msgs/action/detail/local_planner__traits.hpp
[6.594s] -- Up-to-date: /home/habibahassan/project/install/moveit_msgs/include/moveit_msgs/moveit_msgs/action/detail/place__type_support.hpp
[6.594s] -- Up-to-date: /home/habibahassan/project/install/moveit_msgs/include/moveit_msgs/moveit_msgs/action/detail/global_planner__traits.hpp
[6.594s] -- Up-to-date: /home/habibahassan/project/install/moveit_msgs/include/moveit_msgs/moveit_msgs/action/detail/move_group_sequence__type_support.hpp
[6.594s] -- Up-to-date: /home/habibahassan/project/install/moveit_msgs/include/moveit_msgs/moveit_msgs/action/detail/move_group__struct.hpp
[6.595s] -- Up-to-date: /home/habibahassan/project/install/moveit_msgs/include/moveit_msgs/moveit_msgs/action/move_group_sequence.hpp
[6.595s] -- Up-to-date: /home/habibahassan/project/install/moveit_msgs/include/moveit_msgs/moveit_msgs/msg
[6.596s] -- Up-to-date: /home/habibahassan/project/install/moveit_msgs/include/moveit_msgs/moveit_msgs/msg/motion_plan_detailed_response.hpp
[6.596s] -- Up-to-date: /home/habibahassan/project/install/moveit_msgs/include/moveit_msgs/moveit_msgs/msg/robot_trajectory.hpp
[6.597s] -- Up-to-date: /home/habibahassan/project/install/moveit_msgs/include/moveit_msgs/moveit_msgs/msg/cartesian_trajectory_point.hpp
[6.598s] -- Up-to-date: /home/habibahassan/project/install/moveit_msgs/include/moveit_msgs/moveit_msgs/msg/collision_object.hpp
[6.599s] -- Up-to-date: /home/habibahassan/project/install/moveit_msgs/include/moveit_msgs/moveit_msgs/msg/position_ik_request.hpp
[6.599s] -- Up-to-date: /home/habibahassan/project/install/moveit_msgs/include/moveit_msgs/moveit_msgs/msg/contact_information.hpp
[6.599s] -- Up-to-date: /home/habibahassan/project/install/moveit_msgs/include/moveit_msgs/moveit_msgs/msg/visibility_constraint.hpp
[6.599s] -- Up-to-date: /home/habibahassan/project/install/moveit_msgs/include/moveit_msgs/moveit_msgs/msg/kinematic_solver_info.hpp
[6.599s] -- Up-to-date: /home/habibahassan/project/install/moveit_msgs/include/moveit_msgs/moveit_msgs/msg/generic_trajectory.hpp
[6.600s] -- Up-to-date: /home/habibahassan/project/install/moveit_msgs/include/moveit_msgs/moveit_msgs/msg/grasp.hpp
[6.600s] -- Up-to-date: /home/habibahassan/project/install/moveit_msgs/include/moveit_msgs/moveit_msgs/msg/planning_scene.hpp
[6.600s] -- Up-to-date: /home/habibahassan/project/install/moveit_msgs/include/moveit_msgs/moveit_msgs/msg/gripper_translation.hpp
[6.600s] -- Up-to-date: /home/habibahassan/project/install/moveit_msgs/include/moveit_msgs/moveit_msgs/msg/joint_limits.hpp
[6.600s] -- Up-to-date: /home/habibahassan/project/install/moveit_msgs/include/moveit_msgs/moveit_msgs/msg/cartesian_point.hpp
[6.600s] -- Up-to-date: /home/habibahassan/project/install/moveit_msgs/include/moveit_msgs/moveit_msgs/msg/attached_collision_object.hpp
[6.601s] -- Up-to-date: /home/habibahassan/project/install/moveit_msgs/include/moveit_msgs/moveit_msgs/msg/planner_params.hpp
[6.601s] -- Up-to-date: /home/habibahassan/project/install/moveit_msgs/include/moveit_msgs/moveit_msgs/msg/display_robot_state.hpp
[6.601s] -- Up-to-date: /home/habibahassan/project/install/moveit_msgs/include/moveit_msgs/moveit_msgs/msg/constraints.hpp
[6.603s] -- Up-to-date: /home/habibahassan/project/install/moveit_msgs/include/moveit_msgs/moveit_msgs/msg/move_it_error_codes.hpp
[6.603s] -- Up-to-date: /home/habibahassan/project/install/moveit_msgs/include/moveit_msgs/moveit_msgs/msg/display_trajectory.hpp
[6.603s] -- Up-to-date: /home/habibahassan/project/install/moveit_msgs/include/moveit_msgs/moveit_msgs/msg/joint_constraint.hpp
[6.604s] -- Up-to-date: /home/habibahassan/project/install/moveit_msgs/include/moveit_msgs/moveit_msgs/msg/planning_scene_components.hpp
[6.604s] -- Up-to-date: /home/habibahassan/project/install/moveit_msgs/include/moveit_msgs/moveit_msgs/msg/link_scale.hpp
[6.604s] -- Up-to-date: /home/habibahassan/project/install/moveit_msgs/include/moveit_msgs/moveit_msgs/msg/planner_interface_description.hpp
[6.604s] -- Up-to-date: /home/habibahassan/project/install/moveit_msgs/include/moveit_msgs/moveit_msgs/msg/servo_status.hpp
[6.604s] -- Up-to-date: /home/habibahassan/project/install/moveit_msgs/include/moveit_msgs/moveit_msgs/msg/motion_sequence_response.hpp
[6.605s] -- Up-to-date: /home/habibahassan/project/install/moveit_msgs/include/moveit_msgs/moveit_msgs/msg/allowed_collision_entry.hpp
[6.605s] -- Up-to-date: /home/habibahassan/project/install/moveit_msgs/include/moveit_msgs/moveit_msgs/msg/orientation_constraint.hpp
[6.605s] -- Up-to-date: /home/habibahassan/project/install/moveit_msgs/include/moveit_msgs/moveit_msgs/msg/cost_source.hpp
[6.605s] -- Up-to-date: /home/habibahassan/project/install/moveit_msgs/include/moveit_msgs/moveit_msgs/msg/rosidl_generator_cpp__visibility_control.hpp
[6.606s] -- Up-to-date: /home/habibahassan/project/install/moveit_msgs/include/moveit_msgs/moveit_msgs/msg/detail
[6.606s] -- Up-to-date: /home/habibahassan/project/install/moveit_msgs/include/moveit_msgs/moveit_msgs/msg/detail/joint_limits__struct.hpp
[6.615s] -- Up-to-date: /home/habibahassan/project/install/moveit_msgs/include/moveit_msgs/moveit_msgs/msg/detail/constraint_eval_result__builder.hpp
[6.633s] -- Up-to-date: /home/habibahassan/project/install/moveit_msgs/include/moveit_msgs/moveit_msgs/msg/detail/place_location__builder.hpp
[6.633s] -- Up-to-date: /home/habibahassan/project/install/moveit_msgs/include/moveit_msgs/moveit_msgs/msg/detail/joint_limits__builder.hpp
[6.633s] -- Up-to-date: /home/habibahassan/project/install/moveit_msgs/include/moveit_msgs/moveit_msgs/msg/detail/motion_sequence_request__traits.hpp
[6.633s] -- Up-to-date: /home/habibahassan/project/install/moveit_msgs/include/moveit_msgs/moveit_msgs/msg/detail/gripper_translation__builder.hpp
[6.634s] -- Up-to-date: /home/habibahassan/project/install/moveit_msgs/include/moveit_msgs/moveit_msgs/msg/detail/joint_limits__type_support.hpp
[6.634s] -- Up-to-date: /home/habibahassan/project/install/moveit_msgs/include/moveit_msgs/moveit_msgs/msg/detail/planning_options__traits.hpp
[6.634s] -- Up-to-date: /home/habibahassan/project/install/moveit_msgs/include/moveit_msgs/moveit_msgs/msg/detail/planner_interface_description__type_support.hpp
[6.634s] -- Up-to-date: /home/habibahassan/project/install/moveit_msgs/include/moveit_msgs/moveit_msgs/msg/detail/allowed_collision_entry__type_support.hpp
[6.635s] -- Up-to-date: /home/habibahassan/project/install/moveit_msgs/include/moveit_msgs/moveit_msgs/msg/detail/orientation_constraint__builder.hpp
[6.635s] -- Up-to-date: /home/habibahassan/project/install/moveit_msgs/include/moveit_msgs/moveit_msgs/msg/detail/position_ik_request__builder.hpp
[6.635s] -- Up-to-date: /home/habibahassan/project/install/moveit_msgs/include/moveit_msgs/moveit_msgs/msg/detail/grasp__type_support.hpp
[6.635s] -- Up-to-date: /home/habibahassan/project/install/moveit_msgs/include/moveit_msgs/moveit_msgs/msg/detail/display_trajectory__traits.hpp
[6.636s] -- Up-to-date: /home/habibahassan/project/install/moveit_msgs/include/moveit_msgs/moveit_msgs/msg/detail/planner_params__type_support.hpp
[6.636s] -- Up-to-date: /home/habibahassan/project/install/moveit_msgs/include/moveit_msgs/moveit_msgs/msg/detail/move_it_error_codes__builder.hpp
[6.636s] -- Up-to-date: /home/habibahassan/project/install/moveit_msgs/include/moveit_msgs/moveit_msgs/msg/detail/grasp__struct.hpp
[6.636s] -- Up-to-date: /home/habibahassan/project/install/moveit_msgs/include/moveit_msgs/moveit_msgs/msg/detail/display_trajectory__builder.hpp
[6.636s] -- Up-to-date: /home/habibahassan/project/install/moveit_msgs/include/moveit_msgs/moveit_msgs/msg/detail/generic_trajectory__traits.hpp
[6.637s] -- Up-to-date: /home/habibahassan/project/install/moveit_msgs/include/moveit_msgs/moveit_msgs/msg/detail/motion_plan_request__builder.hpp
[6.637s] -- Up-to-date: /home/habibahassan/project/install/moveit_msgs/include/moveit_msgs/moveit_msgs/msg/detail/link_padding__traits.hpp
[6.637s] -- Up-to-date: /home/habibahassan/project/install/moveit_msgs/include/moveit_msgs/moveit_msgs/msg/detail/planner_interface_description__traits.hpp
[6.637s] -- Up-to-date: /home/habibahassan/project/install/moveit_msgs/include/moveit_msgs/moveit_msgs/msg/detail/workspace_parameters__type_support.hpp
[6.638s] -- Up-to-date: /home/habibahassan/project/install/moveit_msgs/include/moveit_msgs/moveit_msgs/msg/detail/collision_object__builder.hpp
[6.638s] -- Up-to-date: /home/habibahassan/project/install/moveit_msgs/include/moveit_msgs/moveit_msgs/msg/detail/robot_state__type_support.hpp
[6.638s] -- Up-to-date: /home/habibahassan/project/install/moveit_msgs/include/moveit_msgs/moveit_msgs/msg/detail/robot_state__struct.hpp
[6.638s] -- Up-to-date: /home/habibahassan/project/install/moveit_msgs/include/moveit_msgs/moveit_msgs/msg/detail/object_color__type_support.hpp
[6.638s] -- Up-to-date: /home/habibahassan/project/install/moveit_msgs/include/moveit_msgs/moveit_msgs/msg/detail/motion_sequence_request__builder.hpp
[6.639s] -- Up-to-date: /home/habibahassan/project/install/moveit_msgs/include/moveit_msgs/moveit_msgs/msg/detail/link_padding__struct.hpp
[6.639s] -- Up-to-date: /home/habibahassan/project/install/moveit_msgs/include/moveit_msgs/moveit_msgs/msg/detail/planning_scene_world__builder.hpp
[6.639s] -- Up-to-date: /home/habibahassan/project/install/moveit_msgs/include/moveit_msgs/moveit_msgs/msg/detail/planning_scene__traits.hpp
[6.639s] -- Up-to-date: /home/habibahassan/project/install/moveit_msgs/include/moveit_msgs/moveit_msgs/msg/detail/motion_plan_detailed_response__traits.hpp
[6.639s] -- Up-to-date: /home/habibahassan/project/install/moveit_msgs/include/moveit_msgs/moveit_msgs/msg/detail/planning_options__type_support.hpp
[6.640s] -- Up-to-date: /home/habibahassan/project/install/moveit_msgs/include/moveit_msgs/moveit_msgs/msg/detail/cartesian_trajectory__type_support.hpp
[6.640s] -- Up-to-date: /home/habibahassan/project/install/moveit_msgs/include/moveit_msgs/moveit_msgs/msg/detail/trajectory_constraints__builder.hpp
[6.640s] -- Up-to-date: /home/habibahassan/project/install/moveit_msgs/include/moveit_msgs/moveit_msgs/msg/detail/robot_trajectory__struct.hpp
[6.640s] -- Up-to-date: /home/habibahassan/project/install/moveit_msgs/include/moveit_msgs/moveit_msgs/msg/detail/motion_plan_response__type_support.hpp
[6.641s] -- Up-to-date: /home/habibahassan/project/install/moveit_msgs/include/moveit_msgs/moveit_msgs/msg/detail/collision_object__traits.hpp
[6.641s] -- Up-to-date: /home/habibahassan/project/install/moveit_msgs/include/moveit_msgs/moveit_msgs/msg/detail/planning_scene_world__struct.hpp
[6.641s] -- Up-to-date: /home/habibahassan/project/install/moveit_msgs/include/moveit_msgs/moveit_msgs/msg/detail/allowed_collision_matrix__builder.hpp
[6.641s] -- Up-to-date: /home/habibahassan/project/install/moveit_msgs/include/moveit_msgs/moveit_msgs/msg/detail/orientation_constraint__struct.hpp
[6.642s] -- Up-to-date: /home/habibahassan/project/install/moveit_msgs/include/moveit_msgs/moveit_msgs/msg/detail/robot_state__builder.hpp
[6.642s] -- Up-to-date: /home/habibahassan/project/install/moveit_msgs/include/moveit_msgs/moveit_msgs/msg/detail/oriented_bounding_box__builder.hpp
[6.642s] -- Up-to-date: /home/habibahassan/project/install/moveit_msgs/include/moveit_msgs/moveit_msgs/msg/detail/link_scale__type_support.hpp
[6.642s] -- Up-to-date: /home/habibahassan/project/install/moveit_msgs/include/moveit_msgs/moveit_msgs/msg/detail/planning_scene__type_support.hpp
[6.642s] -- Up-to-date: /home/habibahassan/project/install/moveit_msgs/include/moveit_msgs/moveit_msgs/msg/detail/attached_collision_object__traits.hpp
[6.643s] -- Up-to-date: /home/habibahassan/project/install/moveit_msgs/include/moveit_msgs/moveit_msgs/msg/detail/planning_scene_components__traits.hpp
[6.643s] -- Up-to-date: /home/habibahassan/project/install/moveit_msgs/include/moveit_msgs/moveit_msgs/msg/detail/cartesian_trajectory__traits.hpp
[6.643s] -- Up-to-date: /home/habibahassan/project/install/moveit_msgs/include/moveit_msgs/moveit_msgs/msg/detail/cartesian_trajectory_point__type_support.hpp
[6.643s] -- Up-to-date: /home/habibahassan/project/install/moveit_msgs/include/moveit_msgs/moveit_msgs/msg/detail/motion_plan_request__type_support.hpp
[6.644s] -- Up-to-date: /home/habibahassan/project/install/moveit_msgs/include/moveit_msgs/moveit_msgs/msg/detail/oriented_bounding_box__traits.hpp
[6.644s] -- Up-to-date: /home/habibahassan/project/install/moveit_msgs/include/moveit_msgs/moveit_msgs/msg/detail/motion_plan_detailed_response__type_support.hpp
[6.644s] -- Up-to-date: /home/habibahassan/project/install/moveit_msgs/include/moveit_msgs/moveit_msgs/msg/detail/trajectory_constraints__type_support.hpp
[6.644s] -- Up-to-date: /home/habibahassan/project/install/moveit_msgs/include/moveit_msgs/moveit_msgs/msg/detail/move_it_error_codes__traits.hpp
[6.644s] -- Up-to-date: /home/habibahassan/project/install/moveit_msgs/include/moveit_msgs/moveit_msgs/msg/detail/cost_source__traits.hpp
[6.645s] -- Up-to-date: /home/habibahassan/project/install/moveit_msgs/include/moveit_msgs/moveit_msgs/msg/detail/generic_trajectory__builder.hpp
[6.661s] -- Up-to-date: /home/habibahassan/project/install/moveit_msgs/include/moveit_msgs/moveit_msgs/msg/detail/allowed_collision_matrix__type_support.hpp
[6.662s] -- Up-to-date: /home/habibahassan/project/install/moveit_msgs/include/moveit_msgs/moveit_msgs/msg/detail/planner_params__builder.hpp
[6.662s] -- Up-to-date: /home/habibahassan/project/install/moveit_msgs/include/moveit_msgs/moveit_msgs/msg/detail/contact_information__type_support.hpp
[6.662s] -- Up-to-date: /home/habibahassan/project/install/moveit_msgs/include/moveit_msgs/moveit_msgs/msg/detail/position_constraint__type_support.hpp
[6.662s] -- Up-to-date: /home/habibahassan/project/install/moveit_msgs/include/moveit_msgs/moveit_msgs/msg/detail/cartesian_trajectory_point__traits.hpp
[6.662s] -- Up-to-date: /home/habibahassan/project/install/moveit_msgs/include/moveit_msgs/moveit_msgs/msg/detail/trajectory_constraints__traits.hpp
[6.663s] -- Up-to-date: /home/habibahassan/project/install/moveit_msgs/include/moveit_msgs/moveit_msgs/msg/detail/grasp__builder.hpp
[6.663s] -- Up-to-date: /home/habibahassan/project/install/moveit_msgs/include/moveit_msgs/moveit_msgs/msg/detail/constraint_eval_result__type_support.hpp
[6.663s] -- Up-to-date: /home/habibahassan/project/install/moveit_msgs/include/moveit_msgs/moveit_msgs/msg/detail/visibility_constraint__traits.hpp
[6.663s] -- Up-to-date: /home/habibahassan/project/install/moveit_msgs/include/moveit_msgs/moveit_msgs/msg/detail/cost_source__builder.hpp
[6.664s] -- Up-to-date: /home/habibahassan/project/install/moveit_msgs/include/moveit_msgs/moveit_msgs/msg/detail/collision_object__type_support.hpp
[6.665s] -- Up-to-date: /home/habibahassan/project/install/moveit_msgs/include/moveit_msgs/moveit_msgs/msg/detail/visibility_constraint__type_support.hpp
[6.666s] -- Up-to-date: /home/habibahassan/project/install/moveit_msgs/include/moveit_msgs/moveit_msgs/msg/detail/link_scale__traits.hpp
[6.666s] -- Up-to-date: /home/habibahassan/project/install/moveit_msgs/include/moveit_msgs/moveit_msgs/msg/detail/move_it_error_codes__struct.hpp
[6.666s] -- Up-to-date: /home/habibahassan/project/install/moveit_msgs/include/moveit_msgs/moveit_msgs/msg/detail/display_robot_state__struct.hpp
[6.667s] -- Up-to-date: /home/habibahassan/project/install/moveit_msgs/include/moveit_msgs/moveit_msgs/msg/detail/motion_plan_detailed_response__struct.hpp
[6.667s] -- Up-to-date: /home/habibahassan/project/install/moveit_msgs/include/moveit_msgs/moveit_msgs/msg/detail/motion_sequence_response__type_support.hpp
[6.668s] -- Up-to-date: /home/habibahassan/project/install/moveit_msgs/include/moveit_msgs/moveit_msgs/msg/detail/planning_scene_components__struct.hpp
[6.668s] -- Up-to-date: /home/habibahassan/project/install/moveit_msgs/include/moveit_msgs/moveit_msgs/msg/detail/allowed_collision_entry__traits.hpp
[6.668s] -- Up-to-date: /home/habibahassan/project/install/moveit_msgs/include/moveit_msgs/moveit_msgs/msg/detail/constraints__builder.hpp
[6.669s] -- Up-to-date: /home/habibahassan/project/install/moveit_msgs/include/moveit_msgs/moveit_msgs/msg/detail/display_robot_state__builder.hpp
[6.670s] -- Up-to-date: /home/habibahassan/project/install/moveit_msgs/include/moveit_msgs/moveit_msgs/msg/detail/contact_information__builder.hpp
[6.672s] -- Up-to-date: /home/habibahassan/project/install/moveit_msgs/include/moveit_msgs/moveit_msgs/msg/detail/motion_sequence_item__builder.hpp
[6.673s] -- Up-to-date: /home/habibahassan/project/install/moveit_msgs/include/moveit_msgs/moveit_msgs/msg/detail/display_robot_state__traits.hpp
[6.674s] -- Up-to-date: /home/habibahassan/project/install/moveit_msgs/include/moveit_msgs/moveit_msgs/msg/detail/place_location__traits.hpp
[6.678s] -- Up-to-date: /home/habibahassan/project/install/moveit_msgs/include/moveit_msgs/moveit_msgs/msg/detail/planning_scene_world__traits.hpp
[6.678s] -- Up-to-date: /home/habibahassan/project/install/moveit_msgs/include/moveit_msgs/moveit_msgs/msg/detail/motion_plan_response__traits.hpp
[6.678s] -- Up-to-date: /home/habibahassan/project/install/moveit_msgs/include/moveit_msgs/moveit_msgs/msg/detail/display_trajectory__type_support.hpp
[6.679s] -- Up-to-date: /home/habibahassan/project/install/moveit_msgs/include/moveit_msgs/moveit_msgs/msg/detail/position_constraint__builder.hpp
[6.679s] -- Up-to-date: /home/habibahassan/project/install/moveit_msgs/include/moveit_msgs/moveit_msgs/msg/detail/bounding_volume__type_support.hpp
[6.680s] -- Up-to-date: /home/habibahassan/project/install/moveit_msgs/include/moveit_msgs/moveit_msgs/msg/detail/display_robot_state__type_support.hpp
[6.680s] -- Up-to-date: /home/habibahassan/project/install/moveit_msgs/include/moveit_msgs/moveit_msgs/msg/detail/place_location__struct.hpp
[6.682s] -- Up-to-date: /home/habibahassan/project/install/moveit_msgs/include/moveit_msgs/moveit_msgs/msg/detail/position_constraint__traits.hpp
[6.682s] -- Up-to-date: /home/habibahassan/project/install/moveit_msgs/include/moveit_msgs/moveit_msgs/msg/detail/planning_scene_components__type_support.hpp
[6.682s] -- Up-to-date: /home/habibahassan/project/install/moveit_msgs/include/moveit_msgs/moveit_msgs/msg/detail/kinematic_solver_info__type_support.hpp
[6.682s] -- Up-to-date: /home/habibahassan/project/install/moveit_msgs/include/moveit_msgs/moveit_msgs/msg/detail/contact_information__traits.hpp
[6.683s] -- Up-to-date: /home/habibahassan/project/install/moveit_msgs/include/moveit_msgs/moveit_msgs/msg/detail/allowed_collision_matrix__traits.hpp
[6.683s] -- Up-to-date: /home/habibahassan/project/install/moveit_msgs/include/moveit_msgs/moveit_msgs/msg/detail/cartesian_trajectory_point__builder.hpp
[6.683s] -- Up-to-date: /home/habibahassan/project/install/moveit_msgs/include/moveit_msgs/moveit_msgs/msg/detail/workspace_parameters__builder.hpp
[6.684s] -- Up-to-date: /home/habibahassan/project/install/moveit_msgs/include/moveit_msgs/moveit_msgs/msg/detail/link_scale__builder.hpp
[6.684s] -- Up-to-date: /home/habibahassan/project/install/moveit_msgs/include/moveit_msgs/moveit_msgs/msg/detail/object_color__builder.hpp
[6.685s] -- Up-to-date: /home/habibahassan/project/install/moveit_msgs/include/moveit_msgs/moveit_msgs/msg/detail/pipeline_state__struct.hpp
[6.685s] -- Up-to-date: /home/habibahassan/project/install/moveit_msgs/include/moveit_msgs/moveit_msgs/msg/detail/cartesian_point__struct.hpp
[6.685s] -- Up-to-date: /home/habibahassan/project/install/moveit_msgs/include/moveit_msgs/moveit_msgs/msg/detail/bounding_volume__struct.hpp
[6.685s] -- Up-to-date: /home/habibahassan/project/install/moveit_msgs/include/moveit_msgs/moveit_msgs/msg/detail/planning_scene__struct.hpp
[6.685s] -- Up-to-date: /home/habibahassan/project/install/moveit_msgs/include/moveit_msgs/moveit_msgs/msg/detail/servo_status__type_support.hpp
[6.686s] -- Up-to-date: /home/habibahassan/project/install/moveit_msgs/include/moveit_msgs/moveit_msgs/msg/detail/cost_source__type_support.hpp
[6.686s] -- Up-to-date: /home/habibahassan/project/install/moveit_msgs/include/moveit_msgs/moveit_msgs/msg/detail/planning_options__struct.hpp
[6.686s] -- Up-to-date: /home/habibahassan/project/install/moveit_msgs/include/moveit_msgs/moveit_msgs/msg/detail/display_trajectory__struct.hpp
[6.687s] -- Up-to-date: /home/habibahassan/project/install/moveit_msgs/include/moveit_msgs/moveit_msgs/msg/detail/motion_plan_request__traits.hpp
[6.688s] -- Up-to-date: /home/habibahassan/project/install/moveit_msgs/include/moveit_msgs/moveit_msgs/msg/detail/attached_collision_object__struct.hpp
[6.689s] -- Up-to-date: /home/habibahassan/project/install/moveit_msgs/include/moveit_msgs/moveit_msgs/msg/detail/cartesian_point__type_support.hpp
[6.690s] -- Up-to-date: /home/habibahassan/project/install/moveit_msgs/include/moveit_msgs/moveit_msgs/msg/detail/joint_constraint__traits.hpp
[6.690s] -- Up-to-date: /home/habibahassan/project/install/moveit_msgs/include/moveit_msgs/moveit_msgs/msg/detail/gripper_translation__traits.hpp
[6.691s] -- Up-to-date: /home/habibahassan/project/install/moveit_msgs/include/moveit_msgs/moveit_msgs/msg/detail/collision_object__struct.hpp
[6.691s] -- Up-to-date: /home/habibahassan/project/install/moveit_msgs/include/moveit_msgs/moveit_msgs/msg/detail/motion_plan_response__builder.hpp
[6.692s] -- Up-to-date: /home/habibahassan/project/install/moveit_msgs/include/moveit_msgs/moveit_msgs/msg/detail/position_ik_request__struct.hpp
[6.693s] -- Up-to-date: /home/habibahassan/project/install/moveit_msgs/include/moveit_msgs/moveit_msgs/msg/detail/grasp__traits.hpp
[6.693s] -- Up-to-date: /home/habibahassan/project/install/moveit_msgs/include/moveit_msgs/moveit_msgs/msg/detail/pipeline_state__type_support.hpp
[6.694s] -- Up-to-date: /home/habibahassan/project/install/moveit_msgs/include/moveit_msgs/moveit_msgs/msg/detail/bounding_volume__builder.hpp
[6.694s] -- Up-to-date: /home/habibahassan/project/install/moveit_msgs/include/moveit_msgs/moveit_msgs/msg/detail/workspace_parameters__struct.hpp
[6.694s] -- Up-to-date: /home/habibahassan/project/install/moveit_msgs/include/moveit_msgs/moveit_msgs/msg/detail/cartesian_trajectory_point__struct.hpp
[6.698s] -- Up-to-date: /home/habibahassan/project/install/moveit_msgs/include/moveit_msgs/moveit_msgs/msg/detail/cartesian_point__traits.hpp
[6.702s] -- Up-to-date: /home/habibahassan/project/install/moveit_msgs/include/moveit_msgs/moveit_msgs/msg/detail/motion_sequence_item__struct.hpp
[6.702s] -- Up-to-date: /home/habibahassan/project/install/moveit_msgs/include/moveit_msgs/moveit_msgs/msg/detail/pipeline_state__traits.hpp
[6.702s] -- Up-to-date: /home/habibahassan/project/install/moveit_msgs/include/moveit_msgs/moveit_msgs/msg/detail/planner_params__struct.hpp
[6.705s] -- Up-to-date: /home/habibahassan/project/install/moveit_msgs/include/moveit_msgs/moveit_msgs/msg/detail/constraints__struct.hpp
[6.707s] -- Up-to-date: /home/habibahassan/project/install/moveit_msgs/include/moveit_msgs/moveit_msgs/msg/detail/servo_status__struct.hpp
[6.708s] -- Up-to-date: /home/habibahassan/project/install/moveit_msgs/include/moveit_msgs/moveit_msgs/msg/detail/planning_scene_world__type_support.hpp
[6.708s] -- Up-to-date: /home/habibahassan/project/install/moveit_msgs/include/moveit_msgs/moveit_msgs/msg/detail/allowed_collision_entry__struct.hpp
[6.709s] -- Up-to-date: /home/habibahassan/project/install/moveit_msgs/include/moveit_msgs/moveit_msgs/msg/detail/constraints__type_support.hpp
[6.710s] -- Up-to-date: /home/habibahassan/project/install/moveit_msgs/include/moveit_msgs/moveit_msgs/msg/detail/bounding_volume__traits.hpp
[6.710s] -- Up-to-date: /home/habibahassan/project/install/moveit_msgs/include/moveit_msgs/moveit_msgs/msg/detail/allowed_collision_entry__builder.hpp
[6.711s] -- Up-to-date: /home/habibahassan/project/install/moveit_msgs/include/moveit_msgs/moveit_msgs/msg/detail/motion_plan_detailed_response__builder.hpp
[6.711s] -- Up-to-date: /home/habibahassan/project/install/moveit_msgs/include/moveit_msgs/moveit_msgs/msg/detail/object_color__struct.hpp
[6.712s] -- Up-to-date: /home/habibahassan/project/install/moveit_msgs/include/moveit_msgs/moveit_msgs/msg/detail/position_constraint__struct.hpp
[6.712s] -- Up-to-date: /home/habibahassan/project/install/moveit_msgs/include/moveit_msgs/moveit_msgs/msg/detail/motion_plan_request__struct.hpp
[6.712s] -- Up-to-date: /home/habibahassan/project/install/moveit_msgs/include/moveit_msgs/moveit_msgs/msg/detail/servo_status__builder.hpp
[6.712s] -- Up-to-date: /home/habibahassan/project/install/moveit_msgs/include/moveit_msgs/moveit_msgs/msg/detail/planner_params__traits.hpp
[6.713s] -- Up-to-date: /home/habibahassan/project/install/moveit_msgs/include/moveit_msgs/moveit_msgs/msg/detail/constraints__traits.hpp
[6.713s] -- Up-to-date: /home/habibahassan/project/install/moveit_msgs/include/moveit_msgs/moveit_msgs/msg/detail/generic_trajectory__struct.hpp
[6.713s] -- Up-to-date: /home/habibahassan/project/install/moveit_msgs/include/moveit_msgs/moveit_msgs/msg/detail/kinematic_solver_info__struct.hpp
[6.713s] -- Up-to-date: /home/habibahassan/project/install/moveit_msgs/include/moveit_msgs/moveit_msgs/msg/detail/joint_limits__traits.hpp
[6.714s] -- Up-to-date: /home/habibahassan/project/install/moveit_msgs/include/moveit_msgs/moveit_msgs/msg/detail/joint_constraint__type_support.hpp
[6.714s] -- Up-to-date: /home/habibahassan/project/install/moveit_msgs/include/moveit_msgs/moveit_msgs/msg/detail/orientation_constraint__type_support.hpp
[6.714s] -- Up-to-date: /home/habibahassan/project/install/moveit_msgs/include/moveit_msgs/moveit_msgs/msg/detail/motion_plan_response__struct.hpp
[6.714s] -- Up-to-date: /home/habibahassan/project/install/moveit_msgs/include/moveit_msgs/moveit_msgs/msg/detail/link_padding__type_support.hpp
[6.715s] -- Up-to-date: /home/habibahassan/project/install/moveit_msgs/include/moveit_msgs/moveit_msgs/msg/detail/allowed_collision_matrix__struct.hpp
[6.715s] -- Up-to-date: /home/habibahassan/project/install/moveit_msgs/include/moveit_msgs/moveit_msgs/msg/detail/kinematic_solver_info__traits.hpp
[6.715s] -- Up-to-date: /home/habibahassan/project/install/moveit_msgs/include/moveit_msgs/moveit_msgs/msg/detail/attached_collision_object__builder.hpp
[6.715s] -- Up-to-date: /home/habibahassan/project/install/moveit_msgs/include/moveit_msgs/moveit_msgs/msg/detail/workspace_parameters__traits.hpp
[6.716s] -- Up-to-date: /home/habibahassan/project/install/moveit_msgs/include/moveit_msgs/moveit_msgs/msg/detail/move_it_error_codes__type_support.hpp
[6.716s] -- Up-to-date: /home/habibahassan/project/install/moveit_msgs/include/moveit_msgs/moveit_msgs/msg/detail/robot_trajectory__traits.hpp
[6.717s] -- Up-to-date: /home/habibahassan/project/install/moveit_msgs/include/moveit_msgs/moveit_msgs/msg/detail/gripper_translation__type_support.hpp
[6.718s] -- Up-to-date: /home/habibahassan/project/install/moveit_msgs/include/moveit_msgs/moveit_msgs/msg/detail/oriented_bounding_box__struct.hpp
[6.719s] -- Up-to-date: /home/habibahassan/project/install/moveit_msgs/include/moveit_msgs/moveit_msgs/msg/detail/robot_trajectory__type_support.hpp
[6.719s] -- Up-to-date: /home/habibahassan/project/install/moveit_msgs/include/moveit_msgs/moveit_msgs/msg/detail/visibility_constraint__builder.hpp
[6.720s] -- Up-to-date: /home/habibahassan/project/install/moveit_msgs/include/moveit_msgs/moveit_msgs/msg/detail/motion_sequence_request__struct.hpp
[6.720s] -- Up-to-date: /home/habibahassan/project/install/moveit_msgs/include/moveit_msgs/moveit_msgs/msg/detail/orientation_constraint__traits.hpp
[6.721s] -- Up-to-date: /home/habibahassan/project/install/moveit_msgs/include/moveit_msgs/moveit_msgs/msg/detail/object_color__traits.hpp
[6.721s] -- Up-to-date: /home/habibahassan/project/install/moveit_msgs/include/moveit_msgs/moveit_msgs/msg/detail/planning_scene__builder.hpp
[6.722s] -- Up-to-date: /home/habibahassan/project/install/moveit_msgs/include/moveit_msgs/moveit_msgs/msg/detail/cartesian_point__builder.hpp
[6.722s] -- Up-to-date: /home/habibahassan/project/install/moveit_msgs/include/moveit_msgs/moveit_msgs/msg/detail/planner_interface_description__builder.hpp
[6.723s] -- Up-to-date: /home/habibahassan/project/install/moveit_msgs/include/moveit_msgs/moveit_msgs/msg/detail/cartesian_trajectory__builder.hpp
[6.723s] -- Up-to-date: /home/habibahassan/project/install/moveit_msgs/include/moveit_msgs/moveit_msgs/msg/detail/planning_scene_components__builder.hpp
[6.724s] -- Up-to-date: /home/habibahassan/project/install/moveit_msgs/include/moveit_msgs/moveit_msgs/msg/detail/robot_state__traits.hpp
[6.724s] -- Up-to-date: /home/habibahassan/project/install/moveit_msgs/include/moveit_msgs/moveit_msgs/msg/detail/joint_constraint__struct.hpp
[6.724s] -- Up-to-date: /home/habibahassan/project/install/moveit_msgs/include/moveit_msgs/moveit_msgs/msg/detail/planning_options__builder.hpp
[6.725s] -- Up-to-date: /home/habibahassan/project/install/moveit_msgs/include/moveit_msgs/moveit_msgs/msg/detail/robot_trajectory__builder.hpp
[6.725s] -- Up-to-date: /home/habibahassan/project/install/moveit_msgs/include/moveit_msgs/moveit_msgs/msg/detail/planner_interface_description__struct.hpp
[6.726s] -- Up-to-date: /home/habibahassan/project/install/moveit_msgs/include/moveit_msgs/moveit_msgs/msg/detail/position_ik_request__type_support.hpp
[6.726s] -- Up-to-date: /home/habibahassan/project/install/moveit_msgs/include/moveit_msgs/moveit_msgs/msg/detail/joint_constraint__builder.hpp
[6.727s] -- Up-to-date: /home/habibahassan/project/install/moveit_msgs/include/moveit_msgs/moveit_msgs/msg/detail/motion_sequence_item__type_support.hpp
[6.727s] -- Up-to-date: /home/habibahassan/project/install/moveit_msgs/include/moveit_msgs/moveit_msgs/msg/detail/position_ik_request__traits.hpp
[6.727s] -- Up-to-date: /home/habibahassan/project/install/moveit_msgs/include/moveit_msgs/moveit_msgs/msg/detail/generic_trajectory__type_support.hpp
[6.728s] -- Up-to-date: /home/habibahassan/project/install/moveit_msgs/include/moveit_msgs/moveit_msgs/msg/detail/trajectory_constraints__struct.hpp
[6.729s] -- Up-to-date: /home/habibahassan/project/install/moveit_msgs/include/moveit_msgs/moveit_msgs/msg/detail/link_padding__builder.hpp
[6.729s] -- Up-to-date: /home/habibahassan/project/install/moveit_msgs/include/moveit_msgs/moveit_msgs/msg/detail/motion_sequence_request__type_support.hpp
[6.730s] -- Up-to-date: /home/habibahassan/project/install/moveit_msgs/include/moveit_msgs/moveit_msgs/msg/detail/servo_status__traits.hpp
[6.730s] -- Up-to-date: /home/habibahassan/project/install/moveit_msgs/include/moveit_msgs/moveit_msgs/msg/detail/constraint_eval_result__traits.hpp
[6.733s] -- Up-to-date: /home/habibahassan/project/install/moveit_msgs/include/moveit_msgs/moveit_msgs/msg/detail/visibility_constraint__struct.hpp
[6.735s] -- Up-to-date: /home/habibahassan/project/install/moveit_msgs/include/moveit_msgs/moveit_msgs/msg/detail/constraint_eval_result__struct.hpp
[6.735s] -- Up-to-date: /home/habibahassan/project/install/moveit_msgs/include/moveit_msgs/moveit_msgs/msg/detail/motion_sequence_response__traits.hpp
[6.736s] -- Up-to-date: /home/habibahassan/project/install/moveit_msgs/include/moveit_msgs/moveit_msgs/msg/detail/motion_sequence_item__traits.hpp
[6.736s] -- Up-to-date: /home/habibahassan/project/install/moveit_msgs/include/moveit_msgs/moveit_msgs/msg/detail/place_location__type_support.hpp
[6.737s] -- Up-to-date: /home/habibahassan/project/install/moveit_msgs/include/moveit_msgs/moveit_msgs/msg/detail/motion_sequence_response__struct.hpp
[6.739s] -- Up-to-date: /home/habibahassan/project/install/moveit_msgs/include/moveit_msgs/moveit_msgs/msg/detail/gripper_translation__struct.hpp
[6.739s] -- Up-to-date: /home/habibahassan/project/install/moveit_msgs/include/moveit_msgs/moveit_msgs/msg/detail/pipeline_state__builder.hpp
[6.739s] -- Up-to-date: /home/habibahassan/project/install/moveit_msgs/include/moveit_msgs/moveit_msgs/msg/detail/link_scale__struct.hpp
[6.740s] -- Up-to-date: /home/habibahassan/project/install/moveit_msgs/include/moveit_msgs/moveit_msgs/msg/detail/oriented_bounding_box__type_support.hpp
[6.740s] -- Up-to-date: /home/habibahassan/project/install/moveit_msgs/include/moveit_msgs/moveit_msgs/msg/detail/cartesian_trajectory__struct.hpp
[6.741s] -- Up-to-date: /home/habibahassan/project/install/moveit_msgs/include/moveit_msgs/moveit_msgs/msg/detail/cost_source__struct.hpp
[6.741s] -- Up-to-date: /home/habibahassan/project/install/moveit_msgs/include/moveit_msgs/moveit_msgs/msg/detail/contact_information__struct.hpp
[6.741s] -- Up-to-date: /home/habibahassan/project/install/moveit_msgs/include/moveit_msgs/moveit_msgs/msg/detail/attached_collision_object__type_support.hpp
[6.742s] -- Up-to-date: /home/habibahassan/project/install/moveit_msgs/include/moveit_msgs/moveit_msgs/msg/detail/kinematic_solver_info__builder.hpp
[6.742s] -- Up-to-date: /home/habibahassan/project/install/moveit_msgs/include/moveit_msgs/moveit_msgs/msg/detail/motion_sequence_response__builder.hpp
[6.743s] -- Up-to-date: /home/habibahassan/project/install/moveit_msgs/include/moveit_msgs/moveit_msgs/msg/oriented_bounding_box.hpp
[6.743s] -- Up-to-date: /home/habibahassan/project/install/moveit_msgs/include/moveit_msgs/moveit_msgs/msg/workspace_parameters.hpp
[6.743s] -- Up-to-date: /home/habibahassan/project/install/moveit_msgs/include/moveit_msgs/moveit_msgs/msg/planning_scene_world.hpp
[6.744s] -- Up-to-date: /home/habibahassan/project/install/moveit_msgs/include/moveit_msgs/moveit_msgs/msg/motion_plan_response.hpp
[6.745s] -- Up-to-date: /home/habibahassan/project/install/moveit_msgs/include/moveit_msgs/moveit_msgs/msg/allowed_collision_matrix.hpp
[6.746s] -- Up-to-date: /home/habibahassan/project/install/moveit_msgs/include/moveit_msgs/moveit_msgs/msg/pipeline_state.hpp
[6.746s] -- Up-to-date: /home/habibahassan/project/install/moveit_msgs/include/moveit_msgs/moveit_msgs/msg/trajectory_constraints.hpp
[6.746s] -- Up-to-date: /home/habibahassan/project/install/moveit_msgs/include/moveit_msgs/moveit_msgs/msg/motion_sequence_request.hpp
[6.746s] -- Up-to-date: /home/habibahassan/project/install/moveit_msgs/include/moveit_msgs/moveit_msgs/msg/robot_state.hpp
[6.746s] -- Up-to-date: /home/habibahassan/project/install/moveit_msgs/include/moveit_msgs/moveit_msgs/msg/object_color.hpp
[6.747s] -- Up-to-date: /home/habibahassan/project/install/moveit_msgs/include/moveit_msgs/moveit_msgs/msg/planning_options.hpp
[6.747s] -- Up-to-date: /home/habibahassan/project/install/moveit_msgs/include/moveit_msgs/moveit_msgs/msg/bounding_volume.hpp
[6.747s] -- Up-to-date: /home/habibahassan/project/install/moveit_msgs/include/moveit_msgs/moveit_msgs/msg/constraint_eval_result.hpp
[6.747s] -- Up-to-date: /home/habibahassan/project/install/moveit_msgs/include/moveit_msgs/moveit_msgs/msg/cartesian_trajectory.hpp
[6.747s] -- Up-to-date: /home/habibahassan/project/install/moveit_msgs/include/moveit_msgs/moveit_msgs/msg/position_constraint.hpp
[6.748s] -- Up-to-date: /home/habibahassan/project/install/moveit_msgs/include/moveit_msgs/moveit_msgs/msg/motion_plan_request.hpp
[6.748s] -- Up-to-date: /home/habibahassan/project/install/moveit_msgs/include/moveit_msgs/moveit_msgs/msg/link_padding.hpp
[6.748s] -- Up-to-date: /home/habibahassan/project/install/moveit_msgs/include/moveit_msgs/moveit_msgs/msg/motion_sequence_item.hpp
[6.748s] -- Up-to-date: /home/habibahassan/project/install/moveit_msgs/include/moveit_msgs/moveit_msgs/msg/place_location.hpp
[6.748s] -- Up-to-date: /home/habibahassan/project/install/moveit_msgs/include/moveit_msgs/moveit_msgs
[6.748s] -- Up-to-date: /home/habibahassan/project/install/moveit_msgs/include/moveit_msgs/moveit_msgs/srv
[6.749s] -- Up-to-date: /home/habibahassan/project/install/moveit_msgs/include/moveit_msgs/moveit_msgs/srv/detail
[6.749s] -- Up-to-date: /home/habibahassan/project/install/moveit_msgs/include/moveit_msgs/moveit_msgs/srv/detail/apply_planning_scene__rosidl_typesupport_fastrtps_cpp.hpp
[6.749s] -- Up-to-date: /home/habibahassan/project/install/moveit_msgs/include/moveit_msgs/moveit_msgs/srv/detail/save_geometry_to_file__rosidl_typesupport_fastrtps_cpp.hpp
[6.749s] -- Up-to-date: /home/habibahassan/project/install/moveit_msgs/include/moveit_msgs/moveit_msgs/srv/detail/check_if_robot_state_exists_in_warehouse__rosidl_typesupport_fastrtps_cpp.hpp
[6.749s] -- Up-to-date: /home/habibahassan/project/install/moveit_msgs/include/moveit_msgs/moveit_msgs/srv/detail/get_position_ik__rosidl_typesupport_fastrtps_cpp.hpp
[6.750s] -- Up-to-date: /home/habibahassan/project/install/moveit_msgs/include/moveit_msgs/moveit_msgs/srv/detail/get_cartesian_path__rosidl_typesupport_fastrtps_cpp.hpp
[6.750s] -- Up-to-date: /home/habibahassan/project/install/moveit_msgs/include/moveit_msgs/moveit_msgs/srv/detail/servo_command_type__rosidl_typesupport_fastrtps_cpp.hpp
[6.750s] -- Up-to-date: /home/habibahassan/project/install/moveit_msgs/include/moveit_msgs/moveit_msgs/srv/detail/get_group_urdf__rosidl_typesupport_fastrtps_cpp.hpp
[6.750s] -- Up-to-date: /home/habibahassan/project/install/moveit_msgs/include/moveit_msgs/moveit_msgs/srv/detail/get_motion_plan__rosidl_typesupport_fastrtps_cpp.hpp
[6.750s] -- Up-to-date: /home/habibahassan/project/install/moveit_msgs/include/moveit_msgs/moveit_msgs/srv/detail/query_planner_interfaces__rosidl_typesupport_fastrtps_cpp.hpp
[6.750s] -- Up-to-date: /home/habibahassan/project/install/moveit_msgs/include/moveit_msgs/moveit_msgs/srv/detail/get_planner_params__rosidl_typesupport_fastrtps_cpp.hpp
[6.750s] -- Up-to-date: /home/habibahassan/project/install/moveit_msgs/include/moveit_msgs/moveit_msgs/srv/detail/save_robot_state_to_warehouse__rosidl_typesupport_fastrtps_cpp.hpp
[6.750s] -- Up-to-date: /home/habibahassan/project/install/moveit_msgs/include/moveit_msgs/moveit_msgs/srv/detail/delete_robot_state_from_warehouse__rosidl_typesupport_fastrtps_cpp.hpp
[6.750s] -- Up-to-date: /home/habibahassan/project/install/moveit_msgs/include/moveit_msgs/moveit_msgs/srv/detail/get_motion_sequence__rosidl_typesupport_fastrtps_cpp.hpp
[6.751s] -- Up-to-date: /home/habibahassan/project/install/moveit_msgs/include/moveit_msgs/moveit_msgs/srv/detail/load_map__rosidl_typesupport_fastrtps_cpp.hpp
[6.751s] -- Up-to-date: /home/habibahassan/project/install/moveit_msgs/include/moveit_msgs/moveit_msgs/srv/detail/get_state_validity__rosidl_typesupport_fastrtps_cpp.hpp
[6.751s] -- Up-to-date: /home/habibahassan/project/install/moveit_msgs/include/moveit_msgs/moveit_msgs/srv/detail/save_map__rosidl_typesupport_fastrtps_cpp.hpp
[6.763s] -- Up-to-date: /home/habibahassan/project/install/moveit_msgs/include/moveit_msgs/moveit_msgs/srv/detail/update_pointcloud_octomap__rosidl_typesupport_fastrtps_cpp.hpp
[6.764s] -- Up-to-date: /home/habibahassan/project/install/moveit_msgs/include/moveit_msgs/moveit_msgs/srv/detail/load_geometry_from_file__rosidl_typesupport_fastrtps_cpp.hpp
[6.765s] -- Up-to-date: /home/habibahassan/project/install/moveit_msgs/include/moveit_msgs/moveit_msgs/srv/detail/get_position_fk__rosidl_typesupport_fastrtps_cpp.hpp
[6.765s] -- Up-to-date: /home/habibahassan/project/install/moveit_msgs/include/moveit_msgs/moveit_msgs/srv/detail/grasp_planning__rosidl_typesupport_fastrtps_cpp.hpp
[6.765s] -- Up-to-date: /home/habibahassan/project/install/moveit_msgs/include/moveit_msgs/moveit_msgs/srv/detail/set_planner_params__rosidl_typesupport_fastrtps_cpp.hpp
[6.765s] -- Up-to-date: /home/habibahassan/project/install/moveit_msgs/include/moveit_msgs/moveit_msgs/srv/detail/list_robot_states_in_warehouse__rosidl_typesupport_fastrtps_cpp.hpp
[6.765s] -- Up-to-date: /home/habibahassan/project/install/moveit_msgs/include/moveit_msgs/moveit_msgs/srv/detail/get_robot_state_from_warehouse__rosidl_typesupport_fastrtps_cpp.hpp
[6.766s] -- Up-to-date: /home/habibahassan/project/install/moveit_msgs/include/moveit_msgs/moveit_msgs/srv/detail/get_planning_scene__rosidl_typesupport_fastrtps_cpp.hpp
[6.766s] -- Up-to-date: /home/habibahassan/project/install/moveit_msgs/include/moveit_msgs/moveit_msgs/srv/detail/dds_fastrtps
[6.766s] -- Up-to-date: /home/habibahassan/project/install/moveit_msgs/include/moveit_msgs/moveit_msgs/srv/detail/rename_robot_state_in_warehouse__rosidl_typesupport_fastrtps_cpp.hpp
[6.766s] -- Up-to-date: /home/habibahassan/project/install/moveit_msgs/include/moveit_msgs/moveit_msgs/action
[6.766s] -- Up-to-date: /home/habibahassan/project/install/moveit_msgs/include/moveit_msgs/moveit_msgs/action/detail
[6.766s] -- Up-to-date: /home/habibahassan/project/install/moveit_msgs/include/moveit_msgs/moveit_msgs/action/detail/execute_trajectory__rosidl_typesupport_fastrtps_cpp.hpp
[6.767s] -- Up-to-date: /home/habibahassan/project/install/moveit_msgs/include/moveit_msgs/moveit_msgs/action/detail/local_planner__rosidl_typesupport_fastrtps_cpp.hpp
[6.767s] -- Up-to-date: /home/habibahassan/project/install/moveit_msgs/include/moveit_msgs/moveit_msgs/action/detail/move_group__rosidl_typesupport_fastrtps_cpp.hpp
[6.767s] -- Up-to-date: /home/habibahassan/project/install/moveit_msgs/include/moveit_msgs/moveit_msgs/action/detail/move_group_sequence__rosidl_typesupport_fastrtps_cpp.hpp
[6.767s] -- Up-to-date: /home/habibahassan/project/install/moveit_msgs/include/moveit_msgs/moveit_msgs/action/detail/place__rosidl_typesupport_fastrtps_cpp.hpp
[6.768s] -- Up-to-date: /home/habibahassan/project/install/moveit_msgs/include/moveit_msgs/moveit_msgs/action/detail/hybrid_planner__rosidl_typesupport_fastrtps_cpp.hpp
[6.768s] -- Up-to-date: /home/habibahassan/project/install/moveit_msgs/include/moveit_msgs/moveit_msgs/action/detail/global_planner__rosidl_typesupport_fastrtps_cpp.hpp
[6.768s] -- Up-to-date: /home/habibahassan/project/install/moveit_msgs/include/moveit_msgs/moveit_msgs/action/detail/pickup__rosidl_typesupport_fastrtps_cpp.hpp
[6.768s] -- Up-to-date: /home/habibahassan/project/install/moveit_msgs/include/moveit_msgs/moveit_msgs/action/detail/dds_fastrtps
[6.768s] -- Up-to-date: /home/habibahassan/project/install/moveit_msgs/include/moveit_msgs/moveit_msgs/msg
[6.768s] -- Up-to-date: /home/habibahassan/project/install/moveit_msgs/include/moveit_msgs/moveit_msgs/msg/rosidl_typesupport_fastrtps_cpp__visibility_control.h
[6.769s] -- Up-to-date: /home/habibahassan/project/install/moveit_msgs/include/moveit_msgs/moveit_msgs/msg/detail
[6.769s] -- Up-to-date: /home/habibahassan/project/install/moveit_msgs/include/moveit_msgs/moveit_msgs/msg/detail/bounding_volume__rosidl_typesupport_fastrtps_cpp.hpp
[6.769s] -- Up-to-date: /home/habibahassan/project/install/moveit_msgs/include/moveit_msgs/moveit_msgs/msg/detail/joint_limits__rosidl_typesupport_fastrtps_cpp.hpp
[6.769s] -- Up-to-date: /home/habibahassan/project/install/moveit_msgs/include/moveit_msgs/moveit_msgs/msg/detail/place_location__rosidl_typesupport_fastrtps_cpp.hpp
[6.769s] -- Up-to-date: /home/habibahassan/project/install/moveit_msgs/include/moveit_msgs/moveit_msgs/msg/detail/object_color__rosidl_typesupport_fastrtps_cpp.hpp
[6.770s] -- Up-to-date: /home/habibahassan/project/install/moveit_msgs/include/moveit_msgs/moveit_msgs/msg/detail/joint_constraint__rosidl_typesupport_fastrtps_cpp.hpp
[6.770s] -- Up-to-date: /home/habibahassan/project/install/moveit_msgs/include/moveit_msgs/moveit_msgs/msg/detail/constraint_eval_result__rosidl_typesupport_fastrtps_cpp.hpp
[6.770s] -- Up-to-date: /home/habibahassan/project/install/moveit_msgs/include/moveit_msgs/moveit_msgs/msg/detail/display_trajectory__rosidl_typesupport_fastrtps_cpp.hpp
[6.770s] -- Up-to-date: /home/habibahassan/project/install/moveit_msgs/include/moveit_msgs/moveit_msgs/msg/detail/visibility_constraint__rosidl_typesupport_fastrtps_cpp.hpp
[6.770s] -- Up-to-date: /home/habibahassan/project/install/moveit_msgs/include/moveit_msgs/moveit_msgs/msg/detail/allowed_collision_matrix__rosidl_typesupport_fastrtps_cpp.hpp
[6.771s] -- Up-to-date: /home/habibahassan/project/install/moveit_msgs/include/moveit_msgs/moveit_msgs/msg/detail/motion_plan_request__rosidl_typesupport_fastrtps_cpp.hpp
[6.771s] -- Up-to-date: /home/habibahassan/project/install/moveit_msgs/include/moveit_msgs/moveit_msgs/msg/detail/move_it_error_codes__rosidl_typesupport_fastrtps_cpp.hpp
[6.771s] -- Up-to-date: /home/habibahassan/project/install/moveit_msgs/include/moveit_msgs/moveit_msgs/msg/detail/motion_plan_response__rosidl_typesupport_fastrtps_cpp.hpp
[6.771s] -- Up-to-date: /home/habibahassan/project/install/moveit_msgs/include/moveit_msgs/moveit_msgs/msg/detail/planning_scene_world__rosidl_typesupport_fastrtps_cpp.hpp
[6.772s] -- Up-to-date: /home/habibahassan/project/install/moveit_msgs/include/moveit_msgs/moveit_msgs/msg/detail/robot_state__rosidl_typesupport_fastrtps_cpp.hpp
[6.772s] -- Up-to-date: /home/habibahassan/project/install/moveit_msgs/include/moveit_msgs/moveit_msgs/msg/detail/planning_scene__rosidl_typesupport_fastrtps_cpp.hpp
[6.773s] -- Up-to-date: /home/habibahassan/project/install/moveit_msgs/include/moveit_msgs/moveit_msgs/msg/detail/constraints__rosidl_typesupport_fastrtps_cpp.hpp
[6.773s] -- Up-to-date: /home/habibahassan/project/install/moveit_msgs/include/moveit_msgs/moveit_msgs/msg/detail/grasp__rosidl_typesupport_fastrtps_cpp.hpp
[6.774s] -- Up-to-date: /home/habibahassan/project/install/moveit_msgs/include/moveit_msgs/moveit_msgs/msg/detail/position_ik_request__rosidl_typesupport_fastrtps_cpp.hpp
[6.774s] -- Up-to-date: /home/habibahassan/project/install/moveit_msgs/include/moveit_msgs/moveit_msgs/msg/detail/position_constraint__rosidl_typesupport_fastrtps_cpp.hpp
[6.774s] -- Up-to-date: /home/habibahassan/project/install/moveit_msgs/include/moveit_msgs/moveit_msgs/msg/detail/planner_params__rosidl_typesupport_fastrtps_cpp.hpp
[6.775s] -- Up-to-date: /home/habibahassan/project/install/moveit_msgs/include/moveit_msgs/moveit_msgs/msg/detail/allowed_collision_entry__rosidl_typesupport_fastrtps_cpp.hpp
[6.776s] -- Up-to-date: /home/habibahassan/project/install/moveit_msgs/include/moveit_msgs/moveit_msgs/msg/detail/trajectory_constraints__rosidl_typesupport_fastrtps_cpp.hpp
[6.777s] -- Up-to-date: /home/habibahassan/project/install/moveit_msgs/include/moveit_msgs/moveit_msgs/msg/detail/orientation_constraint__rosidl_typesupport_fastrtps_cpp.hpp
[6.782s] -- Up-to-date: /home/habibahassan/project/install/moveit_msgs/include/moveit_msgs/moveit_msgs/msg/detail/planning_scene_components__rosidl_typesupport_fastrtps_cpp.hpp
[6.782s] -- Up-to-date: /home/habibahassan/project/install/moveit_msgs/include/moveit_msgs/moveit_msgs/msg/detail/gripper_translation__rosidl_typesupport_fastrtps_cpp.hpp
[6.782s] -- Up-to-date: /home/habibahassan/project/install/moveit_msgs/include/moveit_msgs/moveit_msgs/msg/detail/workspace_parameters__rosidl_typesupport_fastrtps_cpp.hpp
[6.783s] -- Up-to-date: /home/habibahassan/project/install/moveit_msgs/include/moveit_msgs/moveit_msgs/msg/detail/contact_information__rosidl_typesupport_fastrtps_cpp.hpp
[6.783s] -- Up-to-date: /home/habibahassan/project/install/moveit_msgs/include/moveit_msgs/moveit_msgs/msg/detail/planning_options__rosidl_typesupport_fastrtps_cpp.hpp
[6.785s] -- Up-to-date: /home/habibahassan/project/install/moveit_msgs/include/moveit_msgs/moveit_msgs/msg/detail/generic_trajectory__rosidl_typesupport_fastrtps_cpp.hpp
[6.786s] -- Up-to-date: /home/habibahassan/project/install/moveit_msgs/include/moveit_msgs/moveit_msgs/msg/detail/oriented_bounding_box__rosidl_typesupport_fastrtps_cpp.hpp
[6.786s] -- Up-to-date: /home/habibahassan/project/install/moveit_msgs/include/moveit_msgs/moveit_msgs/msg/detail/motion_sequence_response__rosidl_typesupport_fastrtps_cpp.hpp
[6.786s] -- Up-to-date: /home/habibahassan/project/install/moveit_msgs/include/moveit_msgs/moveit_msgs/msg/detail/kinematic_solver_info__rosidl_typesupport_fastrtps_cpp.hpp
[6.786s] -- Up-to-date: /home/habibahassan/project/install/moveit_msgs/include/moveit_msgs/moveit_msgs/msg/detail/cartesian_point__rosidl_typesupport_fastrtps_cpp.hpp
[6.787s] -- Up-to-date: /home/habibahassan/project/install/moveit_msgs/include/moveit_msgs/moveit_msgs/msg/detail/cost_source__rosidl_typesupport_fastrtps_cpp.hpp
[6.787s] -- Up-to-date: /home/habibahassan/project/install/moveit_msgs/include/moveit_msgs/moveit_msgs/msg/detail/display_robot_state__rosidl_typesupport_fastrtps_cpp.hpp
[6.787s] -- Up-to-date: /home/habibahassan/project/install/moveit_msgs/include/moveit_msgs/moveit_msgs/msg/detail/robot_trajectory__rosidl_typesupport_fastrtps_cpp.hpp
[6.788s] -- Up-to-date: /home/habibahassan/project/install/moveit_msgs/include/moveit_msgs/moveit_msgs/msg/detail/planner_interface_description__rosidl_typesupport_fastrtps_cpp.hpp
[6.788s] -- Up-to-date: /home/habibahassan/project/install/moveit_msgs/include/moveit_msgs/moveit_msgs/msg/detail/pipeline_state__rosidl_typesupport_fastrtps_cpp.hpp
[6.789s] -- Up-to-date: /home/habibahassan/project/install/moveit_msgs/include/moveit_msgs/moveit_msgs/msg/detail/motion_sequence_request__rosidl_typesupport_fastrtps_cpp.hpp
[6.789s] -- Up-to-date: /home/habibahassan/project/install/moveit_msgs/include/moveit_msgs/moveit_msgs/msg/detail/link_padding__rosidl_typesupport_fastrtps_cpp.hpp
[6.789s] -- Up-to-date: /home/habibahassan/project/install/moveit_msgs/include/moveit_msgs/moveit_msgs/msg/detail/cartesian_trajectory__rosidl_typesupport_fastrtps_cpp.hpp
[6.790s] -- Up-to-date: /home/habibahassan/project/install/moveit_msgs/include/moveit_msgs/moveit_msgs/msg/detail/attached_collision_object__rosidl_typesupport_fastrtps_cpp.hpp
[6.791s] -- Up-to-date: /home/habibahassan/project/install/moveit_msgs/include/moveit_msgs/moveit_msgs/msg/detail/servo_status__rosidl_typesupport_fastrtps_cpp.hpp
[6.791s] -- Up-to-date: /home/habibahassan/project/install/moveit_msgs/include/moveit_msgs/moveit_msgs/msg/detail/collision_object__rosidl_typesupport_fastrtps_cpp.hpp
[6.791s] -- Up-to-date: /home/habibahassan/project/install/moveit_msgs/include/moveit_msgs/moveit_msgs/msg/detail/link_scale__rosidl_typesupport_fastrtps_cpp.hpp
[6.791s] -- Up-to-date: /home/habibahassan/project/install/moveit_msgs/include/moveit_msgs/moveit_msgs/msg/detail/motion_plan_detailed_response__rosidl_typesupport_fastrtps_cpp.hpp
[6.792s] -- Up-to-date: /home/habibahassan/project/install/moveit_msgs/include/moveit_msgs/moveit_msgs/msg/detail/motion_sequence_item__rosidl_typesupport_fastrtps_cpp.hpp
[6.792s] -- Up-to-date: /home/habibahassan/project/install/moveit_msgs/include/moveit_msgs/moveit_msgs/msg/detail/cartesian_trajectory_point__rosidl_typesupport_fastrtps_cpp.hpp
[6.793s] -- Up-to-date: /home/habibahassan/project/install/moveit_msgs/include/moveit_msgs/moveit_msgs/msg/detail/dds_fastrtps
[6.793s] -- Up-to-date: /home/habibahassan/project/install/moveit_msgs/lib/libmoveit_msgs__rosidl_typesupport_fastrtps_cpp.so
[6.793s] -- Up-to-date: /home/habibahassan/project/install/moveit_msgs/include/moveit_msgs/moveit_msgs
[6.794s] -- Up-to-date: /home/habibahassan/project/install/moveit_msgs/include/moveit_msgs/moveit_msgs/srv
[6.794s] -- Up-to-date: /home/habibahassan/project/install/moveit_msgs/include/moveit_msgs/moveit_msgs/srv/detail
[6.795s] -- Up-to-date: /home/habibahassan/project/install/moveit_msgs/include/moveit_msgs/moveit_msgs/srv/detail/grasp_planning__type_support.cpp
[6.795s] -- Up-to-date: /home/habibahassan/project/install/moveit_msgs/include/moveit_msgs/moveit_msgs/srv/detail/get_motion_plan__type_support.cpp
[6.796s] -- Up-to-date: /home/habibahassan/project/install/moveit_msgs/include/moveit_msgs/moveit_msgs/srv/detail/grasp_planning__rosidl_typesupport_introspection_cpp.hpp
[6.797s] -- Up-to-date: /home/habibahassan/project/install/moveit_msgs/include/moveit_msgs/moveit_msgs/srv/detail/load_map__type_support.cpp
[6.797s] -- Up-to-date: /home/habibahassan/project/install/moveit_msgs/include/moveit_msgs/moveit_msgs/srv/detail/save_robot_state_to_warehouse__type_support.cpp
[6.798s] -- Up-to-date: /home/habibahassan/project/install/moveit_msgs/include/moveit_msgs/moveit_msgs/srv/detail/delete_robot_state_from_warehouse__type_support.cpp
[6.799s] -- Up-to-date: /home/habibahassan/project/install/moveit_msgs/include/moveit_msgs/moveit_msgs/srv/detail/query_planner_interfaces__rosidl_typesupport_introspection_cpp.hpp
[6.800s] -- Up-to-date: /home/habibahassan/project/install/moveit_msgs/include/moveit_msgs/moveit_msgs/srv/detail/set_planner_params__rosidl_typesupport_introspection_cpp.hpp
[6.800s] -- Up-to-date: /home/habibahassan/project/install/moveit_msgs/include/moveit_msgs/moveit_msgs/srv/detail/save_geometry_to_file__rosidl_typesupport_introspection_cpp.hpp
[6.801s] -- Up-to-date: /home/habibahassan/project/install/moveit_msgs/include/moveit_msgs/moveit_msgs/srv/detail/update_pointcloud_octomap__rosidl_typesupport_introspection_cpp.hpp
[6.801s] -- Up-to-date: /home/habibahassan/project/install/moveit_msgs/include/moveit_msgs/moveit_msgs/srv/detail/get_planning_scene__rosidl_typesupport_introspection_cpp.hpp
[6.802s] -- Up-to-date: /home/habibahassan/project/install/moveit_msgs/include/moveit_msgs/moveit_msgs/srv/detail/save_geometry_to_file__type_support.cpp
[6.802s] -- Up-to-date: /home/habibahassan/project/install/moveit_msgs/include/moveit_msgs/moveit_msgs/srv/detail/apply_planning_scene__type_support.cpp
[6.803s] -- Up-to-date: /home/habibahassan/project/install/moveit_msgs/include/moveit_msgs/moveit_msgs/srv/detail/get_motion_sequence__rosidl_typesupport_introspection_cpp.hpp
[6.803s] -- Up-to-date: /home/habibahassan/project/install/moveit_msgs/include/moveit_msgs/moveit_msgs/srv/detail/apply_planning_scene__rosidl_typesupport_introspection_cpp.hpp
[6.803s] -- Up-to-date: /home/habibahassan/project/install/moveit_msgs/include/moveit_msgs/moveit_msgs/srv/detail/check_if_robot_state_exists_in_warehouse__type_support.cpp
[6.804s] -- Up-to-date: /home/habibahassan/project/install/moveit_msgs/include/moveit_msgs/moveit_msgs/srv/detail/get_cartesian_path__rosidl_typesupport_introspection_cpp.hpp
[6.804s] -- Up-to-date: /home/habibahassan/project/install/moveit_msgs/include/moveit_msgs/moveit_msgs/srv/detail/get_motion_plan__rosidl_typesupport_introspection_cpp.hpp
[6.805s] -- Up-to-date: /home/habibahassan/project/install/moveit_msgs/include/moveit_msgs/moveit_msgs/srv/detail/list_robot_states_in_warehouse__type_support.cpp
[6.805s] -- Up-to-date: /home/habibahassan/project/install/moveit_msgs/include/moveit_msgs/moveit_msgs/srv/detail/save_robot_state_to_warehouse__rosidl_typesupport_introspection_cpp.hpp
[6.806s] -- Up-to-date: /home/habibahassan/project/install/moveit_msgs/include/moveit_msgs/moveit_msgs/srv/detail/list_robot_states_in_warehouse__rosidl_typesupport_introspection_cpp.hpp
[6.806s] -- Up-to-date: /home/habibahassan/project/install/moveit_msgs/include/moveit_msgs/moveit_msgs/srv/detail/get_position_ik__rosidl_typesupport_introspection_cpp.hpp
[6.806s] -- Up-to-date: /home/habibahassan/project/install/moveit_msgs/include/moveit_msgs/moveit_msgs/srv/detail/get_state_validity__rosidl_typesupport_introspection_cpp.hpp
[6.807s] -- Up-to-date: /home/habibahassan/project/install/moveit_msgs/include/moveit_msgs/moveit_msgs/srv/detail/get_motion_sequence__type_support.cpp
[6.807s] -- Up-to-date: /home/habibahassan/project/install/moveit_msgs/include/moveit_msgs/moveit_msgs/srv/detail/get_state_validity__type_support.cpp
[6.807s] -- Up-to-date: /home/habibahassan/project/install/moveit_msgs/include/moveit_msgs/moveit_msgs/srv/detail/rename_robot_state_in_warehouse__rosidl_typesupport_introspection_cpp.hpp
[6.808s] -- Up-to-date: /home/habibahassan/project/install/moveit_msgs/include/moveit_msgs/moveit_msgs/srv/detail/get_position_ik__type_support.cpp
[6.809s] -- Up-to-date: /home/habibahassan/project/install/moveit_msgs/include/moveit_msgs/moveit_msgs/srv/detail/get_planner_params__rosidl_typesupport_introspection_cpp.hpp
[6.809s] -- Up-to-date: /home/habibahassan/project/install/moveit_msgs/include/moveit_msgs/moveit_msgs/srv/detail/get_position_fk__type_support.cpp
[6.809s] -- Up-to-date: /home/habibahassan/project/install/moveit_msgs/include/moveit_msgs/moveit_msgs/srv/detail/servo_command_type__type_support.cpp
[6.810s] -- Up-to-date: /home/habibahassan/project/install/moveit_msgs/include/moveit_msgs/moveit_msgs/srv/detail/delete_robot_state_from_warehouse__rosidl_typesupport_introspection_cpp.hpp
[6.810s] -- Up-to-date: /home/habibahassan/project/install/moveit_msgs/include/moveit_msgs/moveit_msgs/srv/detail/get_group_urdf__rosidl_typesupport_introspection_cpp.hpp
[6.810s] -- Up-to-date: /home/habibahassan/project/install/moveit_msgs/include/moveit_msgs/moveit_msgs/srv/detail/load_geometry_from_file__rosidl_typesupport_introspection_cpp.hpp
[6.811s] -- Up-to-date: /home/habibahassan/project/install/moveit_msgs/include/moveit_msgs/moveit_msgs/srv/detail/load_map__rosidl_typesupport_introspection_cpp.hpp
[6.814s] -- Up-to-date: /home/habibahassan/project/install/moveit_msgs/include/moveit_msgs/moveit_msgs/srv/detail/get_planner_params__type_support.cpp
[6.815s] -- Up-to-date: /home/habibahassan/project/install/moveit_msgs/include/moveit_msgs/moveit_msgs/srv/detail/set_planner_params__type_support.cpp
[6.815s] -- Up-to-date: /home/habibahassan/project/install/moveit_msgs/include/moveit_msgs/moveit_msgs/srv/detail/get_group_urdf__type_support.cpp
[6.815s] -- Up-to-date: /home/habibahassan/project/install/moveit_msgs/include/moveit_msgs/moveit_msgs/srv/detail/update_pointcloud_octomap__type_support.cpp
[6.815s] -- Up-to-date: /home/habibahassan/project/install/moveit_msgs/include/moveit_msgs/moveit_msgs/srv/detail/save_map__rosidl_typesupport_introspection_cpp.hpp
[6.816s] -- Up-to-date: /home/habibahassan/project/install/moveit_msgs/include/moveit_msgs/moveit_msgs/srv/detail/get_position_fk__rosidl_typesupport_introspection_cpp.hpp
[6.816s] -- Up-to-date: /home/habibahassan/project/install/moveit_msgs/include/moveit_msgs/moveit_msgs/srv/detail/save_map__type_support.cpp
[6.816s] -- Up-to-date: /home/habibahassan/project/install/moveit_msgs/include/moveit_msgs/moveit_msgs/srv/detail/rename_robot_state_in_warehouse__type_support.cpp
[6.817s] -- Up-to-date: /home/habibahassan/project/install/moveit_msgs/include/moveit_msgs/moveit_msgs/srv/detail/servo_command_type__rosidl_typesupport_introspection_cpp.hpp
[6.817s] -- Up-to-date: /home/habibahassan/project/install/moveit_msgs/include/moveit_msgs/moveit_msgs/srv/detail/load_geometry_from_file__type_support.cpp
[6.817s] -- Up-to-date: /home/habibahassan/project/install/moveit_msgs/include/moveit_msgs/moveit_msgs/srv/detail/check_if_robot_state_exists_in_warehouse__rosidl_typesupport_introspection_cpp.hpp
[6.818s] -- Up-to-date: /home/habibahassan/project/install/moveit_msgs/include/moveit_msgs/moveit_msgs/srv/detail/get_robot_state_from_warehouse__type_support.cpp
[6.818s] -- Up-to-date: /home/habibahassan/project/install/moveit_msgs/include/moveit_msgs/moveit_msgs/srv/detail/get_cartesian_path__type_support.cpp
[6.818s] -- Up-to-date: /home/habibahassan/project/install/moveit_msgs/include/moveit_msgs/moveit_msgs/srv/detail/get_planning_scene__type_support.cpp
[6.818s] -- Up-to-date: /home/habibahassan/project/install/moveit_msgs/include/moveit_msgs/moveit_msgs/srv/detail/get_robot_state_from_warehouse__rosidl_typesupport_introspection_cpp.hpp
[6.819s] -- Up-to-date: /home/habibahassan/project/install/moveit_msgs/include/moveit_msgs/moveit_msgs/srv/detail/query_planner_interfaces__type_support.cpp
[6.819s] -- Up-to-date: /home/habibahassan/project/install/moveit_msgs/include/moveit_msgs/moveit_msgs/action
[6.819s] -- Up-to-date: /home/habibahassan/project/install/moveit_msgs/include/moveit_msgs/moveit_msgs/action/detail
[6.820s] -- Up-to-date: /home/habibahassan/project/install/moveit_msgs/include/moveit_msgs/moveit_msgs/action/detail/pickup__rosidl_typesupport_introspection_cpp.hpp
[6.820s] -- Up-to-date: /home/habibahassan/project/install/moveit_msgs/include/moveit_msgs/moveit_msgs/action/detail/execute_trajectory__type_support.cpp
[6.820s] -- Up-to-date: /home/habibahassan/project/install/moveit_msgs/include/moveit_msgs/moveit_msgs/action/detail/local_planner__rosidl_typesupport_introspection_cpp.hpp
[6.821s] -- Up-to-date: /home/habibahassan/project/install/moveit_msgs/include/moveit_msgs/moveit_msgs/action/detail/hybrid_planner__type_support.cpp
[6.821s] -- Up-to-date: /home/habibahassan/project/install/moveit_msgs/include/moveit_msgs/moveit_msgs/action/detail/move_group__rosidl_typesupport_introspection_cpp.hpp
[6.821s] -- Up-to-date: /home/habibahassan/project/install/moveit_msgs/include/moveit_msgs/moveit_msgs/action/detail/global_planner__rosidl_typesupport_introspection_cpp.hpp
[6.822s] -- Up-to-date: /home/habibahassan/project/install/moveit_msgs/include/moveit_msgs/moveit_msgs/action/detail/place__rosidl_typesupport_introspection_cpp.hpp
[6.822s] -- Up-to-date: /home/habibahassan/project/install/moveit_msgs/include/moveit_msgs/moveit_msgs/action/detail/place__type_support.cpp
[6.822s] -- Up-to-date: /home/habibahassan/project/install/moveit_msgs/include/moveit_msgs/moveit_msgs/action/detail/move_group_sequence__type_support.cpp
[6.822s] -- Up-to-date: /home/habibahassan/project/install/moveit_msgs/include/moveit_msgs/moveit_msgs/action/detail/local_planner__type_support.cpp
[6.823s] -- Up-to-date: /home/habibahassan/project/install/moveit_msgs/include/moveit_msgs/moveit_msgs/action/detail/move_group__type_support.cpp
[6.823s] -- Up-to-date: /home/habibahassan/project/install/moveit_msgs/include/moveit_msgs/moveit_msgs/action/detail/global_planner__type_support.cpp
[6.824s] -- Up-to-date: /home/habibahassan/project/install/moveit_msgs/include/moveit_msgs/moveit_msgs/action/detail/execute_trajectory__rosidl_typesupport_introspection_cpp.hpp
[6.824s] -- Up-to-date: /home/habibahassan/project/install/moveit_msgs/include/moveit_msgs/moveit_msgs/action/detail/hybrid_planner__rosidl_typesupport_introspection_cpp.hpp
[6.824s] -- Up-to-date: /home/habibahassan/project/install/moveit_msgs/include/moveit_msgs/moveit_msgs/action/detail/pickup__type_support.cpp
[6.825s] -- Up-to-date: /home/habibahassan/project/install/moveit_msgs/include/moveit_msgs/moveit_msgs/action/detail/move_group_sequence__rosidl_typesupport_introspection_cpp.hpp
[6.825s] -- Up-to-date: /home/habibahassan/project/install/moveit_msgs/include/moveit_msgs/moveit_msgs/msg
[6.825s] -- Up-to-date: /home/habibahassan/project/install/moveit_msgs/include/moveit_msgs/moveit_msgs/msg/detail
[6.826s] -- Up-to-date: /home/habibahassan/project/install/moveit_msgs/include/moveit_msgs/moveit_msgs/msg/detail/link_padding__type_support.cpp
[6.826s] -- Up-to-date: /home/habibahassan/project/install/moveit_msgs/include/moveit_msgs/moveit_msgs/msg/detail/cost_source__rosidl_typesupport_introspection_cpp.hpp
[6.826s] -- Up-to-date: /home/habibahassan/project/install/moveit_msgs/include/moveit_msgs/moveit_msgs/msg/detail/bounding_volume__type_support.cpp
[6.827s] -- Up-to-date: /home/habibahassan/project/install/moveit_msgs/include/moveit_msgs/moveit_msgs/msg/detail/robot_state__rosidl_typesupport_introspection_cpp.hpp
[6.827s] -- Up-to-date: /home/habibahassan/project/install/moveit_msgs/include/moveit_msgs/moveit_msgs/msg/detail/oriented_bounding_box__type_support.cpp
[6.827s] -- Up-to-date: /home/habibahassan/project/install/moveit_msgs/include/moveit_msgs/moveit_msgs/msg/detail/joint_limits__type_support.cpp
[6.827s] -- Up-to-date: /home/habibahassan/project/install/moveit_msgs/include/moveit_msgs/moveit_msgs/msg/detail/motion_sequence_response__type_support.cpp
[6.828s] -- Up-to-date: /home/habibahassan/project/install/moveit_msgs/include/moveit_msgs/moveit_msgs/msg/detail/display_robot_state__type_support.cpp
[6.828s] -- Up-to-date: /home/habibahassan/project/install/moveit_msgs/include/moveit_msgs/moveit_msgs/msg/detail/planning_options__rosidl_typesupport_introspection_cpp.hpp
[6.829s] -- Up-to-date: /home/habibahassan/project/install/moveit_msgs/include/moveit_msgs/moveit_msgs/msg/detail/motion_plan_detailed_response__type_support.cpp
[6.830s] -- Up-to-date: /home/habibahassan/project/install/moveit_msgs/include/moveit_msgs/moveit_msgs/msg/detail/place_location__rosidl_typesupport_introspection_cpp.hpp
[6.831s] -- Up-to-date: /home/habibahassan/project/install/moveit_msgs/include/moveit_msgs/moveit_msgs/msg/detail/kinematic_solver_info__type_support.cpp
[6.832s] -- Up-to-date: /home/habibahassan/project/install/moveit_msgs/include/moveit_msgs/moveit_msgs/msg/detail/display_trajectory__rosidl_typesupport_introspection_cpp.hpp
[6.832s] -- Up-to-date: /home/habibahassan/project/install/moveit_msgs/include/moveit_msgs/moveit_msgs/msg/detail/allowed_collision_entry__type_support.cpp
[6.833s] -- Up-to-date: /home/habibahassan/project/install/moveit_msgs/include/moveit_msgs/moveit_msgs/msg/detail/position_constraint__rosidl_typesupport_introspection_cpp.hpp
[6.833s] -- Up-to-date: /home/habibahassan/project/install/moveit_msgs/include/moveit_msgs/moveit_msgs/msg/detail/motion_plan_detailed_response__rosidl_typesupport_introspection_cpp.hpp
[6.834s] -- Up-to-date: /home/habibahassan/project/install/moveit_msgs/include/moveit_msgs/moveit_msgs/msg/detail/oriented_bounding_box__rosidl_typesupport_introspection_cpp.hpp
[6.834s] -- Up-to-date: /home/habibahassan/project/install/moveit_msgs/include/moveit_msgs/moveit_msgs/msg/detail/motion_sequence_item__type_support.cpp
[6.835s] -- Up-to-date: /home/habibahassan/project/install/moveit_msgs/include/moveit_msgs/moveit_msgs/msg/detail/planning_scene_world__rosidl_typesupport_introspection_cpp.hpp
[6.835s] -- Up-to-date: /home/habibahassan/project/install/moveit_msgs/include/moveit_msgs/moveit_msgs/msg/detail/attached_collision_object__type_support.cpp
[6.835s] -- Up-to-date: /home/habibahassan/project/install/moveit_msgs/include/moveit_msgs/moveit_msgs/msg/detail/workspace_parameters__rosidl_typesupport_introspection_cpp.hpp
[6.836s] -- Up-to-date: /home/habibahassan/project/install/moveit_msgs/include/moveit_msgs/moveit_msgs/msg/detail/servo_status__rosidl_typesupport_introspection_cpp.hpp
[6.836s] -- Up-to-date: /home/habibahassan/project/install/moveit_msgs/include/moveit_msgs/moveit_msgs/msg/detail/motion_plan_response__type_support.cpp
[6.837s] -- Up-to-date: /home/habibahassan/project/install/moveit_msgs/include/moveit_msgs/moveit_msgs/msg/detail/constraints__type_support.cpp
[6.837s] -- Up-to-date: /home/habibahassan/project/install/moveit_msgs/include/moveit_msgs/moveit_msgs/msg/detail/planning_options__type_support.cpp
[6.837s] -- Up-to-date: /home/habibahassan/project/install/moveit_msgs/include/moveit_msgs/moveit_msgs/msg/detail/generic_trajectory__type_support.cpp
[6.838s] -- Up-to-date: /home/habibahassan/project/install/moveit_msgs/include/moveit_msgs/moveit_msgs/msg/detail/cartesian_trajectory__rosidl_typesupport_introspection_cpp.hpp
[6.838s] -- Up-to-date: /home/habibahassan/project/install/moveit_msgs/include/moveit_msgs/moveit_msgs/msg/detail/link_scale__rosidl_typesupport_introspection_cpp.hpp
[6.838s] -- Up-to-date: /home/habibahassan/project/install/moveit_msgs/include/moveit_msgs/moveit_msgs/msg/detail/orientation_constraint__type_support.cpp
[6.839s] -- Up-to-date: /home/habibahassan/project/install/moveit_msgs/include/moveit_msgs/moveit_msgs/msg/detail/motion_sequence_item__rosidl_typesupport_introspection_cpp.hpp
[6.839s] -- Up-to-date: /home/habibahassan/project/install/moveit_msgs/include/moveit_msgs/moveit_msgs/msg/detail/planning_scene_components__rosidl_typesupport_introspection_cpp.hpp
[6.839s] -- Up-to-date: /home/habibahassan/project/install/moveit_msgs/include/moveit_msgs/moveit_msgs/msg/detail/orientation_constraint__rosidl_typesupport_introspection_cpp.hpp
[6.840s] -- Up-to-date: /home/habibahassan/project/install/moveit_msgs/include/moveit_msgs/moveit_msgs/msg/detail/planner_interface_description__type_support.cpp
[6.840s] -- Up-to-date: /home/habibahassan/project/install/moveit_msgs/include/moveit_msgs/moveit_msgs/msg/detail/planning_scene_components__type_support.cpp
[6.840s] -- Up-to-date: /home/habibahassan/project/install/moveit_msgs/include/moveit_msgs/moveit_msgs/msg/detail/grasp__rosidl_typesupport_introspection_cpp.hpp
[6.841s] -- Up-to-date: /home/habibahassan/project/install/moveit_msgs/include/moveit_msgs/moveit_msgs/msg/detail/servo_status__type_support.cpp
[6.841s] -- Up-to-date: /home/habibahassan/project/install/moveit_msgs/include/moveit_msgs/moveit_msgs/msg/detail/robot_trajectory__type_support.cpp
[6.842s] -- Up-to-date: /home/habibahassan/project/install/moveit_msgs/include/moveit_msgs/moveit_msgs/msg/detail/object_color__type_support.cpp
[6.842s] -- Up-to-date: /home/habibahassan/project/install/moveit_msgs/include/moveit_msgs/moveit_msgs/msg/detail/move_it_error_codes__type_support.cpp
[6.843s] -- Up-to-date: /home/habibahassan/project/install/moveit_msgs/include/moveit_msgs/moveit_msgs/msg/detail/attached_collision_object__rosidl_typesupport_introspection_cpp.hpp
[6.843s] -- Up-to-date: /home/habibahassan/project/install/moveit_msgs/include/moveit_msgs/moveit_msgs/msg/detail/planner_params__type_support.cpp
[6.843s] -- Up-to-date: /home/habibahassan/project/install/moveit_msgs/include/moveit_msgs/moveit_msgs/msg/detail/position_ik_request__type_support.cpp
[6.844s] -- Up-to-date: /home/habibahassan/project/install/moveit_msgs/include/moveit_msgs/moveit_msgs/msg/detail/motion_sequence_request__rosidl_typesupport_introspection_cpp.hpp
[6.844s] -- Up-to-date: /home/habibahassan/project/install/moveit_msgs/include/moveit_msgs/moveit_msgs/msg/detail/cartesian_trajectory__type_support.cpp
[6.845s] -- Up-to-date: /home/habibahassan/project/install/moveit_msgs/include/moveit_msgs/moveit_msgs/msg/detail/planning_scene_world__type_support.cpp
[6.845s] -- Up-to-date: /home/habibahassan/project/install/moveit_msgs/include/moveit_msgs/moveit_msgs/msg/detail/link_scale__type_support.cpp
[6.845s] -- Up-to-date: /home/habibahassan/project/install/moveit_msgs/include/moveit_msgs/moveit_msgs/msg/detail/motion_sequence_request__type_support.cpp
[6.845s] -- Up-to-date: /home/habibahassan/project/install/moveit_msgs/include/moveit_msgs/moveit_msgs/msg/detail/kinematic_solver_info__rosidl_typesupport_introspection_cpp.hpp
[6.846s] -- Up-to-date: /home/habibahassan/project/install/moveit_msgs/include/moveit_msgs/moveit_msgs/msg/detail/contact_information__rosidl_typesupport_introspection_cpp.hpp
[6.847s] -- Up-to-date: /home/habibahassan/project/install/moveit_msgs/include/moveit_msgs/moveit_msgs/msg/detail/planner_interface_description__rosidl_typesupport_introspection_cpp.hpp
[6.847s] -- Up-to-date: /home/habibahassan/project/install/moveit_msgs/include/moveit_msgs/moveit_msgs/msg/detail/grasp__type_support.cpp
[6.847s] -- Up-to-date: /home/habibahassan/project/install/moveit_msgs/include/moveit_msgs/moveit_msgs/msg/detail/collision_object__rosidl_typesupport_introspection_cpp.hpp
[6.847s] -- Up-to-date: /home/habibahassan/project/install/moveit_msgs/include/moveit_msgs/moveit_msgs/msg/detail/allowed_collision_entry__rosidl_typesupport_introspection_cpp.hpp
[6.847s] -- Up-to-date: /home/habibahassan/project/install/moveit_msgs/include/moveit_msgs/moveit_msgs/msg/detail/trajectory_constraints__rosidl_typesupport_introspection_cpp.hpp
[6.848s] -- Up-to-date: /home/habibahassan/project/install/moveit_msgs/include/moveit_msgs/moveit_msgs/msg/detail/robot_trajectory__rosidl_typesupport_introspection_cpp.hpp
[6.848s] -- Up-to-date: /home/habibahassan/project/install/moveit_msgs/include/moveit_msgs/moveit_msgs/msg/detail/joint_constraint__rosidl_typesupport_introspection_cpp.hpp
[6.848s] -- Up-to-date: /home/habibahassan/project/install/moveit_msgs/include/moveit_msgs/moveit_msgs/msg/detail/place_location__type_support.cpp
[6.848s] -- Up-to-date: /home/habibahassan/project/install/moveit_msgs/include/moveit_msgs/moveit_msgs/msg/detail/motion_plan_request__type_support.cpp
[6.852s] -- Up-to-date: /home/habibahassan/project/install/moveit_msgs/include/moveit_msgs/moveit_msgs/msg/detail/constraints__rosidl_typesupport_introspection_cpp.hpp
[6.852s] -- Up-to-date: /home/habibahassan/project/install/moveit_msgs/include/moveit_msgs/moveit_msgs/msg/detail/link_padding__rosidl_typesupport_introspection_cpp.hpp
[6.852s] -- Up-to-date: /home/habibahassan/project/install/moveit_msgs/include/moveit_msgs/moveit_msgs/msg/detail/workspace_parameters__type_support.cpp
[6.853s] -- Up-to-date: /home/habibahassan/project/install/moveit_msgs/include/moveit_msgs/moveit_msgs/msg/detail/position_constraint__type_support.cpp
[6.853s] -- Up-to-date: /home/habibahassan/project/install/moveit_msgs/include/moveit_msgs/moveit_msgs/msg/detail/bounding_volume__rosidl_typesupport_introspection_cpp.hpp
[6.854s] -- Up-to-date: /home/habibahassan/project/install/moveit_msgs/include/moveit_msgs/moveit_msgs/msg/detail/planner_params__rosidl_typesupport_introspection_cpp.hpp
[6.855s] -- Up-to-date: /home/habibahassan/project/install/moveit_msgs/include/moveit_msgs/moveit_msgs/msg/detail/position_ik_request__rosidl_typesupport_introspection_cpp.hpp
[6.855s] -- Up-to-date: /home/habibahassan/project/install/moveit_msgs/include/moveit_msgs/moveit_msgs/msg/detail/generic_trajectory__rosidl_typesupport_introspection_cpp.hpp
[6.855s] -- Up-to-date: /home/habibahassan/project/install/moveit_msgs/include/moveit_msgs/moveit_msgs/msg/detail/planning_scene__type_support.cpp
[6.856s] -- Up-to-date: /home/habibahassan/project/install/moveit_msgs/include/moveit_msgs/moveit_msgs/msg/detail/trajectory_constraints__type_support.cpp
[6.856s] -- Up-to-date: /home/habibahassan/project/install/moveit_msgs/include/moveit_msgs/moveit_msgs/msg/detail/object_color__rosidl_typesupport_introspection_cpp.hpp
[6.856s] -- Up-to-date: /home/habibahassan/project/install/moveit_msgs/include/moveit_msgs/moveit_msgs/msg/detail/display_trajectory__type_support.cpp
[6.857s] -- Up-to-date: /home/habibahassan/project/install/moveit_msgs/include/moveit_msgs/moveit_msgs/msg/detail/cartesian_point__rosidl_typesupport_introspection_cpp.hpp
[6.857s] -- Up-to-date: /home/habibahassan/project/install/moveit_msgs/include/moveit_msgs/moveit_msgs/msg/detail/joint_limits__rosidl_typesupport_introspection_cpp.hpp
[6.857s] -- Up-to-date: /home/habibahassan/project/install/moveit_msgs/include/moveit_msgs/moveit_msgs/msg/detail/motion_plan_response__rosidl_typesupport_introspection_cpp.hpp
[6.858s] -- Up-to-date: /home/habibahassan/project/install/moveit_msgs/include/moveit_msgs/moveit_msgs/msg/detail/motion_sequence_response__rosidl_typesupport_introspection_cpp.hpp
[6.858s] -- Up-to-date: /home/habibahassan/project/install/moveit_msgs/include/moveit_msgs/moveit_msgs/msg/detail/planning_scene__rosidl_typesupport_introspection_cpp.hpp
[6.859s] -- Up-to-date: /home/habibahassan/project/install/moveit_msgs/include/moveit_msgs/moveit_msgs/msg/detail/pipeline_state__type_support.cpp
[6.859s] -- Up-to-date: /home/habibahassan/project/install/moveit_msgs/include/moveit_msgs/moveit_msgs/msg/detail/move_it_error_codes__rosidl_typesupport_introspection_cpp.hpp
[6.860s] -- Up-to-date: /home/habibahassan/project/install/moveit_msgs/include/moveit_msgs/moveit_msgs/msg/detail/cartesian_trajectory_point__type_support.cpp
[6.860s] -- Up-to-date: /home/habibahassan/project/install/moveit_msgs/include/moveit_msgs/moveit_msgs/msg/detail/robot_state__type_support.cpp
[6.861s] -- Up-to-date: /home/habibahassan/project/install/moveit_msgs/include/moveit_msgs/moveit_msgs/msg/detail/display_robot_state__rosidl_typesupport_introspection_cpp.hpp
[6.861s] -- Up-to-date: /home/habibahassan/project/install/moveit_msgs/include/moveit_msgs/moveit_msgs/msg/detail/allowed_collision_matrix__rosidl_typesupport_introspection_cpp.hpp
[6.862s] -- Up-to-date: /home/habibahassan/project/install/moveit_msgs/include/moveit_msgs/moveit_msgs/msg/detail/gripper_translation__type_support.cpp
[6.862s] -- Up-to-date: /home/habibahassan/project/install/moveit_msgs/include/moveit_msgs/moveit_msgs/msg/detail/gripper_translation__rosidl_typesupport_introspection_cpp.hpp
[6.863s] -- Up-to-date: /home/habibahassan/project/install/moveit_msgs/include/moveit_msgs/moveit_msgs/msg/detail/visibility_constraint__rosidl_typesupport_introspection_cpp.hpp
[6.864s] -- Up-to-date: /home/habibahassan/project/install/moveit_msgs/include/moveit_msgs/moveit_msgs/msg/detail/cost_source__type_support.cpp
[6.864s] -- Up-to-date: /home/habibahassan/project/install/moveit_msgs/include/moveit_msgs/moveit_msgs/msg/detail/motion_plan_request__rosidl_typesupport_introspection_cpp.hpp
[6.865s] -- Up-to-date: /home/habibahassan/project/install/moveit_msgs/include/moveit_msgs/moveit_msgs/msg/detail/cartesian_point__type_support.cpp
[6.865s] -- Up-to-date: /home/habibahassan/project/install/moveit_msgs/include/moveit_msgs/moveit_msgs/msg/detail/allowed_collision_matrix__type_support.cpp
[6.866s] -- Up-to-date: /home/habibahassan/project/install/moveit_msgs/include/moveit_msgs/moveit_msgs/msg/detail/constraint_eval_result__type_support.cpp
[6.866s] -- Up-to-date: /home/habibahassan/project/install/moveit_msgs/include/moveit_msgs/moveit_msgs/msg/detail/joint_constraint__type_support.cpp
[6.867s] -- Up-to-date: /home/habibahassan/project/install/moveit_msgs/include/moveit_msgs/moveit_msgs/msg/detail/pipeline_state__rosidl_typesupport_introspection_cpp.hpp
[6.867s] -- Up-to-date: /home/habibahassan/project/install/moveit_msgs/include/moveit_msgs/moveit_msgs/msg/detail/collision_object__type_support.cpp
[6.868s] -- Up-to-date: /home/habibahassan/project/install/moveit_msgs/include/moveit_msgs/moveit_msgs/msg/detail/contact_information__type_support.cpp
[6.868s] -- Up-to-date: /home/habibahassan/project/install/moveit_msgs/include/moveit_msgs/moveit_msgs/msg/detail/constraint_eval_result__rosidl_typesupport_introspection_cpp.hpp
[6.869s] -- Up-to-date: /home/habibahassan/project/install/moveit_msgs/include/moveit_msgs/moveit_msgs/msg/detail/cartesian_trajectory_point__rosidl_typesupport_introspection_cpp.hpp
[6.869s] -- Up-to-date: /home/habibahassan/project/install/moveit_msgs/include/moveit_msgs/moveit_msgs/msg/detail/visibility_constraint__type_support.cpp
[6.870s] -- Up-to-date: /home/habibahassan/project/install/moveit_msgs/lib/libmoveit_msgs__rosidl_typesupport_introspection_cpp.so
[6.870s] -- Up-to-date: /home/habibahassan/project/install/moveit_msgs/lib/libmoveit_msgs__rosidl_typesupport_cpp.so
[6.870s] -- Up-to-date: /home/habibahassan/project/install/moveit_msgs/share/moveit_msgs/environment/pythonpath.sh
[6.871s] -- Up-to-date: /home/habibahassan/project/install/moveit_msgs/share/moveit_msgs/environment/pythonpath.dsv
[6.872s] -- Up-to-date: /home/habibahassan/project/install/moveit_msgs/lib/python3.12/site-packages/moveit_msgs-2.6.0-py3.12.egg-info
[6.872s] -- Installing: /home/habibahassan/project/install/moveit_msgs/lib/python3.12/site-packages/moveit_msgs-2.6.0-py3.12.egg-info/SOURCES.txt
[6.873s] -- Installing: /home/habibahassan/project/install/moveit_msgs/lib/python3.12/site-packages/moveit_msgs-2.6.0-py3.12.egg-info/top_level.txt
[6.873s] -- Installing: /home/habibahassan/project/install/moveit_msgs/lib/python3.12/site-packages/moveit_msgs-2.6.0-py3.12.egg-info/dependency_links.txt
[6.873s] -- Installing: /home/habibahassan/project/install/moveit_msgs/lib/python3.12/site-packages/moveit_msgs-2.6.0-py3.12.egg-info/PKG-INFO
[6.874s] -- Up-to-date: /home/habibahassan/project/install/moveit_msgs/lib/python3.12/site-packages/moveit_msgs
[6.874s] -- Up-to-date: /home/habibahassan/project/install/moveit_msgs/lib/python3.12/site-packages/moveit_msgs/srv
[6.875s] -- Up-to-date: /home/habibahassan/project/install/moveit_msgs/lib/python3.12/site-packages/moveit_msgs/srv/_get_planner_params_s.c
[6.875s] -- Up-to-date: /home/habibahassan/project/install/moveit_msgs/lib/python3.12/site-packages/moveit_msgs/srv/_get_group_urdf.py
[6.875s] -- Up-to-date: /home/habibahassan/project/install/moveit_msgs/lib/python3.12/site-packages/moveit_msgs/srv/_load_map.py
[6.876s] -- Up-to-date: /home/habibahassan/project/install/moveit_msgs/lib/python3.12/site-packages/moveit_msgs/srv/_get_planning_scene.py
[6.876s] -- Up-to-date: /home/habibahassan/project/install/moveit_msgs/lib/python3.12/site-packages/moveit_msgs/srv/_get_motion_plan.py
[6.885s] -- Up-to-date: /home/habibahassan/project/install/moveit_msgs/lib/python3.12/site-packages/moveit_msgs/srv/_load_map_s.c
[6.887s] -- Up-to-date: /home/habibahassan/project/install/moveit_msgs/lib/python3.12/site-packages/moveit_msgs/srv/_update_pointcloud_octomap_s.c
[6.887s] -- Up-to-date: /home/habibahassan/project/install/moveit_msgs/lib/python3.12/site-packages/moveit_msgs/srv/_rename_robot_state_in_warehouse.py
[6.887s] -- Up-to-date: /home/habibahassan/project/install/moveit_msgs/lib/python3.12/site-packages/moveit_msgs/srv/__init__.py
[6.889s] -- Up-to-date: /home/habibahassan/project/install/moveit_msgs/lib/python3.12/site-packages/moveit_msgs/srv/_check_if_robot_state_exists_in_warehouse.py
[6.889s] -- Up-to-date: /home/habibahassan/project/install/moveit_msgs/lib/python3.12/site-packages/moveit_msgs/srv/_delete_robot_state_from_warehouse_s.c
[6.889s] -- Up-to-date: /home/habibahassan/project/install/moveit_msgs/lib/python3.12/site-packages/moveit_msgs/srv/_get_planning_scene_s.c
[6.890s] -- Up-to-date: /home/habibahassan/project/install/moveit_msgs/lib/python3.12/site-packages/moveit_msgs/srv/_save_map.py
[6.890s] -- Up-to-date: /home/habibahassan/project/install/moveit_msgs/lib/python3.12/site-packages/moveit_msgs/srv/_grasp_planning_s.c
[6.890s] -- Up-to-date: /home/habibahassan/project/install/moveit_msgs/lib/python3.12/site-packages/moveit_msgs/srv/_grasp_planning.py
[6.891s] -- Up-to-date: /home/habibahassan/project/install/moveit_msgs/lib/python3.12/site-packages/moveit_msgs/srv/_list_robot_states_in_warehouse_s.c
[6.891s] -- Up-to-date: /home/habibahassan/project/install/moveit_msgs/lib/python3.12/site-packages/moveit_msgs/srv/_apply_planning_scene_s.c
[6.892s] -- Up-to-date: /home/habibahassan/project/install/moveit_msgs/lib/python3.12/site-packages/moveit_msgs/srv/_load_geometry_from_file.py
[6.892s] -- Up-to-date: /home/habibahassan/project/install/moveit_msgs/lib/python3.12/site-packages/moveit_msgs/srv/_get_state_validity.py
[6.893s] -- Up-to-date: /home/habibahassan/project/install/moveit_msgs/lib/python3.12/site-packages/moveit_msgs/srv/_set_planner_params_s.c
[6.893s] -- Up-to-date: /home/habibahassan/project/install/moveit_msgs/lib/python3.12/site-packages/moveit_msgs/srv/_servo_command_type_s.c
[6.894s] -- Up-to-date: /home/habibahassan/project/install/moveit_msgs/lib/python3.12/site-packages/moveit_msgs/srv/_get_motion_sequence_s.c
[6.894s] -- Up-to-date: /home/habibahassan/project/install/moveit_msgs/lib/python3.12/site-packages/moveit_msgs/srv/_load_geometry_from_file_s.c
[6.895s] -- Up-to-date: /home/habibahassan/project/install/moveit_msgs/lib/python3.12/site-packages/moveit_msgs/srv/_query_planner_interfaces.py
[6.895s] -- Up-to-date: /home/habibahassan/project/install/moveit_msgs/lib/python3.12/site-packages/moveit_msgs/srv/_query_planner_interfaces_s.c
[6.896s] -- Up-to-date: /home/habibahassan/project/install/moveit_msgs/lib/python3.12/site-packages/moveit_msgs/srv/_save_robot_state_to_warehouse.py
[6.896s] -- Up-to-date: /home/habibahassan/project/install/moveit_msgs/lib/python3.12/site-packages/moveit_msgs/srv/_get_motion_sequence.py
[6.897s] -- Up-to-date: /home/habibahassan/project/install/moveit_msgs/lib/python3.12/site-packages/moveit_msgs/srv/_save_geometry_to_file_s.c
[6.898s] -- Up-to-date: /home/habibahassan/project/install/moveit_msgs/lib/python3.12/site-packages/moveit_msgs/srv/_update_pointcloud_octomap.py
[6.898s] -- Up-to-date: /home/habibahassan/project/install/moveit_msgs/lib/python3.12/site-packages/moveit_msgs/srv/_list_robot_states_in_warehouse.py
[6.899s] -- Up-to-date: /home/habibahassan/project/install/moveit_msgs/lib/python3.12/site-packages/moveit_msgs/srv/_apply_planning_scene.py
[6.900s] -- Up-to-date: /home/habibahassan/project/install/moveit_msgs/lib/python3.12/site-packages/moveit_msgs/srv/_servo_command_type.py
[6.900s] -- Up-to-date: /home/habibahassan/project/install/moveit_msgs/lib/python3.12/site-packages/moveit_msgs/srv/_delete_robot_state_from_warehouse.py
[6.901s] -- Up-to-date: /home/habibahassan/project/install/moveit_msgs/lib/python3.12/site-packages/moveit_msgs/srv/_get_cartesian_path.py
[6.902s] -- Up-to-date: /home/habibahassan/project/install/moveit_msgs/lib/python3.12/site-packages/moveit_msgs/srv/_save_map_s.c
[6.902s] -- Up-to-date: /home/habibahassan/project/install/moveit_msgs/lib/python3.12/site-packages/moveit_msgs/srv/_get_group_urdf_s.c
[6.903s] -- Up-to-date: /home/habibahassan/project/install/moveit_msgs/lib/python3.12/site-packages/moveit_msgs/srv/_rename_robot_state_in_warehouse_s.c
[6.903s] -- Up-to-date: /home/habibahassan/project/install/moveit_msgs/lib/python3.12/site-packages/moveit_msgs/srv/_get_cartesian_path_s.c
[6.904s] -- Up-to-date: /home/habibahassan/project/install/moveit_msgs/lib/python3.12/site-packages/moveit_msgs/srv/_get_position_fk_s.c
[6.904s] -- Up-to-date: /home/habibahassan/project/install/moveit_msgs/lib/python3.12/site-packages/moveit_msgs/srv/_get_robot_state_from_warehouse.py
[6.904s] -- Up-to-date: /home/habibahassan/project/install/moveit_msgs/lib/python3.12/site-packages/moveit_msgs/srv/_check_if_robot_state_exists_in_warehouse_s.c
[6.905s] -- Up-to-date: /home/habibahassan/project/install/moveit_msgs/lib/python3.12/site-packages/moveit_msgs/srv/_get_robot_state_from_warehouse_s.c
[6.906s] -- Up-to-date: /home/habibahassan/project/install/moveit_msgs/lib/python3.12/site-packages/moveit_msgs/srv/_get_planner_params.py
[6.906s] -- Up-to-date: /home/habibahassan/project/install/moveit_msgs/lib/python3.12/site-packages/moveit_msgs/srv/_get_position_ik_s.c
[6.907s] -- Up-to-date: /home/habibahassan/project/install/moveit_msgs/lib/python3.12/site-packages/moveit_msgs/srv/_get_motion_plan_s.c
[6.908s] -- Up-to-date: /home/habibahassan/project/install/moveit_msgs/lib/python3.12/site-packages/moveit_msgs/srv/_get_position_fk.py
[6.908s] -- Up-to-date: /home/habibahassan/project/install/moveit_msgs/lib/python3.12/site-packages/moveit_msgs/srv/_get_state_validity_s.c
[6.909s] -- Up-to-date: /home/habibahassan/project/install/moveit_msgs/lib/python3.12/site-packages/moveit_msgs/srv/_save_geometry_to_file.py
[6.909s] -- Up-to-date: /home/habibahassan/project/install/moveit_msgs/lib/python3.12/site-packages/moveit_msgs/srv/_save_robot_state_to_warehouse_s.c
[6.910s] -- Up-to-date: /home/habibahassan/project/install/moveit_msgs/lib/python3.12/site-packages/moveit_msgs/srv/_get_position_ik.py
[6.910s] -- Up-to-date: /home/habibahassan/project/install/moveit_msgs/lib/python3.12/site-packages/moveit_msgs/srv/_set_planner_params.py
[6.911s] -- Up-to-date: /home/habibahassan/project/install/moveit_msgs/lib/python3.12/site-packages/moveit_msgs/action
[6.911s] -- Up-to-date: /home/habibahassan/project/install/moveit_msgs/lib/python3.12/site-packages/moveit_msgs/action/_local_planner_s.c
[6.912s] -- Up-to-date: /home/habibahassan/project/install/moveit_msgs/lib/python3.12/site-packages/moveit_msgs/action/_global_planner.py
[6.912s] -- Up-to-date: /home/habibahassan/project/install/moveit_msgs/lib/python3.12/site-packages/moveit_msgs/action/_move_group_sequence.py
[6.913s] -- Up-to-date: /home/habibahassan/project/install/moveit_msgs/lib/python3.12/site-packages/moveit_msgs/action/__init__.py
[6.914s] -- Up-to-date: /home/habibahassan/project/install/moveit_msgs/lib/python3.12/site-packages/moveit_msgs/action/_hybrid_planner_s.c
[6.915s] -- Up-to-date: /home/habibahassan/project/install/moveit_msgs/lib/python3.12/site-packages/moveit_msgs/action/_move_group.py
[6.916s] -- Up-to-date: /home/habibahassan/project/install/moveit_msgs/lib/python3.12/site-packages/moveit_msgs/action/_place.py
[6.916s] -- Up-to-date: /home/habibahassan/project/install/moveit_msgs/lib/python3.12/site-packages/moveit_msgs/action/_move_group_sequence_s.c
[6.917s] -- Up-to-date: /home/habibahassan/project/install/moveit_msgs/lib/python3.12/site-packages/moveit_msgs/action/_local_planner.py
[6.917s] -- Up-to-date: /home/habibahassan/project/install/moveit_msgs/lib/python3.12/site-packages/moveit_msgs/action/_pickup_s.c
[6.917s] -- Up-to-date: /home/habibahassan/project/install/moveit_msgs/lib/python3.12/site-packages/moveit_msgs/action/_global_planner_s.c
[6.918s] -- Up-to-date: /home/habibahassan/project/install/moveit_msgs/lib/python3.12/site-packages/moveit_msgs/action/_hybrid_planner.py
[6.918s] -- Up-to-date: /home/habibahassan/project/install/moveit_msgs/lib/python3.12/site-packages/moveit_msgs/action/_execute_trajectory_s.c
[6.919s] -- Up-to-date: /home/habibahassan/project/install/moveit_msgs/lib/python3.12/site-packages/moveit_msgs/action/_move_group_s.c
[6.920s] -- Up-to-date: /home/habibahassan/project/install/moveit_msgs/lib/python3.12/site-packages/moveit_msgs/action/_execute_trajectory.py
[6.921s] -- Up-to-date: /home/habibahassan/project/install/moveit_msgs/lib/python3.12/site-packages/moveit_msgs/action/_place_s.c
[6.921s] -- Up-to-date: /home/habibahassan/project/install/moveit_msgs/lib/python3.12/site-packages/moveit_msgs/action/_pickup.py
[6.922s] -- Up-to-date: /home/habibahassan/project/install/moveit_msgs/lib/python3.12/site-packages/moveit_msgs/__init__.py
[6.922s] -- Up-to-date: /home/habibahassan/project/install/moveit_msgs/lib/python3.12/site-packages/moveit_msgs/moveit_msgs_s__rosidl_typesupport_introspection_c.so
[6.923s] -- Up-to-date: /home/habibahassan/project/install/moveit_msgs/lib/python3.12/site-packages/moveit_msgs/_moveit_msgs_s.ep.rosidl_typesupport_fastrtps_c.c
[6.923s] -- Up-to-date: /home/habibahassan/project/install/moveit_msgs/lib/python3.12/site-packages/moveit_msgs/msg
[6.923s] -- Up-to-date: /home/habibahassan/project/install/moveit_msgs/lib/python3.12/site-packages/moveit_msgs/msg/_motion_sequence_response.py
[6.924s] -- Up-to-date: /home/habibahassan/project/install/moveit_msgs/lib/python3.12/site-packages/moveit_msgs/msg/_robot_trajectory_s.c
[6.924s] -- Up-to-date: /home/habibahassan/project/install/moveit_msgs/lib/python3.12/site-packages/moveit_msgs/msg/_display_trajectory.py
[6.924s] -- Up-to-date: /home/habibahassan/project/install/moveit_msgs/lib/python3.12/site-packages/moveit_msgs/msg/_kinematic_solver_info.py
[6.925s] -- Up-to-date: /home/habibahassan/project/install/moveit_msgs/lib/python3.12/site-packages/moveit_msgs/msg/_oriented_bounding_box.py
[6.925s] -- Up-to-date: /home/habibahassan/project/install/moveit_msgs/lib/python3.12/site-packages/moveit_msgs/msg/_joint_limits.py
[6.925s] -- Up-to-date: /home/habibahassan/project/install/moveit_msgs/lib/python3.12/site-packages/moveit_msgs/msg/_cartesian_trajectory_point_s.c
[6.926s] -- Up-to-date: /home/habibahassan/project/install/moveit_msgs/lib/python3.12/site-packages/moveit_msgs/msg/_planning_scene_components.py
[6.926s] -- Up-to-date: /home/habibahassan/project/install/moveit_msgs/lib/python3.12/site-packages/moveit_msgs/msg/_allowed_collision_entry.py
[6.927s] -- Up-to-date: /home/habibahassan/project/install/moveit_msgs/lib/python3.12/site-packages/moveit_msgs/msg/_visibility_constraint_s.c
[6.927s] -- Up-to-date: /home/habibahassan/project/install/moveit_msgs/lib/python3.12/site-packages/moveit_msgs/msg/_allowed_collision_entry_s.c
[6.927s] -- Up-to-date: /home/habibahassan/project/install/moveit_msgs/lib/python3.12/site-packages/moveit_msgs/msg/_position_constraint.py
[6.928s] -- Up-to-date: /home/habibahassan/project/install/moveit_msgs/lib/python3.12/site-packages/moveit_msgs/msg/_gripper_translation.py
[6.928s] -- Up-to-date: /home/habibahassan/project/install/moveit_msgs/lib/python3.12/site-packages/moveit_msgs/msg/_planning_scene_world.py
[6.928s] -- Up-to-date: /home/habibahassan/project/install/moveit_msgs/lib/python3.12/site-packages/moveit_msgs/msg/__init__.py
[6.928s] -- Up-to-date: /home/habibahassan/project/install/moveit_msgs/lib/python3.12/site-packages/moveit_msgs/msg/_planner_interface_description.py
[6.929s] -- Up-to-date: /home/habibahassan/project/install/moveit_msgs/lib/python3.12/site-packages/moveit_msgs/msg/_display_trajectory_s.c
[6.929s] -- Up-to-date: /home/habibahassan/project/install/moveit_msgs/lib/python3.12/site-packages/moveit_msgs/msg/_cartesian_trajectory_point.py
[6.929s] -- Up-to-date: /home/habibahassan/project/install/moveit_msgs/lib/python3.12/site-packages/moveit_msgs/msg/_generic_trajectory.py
[6.929s] -- Up-to-date: /home/habibahassan/project/install/moveit_msgs/lib/python3.12/site-packages/moveit_msgs/msg/_grasp.py
[6.930s] -- Up-to-date: /home/habibahassan/project/install/moveit_msgs/lib/python3.12/site-packages/moveit_msgs/msg/_orientation_constraint.py
[6.931s] -- Up-to-date: /home/habibahassan/project/install/moveit_msgs/lib/python3.12/site-packages/moveit_msgs/msg/_pipeline_state.py
[6.932s] -- Up-to-date: /home/habibahassan/project/install/moveit_msgs/lib/python3.12/site-packages/moveit_msgs/msg/_link_padding_s.c
[6.933s] -- Up-to-date: /home/habibahassan/project/install/moveit_msgs/lib/python3.12/site-packages/moveit_msgs/msg/_pipeline_state_s.c
[6.933s] -- Up-to-date: /home/habibahassan/project/install/moveit_msgs/lib/python3.12/site-packages/moveit_msgs/msg/_bounding_volume.py
[6.935s] -- Up-to-date: /home/habibahassan/project/install/moveit_msgs/lib/python3.12/site-packages/moveit_msgs/msg/_collision_object_s.c
[6.935s] -- Up-to-date: /home/habibahassan/project/install/moveit_msgs/lib/python3.12/site-packages/moveit_msgs/msg/_motion_sequence_item_s.c
[6.936s] -- Up-to-date: /home/habibahassan/project/install/moveit_msgs/lib/python3.12/site-packages/moveit_msgs/msg/_attached_collision_object_s.c
[6.937s] -- Up-to-date: /home/habibahassan/project/install/moveit_msgs/lib/python3.12/site-packages/moveit_msgs/msg/_joint_limits_s.c
[6.938s] -- Up-to-date: /home/habibahassan/project/install/moveit_msgs/lib/python3.12/site-packages/moveit_msgs/msg/_trajectory_constraints_s.c
[6.938s] -- Up-to-date: /home/habibahassan/project/install/moveit_msgs/lib/python3.12/site-packages/moveit_msgs/msg/_grasp_s.c
[6.939s] -- Up-to-date: /home/habibahassan/project/install/moveit_msgs/lib/python3.12/site-packages/moveit_msgs/msg/_allowed_collision_matrix.py
[6.941s] -- Up-to-date: /home/habibahassan/project/install/moveit_msgs/lib/python3.12/site-packages/moveit_msgs/msg/_cartesian_point.py
[6.942s] -- Up-to-date: /home/habibahassan/project/install/moveit_msgs/lib/python3.12/site-packages/moveit_msgs/msg/_motion_sequence_request_s.c
[6.942s] -- Up-to-date: /home/habibahassan/project/install/moveit_msgs/lib/python3.12/site-packages/moveit_msgs/msg/_motion_plan_detailed_response.py
[6.942s] -- Up-to-date: /home/habibahassan/project/install/moveit_msgs/lib/python3.12/site-packages/moveit_msgs/msg/_move_it_error_codes_s.c
[6.943s] -- Up-to-date: /home/habibahassan/project/install/moveit_msgs/lib/python3.12/site-packages/moveit_msgs/msg/_planner_interface_description_s.c
[6.943s] -- Up-to-date: /home/habibahassan/project/install/moveit_msgs/lib/python3.12/site-packages/moveit_msgs/msg/_constraints.py
[6.944s] -- Up-to-date: /home/habibahassan/project/install/moveit_msgs/lib/python3.12/site-packages/moveit_msgs/msg/_place_location_s.c
[6.945s] -- Up-to-date: /home/habibahassan/project/install/moveit_msgs/lib/python3.12/site-packages/moveit_msgs/msg/_planning_options_s.c
[6.945s] -- Up-to-date: /home/habibahassan/project/install/moveit_msgs/lib/python3.12/site-packages/moveit_msgs/msg/_workspace_parameters_s.c
[6.946s] -- Up-to-date: /home/habibahassan/project/install/moveit_msgs/lib/python3.12/site-packages/moveit_msgs/msg/_constraint_eval_result_s.c
[6.946s] -- Up-to-date: /home/habibahassan/project/install/moveit_msgs/lib/python3.12/site-packages/moveit_msgs/msg/_position_ik_request_s.c
[6.947s] -- Up-to-date: /home/habibahassan/project/install/moveit_msgs/lib/python3.12/site-packages/moveit_msgs/msg/_planning_scene.py
[6.947s] -- Up-to-date: /home/habibahassan/project/install/moveit_msgs/lib/python3.12/site-packages/moveit_msgs/msg/_attached_collision_object.py
[6.947s] -- Up-to-date: /home/habibahassan/project/install/moveit_msgs/lib/python3.12/site-packages/moveit_msgs/msg/_collision_object.py
[6.947s] -- Up-to-date: /home/habibahassan/project/install/moveit_msgs/lib/python3.12/site-packages/moveit_msgs/msg/_servo_status.py
[6.947s] -- Up-to-date: /home/habibahassan/project/install/moveit_msgs/lib/python3.12/site-packages/moveit_msgs/msg/_place_location.py
[6.948s] -- Up-to-date: /home/habibahassan/project/install/moveit_msgs/lib/python3.12/site-packages/moveit_msgs/msg/_joint_constraint_s.c
[6.948s] -- Up-to-date: /home/habibahassan/project/install/moveit_msgs/lib/python3.12/site-packages/moveit_msgs/msg/_motion_plan_detailed_response_s.c
[6.948s] -- Up-to-date: /home/habibahassan/project/install/moveit_msgs/lib/python3.12/site-packages/moveit_msgs/msg/_cartesian_trajectory.py
[6.948s] -- Up-to-date: /home/habibahassan/project/install/moveit_msgs/lib/python3.12/site-packages/moveit_msgs/msg/_position_ik_request.py
[6.948s] -- Up-to-date: /home/habibahassan/project/install/moveit_msgs/lib/python3.12/site-packages/moveit_msgs/msg/_link_padding.py
[6.949s] -- Up-to-date: /home/habibahassan/project/install/moveit_msgs/lib/python3.12/site-packages/moveit_msgs/msg/_joint_constraint.py
[6.949s] -- Up-to-date: /home/habibahassan/project/install/moveit_msgs/lib/python3.12/site-packages/moveit_msgs/msg/_motion_plan_response_s.c
[6.949s] -- Up-to-date: /home/habibahassan/project/install/moveit_msgs/lib/python3.12/site-packages/moveit_msgs/msg/_cost_source_s.c
[6.949s] -- Up-to-date: /home/habibahassan/project/install/moveit_msgs/lib/python3.12/site-packages/moveit_msgs/msg/_contact_information_s.c
[6.949s] -- Up-to-date: /home/habibahassan/project/install/moveit_msgs/lib/python3.12/site-packages/moveit_msgs/msg/_move_it_error_codes.py
[6.949s] -- Up-to-date: /home/habibahassan/project/install/moveit_msgs/lib/python3.12/site-packages/moveit_msgs/msg/_link_scale_s.c
[6.950s] -- Up-to-date: /home/habibahassan/project/install/moveit_msgs/lib/python3.12/site-packages/moveit_msgs/msg/_oriented_bounding_box_s.c
[6.950s] -- Up-to-date: /home/habibahassan/project/install/moveit_msgs/lib/python3.12/site-packages/moveit_msgs/msg/_kinematic_solver_info_s.c
[6.950s] -- Up-to-date: /home/habibahassan/project/install/moveit_msgs/lib/python3.12/site-packages/moveit_msgs/msg/_cost_source.py
[6.950s] -- Up-to-date: /home/habibahassan/project/install/moveit_msgs/lib/python3.12/site-packages/moveit_msgs/msg/_planner_params.py
[6.950s] -- Up-to-date: /home/habibahassan/project/install/moveit_msgs/lib/python3.12/site-packages/moveit_msgs/msg/_workspace_parameters.py
[6.951s] -- Up-to-date: /home/habibahassan/project/install/moveit_msgs/lib/python3.12/site-packages/moveit_msgs/msg/_contact_information.py
[6.951s] -- Up-to-date: /home/habibahassan/project/install/moveit_msgs/lib/python3.12/site-packages/moveit_msgs/msg/_gripper_translation_s.c
[6.951s] -- Up-to-date: /home/habibahassan/project/install/moveit_msgs/lib/python3.12/site-packages/moveit_msgs/msg/_constraint_eval_result.py
[6.952s] -- Up-to-date: /home/habibahassan/project/install/moveit_msgs/lib/python3.12/site-packages/moveit_msgs/msg/_cartesian_point_s.c
[6.955s] -- Up-to-date: /home/habibahassan/project/install/moveit_msgs/lib/python3.12/site-packages/moveit_msgs/msg/_cartesian_trajectory_s.c
[6.955s] -- Up-to-date: /home/habibahassan/project/install/moveit_msgs/lib/python3.12/site-packages/moveit_msgs/msg/_display_robot_state_s.c
[6.956s] -- Up-to-date: /home/habibahassan/project/install/moveit_msgs/lib/python3.12/site-packages/moveit_msgs/msg/_orientation_constraint_s.c
[6.957s] -- Up-to-date: /home/habibahassan/project/install/moveit_msgs/lib/python3.12/site-packages/moveit_msgs/msg/_motion_sequence_item.py
[6.959s] -- Up-to-date: /home/habibahassan/project/install/moveit_msgs/lib/python3.12/site-packages/moveit_msgs/msg/_allowed_collision_matrix_s.c
[6.964s] -- Up-to-date: /home/habibahassan/project/install/moveit_msgs/lib/python3.12/site-packages/moveit_msgs/msg/_constraints_s.c
[6.966s] -- Up-to-date: /home/habibahassan/project/install/moveit_msgs/lib/python3.12/site-packages/moveit_msgs/msg/_motion_sequence_request.py
[6.966s] -- Up-to-date: /home/habibahassan/project/install/moveit_msgs/lib/python3.12/site-packages/moveit_msgs/msg/_visibility_constraint.py
[6.967s] -- Up-to-date: /home/habibahassan/project/install/moveit_msgs/lib/python3.12/site-packages/moveit_msgs/msg/_motion_plan_request_s.c
[6.967s] -- Up-to-date: /home/habibahassan/project/install/moveit_msgs/lib/python3.12/site-packages/moveit_msgs/msg/_robot_state_s.c
[6.968s] -- Up-to-date: /home/habibahassan/project/install/moveit_msgs/lib/python3.12/site-packages/moveit_msgs/msg/_bounding_volume_s.c
[6.968s] -- Up-to-date: /home/habibahassan/project/install/moveit_msgs/lib/python3.12/site-packages/moveit_msgs/msg/_planner_params_s.c
[6.969s] -- Up-to-date: /home/habibahassan/project/install/moveit_msgs/lib/python3.12/site-packages/moveit_msgs/msg/_robot_state.py
[6.969s] -- Up-to-date: /home/habibahassan/project/install/moveit_msgs/lib/python3.12/site-packages/moveit_msgs/msg/_display_robot_state.py
[6.970s] -- Up-to-date: /home/habibahassan/project/install/moveit_msgs/lib/python3.12/site-packages/moveit_msgs/msg/_servo_status_s.c
[6.970s] -- Up-to-date: /home/habibahassan/project/install/moveit_msgs/lib/python3.12/site-packages/moveit_msgs/msg/_object_color.py
[6.971s] -- Up-to-date: /home/habibahassan/project/install/moveit_msgs/lib/python3.12/site-packages/moveit_msgs/msg/_position_constraint_s.c
[6.971s] -- Up-to-date: /home/habibahassan/project/install/moveit_msgs/lib/python3.12/site-packages/moveit_msgs/msg/_planning_scene_s.c
[6.972s] -- Up-to-date: /home/habibahassan/project/install/moveit_msgs/lib/python3.12/site-packages/moveit_msgs/msg/_object_color_s.c
[6.973s] -- Up-to-date: /home/habibahassan/project/install/moveit_msgs/lib/python3.12/site-packages/moveit_msgs/msg/_motion_plan_request.py
[6.974s] -- Up-to-date: /home/habibahassan/project/install/moveit_msgs/lib/python3.12/site-packages/moveit_msgs/msg/_robot_trajectory.py
[6.974s] -- Up-to-date: /home/habibahassan/project/install/moveit_msgs/lib/python3.12/site-packages/moveit_msgs/msg/_planning_options.py
[6.974s] -- Up-to-date: /home/habibahassan/project/install/moveit_msgs/lib/python3.12/site-packages/moveit_msgs/msg/_motion_plan_response.py
[6.975s] -- Up-to-date: /home/habibahassan/project/install/moveit_msgs/lib/python3.12/site-packages/moveit_msgs/msg/_motion_sequence_response_s.c
[6.976s] -- Up-to-date: /home/habibahassan/project/install/moveit_msgs/lib/python3.12/site-packages/moveit_msgs/msg/_planning_scene_world_s.c
[6.977s] -- Up-to-date: /home/habibahassan/project/install/moveit_msgs/lib/python3.12/site-packages/moveit_msgs/msg/_trajectory_constraints.py
[6.978s] -- Up-to-date: /home/habibahassan/project/install/moveit_msgs/lib/python3.12/site-packages/moveit_msgs/msg/_planning_scene_components_s.c
[6.981s] -- Up-to-date: /home/habibahassan/project/install/moveit_msgs/lib/python3.12/site-packages/moveit_msgs/msg/_generic_trajectory_s.c
[6.982s] -- Up-to-date: /home/habibahassan/project/install/moveit_msgs/lib/python3.12/site-packages/moveit_msgs/msg/_link_scale.py
[6.982s] -- Up-to-date: /home/habibahassan/project/install/moveit_msgs/lib/python3.12/site-packages/moveit_msgs/_moveit_msgs_s.ep.rosidl_typesupport_c.c
[6.983s] -- Up-to-date: /home/habibahassan/project/install/moveit_msgs/lib/python3.12/site-packages/moveit_msgs/_moveit_msgs_s.ep.rosidl_typesupport_introspection_c.c
[6.983s] -- Up-to-date: /home/habibahassan/project/install/moveit_msgs/lib/python3.12/site-packages/moveit_msgs/moveit_msgs_s__rosidl_typesupport_c.so
[6.984s] -- Up-to-date: /home/habibahassan/project/install/moveit_msgs/lib/python3.12/site-packages/moveit_msgs/moveit_msgs_s__rosidl_typesupport_fastrtps_c.so
[6.993s] Listing '/home/habibahassan/project/install/moveit_msgs/lib/python3.12/site-packages/moveit_msgs'...
[6.993s] Listing '/home/habibahassan/project/install/moveit_msgs/lib/python3.12/site-packages/moveit_msgs/action'...
[6.994s] Listing '/home/habibahassan/project/install/moveit_msgs/lib/python3.12/site-packages/moveit_msgs/msg'...
[6.994s] Listing '/home/habibahassan/project/install/moveit_msgs/lib/python3.12/site-packages/moveit_msgs/srv'...
[7.018s] -- Up-to-date: /home/habibahassan/project/install/moveit_msgs/lib/python3.12/site-packages/moveit_msgs/moveit_msgs_s__rosidl_typesupport_fastrtps_c.so
[7.019s] -- Up-to-date: /home/habibahassan/project/install/moveit_msgs/lib/python3.12/site-packages/moveit_msgs/moveit_msgs_s__rosidl_typesupport_introspection_c.so
[7.020s] -- Up-to-date: /home/habibahassan/project/install/moveit_msgs/lib/python3.12/site-packages/moveit_msgs/moveit_msgs_s__rosidl_typesupport_c.so
[7.021s] -- Up-to-date: /home/habibahassan/project/install/moveit_msgs/lib/libmoveit_msgs__rosidl_generator_py.so
[7.021s] -- Up-to-date: /home/habibahassan/project/install/moveit_msgs/share/moveit_msgs/msg/AllowedCollisionEntry.idl
[7.021s] -- Up-to-date: /home/habibahassan/project/install/moveit_msgs/share/moveit_msgs/msg/AllowedCollisionMatrix.idl
[7.022s] -- Up-to-date: /home/habibahassan/project/install/moveit_msgs/share/moveit_msgs/msg/AttachedCollisionObject.idl
[7.023s] -- Up-to-date: /home/habibahassan/project/install/moveit_msgs/share/moveit_msgs/msg/BoundingVolume.idl
[7.023s] -- Up-to-date: /home/habibahassan/project/install/moveit_msgs/share/moveit_msgs/msg/CartesianPoint.idl
[7.023s] -- Up-to-date: /home/habibahassan/project/install/moveit_msgs/share/moveit_msgs/msg/CartesianTrajectory.idl
[7.024s] -- Up-to-date: /home/habibahassan/project/install/moveit_msgs/share/moveit_msgs/msg/CartesianTrajectoryPoint.idl
[7.024s] -- Up-to-date: /home/habibahassan/project/install/moveit_msgs/share/moveit_msgs/msg/CollisionObject.idl
[7.024s] -- Up-to-date: /home/habibahassan/project/install/moveit_msgs/share/moveit_msgs/msg/ConstraintEvalResult.idl
[7.025s] -- Up-to-date: /home/habibahassan/project/install/moveit_msgs/share/moveit_msgs/msg/Constraints.idl
[7.026s] -- Up-to-date: /home/habibahassan/project/install/moveit_msgs/share/moveit_msgs/msg/CostSource.idl
[7.026s] -- Up-to-date: /home/habibahassan/project/install/moveit_msgs/share/moveit_msgs/msg/ContactInformation.idl
[7.027s] -- Up-to-date: /home/habibahassan/project/install/moveit_msgs/share/moveit_msgs/msg/DisplayTrajectory.idl
[7.027s] -- Up-to-date: /home/habibahassan/project/install/moveit_msgs/share/moveit_msgs/msg/DisplayRobotState.idl
[7.028s] -- Up-to-date: /home/habibahassan/project/install/moveit_msgs/share/moveit_msgs/msg/GenericTrajectory.idl
[7.030s] -- Up-to-date: /home/habibahassan/project/install/moveit_msgs/share/moveit_msgs/msg/Grasp.idl
[7.033s] -- Up-to-date: /home/habibahassan/project/install/moveit_msgs/share/moveit_msgs/msg/GripperTranslation.idl
[7.034s] -- Up-to-date: /home/habibahassan/project/install/moveit_msgs/share/moveit_msgs/msg/JointConstraint.idl
[7.039s] -- Up-to-date: /home/habibahassan/project/install/moveit_msgs/share/moveit_msgs/msg/JointLimits.idl
[7.039s] -- Up-to-date: /home/habibahassan/project/install/moveit_msgs/share/moveit_msgs/msg/LinkPadding.idl
[7.039s] -- Up-to-date: /home/habibahassan/project/install/moveit_msgs/share/moveit_msgs/msg/LinkScale.idl
[7.039s] -- Up-to-date: /home/habibahassan/project/install/moveit_msgs/share/moveit_msgs/msg/MotionPlanRequest.idl
[7.040s] -- Up-to-date: /home/habibahassan/project/install/moveit_msgs/share/moveit_msgs/msg/MotionPlanResponse.idl
[7.040s] -- Up-to-date: /home/habibahassan/project/install/moveit_msgs/share/moveit_msgs/msg/MotionPlanDetailedResponse.idl
[7.040s] -- Up-to-date: /home/habibahassan/project/install/moveit_msgs/share/moveit_msgs/msg/MotionSequenceItem.idl
[7.040s] -- Up-to-date: /home/habibahassan/project/install/moveit_msgs/share/moveit_msgs/msg/MotionSequenceRequest.idl
[7.040s] -- Up-to-date: /home/habibahassan/project/install/moveit_msgs/share/moveit_msgs/msg/MotionSequenceResponse.idl
[7.041s] -- Up-to-date: /home/habibahassan/project/install/moveit_msgs/share/moveit_msgs/msg/MoveItErrorCodes.idl
[7.041s] -- Up-to-date: /home/habibahassan/project/install/moveit_msgs/share/moveit_msgs/msg/TrajectoryConstraints.idl
[7.041s] -- Up-to-date: /home/habibahassan/project/install/moveit_msgs/share/moveit_msgs/msg/ObjectColor.idl
[7.041s] -- Up-to-date: /home/habibahassan/project/install/moveit_msgs/share/moveit_msgs/msg/OrientationConstraint.idl
[7.041s] -- Up-to-date: /home/habibahassan/project/install/moveit_msgs/share/moveit_msgs/msg/OrientedBoundingBox.idl
[7.042s] -- Up-to-date: /home/habibahassan/project/install/moveit_msgs/share/moveit_msgs/msg/PlaceLocation.idl
[7.042s] -- Up-to-date: /home/habibahassan/project/install/moveit_msgs/share/moveit_msgs/msg/PlannerInterfaceDescription.idl
[7.043s] -- Up-to-date: /home/habibahassan/project/install/moveit_msgs/share/moveit_msgs/msg/PlannerParams.idl
[7.045s] -- Up-to-date: /home/habibahassan/project/install/moveit_msgs/share/moveit_msgs/msg/PlanningScene.idl
[7.048s] -- Up-to-date: /home/habibahassan/project/install/moveit_msgs/share/moveit_msgs/msg/PlanningSceneComponents.idl
[7.049s] -- Up-to-date: /home/habibahassan/project/install/moveit_msgs/share/moveit_msgs/msg/PlanningSceneWorld.idl
[7.050s] -- Up-to-date: /home/habibahassan/project/install/moveit_msgs/share/moveit_msgs/msg/PlanningOptions.idl
[7.050s] -- Up-to-date: /home/habibahassan/project/install/moveit_msgs/share/moveit_msgs/msg/PositionConstraint.idl
[7.050s] -- Up-to-date: /home/habibahassan/project/install/moveit_msgs/share/moveit_msgs/msg/RobotState.idl
[7.051s] -- Up-to-date: /home/habibahassan/project/install/moveit_msgs/share/moveit_msgs/msg/RobotTrajectory.idl
[7.051s] -- Up-to-date: /home/habibahassan/project/install/moveit_msgs/share/moveit_msgs/msg/VisibilityConstraint.idl
[7.052s] -- Up-to-date: /home/habibahassan/project/install/moveit_msgs/share/moveit_msgs/msg/WorkspaceParameters.idl
[7.054s] -- Up-to-date: /home/habibahassan/project/install/moveit_msgs/share/moveit_msgs/msg/KinematicSolverInfo.idl
[7.055s] -- Up-to-date: /home/habibahassan/project/install/moveit_msgs/share/moveit_msgs/msg/PositionIKRequest.idl
[7.055s] -- Up-to-date: /home/habibahassan/project/install/moveit_msgs/share/moveit_msgs/msg/PipelineState.idl
[7.056s] -- Up-to-date: /home/habibahassan/project/install/moveit_msgs/share/moveit_msgs/msg/ServoStatus.idl
[7.056s] -- Up-to-date: /home/habibahassan/project/install/moveit_msgs/share/moveit_msgs/srv/GetMotionPlan.idl
[7.056s] -- Up-to-date: /home/habibahassan/project/install/moveit_msgs/share/moveit_msgs/srv/GetStateValidity.idl
[7.056s] -- Up-to-date: /home/habibahassan/project/install/moveit_msgs/share/moveit_msgs/srv/GetCartesianPath.idl
[7.057s] -- Up-to-date: /home/habibahassan/project/install/moveit_msgs/share/moveit_msgs/srv/GetPlanningScene.idl
[7.057s] -- Up-to-date: /home/habibahassan/project/install/moveit_msgs/share/moveit_msgs/srv/GraspPlanning.idl
[7.057s] -- Up-to-date: /home/habibahassan/project/install/moveit_msgs/share/moveit_msgs/srv/ApplyPlanningScene.idl
[7.057s] -- Up-to-date: /home/habibahassan/project/install/moveit_msgs/share/moveit_msgs/srv/QueryPlannerInterfaces.idl
[7.058s] -- Up-to-date: /home/habibahassan/project/install/moveit_msgs/share/moveit_msgs/srv/GetMotionSequence.idl
[7.058s] -- Up-to-date: /home/habibahassan/project/install/moveit_msgs/share/moveit_msgs/srv/GetPositionFK.idl
[7.058s] -- Up-to-date: /home/habibahassan/project/install/moveit_msgs/share/moveit_msgs/srv/GetPositionIK.idl
[7.058s] -- Up-to-date: /home/habibahassan/project/install/moveit_msgs/share/moveit_msgs/srv/GetPlannerParams.idl
[7.058s] -- Up-to-date: /home/habibahassan/project/install/moveit_msgs/share/moveit_msgs/srv/SetPlannerParams.idl
[7.059s] -- Up-to-date: /home/habibahassan/project/install/moveit_msgs/share/moveit_msgs/srv/UpdatePointcloudOctomap.idl
[7.059s] -- Up-to-date: /home/habibahassan/project/install/moveit_msgs/share/moveit_msgs/srv/SaveGeometryToFile.idl
[7.059s] -- Up-to-date: /home/habibahassan/project/install/moveit_msgs/share/moveit_msgs/srv/SaveMap.idl
[7.059s] -- Up-to-date: /home/habibahassan/project/install/moveit_msgs/share/moveit_msgs/srv/LoadGeometryFromFile.idl
[7.059s] -- Up-to-date: /home/habibahassan/project/install/moveit_msgs/share/moveit_msgs/srv/LoadMap.idl
[7.060s] -- Up-to-date: /home/habibahassan/project/install/moveit_msgs/share/moveit_msgs/srv/SaveRobotStateToWarehouse.idl
[7.060s] -- Up-to-date: /home/habibahassan/project/install/moveit_msgs/share/moveit_msgs/srv/ListRobotStatesInWarehouse.idl
[7.060s] -- Up-to-date: /home/habibahassan/project/install/moveit_msgs/share/moveit_msgs/srv/GetRobotStateFromWarehouse.idl
[7.060s] -- Up-to-date: /home/habibahassan/project/install/moveit_msgs/share/moveit_msgs/srv/CheckIfRobotStateExistsInWarehouse.idl
[7.060s] -- Up-to-date: /home/habibahassan/project/install/moveit_msgs/share/moveit_msgs/srv/RenameRobotStateInWarehouse.idl
[7.061s] -- Up-to-date: /home/habibahassan/project/install/moveit_msgs/share/moveit_msgs/srv/DeleteRobotStateFromWarehouse.idl
[7.061s] -- Up-to-date: /home/habibahassan/project/install/moveit_msgs/share/moveit_msgs/srv/ServoCommandType.idl
[7.061s] -- Up-to-date: /home/habibahassan/project/install/moveit_msgs/share/moveit_msgs/srv/GetGroupUrdf.idl
[7.061s] -- Up-to-date: /home/habibahassan/project/install/moveit_msgs/share/moveit_msgs/action/ExecuteTrajectory.idl
[7.061s] -- Up-to-date: /home/habibahassan/project/install/moveit_msgs/share/moveit_msgs/action/MoveGroup.idl
[7.062s] -- Up-to-date: /home/habibahassan/project/install/moveit_msgs/share/moveit_msgs/action/MoveGroupSequence.idl
[7.062s] -- Up-to-date: /home/habibahassan/project/install/moveit_msgs/share/moveit_msgs/action/Pickup.idl
[7.062s] -- Up-to-date: /home/habibahassan/project/install/moveit_msgs/share/moveit_msgs/action/Place.idl
[7.062s] -- Up-to-date: /home/habibahassan/project/install/moveit_msgs/share/moveit_msgs/action/LocalPlanner.idl
[7.062s] -- Up-to-date: /home/habibahassan/project/install/moveit_msgs/share/moveit_msgs/action/GlobalPlanner.idl
[7.063s] -- Up-to-date: /home/habibahassan/project/install/moveit_msgs/share/moveit_msgs/action/HybridPlanner.idl
[7.063s] -- Up-to-date: /home/habibahassan/project/install/moveit_msgs/share/moveit_msgs/msg/AllowedCollisionEntry.msg
[7.063s] -- Up-to-date: /home/habibahassan/project/install/moveit_msgs/share/moveit_msgs/msg/AllowedCollisionMatrix.msg
[7.063s] -- Up-to-date: /home/habibahassan/project/install/moveit_msgs/share/moveit_msgs/msg/AttachedCollisionObject.msg
[7.063s] -- Up-to-date: /home/habibahassan/project/install/moveit_msgs/share/moveit_msgs/msg/BoundingVolume.msg
[7.064s] -- Up-to-date: /home/habibahassan/project/install/moveit_msgs/share/moveit_msgs/msg/CartesianPoint.msg
[7.064s] -- Up-to-date: /home/habibahassan/project/install/moveit_msgs/share/moveit_msgs/msg/CartesianTrajectory.msg
[7.064s] -- Up-to-date: /home/habibahassan/project/install/moveit_msgs/share/moveit_msgs/msg/CartesianTrajectoryPoint.msg
[7.064s] -- Up-to-date: /home/habibahassan/project/install/moveit_msgs/share/moveit_msgs/msg/CollisionObject.msg
[7.065s] -- Up-to-date: /home/habibahassan/project/install/moveit_msgs/share/moveit_msgs/msg/ConstraintEvalResult.msg
[7.065s] -- Up-to-date: /home/habibahassan/project/install/moveit_msgs/share/moveit_msgs/msg/Constraints.msg
[7.065s] -- Up-to-date: /home/habibahassan/project/install/moveit_msgs/share/moveit_msgs/msg/CostSource.msg
[7.065s] -- Up-to-date: /home/habibahassan/project/install/moveit_msgs/share/moveit_msgs/msg/ContactInformation.msg
[7.066s] -- Up-to-date: /home/habibahassan/project/install/moveit_msgs/share/moveit_msgs/msg/DisplayTrajectory.msg
[7.066s] -- Up-to-date: /home/habibahassan/project/install/moveit_msgs/share/moveit_msgs/msg/DisplayRobotState.msg
[7.066s] -- Up-to-date: /home/habibahassan/project/install/moveit_msgs/share/moveit_msgs/msg/GenericTrajectory.msg
[7.066s] -- Up-to-date: /home/habibahassan/project/install/moveit_msgs/share/moveit_msgs/msg/Grasp.msg
[7.066s] -- Up-to-date: /home/habibahassan/project/install/moveit_msgs/share/moveit_msgs/msg/GripperTranslation.msg
[7.067s] -- Up-to-date: /home/habibahassan/project/install/moveit_msgs/share/moveit_msgs/msg/JointConstraint.msg
[7.067s] -- Up-to-date: /home/habibahassan/project/install/moveit_msgs/share/moveit_msgs/msg/JointLimits.msg
[7.067s] -- Up-to-date: /home/habibahassan/project/install/moveit_msgs/share/moveit_msgs/msg/LinkPadding.msg
[7.067s] -- Up-to-date: /home/habibahassan/project/install/moveit_msgs/share/moveit_msgs/msg/LinkScale.msg
[7.067s] -- Up-to-date: /home/habibahassan/project/install/moveit_msgs/share/moveit_msgs/msg/MotionPlanRequest.msg
[7.068s] -- Up-to-date: /home/habibahassan/project/install/moveit_msgs/share/moveit_msgs/msg/MotionPlanResponse.msg
[7.068s] -- Up-to-date: /home/habibahassan/project/install/moveit_msgs/share/moveit_msgs/msg/MotionPlanDetailedResponse.msg
[7.068s] -- Up-to-date: /home/habibahassan/project/install/moveit_msgs/share/moveit_msgs/msg/MotionSequenceItem.msg
[7.068s] -- Up-to-date: /home/habibahassan/project/install/moveit_msgs/share/moveit_msgs/msg/MotionSequenceRequest.msg
[7.068s] -- Up-to-date: /home/habibahassan/project/install/moveit_msgs/share/moveit_msgs/msg/MotionSequenceResponse.msg
[7.068s] -- Up-to-date: /home/habibahassan/project/install/moveit_msgs/share/moveit_msgs/msg/MoveItErrorCodes.msg
[7.069s] -- Up-to-date: /home/habibahassan/project/install/moveit_msgs/share/moveit_msgs/msg/TrajectoryConstraints.msg
[7.069s] -- Up-to-date: /home/habibahassan/project/install/moveit_msgs/share/moveit_msgs/msg/ObjectColor.msg
[7.069s] -- Up-to-date: /home/habibahassan/project/install/moveit_msgs/share/moveit_msgs/msg/OrientationConstraint.msg
[7.069s] -- Up-to-date: /home/habibahassan/project/install/moveit_msgs/share/moveit_msgs/msg/OrientedBoundingBox.msg
[7.069s] -- Up-to-date: /home/habibahassan/project/install/moveit_msgs/share/moveit_msgs/msg/PlaceLocation.msg
[7.070s] -- Up-to-date: /home/habibahassan/project/install/moveit_msgs/share/moveit_msgs/msg/PlannerInterfaceDescription.msg
[7.070s] -- Up-to-date: /home/habibahassan/project/install/moveit_msgs/share/moveit_msgs/msg/PlannerParams.msg
[7.070s] -- Up-to-date: /home/habibahassan/project/install/moveit_msgs/share/moveit_msgs/msg/PlanningScene.msg
[7.070s] -- Up-to-date: /home/habibahassan/project/install/moveit_msgs/share/moveit_msgs/msg/PlanningSceneComponents.msg
[7.070s] -- Up-to-date: /home/habibahassan/project/install/moveit_msgs/share/moveit_msgs/msg/PlanningSceneWorld.msg
[7.071s] -- Up-to-date: /home/habibahassan/project/install/moveit_msgs/share/moveit_msgs/msg/PlanningOptions.msg
[7.071s] -- Up-to-date: /home/habibahassan/project/install/moveit_msgs/share/moveit_msgs/msg/PositionConstraint.msg
[7.071s] -- Up-to-date: /home/habibahassan/project/install/moveit_msgs/share/moveit_msgs/msg/RobotState.msg
[7.071s] -- Up-to-date: /home/habibahassan/project/install/moveit_msgs/share/moveit_msgs/msg/RobotTrajectory.msg
[7.071s] -- Up-to-date: /home/habibahassan/project/install/moveit_msgs/share/moveit_msgs/msg/VisibilityConstraint.msg
[7.072s] -- Up-to-date: /home/habibahassan/project/install/moveit_msgs/share/moveit_msgs/msg/WorkspaceParameters.msg
[7.072s] -- Up-to-date: /home/habibahassan/project/install/moveit_msgs/share/moveit_msgs/msg/KinematicSolverInfo.msg
[7.072s] -- Up-to-date: /home/habibahassan/project/install/moveit_msgs/share/moveit_msgs/msg/PositionIKRequest.msg
[7.072s] -- Up-to-date: /home/habibahassan/project/install/moveit_msgs/share/moveit_msgs/msg/PipelineState.msg
[7.072s] -- Up-to-date: /home/habibahassan/project/install/moveit_msgs/share/moveit_msgs/msg/ServoStatus.msg
[7.073s] -- Up-to-date: /home/habibahassan/project/install/moveit_msgs/share/moveit_msgs/srv/GetMotionPlan.srv
[7.073s] -- Up-to-date: /home/habibahassan/project/install/moveit_msgs/share/moveit_msgs/srv/GetStateValidity.srv
[7.073s] -- Up-to-date: /home/habibahassan/project/install/moveit_msgs/share/moveit_msgs/srv/GetCartesianPath.srv
[7.074s] -- Up-to-date: /home/habibahassan/project/install/moveit_msgs/share/moveit_msgs/srv/GetPlanningScene.srv
[7.074s] -- Up-to-date: /home/habibahassan/project/install/moveit_msgs/share/moveit_msgs/srv/GraspPlanning.srv
[7.074s] -- Up-to-date: /home/habibahassan/project/install/moveit_msgs/share/moveit_msgs/srv/ApplyPlanningScene.srv
[7.075s] -- Up-to-date: /home/habibahassan/project/install/moveit_msgs/share/moveit_msgs/srv/QueryPlannerInterfaces.srv
[7.075s] -- Up-to-date: /home/habibahassan/project/install/moveit_msgs/share/moveit_msgs/srv/GetMotionSequence.srv
[7.075s] -- Up-to-date: /home/habibahassan/project/install/moveit_msgs/share/moveit_msgs/srv/GetPositionFK.srv
[7.075s] -- Up-to-date: /home/habibahassan/project/install/moveit_msgs/share/moveit_msgs/srv/GetPositionIK.srv
[7.075s] -- Up-to-date: /home/habibahassan/project/install/moveit_msgs/share/moveit_msgs/srv/GetPlannerParams.srv
[7.076s] -- Up-to-date: /home/habibahassan/project/install/moveit_msgs/share/moveit_msgs/srv/SetPlannerParams.srv
[7.076s] -- Up-to-date: /home/habibahassan/project/install/moveit_msgs/share/moveit_msgs/srv/UpdatePointcloudOctomap.srv
[7.076s] -- Up-to-date: /home/habibahassan/project/install/moveit_msgs/share/moveit_msgs/srv/SaveGeometryToFile.srv
[7.093s] -- Up-to-date: /home/habibahassan/project/install/moveit_msgs/share/moveit_msgs/srv/SaveMap.srv
[7.096s] -- Up-to-date: /home/habibahassan/project/install/moveit_msgs/share/moveit_msgs/srv/LoadGeometryFromFile.srv
[7.097s] -- Up-to-date: /home/habibahassan/project/install/moveit_msgs/share/moveit_msgs/srv/LoadMap.srv
[7.098s] -- Up-to-date: /home/habibahassan/project/install/moveit_msgs/share/moveit_msgs/srv/SaveRobotStateToWarehouse.srv
[7.098s] -- Up-to-date: /home/habibahassan/project/install/moveit_msgs/share/moveit_msgs/srv/ListRobotStatesInWarehouse.srv
[7.098s] -- Up-to-date: /home/habibahassan/project/install/moveit_msgs/share/moveit_msgs/srv/GetRobotStateFromWarehouse.srv
[7.100s] -- Up-to-date: /home/habibahassan/project/install/moveit_msgs/share/moveit_msgs/srv/CheckIfRobotStateExistsInWarehouse.srv
[7.100s] -- Up-to-date: /home/habibahassan/project/install/moveit_msgs/share/moveit_msgs/srv/RenameRobotStateInWarehouse.srv
[7.100s] -- Up-to-date: /home/habibahassan/project/install/moveit_msgs/share/moveit_msgs/srv/DeleteRobotStateFromWarehouse.srv
[7.100s] -- Up-to-date: /home/habibahassan/project/install/moveit_msgs/share/moveit_msgs/srv/ServoCommandType.srv
[7.101s] -- Up-to-date: /home/habibahassan/project/install/moveit_msgs/share/moveit_msgs/srv/GetGroupUrdf.srv
[7.101s] -- Up-to-date: /home/habibahassan/project/install/moveit_msgs/share/moveit_msgs/action/ExecuteTrajectory.action
[7.101s] -- Up-to-date: /home/habibahassan/project/install/moveit_msgs/share/moveit_msgs/action/MoveGroup.action
[7.103s] -- Up-to-date: /home/habibahassan/project/install/moveit_msgs/share/moveit_msgs/action/MoveGroupSequence.action
[7.110s] -- Up-to-date: /home/habibahassan/project/install/moveit_msgs/share/moveit_msgs/action/Pickup.action
[7.116s] -- Up-to-date: /home/habibahassan/project/install/moveit_msgs/share/moveit_msgs/action/Place.action
[7.118s] -- Up-to-date: /home/habibahassan/project/install/moveit_msgs/share/moveit_msgs/action/LocalPlanner.action
[7.118s] -- Up-to-date: /home/habibahassan/project/install/moveit_msgs/share/moveit_msgs/action/GlobalPlanner.action
[7.118s] -- Up-to-date: /home/habibahassan/project/install/moveit_msgs/share/moveit_msgs/action/HybridPlanner.action
[7.124s] -- Up-to-date: /home/habibahassan/project/install/moveit_msgs/share/ament_index/resource_index/package_run_dependencies/moveit_msgs
[7.126s] -- Up-to-date: /home/habibahassan/project/install/moveit_msgs/share/ament_index/resource_index/parent_prefix_path/moveit_msgs
[7.127s] -- Up-to-date: /home/habibahassan/project/install/moveit_msgs/share/moveit_msgs/environment/ament_prefix_path.sh
[7.130s] -- Up-to-date: /home/habibahassan/project/install/moveit_msgs/share/moveit_msgs/environment/ament_prefix_path.dsv
[7.133s] -- Up-to-date: /home/habibahassan/project/install/moveit_msgs/share/moveit_msgs/environment/path.sh
[7.135s] -- Up-to-date: /home/habibahassan/project/install/moveit_msgs/share/moveit_msgs/environment/path.dsv
[7.137s] -- Up-to-date: /home/habibahassan/project/install/moveit_msgs/share/moveit_msgs/local_setup.bash
[7.139s] -- Up-to-date: /home/habibahassan/project/install/moveit_msgs/share/moveit_msgs/local_setup.sh
[7.139s] -- Up-to-date: /home/habibahassan/project/install/moveit_msgs/share/moveit_msgs/local_setup.zsh
[7.139s] -- Up-to-date: /home/habibahassan/project/install/moveit_msgs/share/moveit_msgs/local_setup.dsv
[7.139s] -- Installing: /home/habibahassan/project/install/moveit_msgs/share/moveit_msgs/package.dsv
[7.139s] -- Up-to-date: /home/habibahassan/project/install/moveit_msgs/share/ament_index/resource_index/packages/moveit_msgs
[7.140s] -- Up-to-date: /home/habibahassan/project/install/moveit_msgs/share/moveit_msgs/cmake/export_moveit_msgs__rosidl_generator_cExport.cmake
[7.140s] -- Up-to-date: /home/habibahassan/project/install/moveit_msgs/share/moveit_msgs/cmake/export_moveit_msgs__rosidl_generator_cExport-noconfig.cmake
[7.140s] -- Up-to-date: /home/habibahassan/project/install/moveit_msgs/share/moveit_msgs/cmake/export_moveit_msgs__rosidl_typesupport_fastrtps_cExport.cmake
[7.140s] -- Up-to-date: /home/habibahassan/project/install/moveit_msgs/share/moveit_msgs/cmake/export_moveit_msgs__rosidl_typesupport_fastrtps_cExport-noconfig.cmake
[7.140s] -- Up-to-date: /home/habibahassan/project/install/moveit_msgs/share/moveit_msgs/cmake/moveit_msgs__rosidl_typesupport_introspection_cExport.cmake
[7.140s] -- Up-to-date: /home/habibahassan/project/install/moveit_msgs/share/moveit_msgs/cmake/moveit_msgs__rosidl_typesupport_introspection_cExport-noconfig.cmake
[7.141s] -- Up-to-date: /home/habibahassan/project/install/moveit_msgs/share/moveit_msgs/cmake/moveit_msgs__rosidl_typesupport_cExport.cmake
[7.141s] -- Up-to-date: /home/habibahassan/project/install/moveit_msgs/share/moveit_msgs/cmake/moveit_msgs__rosidl_typesupport_cExport-noconfig.cmake
[7.141s] -- Up-to-date: /home/habibahassan/project/install/moveit_msgs/share/moveit_msgs/cmake/export_moveit_msgs__rosidl_generator_cppExport.cmake
[7.149s] -- Up-to-date: /home/habibahassan/project/install/moveit_msgs/share/moveit_msgs/cmake/export_moveit_msgs__rosidl_typesupport_fastrtps_cppExport.cmake
[7.152s] -- Up-to-date: /home/habibahassan/project/install/moveit_msgs/share/moveit_msgs/cmake/export_moveit_msgs__rosidl_typesupport_fastrtps_cppExport-noconfig.cmake
[7.154s] -- Up-to-date: /home/habibahassan/project/install/moveit_msgs/share/moveit_msgs/cmake/moveit_msgs__rosidl_typesupport_introspection_cppExport.cmake
[7.154s] -- Up-to-date: /home/habibahassan/project/install/moveit_msgs/share/moveit_msgs/cmake/moveit_msgs__rosidl_typesupport_introspection_cppExport-noconfig.cmake
[7.154s] -- Up-to-date: /home/habibahassan/project/install/moveit_msgs/share/moveit_msgs/cmake/moveit_msgs__rosidl_typesupport_cppExport.cmake
[7.155s] -- Up-to-date: /home/habibahassan/project/install/moveit_msgs/share/moveit_msgs/cmake/moveit_msgs__rosidl_typesupport_cppExport-noconfig.cmake
[7.155s] -- Up-to-date: /home/habibahassan/project/install/moveit_msgs/share/moveit_msgs/cmake/export_moveit_msgs__rosidl_generator_pyExport.cmake
[7.155s] -- Up-to-date: /home/habibahassan/project/install/moveit_msgs/share/moveit_msgs/cmake/export_moveit_msgs__rosidl_generator_pyExport-noconfig.cmake
[7.155s] -- Up-to-date: /home/habibahassan/project/install/moveit_msgs/share/moveit_msgs/cmake/rosidl_cmake-extras.cmake
[7.155s] -- Up-to-date: /home/habibahassan/project/install/moveit_msgs/share/moveit_msgs/cmake/ament_cmake_export_dependencies-extras.cmake
[7.156s] -- Up-to-date: /home/habibahassan/project/install/moveit_msgs/share/moveit_msgs/cmake/ament_cmake_export_include_directories-extras.cmake
[7.156s] -- Up-to-date: /home/habibahassan/project/install/moveit_msgs/share/moveit_msgs/cmake/ament_cmake_export_libraries-extras.cmake
[7.156s] -- Up-to-date: /home/habibahassan/project/install/moveit_msgs/share/moveit_msgs/cmake/ament_cmake_export_targets-extras.cmake
[7.156s] -- Up-to-date: /home/habibahassan/project/install/moveit_msgs/share/moveit_msgs/cmake/rosidl_cmake_export_typesupport_targets-extras.cmake
[7.156s] -- Up-to-date: /home/habibahassan/project/install/moveit_msgs/share/moveit_msgs/cmake/rosidl_cmake_export_typesupport_libraries-extras.cmake
[7.157s] -- Up-to-date: /home/habibahassan/project/install/moveit_msgs/share/moveit_msgs/cmake/moveit_msgsConfig.cmake
[7.157s] -- Up-to-date: /home/habibahassan/project/install/moveit_msgs/share/moveit_msgs/cmake/moveit_msgsConfig-version.cmake
[7.157s] -- Up-to-date: /home/habibahassan/project/install/moveit_msgs/share/moveit_msgs/package.xml
[7.158s] Invoked command in '/home/habibahassan/project/build/moveit_msgs' returned '0': CMAKE_PREFIX_PATH=${CMAKE_PREFIX_PATH}:/home/habibahassan/project/install/moveit_configs_utils:/opt/ros/jazzy DEBUGINFOD_URLS=https://debuginfod.ubuntu.com /usr/bin/cmake --install /home/habibahassan/project/build/moveit_msgs
